seed,scenario,layout_id,split,method,stress_level,risk_budget,success,aborted,repeated_abort,violation,attempts,abstained,path_length,straight_line,path_efficiency,completion_time,safety_margin,boundary_f1,boundary_iou,calibration_brier,calibration_ece,chosen_path_risk,discovered_area,evidence_aborts,evidence_successes,final_abort_reason,trajectory
0,7000,combined_abort_stress_0_7000_0,combined_abort_stress,abort_discovery_v5_full,0.00,,0,0,0,0,1,1,0.00000,0.85275,0.00000,0.12000,1.00000,0.38146,0.23568,0.16740,0.18060,1.00000,0.23062,11,0,no_path,a0:no_path
0,7000,combined_abort_stress_0_7000_0,combined_abort_stress,abort_discovery_v5_no_partial_geometry,0.00,,0,1,1,1,6,0,4.87983,0.85275,0.06116,6.19983,-0.01873,0.53406,0.36431,0.08834,0.06051,0.15692,0.10938,11,0,human_stop,a0:collision_margin:37;a1:fixture_snag:46;a2:fixture_snag:36;a3:force_limit:36;a4:fixture_snag:31;a5:human_stop:40
0,7000,combined_abort_stress_0_7000_0,combined_abort_stress,abort_discovery_v5_no_abort_reason_labels,0.00,,0,0,0,0,1,1,0.00000,0.85275,0.00000,0.12000,1.00000,0.35294,0.21429,0.18192,0.19977,1.00000,0.24125,11,0,no_path,a0:no_path
0,7000,combined_abort_stress_0_7000_0,combined_abort_stress,abort_discovery_v5_no_repeated_abort_memory,0.00,,0,0,0,0,1,1,0.00000,0.85275,0.00000,0.12000,1.00000,0.38283,0.23673,0.16609,0.17947,1.00000,0.22937,11,0,no_path,a0:no_path
0,7000,combined_abort_stress_0_7000_0,combined_abort_stress,abort_discovery_v5_no_safety_margin,0.00,,1,0,0,0,1,0,2.03260,0.85275,0.41954,2.03260,0.03305,0.43830,0.28065,0.12529,0.12915,0.14587,0.17375,11,0,none,a0:none:100
0,7000,combined_abort_stress_0_7000_0,combined_abort_stress,abort_discovery_v5_no_calibration,0.00,,0,0,0,0,1,1,0.00000,0.85275,0.00000,0.12000,1.00000,0.36833,0.22574,0.17732,0.19095,1.00000,0.24313,11,0,no_path,a0:no_path
0,7000,combined_abort_stress_0_7000_0,combined_abort_stress,abort_discovery_v5_no_dynamic_contact_features,0.00,,0,0,0,0,1,1,0.00000,0.85275,0.00000,0.12000,1.00000,0.38418,0.23776,0.16296,0.17495,1.00000,0.21188,11,0,no_path,a0:no_path
0,7000,combined_abort_stress_0_7000_0,combined_abort_stress,abort_discovery_v5_no_uncertainty_quantile,0.00,,0,0,0,0,1,1,0.00000,0.85275,0.00000,0.12000,1.00000,0.38146,0.23568,0.16741,0.18177,1.00000,0.23062,11,0,no_path,a0:no_path
0,7000,combined_abort_stress_0_7000_0,combined_abort_stress,abort_discovery_v5_no_barrier_inflation,0.00,,0,0,0,0,1,1,0.00000,0.85275,0.00000,0.12000,1.00000,0.38283,0.23673,0.16536,0.17481,1.00000,0.22937,11,0,no_path,a0:no_path
0,7000,combined_abort_stress_0_7000_0,combined_abort_stress,abort_discovery_v5_endpoint_only,0.00,,0,1,1,1,6,0,3.65370,0.85275,0.08169,4.97370,-0.01142,0.34951,0.21176,0.09340,0.05458,0.11903,0.07312,11,0,collision_margin,a0:force_limit:34;a1:force_limit:18;a2:visible_collision:49;a3:visible_collision:15;a4:force_limit:30;a5:collision_margin:22
0,7001,combined_abort_stress_0_7001_0,combined_abort_stress,abort_discovery_v5_full,0.00,,0,0,0,0,1,1,0.00000,0.85890,0.00000,0.12000,1.00000,0.40854,0.25670,0.18253,0.23032,1.00000,0.29500,11,0,no_path,a0:no_path
0,7001,combined_abort_stress_0_7001_0,combined_abort_stress,abort_discovery_v5_no_partial_geometry,0.00,,0,1,1,1,6,0,4.47648,0.85890,0.06715,5.79648,-0.03182,0.43293,0.27626,0.09060,0.05604,0.14978,0.09000,11,0,fixture_snag,a0:human_stop:34;a1:human_stop:31;a2:fixture_snag:35;a3:fixture_snag:34;a4:unstable_slip:37;a5:fixture_snag:36
0,7001,combined_abort_stress_0_7001_0,combined_abort_stress,abort_discovery_v5_no_abort_reason_labels,0.00,,0,0,0,0,1,1,0.00000,0.85890,0.00000,0.12000,1.00000,0.37440,0.23031,0.18591,0.20489,1.00000,0.27563,11,0,no_path,a0:no_path
0,7001,combined_abort_stress_0_7001_0,combined_abort_stress,abort_discovery_v5_no_repeated_abort_memory,0.00,,0,0,0,0,1,1,0.00000,0.85890,0.00000,0.12000,1.00000,0.41706,0.26347,0.17569,0.22121,1.00000,0.28063,11,0,no_path,a0:no_path
0,7001,combined_abort_stress_0_7001_0,combined_abort_stress,abort_discovery_v5_no_safety_margin,0.00,,1,0,0,0,1,0,2.34441,0.85890,0.36636,2.34441,0.01452,0.44920,0.28966,0.14009,0.18010,0.13640,0.23563,11,0,none,a0:none:111
0,7001,combined_abort_stress_0_7001_0,combined_abort_stress,abort_discovery_v5_no_calibration,0.00,,0,0,0,0,1,1,0.00000,0.85890,0.00000,0.12000,1.00000,0.39067,0.24275,0.19314,0.24249,1.00000,0.31375,11,0,no_path,a0:no_path
0,7001,combined_abort_stress_0_7001_0,combined_abort_stress,abort_discovery_v5_no_dynamic_contact_features,0.00,,0,0,0,0,1,1,0.00000,0.85890,0.00000,0.12000,1.00000,0.40575,0.25450,0.15688,0.15656,1.00000,0.23312,11,0,no_path,a0:no_path
0,7001,combined_abort_stress_0_7001_0,combined_abort_stress,abort_discovery_v5_no_uncertainty_quantile,0.00,,0,0,0,0,1,1,0.00000,0.85890,0.00000,0.12000,1.00000,0.40854,0.25670,0.18239,0.22937,1.00000,0.29500,11,0,no_path,a0:no_path
0,7001,combined_abort_stress_0_7001_0,combined_abort_stress,abort_discovery_v5_no_barrier_inflation,0.00,,0,0,0,0,1,1,0.00000,0.85890,0.00000,0.12000,1.00000,0.40860,0.25676,0.17975,0.22496,1.00000,0.29187,11,0,no_path,a0:no_path
0,7001,combined_abort_stress_0_7001_0,combined_abort_stress,abort_discovery_v5_endpoint_only,0.00,,0,1,1,1,6,0,4.24170,0.85890,0.07087,5.56170,-0.01224,0.42254,0.26786,0.08367,0.04358,0.12624,0.06250,11,0,fixture_snag,a0:human_stop:31;a1:human_stop:34;a2:unstable_slip:37;a3:fixture_snag:35;a4:human_stop:31;a5:fixture_snag:34
0,7002,combined_abort_stress_0_7002_0,combined_abort_stress,abort_discovery_v5_full,0.00,,1,0,0,0,1,0,2.88589,0.83809,0.29041,2.88589,0.01205,0.44370,0.28510,0.14908,0.18673,0.15480,0.24813,11,0,none,a0:none:120
0,7002,combined_abort_stress_0_7002_0,combined_abort_stress,abort_discovery_v5_no_partial_geometry,0.00,,0,1,1,1,6,0,5.66180,0.83809,0.05181,6.98180,-0.01163,0.48138,0.31698,0.09134,0.06747,0.14271,0.09438,11,0,fixture_snag,a0:fixture_snag:49;a1:visible_collision:70;a2:fixture_snag:37;a3:fixture_snag:37;a4:fixture_snag:39;a5:fixture_snag:36
0,7002,combined_abort_stress_0_7002_0,combined_abort_stress,abort_discovery_v5_no_abort_reason_labels,0.00,,1,0,0,0,1,0,2.73095,0.83809,0.30689,2.73095,0.02056,0.42301,0.26824,0.16626,0.17976,0.07142,0.24563,11,0,none,a0:none:120
0,7002,combined_abort_stress_0_7002_0,combined_abort_stress,abort_discovery_v5_no_repeated_abort_memory,0.00,,1,0,0,0,1,0,2.99008,0.83809,0.28029,2.99008,0.01947,0.44670,0.28758,0.14854,0.18560,0.16202,0.24563,11,0,none,a0:none:120
0,7002,combined_abort_stress_0_7002_0,combined_abort_stress,abort_discovery_v5_no_safety_margin,0.00,,1,1,0,1,2,0,3.91221,0.83809,0.21422,4.19221,0.00964,0.43253,0.27594,0.13230,0.16281,0.13482,0.21438,11,0,none,a0:visible_collision:69;a1:none:120
0,7002,combined_abort_stress_0_7002_0,combined_abort_stress,abort_discovery_v5_no_calibration,0.00,,1,0,0,0,1,0,2.74624,0.83809,0.30518,2.74624,0.01243,0.42376,0.26884,0.15824,0.19512,0.16074,0.26562,11,0,none,a0:none:120
0,7002,combined_abort_stress_0_7002_0,combined_abort_stress,abort_discovery_v5_no_dynamic_contact_features,0.00,,0,1,0,1,2,1,1.44129,0.83809,0.20352,1.78129,-0.00802,0.46004,0.29873,0.12974,0.12058,1.00000,0.19687,11,0,no_path,a0:fixture_snag:67;a1:no_path
0,7002,combined_abort_stress_0_7002_0,combined_abort_stress,abort_discovery_v5_no_uncertainty_quantile,0.00,,1,1,0,1,2,0,4.83029,0.83809,0.17351,5.11029,0.01771,0.44221,0.28387,0.14959,0.18661,0.13011,0.24938,11,0,none,a0:visible_collision:105;a1:none:120
0,7002,combined_abort_stress_0_7002_0,combined_abort_stress,abort_discovery_v5_no_barrier_inflation,0.00,,1,0,0,0,1,0,2.55654,0.83809,0.32782,2.55654,0.00833,0.44444,0.28571,0.14758,0.18349,0.15983,0.24750,11,0,none,a0:none:120
0,7002,combined_abort_stress_0_7002_0,combined_abort_stress,abort_discovery_v5_endpoint_only,0.00,,0,1,1,1,6,0,4.50719,0.83809,0.06508,5.82719,-0.02453,0.34868,0.21116,0.09494,0.06610,0.11978,0.06625,11,0,collision_margin,a0:collision_margin:34;a1:fixture_snag:36;a2:force_limit:28;a3:collision_margin:35;a4:fixture_snag:34;a5:collision_margin:32
0,7003,combined_abort_stress_0_7003_0,combined_abort_stress,abort_discovery_v5_full,0.00,,1,1,1,1,5,0,9.34429,0.82707,0.08851,10.46429,-0.00155,0.42984,0.27376,0.22111,0.30937,0.42193,0.43625,11,0,none,a0:force_limit:95;a1:unstable_slip:83;a2:visible_collision:72;a3:visible_collision:68;a4:none:108
0,7003,combined_abort_stress_0_7003_0,combined_abort_stress,abort_discovery_v5_no_partial_geometry,0.00,,1,1,1,1,6,0,5.44358,0.82707,0.15193,6.84358,-0.03860,0.34503,0.20848,0.10992,0.07235,0.06460,0.08875,11,0,none,a0:collision_margin:31;a1:collision_margin:30;a2:collision_margin:31;a3:human_stop:28;a4:collision_margin:32;a5:none:103
0,7003,combined_abort_stress_0_7003_0,combined_abort_stress,abort_discovery_v5_no_abort_reason_labels,0.00,,0,1,0,0,2,1,1.48294,0.82707,0.19520,1.82294,-0.00094,0.33429,0.20069,0.21155,0.22190,1.00000,0.30875,11,0,no_path,a0:collision_margin:69;a1:no_path
0,7003,combined_abort_stress_0_7003_0,combined_abort_stress,abort_discovery_v5_no_repeated_abort_memory,0.00,,1,0,0,0,1,0,2.44447,0.82707,0.33834,2.44447,0.00316,0.39766,0.24818,0.17697,0.20238,0.27942,0.30250,11,0,none,a0:none:109
0,7003,combined_abort_stress_0_7003_0,combined_abort_stress,abort_discovery_v5_no_safety_margin,0.00,,0,1,1,1,6,0,5.50922,0.82707,0.05254,6.82922,-0.01001,0.33613,0.20202,0.16380,0.16282,0.16004,0.24688,11,0,collision_margin,a0:visible_collision:66;a1:visible_collision:24;a2:collision_margin:35;a3:collision_margin:46;a4:collision_margin:47;a5:collision_margin:47
0,7003,combined_abort_stress_0_7003_0,combined_abort_stress,abort_discovery_v5_no_calibration,0.00,,0,0,0,0,1,1,0.00000,0.82707,0.00000,0.12000,1.00000,0.37725,0.23248,0.19441,0.22255,1.00000,0.32562,11,0,no_path,a0:no_path
0,7003,combined_abort_stress_0_7003_0,combined_abort_stress,abort_discovery_v5_no_dynamic_contact_features,0.00,,1,1,1,1,4,0,7.26194,0.82707,0.11389,8.10194,-0.03283,0.43911,0.28132,0.15248,0.15878,0.18736,0.23938,11,0,none,a0:unstable_slip:84;a1:unstable_slip:82;a2:visible_collision:76;a3:none:109
0,7003,combined_abort_stress_0_7003_0,combined_abort_stress,abort_discovery_v5_no_uncertainty_quantile,0.00,,1,1,1,1,6,0,11.24750,0.82707,0.07353,12.64750,-0.01043,0.37543,0.23110,0.22653,0.29424,0.42190,0.41437,11,0,none,a0:unstable_slip:87;a1:unstable_slip:78;a2:visible_collision:66;a3:unstable_slip:87;a4:visible_collision:73;a5:none:118
0,7003,combined_abort_stress_0_7003_0,combined_abort_stress,abort_discovery_v5_no_barrier_inflation,0.00,,0,1,1,1,6,0,8.97888,0.82707,0.03224,10.29888,-0.00919,0.42037,0.26612,0.18830,0.23210,0.40615,0.35375,11,0,visible_collision,a0:human_stop:79;a1:unstable_slip:76;a2:visible_collision:63;a3:visible_collision:63;a4:visible_collision:63;a5:visible_collision:67
0,7003,combined_abort_stress_0_7003_0,combined_abort_stress,abort_discovery_v5_endpoint_only,0.00,,0,1,1,1,6,0,4.75483,0.82707,0.06088,6.07483,-0.02480,0.33441,0.20077,0.09185,0.03461,0.13642,0.06938,11,0,collision_margin,a0:collision_margin:35;a1:collision_margin:31;a2:human_stop:27;a3:unstable_slip:67;a4:collision_margin:35;a5:collision_margin:34
0,7004,combined_abort_stress_0_7004_0,combined_abort_stress,abort_discovery_v5_full,0.00,,1,1,1,1,4,0,6.62961,0.83142,0.12541,7.46961,-0.01264,0.21700,0.12170,0.20761,0.23085,0.15514,0.24125,10,1,none,a0:collision_margin:53;a1:collision_margin:53;a2:collision_margin:54;a3:none:120
0,7004,combined_abort_stress_0_7004_0,combined_abort_stress,abort_discovery_v5_no_partial_geometry,0.00,,1,0,0,0,1,0,1.56351,0.83142,0.53177,1.56351,0.04985,0.38095,0.23529,0.09190,0.07826,0.07387,0.06625,10,1,none,a0:none:81
0,7004,combined_abort_stress_0_7004_0,combined_abort_stress,abort_discovery_v5_no_abort_reason_labels,0.00,,1,1,0,0,2,0,4.33458,0.83142,0.19181,4.61458,-0.00082,0.24653,0.14059,0.20790,0.22753,0.16674,0.25562,10,1,none,a0:collision_margin:65;a1:none:120
0,7004,combined_abort_stress_0_7004_0,combined_abort_stress,abort_discovery_v5_no_repeated_abort_memory,0.00,,0,1,1,1,6,0,7.01835,0.83142,0.04146,8.33835,-0.01310,0.21090,0.11788,0.21434,0.23870,0.16256,0.25125,10,1,collision_margin,a0:collision_margin:52;a1:collision_margin:51;a2:collision_margin:52;a3:collision_margin:55;a4:collision_margin:51;a5:collision_margin:70
0,7004,combined_abort_stress_0_7004_0,combined_abort_stress,abort_discovery_v5_no_safety_margin,0.00,,1,0,0,0,1,0,1.74321,0.83142,0.47695,1.74321,0.03855,0.34132,0.20578,0.11654,0.12043,0.08355,0.10437,10,1,none,a0:none:82
0,7004,combined_abort_stress_0_7004_0,combined_abort_stress,abort_discovery_v5_no_calibration,0.00,,0,0,0,0,1,1,0.00000,0.83142,0.00000,0.12000,1.00000,0.24506,0.13964,0.19059,0.20432,1.00000,0.21188,10,1,no_path,a0:no_path
0,7004,combined_abort_stress_0_7004_0,combined_abort_stress,abort_discovery_v5_no_dynamic_contact_features,0.00,,1,1,0,0,2,0,3.89777,0.83142,0.21331,4.17777,-0.00481,0.24627,0.14043,0.19248,0.21043,0.16199,0.23062,10,1,none,a0:collision_margin:51;a1:none:120
0,7004,combined_abort_stress_0_7004_0,combined_abort_stress,abort_discovery_v5_no_uncertainty_quantile,0.00,,0,1,1,1,6,0,7.06828,0.83142,0.04117,8.38828,-0.01966,0.22339,0.12574,0.21265,0.24316,0.19455,0.25375,10,1,collision_margin,a0:collision_margin:52;a1:collision_margin:53;a2:collision_margin:56;a3:collision_margin:55;a4:collision_margin:55;a5:collision_margin:55
0,7004,combined_abort_stress_0_7004_0,combined_abort_stress,abort_discovery_v5_no_barrier_inflation,0.00,,0,1,1,1,6,0,6.70460,0.83142,0.04340,8.02460,-0.01297,0.23766,0.13485,0.19845,0.22221,0.14876,0.23750,10,1,collision_margin,a0:collision_margin:53;a1:collision_margin:54;a2:collision_margin:55;a3:collision_margin:53;a4:collision_margin:53;a5:collision_margin:54
0,7004,combined_abort_stress_0_7004_0,combined_abort_stress,abort_discovery_v5_endpoint_only,0.00,,0,1,1,1,6,0,3.47705,0.83142,0.08369,4.79705,-0.02229,0.29603,0.17373,0.09655,0.08456,0.14202,0.06875,10,1,collision_margin,a0:visible_collision:36;a1:visible_collision:27;a2:collision_margin:25;a3:collision_margin:23;a4:collision_margin:30;a5:collision_margin:24
0,7005,combined_abort_stress_0_7005_0,combined_abort_stress,abort_discovery_v5_full,0.00,,1,0,0,0,1,0,3.43652,0.86177,0.25077,3.43652,0.03810,0.43441,0.27748,0.17404,0.24828,0.23938,0.33125,11,0,none,a0:none:120
0,7005,combined_abort_stress_0_7005_0,combined_abort_stress,abort_discovery_v5_no_partial_geometry,0.00,,1,1,1,1,3,0,4.31667,0.86177,0.19964,4.87667,-0.02093,0.40854,0.25670,0.08949,0.05532,0.06934,0.09312,11,0,none,a0:visible_collision:65;a1:collision_margin:51;a2:none:91
0,7005,combined_abort_stress_0_7005_0,combined_abort_stress,abort_discovery_v5_no_abort_reason_labels,0.00,,0,0,0,0,1,1,0.00000,0.86177,0.00000,0.12000,1.00000,0.42953,0.27350,0.15418,0.17383,1.00000,0.26062,11,0,no_path,a0:no_path
0,7005,combined_abort_stress_0_7005_0,combined_abort_stress,abort_discovery_v5_no_repeated_abort_memory,0.00,,1,0,0,0,1,0,3.80676,0.86177,0.22638,3.80676,0.03950,0.44477,0.28598,0.16824,0.24224,0.24035,0.31812,11,0,none,a0:none:120
0,7005,combined_abort_stress_0_7005_0,combined_abort_stress,abort_discovery_v5_no_safety_margin,0.00,,1,1,0,1,2,0,3.07816,0.86177,0.27996,3.35816,0.02091,0.47079,0.30787,0.13758,0.18988,0.05635,0.25188,11,0,none,a0:visible_collision:67;a1:none:91
0,7005,combined_abort_stress_0_7005_0,combined_abort_stress,abort_discovery_v5_no_calibration,0.00,,1,0,0,0,1,0,3.87956,0.86177,0.22213,3.87956,0.02824,0.41905,0.26506,0.18675,0.26054,0.25449,0.34750,11,0,none,a0:none:120
0,7005,combined_abort_stress_0_7005_0,combined_abort_stress,abort_discovery_v5_no_dynamic_contact_features,0.00,,0,1,1,1,6,0,8.76618,0.86177,0.03441,10.08618,-0.00673,0.38908,0.24153,0.15055,0.16695,0.15395,0.25438,11,0,force_limit,a0:visible_collision:53;a1:visible_collision:63;a2:force_limit:72;a3:human_stop:53;a4:visible_collision:106;a5:force_limit:73
0,7005,combined_abort_stress_0_7005_0,combined_abort_stress,abort_discovery_v5_no_uncertainty_quantile,0.00,,1,0,0,0,1,0,3.45909,0.86177,0.24913,3.45909,0.03877,0.43441,0.27748,0.17403,0.24786,0.24179,0.33125,11,0,none,a0:none:120
0,7005,combined_abort_stress_0_7005_0,combined_abort_stress,abort_discovery_v5_no_barrier_inflation,0.00,,1,0,0,0,1,0,3.76797,0.86177,0.22871,3.76797,0.03250,0.43564,0.27848,0.17210,0.24033,0.24146,0.33000,11,0,none,a0:none:120
0,7005,combined_abort_stress_0_7005_0,combined_abort_stress,abort_discovery_v5_endpoint_only,0.00,,1,1,1,1,3,0,3.33972,0.86177,0.25804,3.89972,-0.02365,0.33977,0.20465,0.08181,0.05360,0.08283,0.05000,11,0,none,a0:fixture_snag:33;a1:collision_margin:43;a2:none:77
0,7006,combined_abort_stress_0_7006_0,combined_abort_stress,abort_discovery_v5_full,0.00,,0,1,1,0,3,1,1.68448,0.84974,0.17656,2.24448,-0.00400,0.41033,0.25813,0.17480,0.21499,1.00000,0.29375,11,0,no_path,a0:fixture_snag:39;a1:fixture_snag:42;a2:no_path
0,7006,combined_abort_stress_0_7006_0,combined_abort_stress,abort_discovery_v5_no_partial_geometry,0.00,,1,1,0,1,2,0,2.98808,0.84974,0.28438,3.26808,-0.00967,0.36667,0.22449,0.09457,0.04372,0.09369,0.07000,11,0,none,a0:unstable_slip:49;a1:none:90
0,7006,combined_abort_stress_0_7006_0,combined_abort_stress,abort_discovery_v5_no_abort_reason_labels,0.00,,0,0,0,0,1,1,0.00000,0.84974,0.00000,0.12000,1.00000,0.29630,0.17391,0.21870,0.25331,1.00000,0.30438,11,0,no_path,a0:no_path
0,7006,combined_abort_stress_0_7006_0,combined_abort_stress,abort_discovery_v5_no_repeated_abort_memory,0.00,,0,1,1,1,6,0,7.68134,0.84974,0.03872,9.00134,-0.01140,0.38495,0.23835,0.19009,0.23464,0.28618,0.31438,11,0,fixture_snag,a0:unstable_slip:48;a1:fixture_snag:45;a2:collision_margin:57;a3:human_stop:53;a4:human_stop:75;a5:fixture_snag:75
0,7006,combined_abort_stress_0_7006_0,combined_abort_stress,abort_discovery_v5_no_safety_margin,0.00,,1,0,0,0,1,0,1.96970,0.84974,0.43140,1.96970,0.01895,0.45405,0.29371,0.12909,0.14534,0.11966,0.22937,11,0,none,a0:none:90
0,7006,combined_abort_stress_0_7006_0,combined_abort_stress,abort_discovery_v5_no_calibration,0.00,,0,1,1,1,4,1,3.42671,0.84974,0.08679,4.20671,-0.01252,0.39175,0.24359,0.18417,0.22556,1.00000,0.30688,11,0,no_path,a0:unstable_slip:58;a1:human_stop:51;a2:fixture_snag:43;a3:no_path
0,7006,combined_abort_stress_0_7006_0,combined_abort_stress,abort_discovery_v5_no_dynamic_contact_features,0.00,,0,1,1,1,6,0,6.10960,0.84974,0.04868,7.42960,-0.01832,0.38113,0.23543,0.15203,0.16618,0.25142,0.21375,11,0,unstable_slip,a0:unstable_slip:49;a1:unstable_slip:48;a2:unstable_slip:49;a3:unstable_slip:48;a4:unstable_slip:48;a5:unstable_slip:47
0,7006,combined_abort_stress_0_7006_0,combined_abort_stress,abort_discovery_v5_no_uncertainty_quantile,0.00,,0,1,1,1,5,1,3.66594,0.84974,0.08113,4.66594,-0.02195,0.44892,0.28942,0.17366,0.24294,1.00000,0.31688,11,0,no_path,a0:unstable_slip:49;a1:fixture_snag:42;a2:fixture_snag:42;a3:fixture_snag:42;a4:no_path
0,7006,combined_abort_stress_0_7006_0,combined_abort_stress,abort_discovery_v5_no_barrier_inflation,0.00,,0,1,1,1,3,1,1.84018,0.84974,0.16162,2.40018,-0.00727,0.44713,0.28794,0.16520,0.22295,1.00000,0.29625,11,0,no_path,a0:unstable_slip:48;a1:fixture_snag:43;a2:no_path
0,7006,combined_abort_stress_0_7006_0,combined_abort_stress,abort_discovery_v5_endpoint_only,0.00,,1,1,0,1,2,0,2.69573,0.84974,0.31522,2.97573,0.00505,0.30986,0.18333,0.09234,0.05129,0.05129,0.06000,11,0,none,a0:visible_collision:39;a1:none:83
0,7007,combined_abort_stress_0_7007_0,combined_abort_stress,abort_discovery_v5_full,0.00,,1,0,0,0,1,0,2.51555,0.84176,0.33462,2.51555,0.02375,0.36891,0.22617,0.22070,0.32168,0.22832,0.41437,11,0,none,a0:none:120
0,7007,combined_abort_stress_0_7007_0,combined_abort_stress,abort_discovery_v5_no_partial_geometry,0.00,,1,1,1,1,3,0,3.51758,0.84176,0.23930,4.07758,-0.01988,0.36049,0.21988,0.11967,0.08313,0.11860,0.12875,11,0,none,a0:fixture_snag:46;a1:force_limit:34;a2:none:79
0,7007,combined_abort_stress_0_7007_0,combined_abort_stress,abort_discovery_v5_no_abort_reason_labels,0.00,,1,0,0,0,1,0,2.23649,0.84176,0.37638,2.23649,0.01861,0.38316,0.23698,0.19473,0.22822,0.10468,0.30625,11,0,none,a0:none:113
0,7007,combined_abort_stress_0_7007_0,combined_abort_stress,abort_discovery_v5_no_repeated_abort_memory,0.00,,1,0,0,0,1,0,2.57734,0.84176,0.32660,2.57734,0.01563,0.37902,0.23382,0.20912,0.30817,0.25338,0.40000,11,0,none,a0:none:113
0,7007,combined_abort_stress_0_7007_0,combined_abort_stress,abort_discovery_v5_no_safety_margin,0.00,,1,0,0,0,1,0,2.27553,0.84176,0.36992,2.27553,0.01784,0.38601,0.23917,0.18805,0.27440,0.25307,0.35813,11,0,none,a0:none:107
0,7007,combined_abort_stress_0_7007_0,combined_abort_stress,abort_discovery_v5_no_calibration,0.00,,1,0,0,0,1,0,2.33575,0.84176,0.36038,2.33575,0.01789,0.35851,0.21841,0.23773,0.33626,0.24246,0.43000,11,0,none,a0:none:118
0,7007,combined_abort_stress_0_7007_0,combined_abort_stress,abort_discovery_v5_no_dynamic_contact_features,0.00,,1,1,0,0,2,0,3.37838,0.84176,0.24916,3.65838,-0.00062,0.41325,0.26044,0.17113,0.18282,0.10917,0.27187,11,0,none,a0:fixture_snag:40;a1:none:110
0,7007,combined_abort_stress_0_7007_0,combined_abort_stress,abort_discovery_v5_no_uncertainty_quantile,0.00,,1,0,0,0,1,0,2.36978,0.84176,0.35521,2.36978,0.01178,0.36891,0.22617,0.22054,0.31993,0.25338,0.41437,11,0,none,a0:none:113
0,7007,combined_abort_stress_0_7007_0,combined_abort_stress,abort_discovery_v5_no_barrier_inflation,0.00,,1,0,0,0,1,0,2.24488,0.84176,0.37497,2.24488,0.02298,0.36977,0.22682,0.21818,0.31556,0.25238,0.41313,11,0,none,a0:none:113
0,7007,combined_abort_stress_0_7007_0,combined_abort_stress,abort_discovery_v5_endpoint_only,0.00,,1,1,1,1,6,0,6.62365,0.84176,0.12708,8.02365,-0.02142,0.41860,0.26471,0.09288,0.04938,0.04861,0.09062,11,0,none,a0:force_limit:25;a1:fixture_snag:38;a2:visible_collision:59;a3:force_limit:30;a4:visible_collision:65;a5:none:101
0,7008,combined_abort_stress_0_7008_0,combined_abort_stress,abort_discovery_v5_full,0.00,,0,1,1,1,3,1,1.29283,0.82972,0.22462,1.85283,-0.01480,0.37427,0.23022,0.20040,0.25359,1.00000,0.31438,11,0,no_path,a0:collision_margin:32;a1:force_limit:33;a2:no_path
0,7008,combined_abort_stress_0_7008_0,combined_abort_stress,abort_discovery_v5_no_partial_geometry,0.00,,0,1,1,1,6,0,3.93353,0.82972,0.07383,5.25353,-0.02383,0.43658,0.27925,0.09702,0.07916,0.14573,0.09875,11,0,visible_collision,a0:force_limit:32;a1:collision_margin:33;a2:collision_margin:31;a3:collision_margin:31;a4:collision_margin:31;a5:visible_collision:22
0,7008,combined_abort_stress_0_7008_0,combined_abort_stress,abort_discovery_v5_no_abort_reason_labels,0.00,,0,0,0,0,1,1,0.00000,0.82972,0.00000,0.12000,1.00000,0.33445,0.20080,0.19062,0.20697,1.00000,0.26062,11,0,no_path,a0:no_path
0,7008,combined_abort_stress_0_7008_0,combined_abort_stress,abort_discovery_v5_no_repeated_abort_memory,0.00,,0,1,0,1,2,1,0.76265,0.82972,0.38078,1.10265,-0.00664,0.37124,0.22793,0.17690,0.20467,1.00000,0.26062,11,0,no_path,a0:collision_margin:33;a1:no_path
0,7008,combined_abort_stress_0_7008_0,combined_abort_stress,abort_discovery_v5_no_safety_margin,0.00,,0,1,1,1,6,0,5.11804,0.82972,0.05674,6.43804,-0.01609,0.49848,0.33198,0.14546,0.22223,0.36839,0.29812,11,0,collision_margin,a0:collision_margin:31;a1:collision_margin:31;a2:unstable_slip:71;a3:force_limit:33;a4:collision_margin:30;a5:collision_margin:32
0,7008,combined_abort_stress_0_7008_0,combined_abort_stress,abort_discovery_v5_no_calibration,0.00,,0,1,0,1,2,1,0.74023,0.82972,0.39231,1.08023,-0.00768,0.34870,0.21117,0.20101,0.24553,1.00000,0.32062,11,0,no_path,a0:force_limit:33;a1:no_path
0,7008,combined_abort_stress_0_7008_0,combined_abort_stress,abort_discovery_v5_no_dynamic_contact_features,0.00,,0,1,0,1,2,1,0.90618,0.82972,0.32047,1.24618,-0.00639,0.36275,0.22156,0.18239,0.21321,1.00000,0.26937,11,0,no_path,a0:collision_margin:34;a1:no_path
0,7008,combined_abort_stress_0_7008_0,combined_abort_stress,abort_discovery_v5_no_uncertainty_quantile,0.00,,0,1,0,1,2,1,0.77031,0.82972,0.37699,1.11031,-0.01244,0.35294,0.21429,0.18749,0.21554,1.00000,0.28000,11,0,no_path,a0:collision_margin:33;a1:no_path
0,7008,combined_abort_stress_0_7008_0,combined_abort_stress,abort_discovery_v5_no_barrier_inflation,0.00,,0,1,0,1,2,1,0.67602,0.82972,0.42957,1.01602,-0.00317,0.36086,0.22015,0.18338,0.21900,1.00000,0.29563,11,0,no_path,a0:force_limit:32;a1:no_path
0,7008,combined_abort_stress_0_7008_0,combined_abort_stress,abort_discovery_v5_endpoint_only,0.00,,0,1,1,1,6,0,3.74108,0.82972,0.07762,5.06108,-0.02308,0.41281,0.26009,0.08663,0.05765,0.12897,0.06250,11,0,collision_margin,a0:collision_margin:34;a1:collision_margin:29;a2:collision_margin:33;a3:collision_margin:34;a4:collision_margin:29;a5:collision_margin:28
0,7009,combined_abort_stress_0_7009_0,combined_abort_stress,abort_discovery_v5_full,0.00,,0,0,0,0,1,1,0.00000,0.84650,0.00000,0.12000,1.00000,0.27898,0.16210,0.18677,0.19855,1.00000,0.19000,11,0,no_path,a0:no_path
0,7009,combined_abort_stress_0_7009_0,combined_abort_stress,abort_discovery_v5_no_partial_geometry,0.00,,1,0,0,0,1,0,1.60563,0.84650,0.52721,1.60563,0.03054,0.33735,0.20290,0.12333,0.12299,0.10551,0.07938,11,0,none,a0:none:84
0,7009,combined_abort_stress_0_7009_0,combined_abort_stress,abort_discovery_v5_no_abort_reason_labels,0.00,,0,0,0,0,1,1,0.00000,0.84650,0.00000,0.12000,1.00000,0.25862,0.14851,0.21278,0.23297,1.00000,0.23438,11,0,no_path,a0:no_path
0,7009,combined_abort_stress_0_7009_0,combined_abort_stress,abort_discovery_v5_no_repeated_abort_memory,0.00,,0,0,0,0,1,1,0.00000,0.84650,0.00000,0.12000,1.00000,0.27953,0.16247,0.18607,0.19782,1.00000,0.18937,11,0,no_path,a0:no_path
0,7009,combined_abort_stress_0_7009_0,combined_abort_stress,abort_discovery_v5_no_safety_margin,0.00,,1,0,0,0,1,0,1.71502,0.84650,0.49358,1.71502,0.03441,0.32632,0.19497,0.13900,0.13756,0.10829,0.10938,11,0,none,a0:none:84
0,7009,combined_abort_stress_0_7009_0,combined_abort_stress,abort_discovery_v5_no_calibration,0.00,,0,0,0,0,1,1,0.00000,0.84650,0.00000,0.12000,1.00000,0.27953,0.16247,0.19034,0.19997,1.00000,0.18937,11,0,no_path,a0:no_path
0,7009,combined_abort_stress_0_7009_0,combined_abort_stress,abort_discovery_v5_no_dynamic_contact_features,0.00,,0,0,0,0,1,1,0.00000,0.84650,0.00000,0.12000,1.00000,0.27898,0.16210,0.18677,0.19855,1.00000,0.19000,11,0,no_path,a0:no_path
0,7009,combined_abort_stress_0_7009_0,combined_abort_stress,abort_discovery_v5_no_uncertainty_quantile,0.00,,0,0,0,0,1,1,0.00000,0.84650,0.00000,0.12000,1.00000,0.27898,0.16210,0.18703,0.20586,1.00000,0.19000,11,0,no_path,a0:no_path
0,7009,combined_abort_stress_0_7009_0,combined_abort_stress,abort_discovery_v5_no_barrier_inflation,0.00,,0,0,0,0,1,1,0.00000,0.84650,0.00000,0.12000,1.00000,0.28343,0.16512,0.18391,0.19509,1.00000,0.18500,11,0,no_path,a0:no_path
0,7009,combined_abort_stress_0_7009_0,combined_abort_stress,abort_discovery_v5_endpoint_only,0.00,,1,0,0,0,1,0,1.68561,0.84650,0.50219,1.68561,0.05270,0.29553,0.17339,0.11624,0.11346,0.02208,0.05375,11,0,none,a0:none:84
1,7000,combined_abort_stress_1_7000_0,combined_abort_stress,abort_discovery_v5_full,0.00,,0,1,1,1,6,0,11.80125,0.85895,0.02547,13.12125,-0.01322,0.44167,0.28342,0.17837,0.21797,0.18445,0.31312,11,0,force_limit,a0:visible_collision:82;a1:unstable_slip:101;a2:visible_collision:82;a3:visible_collision:80;a4:visible_collision:86;a5:force_limit:120
1,7000,combined_abort_stress_1_7000_0,combined_abort_stress,abort_discovery_v5_no_partial_geometry,0.00,,1,0,0,0,1,0,2.11761,0.85895,0.40562,2.11761,0.02517,0.33758,0.20307,0.10693,0.06528,0.03535,0.05937,11,0,none,a0:none:104
1,7000,combined_abort_stress_1_7000_0,combined_abort_stress,abort_discovery_v5_no_abort_reason_labels,0.00,,0,1,1,1,3,1,3.72660,0.85895,0.08067,4.28660,-0.01928,0.39773,0.24823,0.19599,0.19467,1.00000,0.30312,11,0,no_path,a0:unstable_slip:100;a1:visible_collision:80;a2:no_path
1,7000,combined_abort_stress_1_7000_0,combined_abort_stress,abort_discovery_v5_no_repeated_abort_memory,0.00,,1,1,1,1,5,0,11.50247,0.85895,0.07468,12.62247,-0.00496,0.44075,0.28267,0.21334,0.29459,0.25210,0.42750,11,0,none,a0:unstable_slip:95;a1:visible_collision:77;a2:visible_collision:79;a3:force_limit:120;a4:none:120
1,7000,combined_abort_stress_1_7000_0,combined_abort_stress,abort_discovery_v5_no_safety_margin,0.00,,1,0,0,0,1,0,2.21385,0.85895,0.38799,2.21385,0.00948,0.38287,0.23676,0.12206,0.09118,0.02655,0.11125,11,0,none,a0:none:104
1,7000,combined_abort_stress_1_7000_0,combined_abort_stress,abort_discovery_v5_no_calibration,0.00,,1,1,0,1,2,0,5.02963,0.85895,0.17078,5.30963,-0.01802,0.42649,0.27104,0.18610,0.21704,0.21515,0.33500,11,0,none,a0:unstable_slip:96;a1:none:120
1,7000,combined_abort_stress_1_7000_0,combined_abort_stress,abort_discovery_v5_no_dynamic_contact_features,0.00,,1,1,1,1,5,0,10.78584,0.85895,0.07964,11.90584,-0.01465,0.44482,0.28603,0.15070,0.14507,0.09285,0.23125,11,0,none,a0:visible_collision:80;a1:unstable_slip:99;a2:visible_collision:79;a3:unstable_slip:98;a4:none:120
1,7000,combined_abort_stress_1_7000_0,combined_abort_stress,abort_discovery_v5_no_uncertainty_quantile,0.00,,1,1,1,1,5,0,11.37688,0.85895,0.07550,12.49688,-0.00630,0.42139,0.26694,0.22682,0.30926,0.23420,0.44750,11,0,none,a0:unstable_slip:96;a1:visible_collision:83;a2:visible_collision:80;a3:force_limit:120;a4:none:120
1,7000,combined_abort_stress_1_7000_0,combined_abort_stress,abort_discovery_v5_no_barrier_inflation,0.00,,0,1,1,1,6,0,10.28287,0.85895,0.02924,11.60287,-0.01144,0.42996,0.27385,0.17691,0.20913,0.20254,0.31375,11,0,visible_collision,a0:unstable_slip:95;a1:visible_collision:80;a2:visible_collision:75;a3:visible_collision:84;a4:visible_collision:77;a5:visible_collision:82
1,7000,combined_abort_stress_1_7000_0,combined_abort_stress,abort_discovery_v5_endpoint_only,0.00,,0,1,1,1,6,0,4.63207,0.85895,0.06490,5.95207,-0.02520,0.34839,0.21094,0.10495,0.07197,0.12181,0.05688,11,0,fixture_snag,a0:fixture_snag:35;a1:fixture_snag:44;a2:fixture_snag:32;a3:fixture_snag:36;a4:fixture_snag:30;a5:fixture_snag:28
1,7001,combined_abort_stress_1_7001_0,combined_abort_stress,abort_discovery_v5_full,0.00,,0,0,0,0,1,1,0.00000,0.82940,0.00000,0.12000,1.00000,0.41590,0.26255,0.17961,0.19153,1.00000,0.28250,11,0,no_path,a0:no_path
1,7001,combined_abort_stress_1_7001_0,combined_abort_stress,abort_discovery_v5_no_partial_geometry,0.00,,1,0,0,0,1,0,1.69769,0.82940,0.48855,1.69769,0.02426,0.37462,0.23048,0.10542,0.07094,0.04108,0.08063,11,0,none,a0:none:84
1,7001,combined_abort_stress_1_7001_0,combined_abort_stress,abort_discovery_v5_no_abort_reason_labels,0.00,,0,0,0,0,1,1,0.00000,0.82940,0.00000,0.12000,1.00000,0.37037,0.22727,0.17810,0.18120,1.00000,0.22812,11,0,no_path,a0:no_path
1,7001,combined_abort_stress_1_7001_0,combined_abort_stress,abort_discovery_v5_no_repeated_abort_memory,0.00,,0,0,0,0,1,1,0.00000,0.82940,0.00000,0.12000,1.00000,0.41693,0.26337,0.17634,0.18579,1.00000,0.27250,11,0,no_path,a0:no_path
1,7001,combined_abort_stress_1_7001_0,combined_abort_stress,abort_discovery_v5_no_safety_margin,0.00,,1,1,1,1,5,0,7.09604,0.82940,0.11688,8.21604,0.01524,0.41319,0.26039,0.14179,0.13995,0.17415,0.23375,11,0,none,a0:human_stop:67;a1:visible_collision:65;a2:visible_collision:65;a3:visible_collision:67;a4:none:84
1,7001,combined_abort_stress_1_7001_0,combined_abort_stress,abort_discovery_v5_no_calibration,0.00,,0,0,0,0,1,1,0.00000,0.82940,0.00000,0.12000,1.00000,0.41026,0.25806,0.18270,0.19621,1.00000,0.28813,11,0,no_path,a0:no_path
1,7001,combined_abort_stress_1_7001_0,combined_abort_stress,abort_discovery_v5_no_dynamic_contact_features,0.00,,0,0,0,0,1,1,0.00000,0.82940,0.00000,0.12000,1.00000,0.38078,0.23516,0.17257,0.17650,1.00000,0.22500,11,0,no_path,a0:no_path
1,7001,combined_abort_stress_1_7001_0,combined_abort_stress,abort_discovery_v5_no_uncertainty_quantile,0.00,,0,0,0,0,1,1,0.00000,0.82940,0.00000,0.12000,1.00000,0.41590,0.26255,0.17958,0.19102,1.00000,0.28250,11,0,no_path,a0:no_path
1,7001,combined_abort_stress_1_7001_0,combined_abort_stress,abort_discovery_v5_no_barrier_inflation,0.00,,0,0,0,0,1,1,0.00000,0.82940,0.00000,0.12000,1.00000,0.41411,0.26112,0.17781,0.18385,1.00000,0.28125,11,0,no_path,a0:no_path
1,7001,combined_abort_stress_1_7001_0,combined_abort_stress,abort_discovery_v5_endpoint_only,0.00,,0,1,1,1,6,0,4.40394,0.82940,0.06592,5.72394,-0.01411,0.39465,0.24583,0.09427,0.06009,0.12446,0.06062,11,0,fixture_snag,a0:fixture_snag:38;a1:force_limit:33;a2:fixture_snag:35;a3:fixture_snag:34;a4:fixture_snag:33;a5:fixture_snag:31
1,7002,combined_abort_stress_1_7002_0,combined_abort_stress,abort_discovery_v5_full,0.00,,0,0,0,0,1,1,0.00000,0.85621,0.00000,0.12000,1.00000,0.39568,0.24664,0.16638,0.16860,1.00000,0.22437,11,0,no_path,a0:no_path
1,7002,combined_abort_stress_1_7002_0,combined_abort_stress,abort_discovery_v5_no_partial_geometry,0.00,,0,1,1,1,6,0,4.09222,0.85621,0.07323,5.41222,-0.01664,0.39144,0.24335,0.10145,0.06574,0.14688,0.08125,11,0,human_stop,a0:fixture_snag:34;a1:collision_margin:35;a2:collision_margin:35;a3:human_stop:30;a4:human_stop:28;a5:human_stop:27
1,7002,combined_abort_stress_1_7002_0,combined_abort_stress,abort_discovery_v5_no_abort_reason_labels,0.00,,0,0,0,0,1,1,0.00000,0.85621,0.00000,0.12000,1.00000,0.36266,0.22149,0.17545,0.17397,1.00000,0.22500,11,0,no_path,a0:no_path
1,7002,combined_abort_stress_1_7002_0,combined_abort_stress,abort_discovery_v5_no_repeated_abort_memory,0.00,,0,0,0,0,1,1,0.00000,0.85621,0.00000,0.12000,1.00000,0.39416,0.24545,0.16391,0.16461,1.00000,0.21937,11,0,no_path,a0:no_path
1,7002,combined_abort_stress_1_7002_0,combined_abort_stress,abort_discovery_v5_no_safety_margin,0.00,,0,1,1,1,6,0,3.64973,0.85621,0.08211,4.96973,-0.02636,0.40191,0.25150,0.12526,0.11378,0.15500,0.13812,11,0,collision_margin,a0:fixture_snag:32;a1:fixture_snag:33;a2:human_stop:29;a3:fixture_snag:32;a4:visible_collision:25;a5:collision_margin:34
1,7002,combined_abort_stress_1_7002_0,combined_abort_stress,abort_discovery_v5_no_calibration,0.00,,0,0,0,0,1,1,0.00000,0.85621,0.00000,0.12000,1.00000,0.38869,0.24123,0.17091,0.17377,1.00000,0.23062,11,0,no_path,a0:no_path
1,7002,combined_abort_stress_1_7002_0,combined_abort_stress,abort_discovery_v5_no_dynamic_contact_features,0.00,,0,0,0,0,1,1,0.00000,0.85621,0.00000,0.12000,1.00000,0.39568,0.24664,0.16638,0.16860,1.00000,0.22437,11,0,no_path,a0:no_path
1,7002,combined_abort_stress_1_7002_0,combined_abort_stress,abort_discovery_v5_no_uncertainty_quantile,0.00,,0,0,0,0,1,1,0.00000,0.85621,0.00000,0.12000,1.00000,0.39568,0.24664,0.16626,0.17209,1.00000,0.22437,11,0,no_path,a0:no_path
1,7002,combined_abort_stress_1_7002_0,combined_abort_stress,abort_discovery_v5_no_barrier_inflation,0.00,,0,0,0,0,1,1,0.00000,0.85621,0.00000,0.12000,1.00000,0.39855,0.24887,0.16404,0.16150,1.00000,0.22187,11,0,no_path,a0:no_path
1,7002,combined_abort_stress_1_7002_0,combined_abort_stress,abort_discovery_v5_endpoint_only,0.00,,0,1,1,1,6,0,3.94284,0.85621,0.07600,5.26284,-0.02848,0.39869,0.24898,0.09235,0.05592,0.12248,0.06813,11,0,human_stop,a0:collision_margin:34;a1:human_stop:32;a2:human_stop:27;a3:human_stop:30;a4:fixture_snag:35;a5:human_stop:27
1,7003,combined_abort_stress_1_7003_0,combined_abort_stress,abort_discovery_v5_full,0.00,,1,1,0,0,2,0,2.29683,0.83199,0.36223,2.57683,-0.00177,0.49761,0.33121,0.15233,0.22007,0.22536,0.28187,9,2,none,a0:fixture_snag:31;a1:none:73
1,7003,combined_abort_stress_1_7003_0,combined_abort_stress,abort_discovery_v5_no_partial_geometry,0.00,,1,1,0,0,2,0,2.21862,0.83199,0.37500,2.49862,-0.00583,0.32281,0.19247,0.09397,0.05488,0.11928,0.06813,9,2,none,a0:fixture_snag:32;a1:none:69
1,7003,combined_abort_stress_1_7003_0,combined_abort_stress,abort_discovery_v5_no_abort_reason_labels,0.00,,1,0,0,0,1,0,1.66697,0.83199,0.49910,1.66697,0.00733,0.34354,0.20739,0.17692,0.18729,0.15658,0.25750,9,2,none,a0:none:75
1,7003,combined_abort_stress_1_7003_0,combined_abort_stress,abort_discovery_v5_no_repeated_abort_memory,0.00,,1,1,0,0,2,0,2.45358,0.83199,0.33909,2.73358,-0.00534,0.48933,0.32391,0.15104,0.21420,0.22511,0.27063,9,2,none,a0:fixture_snag:32;a1:none:71
1,7003,combined_abort_stress_1_7003_0,combined_abort_stress,abort_discovery_v5_no_safety_margin,0.00,,1,1,0,1,2,0,2.20294,0.83199,0.37767,2.48294,-0.01692,0.55253,0.38172,0.10781,0.15089,0.12256,0.21125,9,2,none,a0:fixture_snag:33;a1:none:71
1,7003,combined_abort_stress_1_7003_0,combined_abort_stress,abort_discovery_v5_no_calibration,0.00,,1,1,1,1,3,0,4.58857,0.83199,0.18132,5.14857,-0.00782,0.45495,0.29446,0.17408,0.24050,0.17483,0.31312,9,2,none,a0:fixture_snag:35;a1:human_stop:42;a2:none:120
1,7003,combined_abort_stress_1_7003_0,combined_abort_stress,abort_discovery_v5_no_dynamic_contact_features,0.00,,1,1,0,0,2,0,2.47635,0.83199,0.33597,2.75635,-0.00002,0.34829,0.21087,0.15554,0.15521,0.24802,0.23813,9,2,none,a0:fixture_snag:32;a1:none:75
1,7003,combined_abort_stress_1_7003_0,combined_abort_stress,abort_discovery_v5_no_uncertainty_quantile,0.00,,1,1,0,0,2,0,2.08721,0.83199,0.39861,2.36721,-0.00296,0.46083,0.29940,0.16373,0.23101,0.26848,0.29688,9,2,none,a0:fixture_snag:30;a1:none:71
1,7003,combined_abort_stress_1_7003_0,combined_abort_stress,abort_discovery_v5_no_barrier_inflation,0.00,,1,1,0,0,2,0,2.24603,0.83199,0.37043,2.52603,-0.00051,0.46584,0.30364,0.15983,0.22197,0.24181,0.29250,9,2,none,a0:fixture_snag:31;a1:none:73
1,7003,combined_abort_stress_1_7003_0,combined_abort_stress,abort_discovery_v5_endpoint_only,0.00,,1,0,0,0,1,0,1.46616,0.83199,0.56746,1.46616,0.02953,0.27692,0.16071,0.09126,0.05953,0.02009,0.05250,9,2,none,a0:none:69
1,7004,combined_abort_stress_1_7004_0,combined_abort_stress,abort_discovery_v5_full,0.00,,0,1,0,1,2,1,1.20954,0.85041,0.24608,1.54954,-0.01530,0.36860,0.22594,0.18347,0.20199,1.00000,0.24188,11,0,no_path,a0:collision_margin:61;a1:no_path
1,7004,combined_abort_stress_1_7004_0,combined_abort_stress,abort_discovery_v5_no_partial_geometry,0.00,,0,1,1,1,6,0,4.24202,0.85041,0.07017,5.56202,-0.02081,0.42529,0.27007,0.10195,0.07344,0.15700,0.09312,11,0,fixture_snag,a0:fixture_snag:34;a1:fixture_snag:34;a2:fixture_snag:31;a3:fixture_snag:34;a4:fixture_snag:33;a5:fixture_snag:29
1,7004,combined_abort_stress_1_7004_0,combined_abort_stress,abort_discovery_v5_no_abort_reason_labels,0.00,,0,0,0,0,1,1,0.00000,0.85041,0.00000,0.12000,1.00000,0.32550,0.19439,0.19824,0.20242,1.00000,0.24813,11,0,no_path,a0:no_path
1,7004,combined_abort_stress_1_7004_0,combined_abort_stress,abort_discovery_v5_no_repeated_abort_memory,0.00,,0,1,1,1,6,0,7.06480,0.85041,0.04213,8.38480,-0.01261,0.34114,0.20565,0.19227,0.20770,0.28036,0.24938,11,0,collision_margin,a0:visible_collision:53;a1:visible_collision:48;a2:collision_margin:55;a3:visible_collision:47;a4:visible_collision:48;a5:collision_margin:58
1,7004,combined_abort_stress_1_7004_0,combined_abort_stress,abort_discovery_v5_no_safety_margin,0.00,,1,1,0,0,2,0,2.65120,0.85041,0.32076,2.93120,-0.00267,0.35176,0.21341,0.12766,0.11716,0.09978,0.12437,11,0,none,a0:fixture_snag:36;a1:none:84
1,7004,combined_abort_stress_1_7004_0,combined_abort_stress,abort_discovery_v5_no_calibration,0.00,,0,1,1,1,4,1,3.39888,0.85041,0.08757,4.17888,-0.00777,0.34725,0.21010,0.19428,0.21375,1.00000,0.25000,11,0,no_path,a0:visible_collision:51;a1:visible_collision:48;a2:collision_margin:56;a3:no_path
1,7004,combined_abort_stress_1_7004_0,combined_abort_stress,abort_discovery_v5_no_dynamic_contact_features,0.00,,0,1,0,1,2,1,1.33716,0.85041,0.22259,1.67716,-0.00645,0.34333,0.20724,0.19293,0.21025,1.00000,0.25062,11,0,no_path,a0:collision_margin:58;a1:no_path
1,7004,combined_abort_stress_1_7004_0,combined_abort_stress,abort_discovery_v5_no_uncertainty_quantile,0.00,,0,1,0,0,2,1,1.33003,0.85041,0.22379,1.67003,-0.00598,0.35966,0.21926,0.18927,0.20794,1.00000,0.24750,11,0,no_path,a0:collision_margin:59;a1:no_path
1,7004,combined_abort_stress_1_7004_0,combined_abort_stress,abort_discovery_v5_no_barrier_inflation,0.00,,0,1,1,1,5,1,4.34613,0.85041,0.06848,5.34613,-0.01633,0.36082,0.22013,0.18230,0.19484,1.00000,0.23938,11,0,no_path,a0:visible_collision:49;a1:visible_collision:46;a2:visible_collision:46;a3:collision_margin:59;a4:no_path
1,7004,combined_abort_stress_1_7004_0,combined_abort_stress,abort_discovery_v5_endpoint_only,0.00,,0,1,1,1,6,0,4.71544,0.85041,0.06312,6.03544,-0.02694,0.37540,0.23108,0.09914,0.06607,0.09723,0.06875,11,0,fixture_snag,a0:fixture_snag:38;a1:fixture_snag:35;a2:fixture_snag:32;a3:fixture_snag:31;a4:fixture_snag:32;a5:fixture_snag:38
1,7005,combined_abort_stress_1_7005_0,combined_abort_stress,abort_discovery_v5_full,0.00,,0,0,0,0,1,1,0.00000,0.84342,0.00000,0.12000,1.00000,0.50505,0.33784,0.13786,0.21579,1.00000,0.26312,11,0,no_path,a0:no_path
1,7005,combined_abort_stress_1_7005_0,combined_abort_stress,abort_discovery_v5_no_partial_geometry,0.00,,0,1,1,0,6,0,5.40591,0.84342,0.05461,6.72591,-0.01767,0.50473,0.33755,0.07424,0.02593,0.15188,0.09000,11,0,human_stop,a0:collision_margin:41;a1:fixture_snag:38;a2:collision_margin:41;a3:human_stop:44;a4:human_stop:40;a5:human_stop:38
1,7005,combined_abort_stress_1_7005_0,combined_abort_stress,abort_discovery_v5_no_abort_reason_labels,0.00,,0,0,0,0,1,1,0.00000,0.84342,0.00000,0.12000,1.00000,0.40860,0.25676,0.14931,0.16910,1.00000,0.24063,11,0,no_path,a0:no_path
1,7005,combined_abort_stress_1_7005_0,combined_abort_stress,abort_discovery_v5_no_repeated_abort_memory,0.00,,0,1,0,0,2,1,0.78619,0.84342,0.37548,1.12619,0.00752,0.52448,0.35545,0.12981,0.20715,1.00000,0.24938,11,0,no_path,a0:human_stop:33;a1:no_path
1,7005,combined_abort_stress_1_7005_0,combined_abort_stress,abort_discovery_v5_no_safety_margin,0.00,,1,0,0,0,1,0,2.05230,0.84342,0.41097,2.05230,0.02569,0.48956,0.32412,0.11701,0.17946,0.16570,0.22125,11,0,none,a0:none:102
1,7005,combined_abort_stress_1_7005_0,combined_abort_stress,abort_discovery_v5_no_calibration,0.00,,0,0,0,0,1,1,0.00000,0.84342,0.00000,0.12000,1.00000,0.47022,0.30738,0.15184,0.23141,1.00000,0.29063,11,0,no_path,a0:no_path
1,7005,combined_abort_stress_1_7005_0,combined_abort_stress,abort_discovery_v5_no_dynamic_contact_features,0.00,,0,1,1,1,6,0,4.31582,0.84342,0.06840,5.63582,-0.01264,0.55675,0.38576,0.09765,0.11083,0.30105,0.18375,11,0,unstable_slip,a0:unstable_slip:36;a1:unstable_slip:35;a2:unstable_slip:35;a3:unstable_slip:35;a4:unstable_slip:33;a5:unstable_slip:35
1,7005,combined_abort_stress_1_7005_0,combined_abort_stress,abort_discovery_v5_no_uncertainty_quantile,0.00,,0,1,0,1,2,1,0.78891,0.84342,0.37418,1.12891,-0.00639,0.52117,0.35242,0.13903,0.22941,1.00000,0.27563,11,0,no_path,a0:force_limit:37;a1:no_path
1,7005,combined_abort_stress_1_7005_0,combined_abort_stress,abort_discovery_v5_no_barrier_inflation,0.00,,0,1,0,1,2,1,0.75449,0.84342,0.39126,1.09449,-0.00249,0.50564,0.33836,0.14071,0.23264,1.00000,0.28000,11,0,no_path,a0:force_limit:37;a1:no_path
1,7005,combined_abort_stress_1_7005_0,combined_abort_stress,abort_discovery_v5_endpoint_only,0.00,,1,1,1,1,3,0,3.79758,0.84342,0.22210,4.35758,-0.00628,0.40149,0.25116,0.07343,0.02821,0.03961,0.06000,11,0,none,a0:force_limit:37;a1:collision_margin:44;a2:none:96
1,7006,combined_abort_stress_1_7006_0,combined_abort_stress,abort_discovery_v5_full,0.00,,1,0,0,0,1,0,3.79497,0.83733,0.22064,3.79497,0.01863,0.42323,0.26841,0.19272,0.29075,0.23623,0.36938,11,0,none,a0:none:120
1,7006,combined_abort_stress_1_7006_0,combined_abort_stress,abort_discovery_v5_no_partial_geometry,0.00,,1,1,1,1,4,0,3.95062,0.83733,0.21195,4.79062,-0.00446,0.36842,0.22581,0.09875,0.06151,0.11923,0.09875,11,0,none,a0:visible_collision:37;a1:collision_margin:38;a2:visible_collision:23;a3:none:79
1,7006,combined_abort_stress_1_7006_0,combined_abort_stress,abort_discovery_v5_no_abort_reason_labels,0.00,,1,0,0,0,1,0,1.66288,0.83733,0.50354,1.66288,0.02369,0.34754,0.21032,0.18146,0.18314,0.15631,0.26625,11,0,none,a0:none:83
1,7006,combined_abort_stress_1_7006_0,combined_abort_stress,abort_discovery_v5_no_repeated_abort_memory,0.00,,1,0,0,0,1,0,1.76993,0.83733,0.47309,1.76993,0.04636,0.43122,0.27487,0.18600,0.28239,0.17586,0.35750,11,0,none,a0:none:84
1,7006,combined_abort_stress_1_7006_0,combined_abort_stress,abort_discovery_v5_no_safety_margin,0.00,,1,0,0,0,1,0,1.69512,0.83733,0.49397,1.69512,0.02850,0.44780,0.28850,0.17167,0.26507,0.05574,0.34000,11,0,none,a0:none:83
1,7006,combined_abort_stress_1_7006_0,combined_abort_stress,abort_discovery_v5_no_calibration,0.00,,1,0,0,0,1,0,4.15694,0.83733,0.20143,4.15694,0.02156,0.39903,0.24924,0.20902,0.30568,0.23824,0.39875,11,0,none,a0:none:120
1,7006,combined_abort_stress_1_7006_0,combined_abort_stress,abort_discovery_v5_no_dynamic_contact_features,0.00,,1,0,0,0,1,0,1.86278,0.83733,0.44951,1.86278,0.03870,0.42063,0.26633,0.13078,0.11781,0.14416,0.20000,11,0,none,a0:none:83
1,7006,combined_abort_stress_1_7006_0,combined_abort_stress,abort_discovery_v5_no_uncertainty_quantile,0.00,,1,0,0,0,1,0,1.69262,0.83733,0.49469,1.69262,0.05204,0.42323,0.26841,0.19272,0.29074,0.17586,0.36938,11,0,none,a0:none:84
1,7006,combined_abort_stress_1_7006_0,combined_abort_stress,abort_discovery_v5_no_barrier_inflation,0.00,,1,0,0,0,1,0,1.83743,0.83733,0.45571,1.83743,0.04370,0.42487,0.26974,0.19171,0.28742,0.16224,0.36750,11,0,none,a0:none:84
1,7006,combined_abort_stress_1_7006_0,combined_abort_stress,abort_discovery_v5_endpoint_only,0.00,,1,1,1,1,3,0,3.09681,0.83733,0.27039,3.65681,0.01688,0.34752,0.21030,0.08780,0.04984,0.06411,0.06125,11,0,none,a0:visible_collision:36;a1:visible_collision:23;a2:none:79
1,7007,combined_abort_stress_1_7007_0,combined_abort_stress,abort_discovery_v5_full,0.00,,0,0,0,0,1,1,0.00000,0.84365,0.00000,0.12000,1.00000,0.38857,0.24113,0.15229,0.13558,1.00000,0.20250,11,0,no_path,a0:no_path
1,7007,combined_abort_stress_1_7007_0,combined_abort_stress,abort_discovery_v5_no_partial_geometry,0.00,,1,0,0,0,1,0,1.52931,0.84365,0.55165,1.52931,0.02246,0.33438,0.20076,0.10604,0.07154,0.02706,0.07250,11,0,none,a0:none:80
1,7007,combined_abort_stress_1_7007_0,combined_abort_stress,abort_discovery_v5_no_abort_reason_labels,0.00,,0,0,0,0,1,1,0.00000,0.84365,0.00000,0.12000,1.00000,0.38790,0.24062,0.16275,0.16135,1.00000,0.22562,11,0,no_path,a0:no_path
1,7007,combined_abort_stress_1_7007_0,combined_abort_stress,abort_discovery_v5_no_repeated_abort_memory,0.00,,0,0,0,0,1,1,0.00000,0.84365,0.00000,0.12000,1.00000,0.39357,0.24500,0.14572,0.12447,1.00000,0.18563,11,0,no_path,a0:no_path
1,7007,combined_abort_stress_1_7007_0,combined_abort_stress,abort_discovery_v5_no_safety_margin,0.00,,1,0,0,0,1,0,1.71024,0.84365,0.49329,1.71024,0.02291,0.38275,0.23667,0.11758,0.09116,0.03780,0.10625,11,0,none,a0:none:80
1,7007,combined_abort_stress_1_7007_0,combined_abort_stress,abort_discovery_v5_no_calibration,0.00,,0,0,0,0,1,1,0.00000,0.84365,0.00000,0.12000,1.00000,0.38060,0.23502,0.15997,0.14184,1.00000,0.20938,11,0,no_path,a0:no_path
1,7007,combined_abort_stress_1_7007_0,combined_abort_stress,abort_discovery_v5_no_dynamic_contact_features,0.00,,0,0,0,0,1,1,0.00000,0.84365,0.00000,0.12000,1.00000,0.38857,0.24113,0.15229,0.13558,1.00000,0.20250,11,0,no_path,a0:no_path
1,7007,combined_abort_stress_1_7007_0,combined_abort_stress,abort_discovery_v5_no_uncertainty_quantile,0.00,,0,0,0,0,1,1,0.00000,0.84365,0.00000,0.12000,1.00000,0.38857,0.24113,0.15193,0.13835,1.00000,0.20250,11,0,no_path,a0:no_path
1,7007,combined_abort_stress_1_7007_0,combined_abort_stress,abort_discovery_v5_no_barrier_inflation,0.00,,0,0,0,0,1,1,0.00000,0.84365,0.00000,0.12000,1.00000,0.38623,0.23934,0.15150,0.13167,1.00000,0.20125,11,0,no_path,a0:no_path
1,7007,combined_abort_stress_1_7007_0,combined_abort_stress,abort_discovery_v5_endpoint_only,0.00,,0,1,1,1,6,0,4.73051,0.84365,0.06242,6.05051,-0.01542,0.36538,0.22353,0.10101,0.06970,0.11384,0.06938,11,0,fixture_snag,a0:fixture_snag:38;a1:fixture_snag:37;a2:fixture_snag:36;a3:human_stop:34;a4:fixture_snag:34;a5:fixture_snag:34
1,7008,combined_abort_stress_1_7008_0,combined_abort_stress,abort_discovery_v5_full,0.00,,0,0,0,0,1,1,0.00000,0.83032,0.00000,0.12000,1.00000,0.49697,0.33065,0.15430,0.21421,1.00000,0.28875,11,0,no_path,a0:no_path
1,7008,combined_abort_stress_1_7008_0,combined_abort_stress,abort_discovery_v5_no_partial_geometry,0.00,,1,0,0,0,1,0,2.03990,0.83032,0.40704,2.03990,0.04079,0.44848,0.28906,0.08982,0.05499,0.04492,0.08250,11,0,none,a0:none:91
1,7008,combined_abort_stress_1_7008_0,combined_abort_stress,abort_discovery_v5_no_abort_reason_labels,0.00,,0,0,0,0,1,1,0.00000,0.83032,0.00000,0.12000,1.00000,0.41121,0.25882,0.16564,0.17668,1.00000,0.27750,11,0,no_path,a0:no_path
1,7008,combined_abort_stress_1_7008_0,combined_abort_stress,abort_discovery_v5_no_repeated_abort_memory,0.00,,0,0,0,0,1,1,0.00000,0.83032,0.00000,0.12000,1.00000,0.50080,0.33404,0.14553,0.20026,1.00000,0.26813,11,0,no_path,a0:no_path
1,7008,combined_abort_stress_1_7008_0,combined_abort_stress,abort_discovery_v5_no_safety_margin,0.00,,1,0,0,0,1,0,1.90263,0.83032,0.43641,1.90263,0.04774,0.49917,0.33259,0.12890,0.17615,0.12765,0.25188,11,0,none,a0:none:92
1,7008,combined_abort_stress_1_7008_0,combined_abort_stress,abort_discovery_v5_no_calibration,0.00,,0,0,0,0,1,1,0.00000,0.83032,0.00000,0.12000,1.00000,0.48593,0.32094,0.15797,0.21871,1.00000,0.29812,11,0,no_path,a0:no_path
1,7008,combined_abort_stress_1_7008_0,combined_abort_stress,abort_discovery_v5_no_dynamic_contact_features,0.00,,0,0,0,0,1,1,0.00000,0.83032,0.00000,0.12000,1.00000,0.51136,0.34351,0.11769,0.11227,1.00000,0.20625,11,0,no_path,a0:no_path
1,7008,combined_abort_stress_1_7008_0,combined_abort_stress,abort_discovery_v5_no_uncertainty_quantile,0.00,,0,0,0,0,1,1,0.00000,0.83032,0.00000,0.12000,1.00000,0.49697,0.33065,0.15417,0.21236,1.00000,0.28875,11,0,no_path,a0:no_path
1,7008,combined_abort_stress_1_7008_0,combined_abort_stress,abort_discovery_v5_no_barrier_inflation,0.00,,0,0,0,0,1,1,0.00000,0.83032,0.00000,0.12000,1.00000,0.49469,0.32863,0.15173,0.20878,1.00000,0.28813,11,0,no_path,a0:no_path
1,7008,combined_abort_stress_1_7008_0,combined_abort_stress,abort_discovery_v5_endpoint_only,0.00,,1,1,0,1,2,0,2.67937,0.83032,0.30989,2.95937,-0.00515,0.37456,0.23043,0.08342,0.04131,0.02823,0.05312,11,0,none,a0:force_limit:38;a1:none:90
1,7009,combined_abort_stress_1_7009_0,combined_abort_stress,abort_discovery_v5_full,0.00,,1,0,0,0,1,0,2.84762,0.84781,0.29772,2.84762,0.01507,0.41301,0.26025,0.16576,0.21768,0.12221,0.26500,10,1,none,a0:none:120
1,7009,combined_abort_stress_1_7009_0,combined_abort_stress,abort_discovery_v5_no_partial_geometry,0.00,,0,1,1,1,6,0,3.70962,0.84781,0.07999,5.02962,-0.01819,0.39498,0.24609,0.09418,0.05226,0.11966,0.08000,10,1,force_limit,a0:fixture_snag:63;a1:force_limit:23;a2:force_limit:23;a3:visible_collision:19;a4:force_limit:22;a5:force_limit:22
1,7009,combined_abort_stress_1_7009_0,combined_abort_stress,abort_discovery_v5_no_abort_reason_labels,0.00,,1,1,1,1,3,0,6.70465,0.84781,0.12645,7.26465,-0.01007,0.33754,0.20304,0.19496,0.19844,0.18210,0.27687,10,1,none,a0:visible_collision:102;a1:unstable_slip:94;a2:none:106
1,7009,combined_abort_stress_1_7009_0,combined_abort_stress,abort_discovery_v5_no_repeated_abort_memory,0.00,,1,1,0,1,2,0,5.22035,0.84781,0.16240,5.50035,0.01036,0.41100,0.25866,0.16731,0.22228,0.10454,0.26687,10,1,none,a0:visible_collision:109;a1:none:120
1,7009,combined_abort_stress_1_7009_0,combined_abort_stress,abort_discovery_v5_no_safety_margin,0.00,,1,1,0,1,2,0,5.25812,0.84781,0.16124,5.53812,0.01188,0.42761,0.27195,0.15625,0.20699,0.10889,0.25188,10,1,none,a0:visible_collision:108;a1:none:120
1,7009,combined_abort_stress_1_7009_0,combined_abort_stress,abort_discovery_v5_no_calibration,0.00,,0,1,1,1,6,0,13.73825,0.84781,0.02160,15.05825,-0.00647,0.39250,0.24417,0.19121,0.25083,0.25023,0.31375,10,1,visible_collision,a0:fixture_snag:85;a1:visible_collision:108;a2:visible_collision:109;a3:visible_collision:110;a4:visible_collision:110;a5:visible_collision:110
1,7009,combined_abort_stress_1_7009_0,combined_abort_stress,abort_discovery_v5_no_dynamic_contact_features,0.00,,0,1,1,1,6,0,4.24066,0.84781,0.06997,5.56066,-0.03233,0.44395,0.28530,0.12230,0.11782,0.21304,0.15937,10,1,force_limit,a0:visible_collision:101;a1:force_limit:21;a2:force_limit:21;a3:force_limit:24;a4:force_limit:21;a5:force_limit:23
1,7009,combined_abort_stress_1_7009_0,combined_abort_stress,abort_discovery_v5_no_uncertainty_quantile,0.00,,1,1,0,1,2,0,4.85755,0.84781,0.17453,5.13755,0.01191,0.41100,0.25866,0.16661,0.21948,0.10018,0.26687,10,1,none,a0:visible_collision:109;a1:none:120
1,7009,combined_abort_stress_1_7009_0,combined_abort_stress,abort_discovery_v5_no_barrier_inflation,0.00,,1,1,0,1,2,0,5.06584,0.84781,0.16736,5.34584,0.01280,0.41234,0.25971,0.16640,0.21814,0.11119,0.26562,10,1,none,a0:visible_collision:111;a1:none:120
1,7009,combined_abort_stress_1_7009_0,combined_abort_stress,abort_discovery_v5_endpoint_only,0.00,,0,1,1,1,6,0,3.35827,0.84781,0.08836,4.67827,-0.00758,0.38095,0.23529,0.09000,0.05246,0.11157,0.06438,10,1,force_limit,a0:collision_margin:35;a1:visible_collision:19;a2:force_limit:30;a3:force_limit:23;a4:force_limit:21;a5:force_limit:22
2,7000,combined_abort_stress_2_7000_0,combined_abort_stress,abort_discovery_v5_full,0.00,,0,0,0,0,1,1,0.00000,0.85453,0.00000,0.12000,1.00000,0.41252,0.25986,0.17876,0.19202,1.00000,0.30500,11,0,no_path,a0:no_path
2,7000,combined_abort_stress_2_7000_0,combined_abort_stress,abort_discovery_v5_no_partial_geometry,0.00,,0,1,1,1,6,0,4.43936,0.85453,0.06737,5.75936,-0.02434,0.37356,0.22968,0.12026,0.10613,0.14016,0.08313,11,0,fixture_snag,a0:fixture_snag:35;a1:fixture_snag:32;a2:fixture_snag:36;a3:fixture_snag:32;a4:fixture_snag:38;a5:fixture_snag:30
2,7000,combined_abort_stress_2_7000_0,combined_abort_stress,abort_discovery_v5_no_abort_reason_labels,0.00,,0,1,0,1,2,1,0.93307,0.85453,0.32054,1.27307,-0.00767,0.26816,0.15484,0.23758,0.24013,1.00000,0.31312,11,0,no_path,a0:fixture_snag:45;a1:no_path
2,7000,combined_abort_stress_2_7000_0,combined_abort_stress,abort_discovery_v5_no_repeated_abort_memory,0.00,,0,1,1,1,4,1,2.92611,0.85453,0.10221,3.70611,-0.02768,0.40941,0.25739,0.18772,0.20246,1.00000,0.31750,11,0,no_path,a0:fixture_snag:45;a1:collision_margin:47;a2:collision_margin:42;a3:no_path
2,7000,combined_abort_stress_2_7000_0,combined_abort_stress,abort_discovery_v5_no_safety_margin,0.00,,1,1,0,1,2,0,3.11505,0.85453,0.27432,3.39505,-0.00673,0.46422,0.30227,0.13132,0.13296,0.12668,0.22375,11,0,none,a0:fixture_snag:41;a1:none:88
2,7000,combined_abort_stress_2_7000_0,combined_abort_stress,abort_discovery_v5_no_calibration,0.00,,0,0,0,0,1,1,0.00000,0.85453,0.00000,0.12000,1.00000,0.41018,0.25801,0.18308,0.19631,1.00000,0.30750,11,0,no_path,a0:no_path
2,7000,combined_abort_stress_2_7000_0,combined_abort_stress,abort_discovery_v5_no_dynamic_contact_features,0.00,,0,1,1,1,3,1,1.91183,0.85453,0.15644,2.47183,-0.01200,0.31479,0.18679,0.20257,0.19401,1.00000,0.25875,11,0,no_path,a0:fixture_snag:44;a1:collision_margin:41;a2:no_path
2,7000,combined_abort_stress_2_7000_0,combined_abort_stress,abort_discovery_v5_no_uncertainty_quantile,0.00,,0,1,1,0,3,1,1.79970,0.85453,0.16619,2.35970,-0.00597,0.40839,0.25659,0.18676,0.19932,1.00000,0.31250,11,0,no_path,a0:fixture_snag:44;a1:collision_margin:41;a2:no_path
2,7000,combined_abort_stress_2_7000_0,combined_abort_stress,abort_discovery_v5_no_barrier_inflation,0.00,,0,1,1,0,3,1,2.01364,0.85453,0.14853,2.57364,-0.00435,0.40056,0.25044,0.18889,0.19748,1.00000,0.31188,11,0,no_path,a0:fixture_snag:44;a1:collision_margin:41;a2:no_path
2,7000,combined_abort_stress_2_7000_0,combined_abort_stress,abort_discovery_v5_endpoint_only,0.00,,1,1,1,1,4,0,4.24426,0.85453,0.20134,5.08426,-0.01875,0.31348,0.18587,0.11814,0.10144,0.03523,0.06500,11,0,none,a0:fixture_snag:34;a1:fixture_snag:38;a2:fixture_snag:31;a3:none:91
2,7001,combined_abort_stress_2_7001_0,combined_abort_stress,abort_discovery_v5_full,0.00,,0,0,0,0,1,1,0.00000,0.84440,0.00000,0.12000,1.00000,0.32413,0.19341,0.17234,0.17171,1.00000,0.22312,11,0,no_path,a0:no_path
2,7001,combined_abort_stress_2_7001_0,combined_abort_stress,abort_discovery_v5_no_partial_geometry,0.00,,0,1,1,1,6,0,5.02669,0.84440,0.05879,6.34669,-0.02083,0.38710,0.24000,0.09973,0.07102,0.14793,0.09688,11,0,force_limit,a0:fixture_snag:43;a1:fixture_snag:40;a2:fixture_snag:37;a3:fixture_snag:36;a4:force_limit:38;a5:force_limit:36
2,7001,combined_abort_stress_2_7001_0,combined_abort_stress,abort_discovery_v5_no_abort_reason_labels,0.00,,0,1,0,0,2,1,0.95484,0.84440,0.30952,1.29484,-0.00311,0.28935,0.16914,0.21874,0.23708,1.00000,0.27687,11,0,no_path,a0:fixture_snag:46;a1:no_path
2,7001,combined_abort_stress_2_7001_0,combined_abort_stress,abort_discovery_v5_no_repeated_abort_memory,0.00,,0,1,0,1,2,1,1.07691,0.84440,0.27443,1.41691,-0.01038,0.32593,0.19469,0.17285,0.17117,1.00000,0.22125,11,0,no_path,a0:fixture_snag:48;a1:no_path
2,7001,combined_abort_stress_2_7001_0,combined_abort_stress,abort_discovery_v5_no_safety_margin,0.00,,1,1,1,1,3,0,3.40109,0.84440,0.24827,3.96109,-0.01721,0.35829,0.21824,0.12094,0.11020,0.10000,0.11750,11,0,none,a0:fixture_snag:37;a1:fixture_snag:37;a2:none:92
2,7001,combined_abort_stress_2_7001_0,combined_abort_stress,abort_discovery_v5_no_calibration,0.00,,0,0,0,0,1,1,0.00000,0.84440,0.00000,0.12000,1.00000,0.31826,0.18925,0.17639,0.17682,1.00000,0.22937,11,0,no_path,a0:no_path
2,7001,combined_abort_stress_2_7001_0,combined_abort_stress,abort_discovery_v5_no_dynamic_contact_features,0.00,,0,0,0,0,1,1,0.00000,0.84440,0.00000,0.12000,1.00000,0.32413,0.19341,0.17234,0.17171,1.00000,0.22312,11,0,no_path,a0:no_path
2,7001,combined_abort_stress_2_7001_0,combined_abort_stress,abort_discovery_v5_no_uncertainty_quantile,0.00,,0,0,0,0,1,1,0.00000,0.84440,0.00000,0.12000,1.00000,0.32413,0.19341,0.17220,0.17485,1.00000,0.22312,11,0,no_path,a0:no_path
2,7001,combined_abort_stress_2_7001_0,combined_abort_stress,abort_discovery_v5_no_barrier_inflation,0.00,,0,0,0,0,1,1,0.00000,0.84440,0.00000,0.12000,1.00000,0.32090,0.19111,0.17019,0.16554,1.00000,0.21875,11,0,no_path,a0:no_path
2,7001,combined_abort_stress_2_7001_0,combined_abort_stress,abort_discovery_v5_endpoint_only,0.00,,0,1,1,1,6,0,5.05160,0.84440,0.05850,6.37160,-0.01546,0.34130,0.20576,0.09215,0.05937,0.07788,0.06688,11,0,human_stop,a0:fixture_snag:35;a1:fixture_snag:41;a2:fixture_snag:42;a3:fixture_snag:43;a4:fixture_snag:35;a5:human_stop:31
2,7002,combined_abort_stress_2_7002_0,combined_abort_stress,abort_discovery_v5_full,0.00,,1,0,0,0,1,0,1.98005,0.85269,0.43064,1.98005,0.04792,0.43976,0.28185,0.17093,0.27486,0.10043,0.31188,11,0,none,a0:none:97
2,7002,combined_abort_stress_2_7002_0,combined_abort_stress,abort_discovery_v5_no_partial_geometry,0.00,,1,1,1,0,3,0,3.62533,0.85269,0.23520,4.18533,-0.02858,0.51447,0.34632,0.07251,0.03877,0.04277,0.09125,11,0,none,a0:collision_margin:47;a1:human_stop:33;a2:none:91
2,7002,combined_abort_stress_2_7002_0,combined_abort_stress,abort_discovery_v5_no_abort_reason_labels,0.00,,1,1,0,0,2,0,2.76182,0.85269,0.30874,3.04182,-0.01392,0.36160,0.22070,0.17670,0.21214,0.07775,0.28750,11,0,none,a0:human_stop:26;a1:none:108
2,7002,combined_abort_stress_2_7002_0,combined_abort_stress,abort_discovery_v5_no_repeated_abort_memory,0.00,,1,0,0,0,1,0,2.03474,0.85269,0.41907,2.03474,0.03235,0.44377,0.28516,0.16768,0.27218,0.10380,0.30812,11,0,none,a0:none:96
2,7002,combined_abort_stress_2_7002_0,combined_abort_stress,abort_discovery_v5_no_safety_margin,0.00,,1,1,0,1,2,0,2.59604,0.85269,0.32846,2.87604,0.02585,0.46632,0.30405,0.14218,0.23737,0.08949,0.25875,11,0,none,a0:visible_collision:24;a1:none:94
2,7002,combined_abort_stress_2_7002_0,combined_abort_stress,abort_discovery_v5_no_calibration,0.00,,1,0,0,0,1,0,2.15707,0.85269,0.39530,2.15707,0.04468,0.40669,0.25524,0.18845,0.29278,0.10295,0.34563,11,0,none,a0:none:97
2,7002,combined_abort_stress_2_7002_0,combined_abort_stress,abort_discovery_v5_no_dynamic_contact_features,0.00,,1,0,0,0,1,0,1.92184,0.85269,0.44369,1.92184,0.03243,0.42353,0.26866,0.12840,0.14231,0.06148,0.21563,11,0,none,a0:none:96
2,7002,combined_abort_stress_2_7002_0,combined_abort_stress,abort_discovery_v5_no_uncertainty_quantile,0.00,,1,0,0,0,1,0,2.16154,0.85269,0.39448,2.16154,0.04558,0.43976,0.28185,0.17089,0.27445,0.10367,0.31188,11,0,none,a0:none:96
2,7002,combined_abort_stress_2_7002_0,combined_abort_stress,abort_discovery_v5_no_barrier_inflation,0.00,,1,0,0,0,1,0,1.94463,0.85269,0.43849,1.94463,0.03941,0.44175,0.28350,0.17001,0.27342,0.10380,0.31000,11,0,none,a0:none:96
2,7002,combined_abort_stress_2_7002_0,combined_abort_stress,abort_discovery_v5_endpoint_only,0.00,,0,1,1,1,6,0,5.50766,0.85269,0.05419,6.82766,-0.02399,0.48571,0.32075,0.06803,0.02753,0.09829,0.07187,11,0,fixture_snag,a0:human_stop:35;a1:human_stop:28;a2:collision_margin:50;a3:visible_collision:53;a4:human_stop:48;a5:fixture_snag:41
2,7003,combined_abort_stress_2_7003_0,combined_abort_stress,abort_discovery_v5_full,0.00,,1,0,0,0,1,0,4.30438,0.85523,0.19869,4.30438,0.02677,0.47201,0.30891,0.14857,0.19144,0.12954,0.29375,11,0,none,a0:none:120
2,7003,combined_abort_stress_2_7003_0,combined_abort_stress,abort_discovery_v5_no_partial_geometry,0.00,,1,0,0,0,1,0,1.74731,0.85523,0.48946,1.74731,0.00116,0.43692,0.27953,0.08320,0.02665,0.02215,0.08375,11,0,none,a0:none:80
2,7003,combined_abort_stress_2_7003_0,combined_abort_stress,abort_discovery_v5_no_abort_reason_labels,0.00,,0,1,0,1,2,1,1.95009,0.85523,0.15350,2.29009,-0.00743,0.36335,0.22201,0.18351,0.17881,1.00000,0.27625,11,0,no_path,a0:force_limit:87;a1:no_path
2,7003,combined_abort_stress_2_7003_0,combined_abort_stress,abort_discovery_v5_no_repeated_abort_memory,0.00,,1,0,0,0,1,0,4.16577,0.85523,0.20530,4.16577,0.03377,0.46875,0.30612,0.14524,0.17761,0.13322,0.28063,11,0,none,a0:none:120
2,7003,combined_abort_stress_2_7003_0,combined_abort_stress,abort_discovery_v5_no_safety_margin,0.00,,1,0,0,0,1,0,1.59126,0.85523,0.53746,1.59126,0.01706,0.50000,0.33333,0.11318,0.13142,0.05699,0.21813,11,0,none,a0:none:82
2,7003,combined_abort_stress_2_7003_0,combined_abort_stress,abort_discovery_v5_no_calibration,0.00,,1,0,0,0,1,0,3.92242,0.85523,0.21804,3.92242,0.04006,0.46154,0.30000,0.15766,0.20060,0.13413,0.30312,11,0,none,a0:none:120
2,7003,combined_abort_stress_2_7003_0,combined_abort_stress,abort_discovery_v5_no_dynamic_contact_features,0.00,,1,0,0,0,1,0,3.71200,0.85523,0.23040,3.71200,0.04030,0.44128,0.28311,0.13666,0.14015,0.04506,0.23187,11,0,none,a0:none:120
2,7003,combined_abort_stress_2_7003_0,combined_abort_stress,abort_discovery_v5_no_uncertainty_quantile,0.00,,1,0,0,0,1,0,4.03116,0.85523,0.21215,4.03116,0.03837,0.47201,0.30891,0.14847,0.18960,0.13048,0.29375,11,0,none,a0:none:120
2,7003,combined_abort_stress_2_7003_0,combined_abort_stress,abort_discovery_v5_no_barrier_inflation,0.00,,1,0,0,0,1,0,3.93538,0.85523,0.21732,3.93538,0.01897,0.47416,0.31076,0.14724,0.18489,0.13314,0.29187,11,0,none,a0:none:120
2,7003,combined_abort_stress_2_7003_0,combined_abort_stress,abort_discovery_v5_endpoint_only,0.00,,1,1,1,1,3,0,3.50365,0.85523,0.24410,4.06365,-0.02679,0.40803,0.25630,0.07922,0.02369,0.06939,0.06750,11,0,none,a0:fixture_snag:40;a1:unstable_slip:46;a2:none:82
2,7004,combined_abort_stress_2_7004_0,combined_abort_stress,abort_discovery_v5_full,0.00,,1,0,0,0,1,0,2.81730,0.83993,0.29813,2.81730,0.03789,0.43726,0.27980,0.19289,0.25092,0.21660,0.35500,11,0,none,a0:none:120
2,7004,combined_abort_stress_2_7004_0,combined_abort_stress,abort_discovery_v5_no_partial_geometry,0.00,,0,1,1,1,6,0,4.89416,0.83993,0.06007,6.21416,-0.03252,0.39766,0.24818,0.09836,0.05669,0.13961,0.08563,11,0,fixture_snag,a0:unstable_slip:35;a1:fixture_snag:35;a2:fixture_snag:39;a3:unstable_slip:38;a4:fixture_snag:32;a5:fixture_snag:36
2,7004,combined_abort_stress_2_7004_0,combined_abort_stress,abort_discovery_v5_no_abort_reason_labels,0.00,,0,1,1,1,6,0,5.45951,0.83993,0.05385,6.77951,-0.01544,0.37873,0.23360,0.21448,0.23053,0.25425,0.35375,11,0,unstable_slip,a0:unstable_slip:36;a1:unstable_slip:37;a2:visible_collision:37;a3:visible_collision:32;a4:visible_collision:40;a5:unstable_slip:61
2,7004,combined_abort_stress_2_7004_0,combined_abort_stress,abort_discovery_v5_no_repeated_abort_memory,0.00,,1,0,0,0,1,0,2.73155,0.83993,0.30749,2.73155,0.04186,0.43636,0.27907,0.19323,0.24918,0.22814,0.35313,11,0,none,a0:none:120
2,7004,combined_abort_stress_2_7004_0,combined_abort_stress,abort_discovery_v5_no_safety_margin,0.00,,1,1,1,1,4,0,6.45223,0.83993,0.13018,7.29223,-0.00687,0.47059,0.30769,0.15368,0.21264,0.11066,0.29688,11,0,none,a0:visible_collision:86;a1:fixture_snag:39;a2:fixture_snag:47;a3:none:120
2,7004,combined_abort_stress_2_7004_0,combined_abort_stress,abort_discovery_v5_no_calibration,0.00,,1,0,0,0,1,0,2.96723,0.83993,0.28307,2.96723,0.03643,0.42623,0.27083,0.20261,0.26104,0.22513,0.36750,11,0,none,a0:none:120
2,7004,combined_abort_stress_2_7004_0,combined_abort_stress,abort_discovery_v5_no_dynamic_contact_features,0.00,,1,1,1,1,5,0,6.42497,0.83993,0.13073,7.54497,-0.01137,0.38870,0.24124,0.16674,0.14651,0.12374,0.24813,11,0,none,a0:visible_collision:52;a1:collision_margin:49;a2:unstable_slip:36;a3:unstable_slip:37;a4:none:120
2,7004,combined_abort_stress_2_7004_0,combined_abort_stress,abort_discovery_v5_no_uncertainty_quantile,0.00,,1,0,0,0,1,0,2.81747,0.83993,0.29812,2.81747,0.05147,0.43726,0.27980,0.19284,0.25005,0.22707,0.35500,11,0,none,a0:none:120
2,7004,combined_abort_stress_2_7004_0,combined_abort_stress,abort_discovery_v5_no_barrier_inflation,0.00,,1,0,0,0,1,0,2.91385,0.83993,0.28825,2.91385,0.04038,0.43025,0.27409,0.19213,0.24461,0.22814,0.35125,11,0,none,a0:none:120
2,7004,combined_abort_stress_2_7004_0,combined_abort_stress,abort_discovery_v5_endpoint_only,0.00,,0,1,1,1,6,0,4.31717,0.83993,0.06809,5.63717,-0.01771,0.37419,0.23016,0.09141,0.04582,0.12981,0.06563,11,0,fixture_snag,a0:fixture_snag:39;a1:unstable_slip:39;a2:fixture_snag:34;a3:fixture_snag:33;a4:fixture_snag:32;a5:fixture_snag:32
2,7005,combined_abort_stress_2_7005_0,combined_abort_stress,abort_discovery_v5_full,0.00,,1,0,0,0,1,0,2.09030,0.84624,0.40484,2.09030,0.04448,0.32227,0.19209,0.20051,0.19544,0.07217,0.27313,11,0,none,a0:none:109
2,7005,combined_abort_stress_2_7005_0,combined_abort_stress,abort_discovery_v5_no_partial_geometry,0.00,,1,1,1,1,5,0,4.65315,0.84624,0.18186,5.77315,-0.01864,0.39169,0.24354,0.10737,0.07816,0.08492,0.08812,11,0,none,a0:collision_margin:31;a1:collision_margin:32;a2:collision_margin:35;a3:collision_margin:32;a4:none:97
2,7005,combined_abort_stress_2_7005_0,combined_abort_stress,abort_discovery_v5_no_abort_reason_labels,0.00,,1,0,0,0,1,0,2.35529,0.84624,0.35929,2.35529,0.02969,0.31596,0.18762,0.20320,0.20310,0.10122,0.27313,11,0,none,a0:none:108
2,7005,combined_abort_stress_2_7005_0,combined_abort_stress,abort_discovery_v5_no_repeated_abort_memory,0.00,,1,0,0,0,1,0,2.36405,0.84624,0.35796,2.36405,0.04293,0.30972,0.18324,0.19750,0.19085,0.06618,0.25688,11,0,none,a0:none:108
2,7005,combined_abort_stress_2_7005_0,combined_abort_stress,abort_discovery_v5_no_safety_margin,0.00,,1,0,0,0,1,0,2.12226,0.84624,0.39874,2.12226,0.03323,0.29493,0.17297,0.14368,0.13088,0.04567,0.14875,11,0,none,a0:none:99
2,7005,combined_abort_stress_2_7005_0,combined_abort_stress,abort_discovery_v5_no_calibration,0.00,,1,0,0,0,1,0,2.26197,0.84624,0.37411,2.26197,0.03929,0.31385,0.18613,0.21396,0.20825,0.07371,0.28375,11,0,none,a0:none:109
2,7005,combined_abort_stress_2_7005_0,combined_abort_stress,abort_discovery_v5_no_dynamic_contact_features,0.00,,1,0,0,0,1,0,2.23280,0.84624,0.37900,2.23280,0.04748,0.32227,0.19209,0.20051,0.19544,0.07538,0.27313,11,0,none,a0:none:108
2,7005,combined_abort_stress_2_7005_0,combined_abort_stress,abort_discovery_v5_no_uncertainty_quantile,0.00,,1,0,0,0,1,0,2.27245,0.84624,0.37239,2.27245,0.04074,0.32227,0.19209,0.20045,0.19715,0.07455,0.27313,11,0,none,a0:none:108
2,7005,combined_abort_stress_2_7005_0,combined_abort_stress,abort_discovery_v5_no_barrier_inflation,0.00,,1,0,0,0,1,0,2.16379,0.84624,0.39109,2.16379,0.03442,0.32484,0.19392,0.19904,0.19260,0.06190,0.27000,11,0,none,a0:none:107
2,7005,combined_abort_stress_2_7005_0,combined_abort_stress,abort_discovery_v5_endpoint_only,0.00,,1,1,1,1,5,0,4.61739,0.84624,0.18327,5.73739,-0.00954,0.33099,0.19831,0.10664,0.09503,0.02685,0.05500,11,0,none,a0:collision_margin:31;a1:visible_collision:26;a2:collision_margin:32;a3:collision_margin:31;a4:none:97
2,7006,combined_abort_stress_2_7006_0,combined_abort_stress,abort_discovery_v5_full,0.00,,1,0,0,0,1,0,1.67484,0.84761,0.50608,1.67484,0.01858,0.45230,0.29224,0.13972,0.21223,0.19130,0.26687,10,1,none,a0:none:82
2,7006,combined_abort_stress_2_7006_0,combined_abort_stress,abort_discovery_v5_no_partial_geometry,0.00,,1,1,0,1,2,0,2.76090,0.84761,0.30700,3.04090,-0.00649,0.45860,0.29752,0.07329,0.06164,0.13167,0.10938,10,1,none,a0:fixture_snag:47;a1:none:82
2,7006,combined_abort_stress_2_7006_0,combined_abort_stress,abort_discovery_v5_no_abort_reason_labels,0.00,,1,0,0,0,1,0,1.82114,0.84761,0.46543,1.82114,0.01862,0.38291,0.23679,0.16078,0.21213,0.11283,0.27875,10,1,none,a0:none:84
2,7006,combined_abort_stress_2_7006_0,combined_abort_stress,abort_discovery_v5_no_repeated_abort_memory,0.00,,1,0,0,0,1,0,1.62284,0.84761,0.52230,1.62284,0.01709,0.48302,0.31841,0.12684,0.19463,0.19130,0.24438,10,1,none,a0:none:82
2,7006,combined_abort_stress_2_7006_0,combined_abort_stress,abort_discovery_v5_no_safety_margin,0.00,,1,0,0,0,1,0,1.56300,0.84761,0.54230,1.56300,0.01543,0.54374,0.37338,0.09377,0.14304,0.09081,0.17750,10,1,none,a0:none:82
2,7006,combined_abort_stress_2_7006_0,combined_abort_stress,abort_discovery_v5_no_calibration,0.00,,1,0,0,0,1,0,1.78072,0.84761,0.47599,1.78072,0.01582,0.42596,0.27061,0.15532,0.22701,0.19245,0.28875,10,1,none,a0:none:82
2,7006,combined_abort_stress_2_7006_0,combined_abort_stress,abort_discovery_v5_no_dynamic_contact_features,0.00,,1,0,0,0,1,0,1.62460,0.84761,0.52174,1.62460,0.02192,0.45704,0.29621,0.13281,0.19245,0.18170,0.25500,10,1,none,a0:none:82
2,7006,combined_abort_stress_2_7006_0,combined_abort_stress,abort_discovery_v5_no_uncertainty_quantile,0.00,,1,0,0,0,1,0,1.67076,0.84761,0.50732,1.67076,0.01947,0.45230,0.29224,0.13959,0.21072,0.19130,0.26687,10,1,none,a0:none:82
2,7006,combined_abort_stress_2_7006_0,combined_abort_stress,abort_discovery_v5_no_barrier_inflation,0.00,,1,0,0,0,1,0,1.61693,0.84761,0.52421,1.61693,0.02985,0.45471,0.29425,0.13708,0.20580,0.19126,0.26500,10,1,none,a0:none:82
2,7006,combined_abort_stress_2_7006_0,combined_abort_stress,abort_discovery_v5_endpoint_only,0.00,,1,1,1,1,3,0,3.34829,0.84761,0.25315,3.90829,-0.01849,0.41202,0.25946,0.06440,0.03730,0.07551,0.05875,10,1,none,a0:fixture_snag:42;a1:fixture_snag:42;a2:none:82
2,7007,combined_abort_stress_2_7007_0,combined_abort_stress,abort_discovery_v5_full,0.00,,1,0,0,0,1,0,3.79551,0.84607,0.22291,3.79551,0.02299,0.39175,0.24359,0.17770,0.24137,0.11585,0.30312,10,1,none,a0:none:120
2,7007,combined_abort_stress_2_7007_0,combined_abort_stress,abort_discovery_v5_no_partial_geometry,0.00,,1,1,1,1,4,0,3.57609,0.84607,0.23659,4.41609,0.04114,0.34659,0.20962,0.11076,0.07308,0.13287,0.09875,10,1,none,a0:visible_collision:35;a1:visible_collision:25;a2:visible_collision:33;a3:none:82
2,7007,combined_abort_stress_2_7007_0,combined_abort_stress,abort_discovery_v5_no_abort_reason_labels,0.00,,0,1,1,1,6,0,15.30551,0.84607,0.01935,16.62551,-0.02138,0.38732,0.24017,0.23306,0.31021,0.22901,0.41125,10,1,collision_margin,a0:fixture_snag:98;a1:unstable_slip:120;a2:visible_collision:120;a3:unstable_slip:120;a4:fixture_snag:109;a5:collision_margin:111
2,7007,combined_abort_stress_2_7007_0,combined_abort_stress,abort_discovery_v5_no_repeated_abort_memory,0.00,,1,1,0,0,2,0,4.82000,0.84607,0.17553,5.10000,-0.01474,0.39761,0.24813,0.17251,0.23970,0.12236,0.29688,10,1,none,a0:human_stop:39;a1:none:120
2,7007,combined_abort_stress_2_7007_0,combined_abort_stress,abort_discovery_v5_no_safety_margin,0.00,,1,1,1,1,3,0,3.10387,0.84607,0.27259,3.66387,0.04608,0.41935,0.26531,0.15549,0.21235,0.17162,0.26625,10,1,none,a0:visible_collision:34;a1:visible_collision:32;a2:none:82
2,7007,combined_abort_stress_2_7007_0,combined_abort_stress,abort_discovery_v5_no_calibration,0.00,,1,0,0,0,1,0,3.85723,0.84607,0.21935,3.85723,0.01974,0.36740,0.22504,0.19860,0.26097,0.11908,0.33125,10,1,none,a0:none:120
2,7007,combined_abort_stress_2_7007_0,combined_abort_stress,abort_discovery_v5_no_dynamic_contact_features,0.00,,0,1,1,1,6,0,8.24411,0.84607,0.03592,9.56411,-0.01827,0.38819,0.24084,0.19808,0.25282,0.15952,0.32312,10,1,unstable_slip,a0:human_stop:35;a1:fixture_snag:96;a2:fixture_snag:88;a3:human_stop:34;a4:human_stop:39;a5:unstable_slip:113
2,7007,combined_abort_stress_2_7007_0,combined_abort_stress,abort_discovery_v5_no_uncertainty_quantile,0.00,,1,1,0,0,2,0,4.74333,0.84607,0.17837,5.02333,-0.00471,0.38607,0.23921,0.18139,0.24746,0.12236,0.30938,10,1,none,a0:human_stop:37;a1:none:120
2,7007,combined_abort_stress_2_7007_0,combined_abort_stress,abort_discovery_v5_no_barrier_inflation,0.00,,1,1,0,0,2,0,4.69289,0.84607,0.18029,4.97289,-0.01580,0.38663,0.23964,0.17956,0.24437,0.12236,0.30875,10,1,none,a0:human_stop:39;a1:none:120
2,7007,combined_abort_stress_2_7007_0,combined_abort_stress,abort_discovery_v5_endpoint_only,0.00,,1,0,0,0,1,0,1.75287,0.84607,0.48268,1.75287,0.03661,0.31884,0.18966,0.09911,0.06683,0.01938,0.05125,10,1,none,a0:none:82
2,7008,combined_abort_stress_2_7008_0,combined_abort_stress,abort_discovery_v5_full,0.00,,0,1,1,1,4,1,4.31279,0.86654,0.07032,5.09279,-0.02752,0.44078,0.28269,0.16939,0.24881,1.00000,0.31500,11,0,no_path,a0:visible_collision:74;a1:collision_margin:65;a2:collision_margin:56;a3:no_path
2,7008,combined_abort_stress_2_7008_0,combined_abort_stress,abort_discovery_v5_no_partial_geometry,0.00,,0,1,1,1,6,0,4.07312,0.86654,0.07446,5.39312,-0.01680,0.41985,0.26570,0.07562,0.03599,0.13867,0.06187,11,0,fixture_snag,a0:fixture_snag:27;a1:fixture_snag:31;a2:fixture_snag:30;a3:fixture_snag:33;a4:fixture_snag:33;a5:fixture_snag:31
2,7008,combined_abort_stress_2_7008_0,combined_abort_stress,abort_discovery_v5_no_abort_reason_labels,0.00,,0,1,0,1,2,1,1.12709,0.86654,0.26909,1.46709,0.14475,0.37061,0.22745,0.17456,0.21033,1.00000,0.28937,11,0,no_path,a0:visible_collision:52;a1:no_path
2,7008,combined_abort_stress_2_7008_0,combined_abort_stress,abort_discovery_v5_no_repeated_abort_memory,0.00,,0,1,1,1,4,1,4.50392,0.86654,0.06734,5.28392,-0.02091,0.46822,0.30567,0.15846,0.23980,1.00000,0.30125,11,0,no_path,a0:visible_collision:80;a1:collision_margin:64;a2:collision_margin:54;a3:no_path
2,7008,combined_abort_stress_2_7008_0,combined_abort_stress,abort_discovery_v5_no_safety_margin,0.00,,1,0,0,0,1,0,1.95751,0.86654,0.44268,1.95751,0.01002,0.49576,0.32958,0.10790,0.13963,0.16846,0.19312,11,0,none,a0:none:93
2,7008,combined_abort_stress_2_7008_0,combined_abort_stress,abort_discovery_v5_no_calibration,0.00,,0,1,1,1,3,1,2.94113,0.86654,0.10312,3.50113,-0.00685,0.46296,0.30120,0.16160,0.24083,1.00000,0.30312,11,0,no_path,a0:visible_collision:72;a1:collision_margin:64;a2:no_path
2,7008,combined_abort_stress_2_7008_0,combined_abort_stress,abort_discovery_v5_no_dynamic_contact_features,0.00,,0,1,1,1,4,1,3.77254,0.86654,0.08039,4.55254,-0.01138,0.45981,0.29854,0.13303,0.17004,1.00000,0.23250,11,0,no_path,a0:visible_collision:69;a1:visible_collision:51;a2:collision_margin:62;a3:no_path
2,7008,combined_abort_stress_2_7008_0,combined_abort_stress,abort_discovery_v5_no_uncertainty_quantile,0.00,,0,1,1,1,5,1,5.53777,0.86654,0.05477,6.53777,-0.02220,0.45015,0.29045,0.16634,0.24477,1.00000,0.31188,11,0,no_path,a0:visible_collision:74;a1:visible_collision:54;a2:collision_margin:72;a3:collision_margin:52;a4:no_path
2,7008,combined_abort_stress_2_7008_0,combined_abort_stress,abort_discovery_v5_no_barrier_inflation,0.00,,0,1,1,1,4,1,4.17403,0.86654,0.07266,4.95403,-0.02754,0.48287,0.31828,0.14646,0.22229,1.00000,0.28125,11,0,no_path,a0:visible_collision:70;a1:visible_collision:49;a2:collision_margin:67;a3:no_path
2,7008,combined_abort_stress_2_7008_0,combined_abort_stress,abort_discovery_v5_endpoint_only,0.00,,0,1,1,1,6,0,3.57229,0.86654,0.08490,4.89229,-0.00729,0.39416,0.24545,0.08156,0.05402,0.12171,0.06938,11,0,human_stop,a0:fixture_snag:28;a1:fixture_snag:30;a2:fixture_snag:46;a3:fixture_snag:34;a4:fixture_snag:31;a5:human_stop:3
2,7009,combined_abort_stress_2_7009_0,combined_abort_stress,abort_discovery_v5_full,0.00,,0,0,0,0,1,1,0.00000,0.85017,0.00000,0.12000,1.00000,0.39810,0.24852,0.17896,0.20658,1.00000,0.27813,11,0,no_path,a0:no_path
2,7009,combined_abort_stress_2_7009_0,combined_abort_stress,abort_discovery_v5_no_partial_geometry,0.00,,1,1,0,1,2,0,3.00400,0.85017,0.28301,3.28400,-0.01077,0.32653,0.19512,0.10199,0.05637,0.14547,0.09688,11,0,none,a0:force_limit:62;a1:none:80
2,7009,combined_abort_stress_2_7009_0,combined_abort_stress,abort_discovery_v5_no_abort_reason_labels,0.00,,0,0,0,0,1,1,0.00000,0.85017,0.00000,0.12000,1.00000,0.38511,0.23848,0.18604,0.19775,1.00000,0.26875,11,0,no_path,a0:no_path
2,7009,combined_abort_stress_2_7009_0,combined_abort_stress,abort_discovery_v5_no_repeated_abort_memory,0.00,,0,1,0,0,2,1,1.02963,0.85017,0.28900,1.36963,-0.00159,0.42137,0.26692,0.17438,0.20849,1.00000,0.29187,11,0,no_path,a0:collision_margin:49;a1:no_path
2,7009,combined_abort_stress_2_7009_0,combined_abort_stress,abort_discovery_v5_no_safety_margin,0.00,,0,1,1,1,6,0,5.43864,0.85017,0.05471,6.75864,-0.01019,0.39925,0.24942,0.15230,0.17360,0.17939,0.21750,11,0,visible_collision,a0:collision_margin:35;a1:collision_margin:34;a2:collision_margin:35;a3:fixture_snag:52;a4:collision_margin:36;a5:visible_collision:55
2,7009,combined_abort_stress_2_7009_0,combined_abort_stress,abort_discovery_v5_no_calibration,0.00,,0,0,0,0,1,1,0.00000,0.85017,0.00000,0.12000,1.00000,0.38240,0.23640,0.18709,0.21644,1.00000,0.29437,11,0,no_path,a0:no_path
2,7009,combined_abort_stress_2_7009_0,combined_abort_stress,abort_discovery_v5_no_dynamic_contact_features,0.00,,0,1,0,1,2,1,1.02359,0.85017,0.29070,1.36359,-0.00882,0.41319,0.26039,0.15943,0.15582,1.00000,0.24250,11,0,no_path,a0:collision_margin:48;a1:no_path
2,7009,combined_abort_stress_2_7009_0,combined_abort_stress,abort_discovery_v5_no_uncertainty_quantile,0.00,,0,1,0,1,2,1,1.17246,0.85017,0.25379,1.51246,-0.02534,0.39560,0.24658,0.18120,0.21010,1.00000,0.28063,11,0,no_path,a0:collision_margin:49;a1:no_path
2,7009,combined_abort_stress_2_7009_0,combined_abort_stress,abort_discovery_v5_no_barrier_inflation,0.00,,0,1,1,1,3,1,2.27675,0.85017,0.13070,2.83675,-0.02165,0.40000,0.25000,0.17947,0.20296,1.00000,0.27625,11,0,no_path,a0:collision_margin:49;a1:collision_margin:51;a2:no_path
2,7009,combined_abort_stress_2_7009_0,combined_abort_stress,abort_discovery_v5_endpoint_only,0.00,,1,1,0,1,2,0,2.88096,0.85017,0.29510,3.16096,-0.00706,0.27586,0.16000,0.08385,0.03456,0.09433,0.04562,11,0,none,a0:force_limit:54;a1:none:76
3,7000,combined_abort_stress_3_7000_0,combined_abort_stress,abort_discovery_v5_full,0.00,,1,1,0,0,2,0,2.77329,0.84356,0.30417,3.05329,-0.00446,0.39884,0.24910,0.19113,0.25507,0.22624,0.31062,11,0,none,a0:fixture_snag:52;a1:none:83
3,7000,combined_abort_stress_3_7000_0,combined_abort_stress,abort_discovery_v5_no_partial_geometry,0.00,,1,1,0,0,2,0,2.61296,0.84356,0.32284,2.89296,-0.00178,0.26667,0.15385,0.12578,0.10991,0.05546,0.08438,11,0,none,a0:fixture_snag:35;a1:none:95
3,7000,combined_abort_stress_3_7000_0,combined_abort_stress,abort_discovery_v5_no_abort_reason_labels,0.00,,1,0,0,0,1,0,2.02260,0.84356,0.41707,2.02260,0.03052,0.23032,0.13015,0.24233,0.25240,0.05962,0.30688,11,0,none,a0:none:104
3,7000,combined_abort_stress_3_7000_0,combined_abort_stress,abort_discovery_v5_no_repeated_abort_memory,0.00,,1,1,1,1,3,0,4.04975,0.84356,0.20830,4.60975,-0.01025,0.38710,0.24000,0.19884,0.26228,0.22849,0.32375,11,0,none,a0:fixture_snag:47;a1:fixture_snag:44;a2:none:83
3,7000,combined_abort_stress_3_7000_0,combined_abort_stress,abort_discovery_v5_no_safety_margin,0.00,,1,1,0,1,2,0,2.69994,0.84356,0.31244,2.97994,-0.00752,0.41708,0.26349,0.15799,0.20446,0.07344,0.25875,11,0,none,a0:fixture_snag:31;a1:none:93
3,7000,combined_abort_stress_3_7000_0,combined_abort_stress,abort_discovery_v5_no_calibration,0.00,,1,1,1,1,6,0,14.32774,0.84356,0.05888,15.72774,-0.02401,0.40576,0.25452,0.24284,0.34796,0.29819,0.44188,11,0,none,a0:fixture_snag:53;a1:fixture_snag:42;a2:unstable_slip:120;a3:visible_collision:99;a4:visible_collision:120;a5:none:120
3,7000,combined_abort_stress_3_7000_0,combined_abort_stress,abort_discovery_v5_no_dynamic_contact_features,0.00,,1,0,0,0,1,0,2.16270,0.84356,0.39005,2.16270,0.00661,0.24524,0.13976,0.16594,0.15597,0.03134,0.17375,11,0,none,a0:none:96
3,7000,combined_abort_stress_3_7000_0,combined_abort_stress,abort_discovery_v5_no_uncertainty_quantile,0.00,,1,1,0,1,2,0,2.94287,0.84356,0.28665,3.22287,-0.01749,0.39311,0.24464,0.19443,0.25935,0.21877,0.31375,11,0,none,a0:fixture_snag:49;a1:none:83
3,7000,combined_abort_stress_3_7000_0,combined_abort_stress,abort_discovery_v5_no_barrier_inflation,0.00,,1,1,0,0,2,0,2.66258,0.84356,0.31682,2.94258,-0.00397,0.38691,0.23986,0.19038,0.24657,0.23612,0.31750,11,0,none,a0:fixture_snag:45;a1:none:79
3,7000,combined_abort_stress_3_7000_0,combined_abort_stress,abort_discovery_v5_endpoint_only,0.00,,1,1,1,1,3,0,3.18806,0.84356,0.26460,3.74806,-0.02868,0.26950,0.15574,0.10942,0.08714,0.10407,0.05437,11,0,none,a0:fixture_snag:34;a1:fixture_snag:32;a2:none:77
3,7001,combined_abort_stress_3_7001_0,combined_abort_stress,abort_discovery_v5_full,0.00,,1,1,1,1,3,0,5.65131,0.84412,0.14937,6.21131,-0.00978,0.48555,0.32061,0.14895,0.21815,0.16137,0.30375,11,0,none,a0:visible_collision:69;a1:collision_margin:68;a2:none:120
3,7001,combined_abort_stress_3_7001_0,combined_abort_stress,abort_discovery_v5_no_partial_geometry,0.00,,0,1,1,1,6,0,5.44649,0.84412,0.05424,6.76649,-0.01759,0.41962,0.26552,0.09139,0.04462,0.17232,0.10063,11,0,collision_margin,a0:unstable_slip:33;a1:fixture_snag:52;a2:collision_margin:58;a3:unstable_slip:32;a4:collision_margin:36;a5:collision_margin:35
3,7001,combined_abort_stress_3_7001_0,combined_abort_stress,abort_discovery_v5_no_abort_reason_labels,0.00,,1,1,0,1,2,0,5.21599,0.84412,0.16183,5.49599,0.01043,0.35958,0.21920,0.19192,0.19524,0.08337,0.29187,11,0,none,a0:visible_collision:93;a1:none:120
3,7001,combined_abort_stress_3_7001_0,combined_abort_stress,abort_discovery_v5_no_repeated_abort_memory,0.00,,1,1,1,1,3,0,5.73310,0.84412,0.14724,6.29310,-0.01966,0.50148,0.33465,0.14338,0.21335,0.17484,0.29250,11,0,none,a0:visible_collision:68;a1:collision_margin:62;a2:none:120
3,7001,combined_abort_stress_3_7001_0,combined_abort_stress,abort_discovery_v5_no_safety_margin,0.00,,1,1,1,1,3,0,5.21951,0.84412,0.16172,5.77951,-0.00164,0.48714,0.32200,0.13925,0.19964,0.16146,0.28437,11,0,none,a0:visible_collision:61;a1:collision_margin:59;a2:none:120
3,7001,combined_abort_stress_3_7001_0,combined_abort_stress,abort_discovery_v5_no_calibration,0.00,,1,1,1,1,3,0,5.68588,0.84412,0.14846,6.24588,-0.02731,0.46742,0.30499,0.16170,0.23026,0.16643,0.31250,11,0,none,a0:visible_collision:71;a1:collision_margin:69;a2:none:120
3,7001,combined_abort_stress_3_7001_0,combined_abort_stress,abort_discovery_v5_no_dynamic_contact_features,0.00,,0,1,1,1,6,0,4.46390,0.84412,0.06619,5.78390,-0.02133,0.54724,0.37669,0.09870,0.08366,0.24068,0.18875,11,0,force_limit,a0:collision_margin:58;a1:fixture_snag:56;a2:force_limit:24;a3:force_limit:22;a4:force_limit:23;a5:force_limit:25
3,7001,combined_abort_stress_3_7001_0,combined_abort_stress,abort_discovery_v5_no_uncertainty_quantile,0.00,,1,1,1,1,3,0,5.51348,0.84412,0.15310,6.07348,-0.01888,0.49491,0.32882,0.14479,0.21535,0.17064,0.30062,11,0,none,a0:visible_collision:62;a1:collision_margin:61;a2:none:120
3,7001,combined_abort_stress_3_7001_0,combined_abort_stress,abort_discovery_v5_no_barrier_inflation,0.00,,1,1,1,1,3,0,5.24568,0.84412,0.16092,5.80568,-0.00478,0.48593,0.32094,0.14418,0.21082,0.17508,0.29313,11,0,none,a0:visible_collision:61;a1:collision_margin:60;a2:none:120
3,7001,combined_abort_stress_3_7001_0,combined_abort_stress,abort_discovery_v5_endpoint_only,0.00,,0,1,1,1,6,0,4.25013,0.84412,0.06951,5.57013,-0.02362,0.36893,0.22619,0.08916,0.05033,0.12865,0.06438,11,0,collision_margin,a0:force_limit:28;a1:collision_margin:31;a2:force_limit:37;a3:collision_margin:32;a4:unstable_slip:31;a5:collision_margin:32
3,7002,combined_abort_stress_3_7002_0,combined_abort_stress,abort_discovery_v5_full,0.00,,1,0,0,0,1,0,1.89722,0.87367,0.46050,1.89722,0.01956,0.49864,0.33212,0.16554,0.25785,0.34168,0.34250,11,0,none,a0:none:94
3,7002,combined_abort_stress_3_7002_0,combined_abort_stress,abort_discovery_v5_no_partial_geometry,0.00,,1,1,1,1,3,0,4.02138,0.87367,0.21726,4.58138,-0.00811,0.35962,0.21923,0.09418,0.04217,0.08320,0.08188,11,0,none,a0:human_stop:41;a1:unstable_slip:57;a2:none:91
3,7002,combined_abort_stress_3_7002_0,combined_abort_stress,abort_discovery_v5_no_abort_reason_labels,0.00,,0,0,0,0,1,1,0.00000,0.87367,0.00000,0.12000,1.00000,0.37129,0.22797,0.18068,0.19637,1.00000,0.28437,11,0,no_path,a0:no_path
3,7002,combined_abort_stress_3_7002_0,combined_abort_stress,abort_discovery_v5_no_repeated_abort_memory,0.00,,1,0,0,0,1,0,2.05713,0.87367,0.42470,2.05713,0.03185,0.50909,0.34146,0.15987,0.25202,0.34130,0.33063,11,0,none,a0:none:94
3,7002,combined_abort_stress_3_7002_0,combined_abort_stress,abort_discovery_v5_no_safety_margin,0.00,,0,1,1,1,6,0,4.59043,0.87367,0.06661,5.91043,-0.01737,0.50893,0.34132,0.14995,0.23431,0.43543,0.30375,11,0,force_limit,a0:fixture_snag:51;a1:fixture_snag:51;a2:force_limit:20;a3:force_limit:22;a4:human_stop:48;a5:force_limit:18
3,7002,combined_abort_stress_3_7002_0,combined_abort_stress,abort_discovery_v5_no_calibration,0.00,,1,0,0,0,1,0,1.94688,0.87367,0.44875,1.94688,0.01859,0.46212,0.30049,0.18083,0.27322,0.34591,0.37875,11,0,none,a0:none:96
3,7002,combined_abort_stress_3_7002_0,combined_abort_stress,abort_discovery_v5_no_dynamic_contact_features,0.00,,1,0,0,0,1,0,1.83233,0.87367,0.47681,1.83233,0.00270,0.52137,0.35260,0.10577,0.10863,0.10497,0.17625,11,0,none,a0:none:91
3,7002,combined_abort_stress_3_7002_0,combined_abort_stress,abort_discovery_v5_no_uncertainty_quantile,0.00,,1,0,0,0,1,0,2.11998,0.87367,0.41211,2.11998,0.02234,0.49864,0.33212,0.16554,0.25764,0.34168,0.34250,11,0,none,a0:none:94
3,7002,combined_abort_stress_3_7002_0,combined_abort_stress,abort_discovery_v5_no_barrier_inflation,0.00,,1,0,0,0,1,0,1.92986,0.87367,0.45271,1.92986,0.02874,0.49931,0.33272,0.16404,0.25490,0.34168,0.33937,11,0,none,a0:none:94
3,7002,combined_abort_stress_3_7002_0,combined_abort_stress,abort_discovery_v5_endpoint_only,0.00,,0,1,1,1,6,0,4.86511,0.87367,0.06285,6.18511,-0.02072,0.40000,0.25000,0.07806,0.02488,0.06378,0.06813,11,0,fixture_snag,a0:fixture_snag:41;a1:human_stop:37;a2:force_limit:39;a3:human_stop:33;a4:force_limit:30;a5:fixture_snag:46
3,7003,combined_abort_stress_3_7003_0,combined_abort_stress,abort_discovery_v5_full,0.00,,0,0,0,0,1,1,0.00000,0.85107,0.00000,0.12000,1.00000,0.44892,0.28942,0.15890,0.21046,1.00000,0.28750,11,0,no_path,a0:no_path
3,7003,combined_abort_stress_3_7003_0,combined_abort_stress,abort_discovery_v5_no_partial_geometry,0.00,,1,1,1,1,4,0,4.05633,0.85107,0.20981,4.89633,-0.00216,0.34234,0.20652,0.09199,0.05248,0.12988,0.09187,11,0,none,a0:visible_collision:27;a1:fixture_snag:30;a2:unstable_slip:60;a3:none:78
3,7003,combined_abort_stress_3_7003_0,combined_abort_stress,abort_discovery_v5_no_abort_reason_labels,0.00,,0,1,0,1,2,1,1.22147,0.85107,0.24387,1.56147,-0.00663,0.35541,0.21611,0.18108,0.17571,1.00000,0.27063,11,0,no_path,a0:collision_margin:60;a1:no_path
3,7003,combined_abort_stress_3_7003_0,combined_abort_stress,abort_discovery_v5_no_repeated_abort_memory,0.00,,0,1,1,1,4,1,2.33558,0.85107,0.12754,3.11558,-0.00827,0.39456,0.24576,0.19216,0.26797,1.00000,0.34313,11,0,no_path,a0:visible_collision:27;a1:human_stop:26;a2:collision_margin:50;a3:no_path
3,7003,combined_abort_stress_3_7003_0,combined_abort_stress,abort_discovery_v5_no_safety_margin,0.00,,1,0,0,0,1,0,2.80577,0.85107,0.30333,2.80577,0.02881,0.50854,0.34097,0.11213,0.14907,0.05982,0.21313,11,0,none,a0:none:120
3,7003,combined_abort_stress_3_7003_0,combined_abort_stress,abort_discovery_v5_no_calibration,0.00,,0,0,0,0,1,1,0.00000,0.85107,0.00000,0.12000,1.00000,0.44140,0.28320,0.16931,0.22014,1.00000,0.29437,11,0,no_path,a0:no_path
3,7003,combined_abort_stress_3_7003_0,combined_abort_stress,abort_discovery_v5_no_dynamic_contact_features,0.00,,0,1,1,1,4,1,2.15416,0.85107,0.13828,2.93416,-0.00728,0.34254,0.20667,0.16161,0.14273,1.00000,0.22312,11,0,no_path,a0:visible_collision:28;a1:visible_collision:20;a2:collision_margin:48;a3:no_path
3,7003,combined_abort_stress_3_7003_0,combined_abort_stress,abort_discovery_v5_no_uncertainty_quantile,0.00,,0,1,1,1,3,1,1.73140,0.85107,0.17204,2.29140,-0.02058,0.44822,0.28884,0.16106,0.21025,1.00000,0.28813,11,0,no_path,a0:visible_collision:27;a1:collision_margin:49;a2:no_path
3,7003,combined_abort_stress_3_7003_0,combined_abort_stress,abort_discovery_v5_no_barrier_inflation,0.00,,0,1,0,1,2,1,1.03417,0.85107,0.28803,1.37417,-0.02428,0.46178,0.30021,0.15074,0.19500,1.00000,0.27625,11,0,no_path,a0:collision_margin:47;a1:no_path
3,7003,combined_abort_stress_3_7003_0,combined_abort_stress,abort_discovery_v5_endpoint_only,0.00,,1,1,0,1,2,0,2.86432,0.85107,0.29713,3.14432,-0.01239,0.38849,0.24107,0.07466,0.01898,0.05425,0.05750,11,0,none,a0:unstable_slip:57;a1:none:82
3,7004,combined_abort_stress_3_7004_0,combined_abort_stress,abort_discovery_v5_full,0.00,,1,0,0,0,1,0,2.06093,0.85175,0.41328,2.06093,0.02520,0.45875,0.29764,0.14392,0.18082,0.12269,0.25812,11,0,none,a0:none:94
3,7004,combined_abort_stress_3_7004_0,combined_abort_stress,abort_discovery_v5_no_partial_geometry,0.00,,1,1,0,1,2,0,2.63457,0.85175,0.32330,2.91457,-0.01332,0.40120,0.25094,0.09910,0.06245,0.04634,0.08812,11,0,none,a0:collision_margin:37;a1:none:89
3,7004,combined_abort_stress_3_7004_0,combined_abort_stress,abort_discovery_v5_no_abort_reason_labels,0.00,,1,0,0,0,1,0,1.91930,0.85175,0.44378,1.91930,0.03500,0.34021,0.20497,0.18181,0.19906,0.08666,0.24313,11,0,none,a0:none:94
3,7004,combined_abort_stress_3_7004_0,combined_abort_stress,abort_discovery_v5_no_repeated_abort_memory,0.00,,1,0,0,0,1,0,1.81278,0.85175,0.46986,1.81278,0.04614,0.46644,0.30416,0.14045,0.17680,0.12654,0.25188,11,0,none,a0:none:93
3,7004,combined_abort_stress_3_7004_0,combined_abort_stress,abort_discovery_v5_no_safety_margin,0.00,,1,0,0,0,1,0,1.97985,0.85175,0.43021,1.97985,0.03868,0.51032,0.34257,0.11011,0.12785,0.13029,0.21250,11,0,none,a0:none:92
3,7004,combined_abort_stress_3_7004_0,combined_abort_stress,abort_discovery_v5_no_calibration,0.00,,1,0,0,0,1,0,1.96964,0.85175,0.43244,1.96964,0.04815,0.44695,0.28778,0.14893,0.18740,0.12670,0.26813,11,0,none,a0:none:93
3,7004,combined_abort_stress_3_7004_0,combined_abort_stress,abort_discovery_v5_no_dynamic_contact_features,0.00,,1,0,0,0,1,0,1.82032,0.85175,0.46791,1.82032,0.03573,0.38610,0.23923,0.14612,0.15513,0.01966,0.20312,11,0,none,a0:none:89
3,7004,combined_abort_stress_3_7004_0,combined_abort_stress,abort_discovery_v5_no_uncertainty_quantile,0.00,,1,0,0,0,1,0,2.04729,0.85175,0.41604,2.04729,0.03742,0.45875,0.29764,0.14382,0.17940,0.12366,0.25812,11,0,none,a0:none:93
3,7004,combined_abort_stress_3_7004_0,combined_abort_stress,abort_discovery_v5_no_barrier_inflation,0.00,,1,0,0,0,1,0,1.93596,0.85175,0.43996,1.93596,0.03227,0.45875,0.29764,0.14304,0.17891,0.12607,0.25812,11,0,none,a0:none:93
3,7004,combined_abort_stress_3_7004_0,combined_abort_stress,abort_discovery_v5_endpoint_only,0.00,,1,1,1,1,3,0,3.57837,0.85175,0.23803,4.13837,-0.00810,0.33677,0.20248,0.09522,0.05634,0.01435,0.06125,11,0,none,a0:collision_margin:35;a1:collision_margin:39;a2:none:89
3,7005,combined_abort_stress_3_7005_0,combined_abort_stress,abort_discovery_v5_full,0.00,,1,0,0,0,1,0,2.22798,0.85045,0.38171,2.22798,0.00099,0.46782,0.30533,0.14767,0.21350,0.27417,0.28563,10,1,none,a0:none:109
3,7005,combined_abort_stress_3_7005_0,combined_abort_stress,abort_discovery_v5_no_partial_geometry,0.00,,1,0,0,0,1,0,2.26033,0.85045,0.37625,2.26033,0.01663,0.49842,0.33193,0.06667,0.03465,0.04592,0.08563,10,1,none,a0:none:106
3,7005,combined_abort_stress_3_7005_0,combined_abort_stress,abort_discovery_v5_no_abort_reason_labels,0.00,,1,1,0,1,2,0,4.31873,0.85045,0.19692,4.59873,-0.01676,0.39169,0.24354,0.17514,0.20148,0.14853,0.30875,10,1,none,a0:force_limit:84;a1:none:120
3,7005,combined_abort_stress_3_7005_0,combined_abort_stress,abort_discovery_v5_no_repeated_abort_memory,0.00,,1,0,0,0,1,0,2.44963,0.85045,0.34718,2.44963,0.00557,0.47227,0.30913,0.14561,0.21119,0.28120,0.28187,10,1,none,a0:none:106
3,7005,combined_abort_stress_3_7005_0,combined_abort_stress,abort_discovery_v5_no_safety_margin,0.00,,1,1,1,1,5,0,6.50238,0.85045,0.13079,7.62238,-0.01822,0.49351,0.32759,0.13165,0.20427,0.19628,0.27250,10,1,none,a0:visible_collision:65;a1:human_stop:37;a2:collision_margin:45;a3:unstable_slip:42;a4:none:114
3,7005,combined_abort_stress_3_7005_0,combined_abort_stress,abort_discovery_v5_no_calibration,0.00,,0,1,0,1,2,1,1.68857,0.85045,0.17628,2.02857,-0.01031,0.43126,0.27491,0.17446,0.24012,1.00000,0.31938,10,1,no_path,a0:fixture_snag:81;a1:no_path
3,7005,combined_abort_stress_3_7005_0,combined_abort_stress,abort_discovery_v5_no_dynamic_contact_features,0.00,,1,0,0,0,1,0,2.57776,0.85045,0.32992,2.57776,0.01042,0.49143,0.32576,0.11715,0.13591,0.08531,0.21563,10,1,none,a0:none:111
3,7005,combined_abort_stress_3_7005_0,combined_abort_stress,abort_discovery_v5_no_uncertainty_quantile,0.00,,1,0,0,0,1,0,2.40662,0.85045,0.35338,2.40662,0.01544,0.46782,0.30533,0.14766,0.21329,0.28184,0.28563,10,1,none,a0:none:106
3,7005,combined_abort_stress_3_7005_0,combined_abort_stress,abort_discovery_v5_no_barrier_inflation,0.00,,1,0,0,0,1,0,2.38097,0.85045,0.35719,2.38097,0.00848,0.46910,0.30642,0.14671,0.20938,0.27991,0.28187,10,1,none,a0:none:106
3,7005,combined_abort_stress_3_7005_0,combined_abort_stress,abort_discovery_v5_endpoint_only,0.00,,0,1,1,1,6,0,4.75355,0.85045,0.06262,6.07355,-0.00780,0.39590,0.24681,0.07466,0.02668,0.15115,0.07062,10,1,collision_margin,a0:human_stop:39;a1:force_limit:34;a2:collision_margin:36;a3:unstable_slip:42;a4:collision_margin:35;a5:collision_margin:37
3,7006,combined_abort_stress_3_7006_0,combined_abort_stress,abort_discovery_v5_full,0.00,,1,0,0,0,1,0,3.78543,0.87169,0.23027,3.78543,0.02332,0.45652,0.29577,0.16095,0.20949,0.06950,0.28813,11,0,none,a0:none:120
3,7006,combined_abort_stress_3_7006_0,combined_abort_stress,abort_discovery_v5_no_partial_geometry,0.00,,1,0,0,0,1,0,1.80719,0.87169,0.48234,1.80719,0.03316,0.27333,0.15830,0.09645,0.05545,0.05484,0.07312,11,0,none,a0:none:90
3,7006,combined_abort_stress_3_7006_0,combined_abort_stress,abort_discovery_v5_no_abort_reason_labels,0.00,,1,0,0,0,1,0,3.84143,0.87169,0.22692,3.84143,0.00972,0.37325,0.22945,0.18354,0.19352,0.04194,0.28750,11,0,none,a0:none:120
3,7006,combined_abort_stress_3_7006_0,combined_abort_stress,abort_discovery_v5_no_repeated_abort_memory,0.00,,1,0,0,0,1,0,3.62359,0.87169,0.24056,3.62359,0.02622,0.46815,0.30561,0.15483,0.20341,0.07193,0.27813,11,0,none,a0:none:120
3,7006,combined_abort_stress_3_7006_0,combined_abort_stress,abort_discovery_v5_no_safety_margin,0.00,,1,0,0,0,1,0,1.81698,0.87169,0.47974,1.81698,0.03992,0.50284,0.33586,0.11597,0.14356,0.07848,0.21625,11,0,none,a0:none:92
3,7006,combined_abort_stress_3_7006_0,combined_abort_stress,abort_discovery_v5_no_calibration,0.00,,1,0,0,0,1,0,3.83352,0.87169,0.22739,3.83352,0.01939,0.45300,0.29283,0.16416,0.21193,0.07199,0.29125,11,0,none,a0:none:120
3,7006,combined_abort_stress_3_7006_0,combined_abort_stress,abort_discovery_v5_no_dynamic_contact_features,0.00,,1,0,0,0,1,0,3.42907,0.87169,0.25421,3.42907,0.00774,0.43920,0.28140,0.14238,0.14069,0.02567,0.23000,11,0,none,a0:none:120
3,7006,combined_abort_stress_3_7006_0,combined_abort_stress,abort_discovery_v5_no_uncertainty_quantile,0.00,,1,0,0,0,1,0,3.48126,0.87169,0.25039,3.48126,0.01153,0.45652,0.29577,0.16081,0.20700,0.07095,0.28813,11,0,none,a0:none:120
3,7006,combined_abort_stress_3_7006_0,combined_abort_stress,abort_discovery_v5_no_barrier_inflation,0.00,,1,0,0,0,1,0,3.99912,0.87169,0.21797,3.99912,0.01837,0.45570,0.29508,0.15696,0.19872,0.06668,0.28063,11,0,none,a0:none:120
3,7006,combined_abort_stress_3_7006_0,combined_abort_stress,abort_discovery_v5_endpoint_only,0.00,,1,1,1,1,5,0,5.12757,0.87169,0.17000,6.24757,-0.01170,0.32082,0.19106,0.09057,0.05447,0.07900,0.06875,11,0,none,a0:visible_collision:44;a1:collision_margin:39;a2:collision_margin:39;a3:collision_margin:38;a4:none:90
3,7007,combined_abort_stress_3_7007_0,combined_abort_stress,abort_discovery_v5_full,0.00,,1,0,0,0,1,0,2.29758,0.85283,0.37118,2.29758,0.01564,0.43504,0.27799,0.17805,0.28672,0.18012,0.32375,11,0,none,a0:none:113
3,7007,combined_abort_stress_3_7007_0,combined_abort_stress,abort_discovery_v5_no_partial_geometry,0.00,,1,0,0,0,1,0,2.38408,0.85283,0.35772,2.38408,0.01811,0.37224,0.22868,0.09802,0.06495,0.01837,0.09375,11,0,none,a0:none:105
3,7007,combined_abort_stress_3_7007_0,combined_abort_stress,abort_discovery_v5_no_abort_reason_labels,0.00,,1,0,0,0,1,0,2.27109,0.85283,0.37551,2.27109,0.02662,0.40630,0.25494,0.16609,0.20216,0.12200,0.29250,11,0,none,a0:none:112
3,7007,combined_abort_stress_3_7007_0,combined_abort_stress,abort_discovery_v5_no_repeated_abort_memory,0.00,,1,0,0,0,1,0,2.28093,0.85283,0.37389,2.28093,0.01242,0.44545,0.28655,0.16895,0.27578,0.18369,0.30812,11,0,none,a0:none:112
3,7007,combined_abort_stress_3_7007_0,combined_abort_stress,abort_discovery_v5_no_safety_margin,0.00,,1,0,0,0,1,0,2.36390,0.85283,0.36077,2.36390,0.01255,0.47403,0.31064,0.14811,0.25266,0.15134,0.28063,11,0,none,a0:none:111
3,7007,combined_abort_stress_3_7007_0,combined_abort_stress,abort_discovery_v5_no_calibration,0.00,,1,0,0,0,1,0,2.37837,0.85283,0.35858,2.37837,0.01861,0.40990,0.25779,0.19409,0.30262,0.16767,0.35000,11,0,none,a0:none:120
3,7007,combined_abort_stress_3_7007_0,combined_abort_stress,abort_discovery_v5_no_dynamic_contact_features,0.00,,1,0,0,0,1,0,2.16618,0.85283,0.39370,2.16618,0.02680,0.42748,0.27184,0.13434,0.14392,0.07502,0.22312,11,0,none,a0:none:112
3,7007,combined_abort_stress_3_7007_0,combined_abort_stress,abort_discovery_v5_no_uncertainty_quantile,0.00,,1,0,0,0,1,0,2.16196,0.85283,0.39447,2.16196,0.00150,0.43504,0.27799,0.17805,0.28672,0.18369,0.32375,11,0,none,a0:none:112
3,7007,combined_abort_stress_3_7007_0,combined_abort_stress,abort_discovery_v5_no_barrier_inflation,0.00,,1,0,0,0,1,0,2.42540,0.85283,0.35162,2.42540,0.02136,0.43338,0.27664,0.17592,0.28307,0.17339,0.32250,11,0,none,a0:none:113
3,7007,combined_abort_stress_3_7007_0,combined_abort_stress,abort_discovery_v5_endpoint_only,0.00,,0,1,1,1,6,0,5.04951,0.85283,0.05911,6.36951,-0.02138,0.47970,0.31553,0.06895,0.03380,0.11003,0.06500,11,0,fixture_snag,a0:fixture_snag:36;a1:human_stop:42;a2:fixture_snag:40;a3:fixture_snag:36;a4:fixture_snag:37;a5:fixture_snag:36
3,7008,combined_abort_stress_3_7008_0,combined_abort_stress,abort_discovery_v5_full,0.00,,0,0,0,0,1,1,0.00000,0.84749,0.00000,0.12000,1.00000,0.47227,0.30913,0.14525,0.19803,1.00000,0.28250,11,0,no_path,a0:no_path
3,7008,combined_abort_stress_3_7008_0,combined_abort_stress,abort_discovery_v5_no_partial_geometry,0.00,,1,0,0,0,1,0,1.97970,0.84749,0.42809,1.97970,0.02519,0.46667,0.30435,0.08440,0.03650,0.03832,0.11313,11,0,none,a0:none:93
3,7008,combined_abort_stress_3_7008_0,combined_abort_stress,abort_discovery_v5_no_abort_reason_labels,0.00,,0,0,0,0,1,1,0.00000,0.84749,0.00000,0.12000,1.00000,0.39931,0.24946,0.15932,0.17927,1.00000,0.24813,11,0,no_path,a0:no_path
3,7008,combined_abort_stress_3_7008_0,combined_abort_stress,abort_discovery_v5_no_repeated_abort_memory,0.00,,0,1,0,1,2,1,0.88617,0.84749,0.33472,1.22617,-0.00683,0.45768,0.29675,0.15590,0.21236,1.00000,0.28687,11,0,no_path,a0:fixture_snag:37;a1:no_path
3,7008,combined_abort_stress_3_7008_0,combined_abort_stress,abort_discovery_v5_no_safety_margin,0.00,,1,0,0,0,1,0,1.90750,0.84749,0.44429,1.90750,0.02755,0.53696,0.36702,0.10452,0.14303,0.10003,0.20938,11,0,none,a0:none:93
3,7008,combined_abort_stress_3_7008_0,combined_abort_stress,abort_discovery_v5_no_calibration,0.00,,0,0,0,0,1,1,0.00000,0.84749,0.00000,0.12000,1.00000,0.46490,0.30285,0.14863,0.20264,1.00000,0.28875,11,0,no_path,a0:no_path
3,7008,combined_abort_stress_3_7008_0,combined_abort_stress,abort_discovery_v5_no_dynamic_contact_features,0.00,,0,1,1,1,5,1,4.12874,0.84749,0.07184,5.12874,-0.00606,0.43885,0.28111,0.14391,0.14956,1.00000,0.23563,11,0,no_path,a0:fixture_snag:36;a1:force_limit:49;a2:force_limit:52;a3:human_stop:50;a4:no_path
3,7008,combined_abort_stress_3_7008_0,combined_abort_stress,abort_discovery_v5_no_uncertainty_quantile,0.00,,1,0,0,0,1,0,2.06926,0.84749,0.40956,2.06926,0.00536,0.47227,0.30913,0.14519,0.19723,0.17126,0.28250,11,0,none,a0:none:95
3,7008,combined_abort_stress_3_7008_0,combined_abort_stress,abort_discovery_v5_no_barrier_inflation,0.00,,0,1,0,0,2,1,0.84578,0.84749,0.35071,1.18578,-0.00584,0.48525,0.32035,0.13891,0.18868,1.00000,0.26937,11,0,no_path,a0:fixture_snag:36;a1:no_path
3,7008,combined_abort_stress_3_7008_0,combined_abort_stress,abort_discovery_v5_endpoint_only,0.00,,0,1,1,1,6,0,5.10921,0.84749,0.05806,6.42921,-0.03445,0.40404,0.25316,0.08664,0.05767,0.13859,0.07375,11,0,fixture_snag,a0:fixture_snag:32;a1:human_stop:31;a2:visible_collision:71;a3:fixture_snag:32;a4:human_stop:31;a5:fixture_snag:32
3,7009,combined_abort_stress_3_7009_0,combined_abort_stress,abort_discovery_v5_full,0.00,,1,0,0,0,1,0,3.84939,0.85956,0.22330,3.84939,0.00071,0.42693,0.27140,0.17582,0.22627,0.10843,0.30875,11,0,none,a0:none:120
3,7009,combined_abort_stress_3_7009_0,combined_abort_stress,abort_discovery_v5_no_partial_geometry,0.00,,1,1,1,1,5,0,5.73081,0.85956,0.14999,6.85081,-0.02589,0.44267,0.28425,0.10697,0.08220,0.09685,0.10687,11,0,none,a0:fixture_snag:35;a1:fixture_snag:34;a2:fixture_snag:36;a3:visible_collision:68;a4:none:91
3,7009,combined_abort_stress_3_7009_0,combined_abort_stress,abort_discovery_v5_no_abort_reason_labels,0.00,,0,1,1,1,6,0,13.03179,0.85956,0.02309,14.35179,-0.02459,0.35526,0.21600,0.22057,0.25332,0.18308,0.34750,11,0,unstable_slip,a0:unstable_slip:120;a1:visible_collision:80;a2:visible_collision:83;a3:visible_collision:84;a4:visible_collision:62;a5:unstable_slip:120
3,7009,combined_abort_stress_3_7009_0,combined_abort_stress,abort_discovery_v5_no_repeated_abort_memory,0.00,,1,0,0,0,1,0,3.88141,0.85956,0.22146,3.88141,0.00155,0.43888,0.28113,0.16822,0.21734,0.11223,0.29688,11,0,none,a0:none:120
3,7009,combined_abort_stress_3_7009_0,combined_abort_stress,abort_discovery_v5_no_safety_margin,0.00,,1,1,1,1,4,0,5.76331,0.85956,0.14914,6.60331,-0.02227,0.47892,0.31486,0.14459,0.19190,0.12609,0.24313,11,0,none,a0:fixture_snag:36;a1:visible_collision:67;a2:visible_collision:69;a3:none:92
3,7009,combined_abort_stress_3_7009_0,combined_abort_stress,abort_discovery_v5_no_calibration,0.00,,1,0,0,0,1,0,3.62447,0.85956,0.23716,3.62447,0.00101,0.41389,0.26095,0.18640,0.23727,0.10988,0.32250,11,0,none,a0:none:120
3,7009,combined_abort_stress_3_7009_0,combined_abort_stress,abort_discovery_v5_no_dynamic_contact_features,0.00,,0,1,1,1,3,1,3.69525,0.85956,0.08141,4.25525,-0.00890,0.39932,0.24947,0.16840,0.18692,1.00000,0.24188,11,0,no_path,a0:visible_collision:89;a1:collision_margin:82;a2:no_path
3,7009,combined_abort_stress_3_7009_0,combined_abort_stress,abort_discovery_v5_no_uncertainty_quantile,0.00,,1,0,0,0,1,0,3.86009,0.85956,0.22268,3.86009,0.00801,0.42693,0.27140,0.17582,0.22610,0.11223,0.30875,11,0,none,a0:none:120
3,7009,combined_abort_stress_3_7009_0,combined_abort_stress,abort_discovery_v5_no_barrier_inflation,0.00,,1,0,0,0,1,0,3.68487,0.85956,0.23327,3.68487,0.00675,0.42816,0.27239,0.17411,0.22299,0.11223,0.30750,11,0,none,a0:none:120
3,7009,combined_abort_stress_3_7009_0,combined_abort_stress,abort_discovery_v5_endpoint_only,0.00,,0,1,1,1,6,0,5.21548,0.85956,0.05768,6.53548,-0.01718,0.33962,0.20455,0.10907,0.08880,0.13153,0.07125,11,0,fixture_snag,a0:fixture_snag:32;a1:fixture_snag:34;a2:visible_collision:71;a3:fixture_snag:34;a4:fixture_snag:32;a5:fixture_snag:35
4,7000,combined_abort_stress_4_7000_0,combined_abort_stress,abort_discovery_v5_full,0.00,,1,0,0,0,1,0,2.19712,0.85286,0.38817,2.19712,0.01468,0.41322,0.26042,0.16302,0.17682,0.26854,0.25938,10,1,none,a0:none:100
4,7000,combined_abort_stress_4_7000_0,combined_abort_stress,abort_discovery_v5_no_partial_geometry,0.00,,0,1,1,1,6,0,3.98118,0.85286,0.07498,5.30118,-0.01118,0.43915,0.28136,0.10003,0.08280,0.16059,0.11750,10,1,human_stop,a0:human_stop:27;a1:fixture_snag:35;a2:human_stop:30;a3:fixture_snag:34;a4:force_limit:33;a5:human_stop:24
4,7000,combined_abort_stress_4_7000_0,combined_abort_stress,abort_discovery_v5_no_abort_reason_labels,0.00,,1,0,0,0,1,0,2.05680,0.85286,0.41465,2.05680,0.01391,0.40437,0.25342,0.15877,0.16863,0.19359,0.22437,10,1,none,a0:none:99
4,7000,combined_abort_stress_4_7000_0,combined_abort_stress,abort_discovery_v5_no_repeated_abort_memory,0.00,,1,0,0,0,1,0,2.14746,0.85286,0.39715,2.14746,0.00606,0.41806,0.26427,0.16075,0.17364,0.26469,0.25500,10,1,none,a0:none:99
4,7000,combined_abort_stress_4_7000_0,combined_abort_stress,abort_discovery_v5_no_safety_margin,0.00,,0,1,1,1,6,0,6.04154,0.85286,0.04941,7.36154,-0.02525,0.47148,0.30846,0.12608,0.13178,0.20704,0.21000,10,1,fixture_snag,a0:visible_collision:75;a1:fixture_snag:49;a2:fixture_snag:38;a3:fixture_snag:40;a4:fixture_snag:39;a5:fixture_snag:37
4,7000,combined_abort_stress_4_7000_0,combined_abort_stress,abort_discovery_v5_no_calibration,0.00,,0,1,0,0,2,1,0.61035,0.85286,0.48906,0.95035,-0.01789,0.39494,0.24606,0.17995,0.19517,1.00000,0.27687,10,1,no_path,a0:human_stop:28;a1:no_path
4,7000,combined_abort_stress_4_7000_0,combined_abort_stress,abort_discovery_v5_no_dynamic_contact_features,0.00,,1,0,0,0,1,0,2.28823,0.85286,0.37272,2.28823,0.01003,0.42424,0.26923,0.15735,0.17537,0.22339,0.23187,10,1,none,a0:none:99
4,7000,combined_abort_stress_4_7000_0,combined_abort_stress,abort_discovery_v5_no_uncertainty_quantile,0.00,,1,0,0,0,1,0,2.15842,0.85286,0.39513,2.15842,0.00599,0.41322,0.26042,0.16299,0.17768,0.27612,0.25938,10,1,none,a0:none:99
4,7000,combined_abort_stress_4_7000_0,combined_abort_stress,abort_discovery_v5_no_barrier_inflation,0.00,,1,0,0,0,1,0,2.04679,0.85286,0.41668,2.04679,0.02112,0.41597,0.26261,0.16014,0.17040,0.27559,0.25688,10,1,none,a0:none:99
4,7000,combined_abort_stress_4_7000_0,combined_abort_stress,abort_discovery_v5_endpoint_only,0.00,,0,1,1,1,6,0,5.02190,0.85286,0.05944,6.34190,-0.02871,0.39867,0.24896,0.09382,0.07115,0.12799,0.06938,10,1,fixture_snag,a0:fixture_snag:33;a1:human_stop:28;a2:visible_collision:77;a3:force_limit:34;a4:human_stop:25;a5:fixture_snag:35
4,7001,combined_abort_stress_4_7001_0,combined_abort_stress,abort_discovery_v5_full,0.00,,0,0,0,0,1,1,0.00000,0.84744,0.00000,0.12000,1.00000,0.38900,0.24146,0.14256,0.13013,1.00000,0.20938,11,0,no_path,a0:no_path
4,7001,combined_abort_stress_4_7001_0,combined_abort_stress,abort_discovery_v5_no_partial_geometry,0.00,,1,1,1,1,6,0,5.49241,0.84744,0.15429,6.89241,-0.01502,0.31928,0.18996,0.10315,0.07453,0.13644,0.09875,11,0,none,a0:fixture_snag:39;a1:human_stop:45;a2:fixture_snag:31;a3:fixture_snag:32;a4:fixture_snag:31;a5:none:83
4,7001,combined_abort_stress_4_7001_0,combined_abort_stress,abort_discovery_v5_no_abort_reason_labels,0.00,,0,0,0,0,1,1,0.00000,0.84744,0.00000,0.12000,1.00000,0.35041,0.21242,0.18185,0.19228,1.00000,0.26937,11,0,no_path,a0:no_path
4,7001,combined_abort_stress_4_7001_0,combined_abort_stress,abort_discovery_v5_no_repeated_abort_memory,0.00,,0,0,0,0,1,1,0.00000,0.84744,0.00000,0.12000,1.00000,0.41336,0.26053,0.13029,0.10893,1.00000,0.19062,11,0,no_path,a0:no_path
4,7001,combined_abort_stress_4_7001_0,combined_abort_stress,abort_discovery_v5_no_safety_margin,0.00,,1,0,0,0,1,0,1.80645,0.84744,0.46912,1.80645,0.00887,0.33983,0.20470,0.11610,0.09697,0.05948,0.11563,11,0,none,a0:none:83
4,7001,combined_abort_stress_4_7001_0,combined_abort_stress,abort_discovery_v5_no_calibration,0.00,,0,0,0,0,1,1,0.00000,0.84744,0.00000,0.12000,1.00000,0.38672,0.23971,0.14555,0.13083,1.00000,0.21125,11,0,no_path,a0:no_path
4,7001,combined_abort_stress_4_7001_0,combined_abort_stress,abort_discovery_v5_no_dynamic_contact_features,0.00,,0,0,0,0,1,1,0.00000,0.84744,0.00000,0.12000,1.00000,0.38900,0.24146,0.14256,0.13013,1.00000,0.20938,11,0,no_path,a0:no_path
4,7001,combined_abort_stress_4_7001_0,combined_abort_stress,abort_discovery_v5_no_uncertainty_quantile,0.00,,0,0,0,0,1,1,0.00000,0.84744,0.00000,0.12000,1.00000,0.38900,0.24146,0.14229,0.13619,1.00000,0.20938,11,0,no_path,a0:no_path
4,7001,combined_abort_stress_4_7001_0,combined_abort_stress,abort_discovery_v5_no_barrier_inflation,0.00,,0,0,0,0,1,1,0.00000,0.84744,0.00000,0.12000,1.00000,0.39053,0.24265,0.14187,0.12819,1.00000,0.20813,11,0,no_path,a0:no_path
4,7001,combined_abort_stress_4_7001_0,combined_abort_stress,abort_discovery_v5_endpoint_only,0.00,,0,1,1,1,6,0,4.34142,0.84744,0.06832,5.66142,-0.01381,0.36678,0.22458,0.08719,0.05814,0.12542,0.07187,11,0,fixture_snag,a0:fixture_snag:34;a1:fixture_snag:32;a2:fixture_snag:32;a3:fixture_snag:30;a4:human_stop:45;a5:fixture_snag:31
4,7002,combined_abort_stress_4_7002_0,combined_abort_stress,abort_discovery_v5_full,0.00,,1,0,0,0,1,0,1.60491,0.84762,0.52814,1.60491,0.02077,0.45045,0.29070,0.15643,0.22382,0.31904,0.30125,9,2,none,a0:none:72
4,7002,combined_abort_stress_4_7002_0,combined_abort_stress,abort_discovery_v5_no_partial_geometry,0.00,,1,0,0,0,1,0,1.55643,0.84762,0.54459,1.55643,0.00996,0.41441,0.26136,0.09132,0.05284,0.04002,0.09312,9,2,none,a0:none:70
4,7002,combined_abort_stress_4_7002_0,combined_abort_stress,abort_discovery_v5_no_abort_reason_labels,0.00,,1,1,1,1,3,0,3.11460,0.84762,0.27214,3.67460,-0.01669,0.34223,0.20644,0.18769,0.20890,0.24781,0.28313,9,2,none,a0:force_limit:37;a1:collision_margin:37;a2:none:72
4,7002,combined_abort_stress_4_7002_0,combined_abort_stress,abort_discovery_v5_no_repeated_abort_memory,0.00,,1,0,0,0,1,0,1.69176,0.84762,0.50103,1.69176,0.00662,0.48232,0.31780,0.14100,0.20417,0.31904,0.27375,9,2,none,a0:none:72
4,7002,combined_abort_stress_4_7002_0,combined_abort_stress,abort_discovery_v5_no_safety_margin,0.00,,1,0,0,0,1,0,1.94425,0.84762,0.43596,1.94425,0.02942,0.52174,0.35294,0.11444,0.17121,0.08999,0.23000,9,2,none,a0:none:102
4,7002,combined_abort_stress_4_7002_0,combined_abort_stress,abort_discovery_v5_no_calibration,0.00,,0,1,0,0,2,1,1.10998,0.84762,0.26727,1.44998,-0.01823,0.43165,0.27523,0.17716,0.24438,1.00000,0.31938,9,2,no_path,a0:human_stop:48;a1:no_path
4,7002,combined_abort_stress_4_7002_0,combined_abort_stress,abort_discovery_v5_no_dynamic_contact_features,0.00,,1,0,0,0,1,0,1.73552,0.84762,0.48839,1.73552,0.01754,0.37117,0.22788,0.15304,0.16752,0.19795,0.23187,9,2,none,a0:none:74
4,7002,combined_abort_stress_4_7002_0,combined_abort_stress,abort_discovery_v5_no_uncertainty_quantile,0.00,,1,0,0,0,1,0,1.54294,0.84762,0.54935,1.54294,0.01573,0.45045,0.29070,0.15642,0.22351,0.31904,0.30125,9,2,none,a0:none:72
4,7002,combined_abort_stress_4_7002_0,combined_abort_stress,abort_discovery_v5_no_barrier_inflation,0.00,,1,0,0,0,1,0,1.66830,0.84762,0.50807,1.66830,0.03180,0.45181,0.29183,0.15312,0.21623,0.31848,0.30000,9,2,none,a0:none:72
4,7002,combined_abort_stress_4_7002_0,combined_abort_stress,abort_discovery_v5_endpoint_only,0.00,,1,0,0,0,1,0,1.56797,0.84762,0.54058,1.56797,0.00400,0.26337,0.15166,0.08959,0.05025,0.02570,0.03687,9,2,none,a0:none:70
4,7003,combined_abort_stress_4_7003_0,combined_abort_stress,abort_discovery_v5_full,0.00,,1,0,0,0,1,0,3.37983,0.83547,0.24719,3.37983,0.01021,0.33101,0.19833,0.17283,0.16008,0.02929,0.22437,11,0,none,a0:none:120
4,7003,combined_abort_stress_4_7003_0,combined_abort_stress,abort_discovery_v5_no_partial_geometry,0.00,,0,1,1,1,6,0,4.19828,0.83547,0.06965,5.51828,-0.02301,0.33898,0.20408,0.11781,0.08258,0.15574,0.08687,11,0,fixture_snag,a0:fixture_snag:31;a1:human_stop:35;a2:fixture_snag:30;a3:fixture_snag:29;a4:fixture_snag:28;a5:fixture_snag:28
4,7003,combined_abort_stress_4_7003_0,combined_abort_stress,abort_discovery_v5_no_abort_reason_labels,0.00,,1,0,0,0,1,0,3.50263,0.83547,0.23853,3.50263,0.00184,0.30343,0.17885,0.20740,0.20844,0.08219,0.24875,11,0,none,a0:none:120
4,7003,combined_abort_stress_4_7003_0,combined_abort_stress,abort_discovery_v5_no_repeated_abort_memory,0.00,,1,0,0,0,1,0,3.30557,0.83547,0.25275,3.30557,0.00502,0.33835,0.20362,0.16325,0.15209,0.03418,0.19812,11,0,none,a0:none:120
4,7003,combined_abort_stress_4_7003_0,combined_abort_stress,abort_discovery_v5_no_safety_margin,0.00,,0,1,1,1,6,0,6.15410,0.83547,0.04752,7.47410,-0.01407,0.45936,0.29817,0.12709,0.11950,0.07553,0.21937,11,0,collision_margin,a0:fixture_snag:32;a1:fixture_snag:33;a2:unstable_slip:65;a3:collision_margin:46;a4:collision_margin:46;a5:collision_margin:61
4,7003,combined_abort_stress_4_7003_0,combined_abort_stress,abort_discovery_v5_no_calibration,0.00,,1,0,0,0,1,0,3.28443,0.83547,0.25437,3.28443,0.00621,0.32646,0.19507,0.18023,0.16417,0.03537,0.22937,11,0,none,a0:none:120
4,7003,combined_abort_stress_4_7003_0,combined_abort_stress,abort_discovery_v5_no_dynamic_contact_features,0.00,,1,0,0,0,1,0,3.35310,0.83547,0.24916,3.35310,0.00544,0.33101,0.19833,0.17283,0.16008,0.03418,0.22437,11,0,none,a0:none:120
4,7003,combined_abort_stress_4_7003_0,combined_abort_stress,abort_discovery_v5_no_uncertainty_quantile,0.00,,1,1,0,1,2,0,4.85009,0.83547,0.17226,5.13009,0.00625,0.32872,0.19669,0.17307,0.16599,0.03845,0.22687,11,0,none,a0:visible_collision:77;a1:none:120
4,7003,combined_abort_stress_4_7003_0,combined_abort_stress,abort_discovery_v5_no_barrier_inflation,0.00,,1,1,1,1,3,0,6.71409,0.83547,0.12444,7.27409,0.00803,0.33043,0.19792,0.17548,0.16495,0.05212,0.22500,11,0,none,a0:visible_collision:69;a1:visible_collision:66;a2:none:120
4,7003,combined_abort_stress_4_7003_0,combined_abort_stress,abort_discovery_v5_endpoint_only,0.00,,0,1,1,1,6,0,4.46873,0.83547,0.06544,5.78873,-0.02601,0.33540,0.20149,0.10767,0.06727,0.13169,0.06688,11,0,human_stop,a0:fixture_snag:29;a1:fixture_snag:30;a2:unstable_slip:64;a3:human_stop:27;a4:human_stop:36;a5:human_stop:27
4,7004,combined_abort_stress_4_7004_0,combined_abort_stress,abort_discovery_v5_full,0.00,,1,0,0,0,1,0,2.84083,0.86997,0.30624,2.84083,0.00793,0.37079,0.22759,0.18904,0.27361,0.24256,0.33875,10,1,none,a0:none:120
4,7004,combined_abort_stress_4_7004_0,combined_abort_stress,abort_discovery_v5_no_partial_geometry,0.00,,0,1,1,1,6,0,6.50578,0.86997,0.04680,7.82578,-0.01944,0.40491,0.25385,0.09216,0.05768,0.09429,0.09750,10,1,unstable_slip,a0:fixture_snag:32;a1:fixture_snag:31;a2:unstable_slip:68;a3:fixture_snag:31;a4:collision_margin:45;a5:unstable_slip:89
4,7004,combined_abort_stress_4_7004_0,combined_abort_stress,abort_discovery_v5_no_abort_reason_labels,0.00,,0,1,1,1,6,0,4.88239,0.86997,0.06237,6.20239,-0.02157,0.31863,0.18951,0.21495,0.25830,0.20448,0.33313,10,1,fixture_snag,a0:fixture_snag:37;a1:fixture_snag:36;a2:fixture_snag:34;a3:fixture_snag:34;a4:fixture_snag:37;a5:fixture_snag:35
4,7004,combined_abort_stress_4_7004_0,combined_abort_stress,abort_discovery_v5_no_repeated_abort_memory,0.00,,0,1,1,1,6,0,5.96457,0.86997,0.05105,7.28457,-0.00769,0.38791,0.24063,0.20913,0.31462,0.52313,0.39000,10,1,force_limit,a0:fixture_snag:38;a1:fixture_snag:35;a2:force_limit:54;a3:force_limit:52;a4:force_limit:56;a5:force_limit:53
4,7004,combined_abort_stress_4_7004_0,combined_abort_stress,abort_discovery_v5_no_safety_margin,0.00,,1,0,0,0,1,0,2.39381,0.86997,0.36343,2.39381,0.01452,0.43750,0.28000,0.13253,0.18725,0.17922,0.23375,10,1,none,a0:none:119
4,7004,combined_abort_stress_4_7004_0,combined_abort_stress,abort_discovery_v5_no_calibration,0.00,,0,0,0,0,1,1,0.00000,0.86997,0.00000,0.12000,1.00000,0.35946,0.21911,0.21355,0.29224,1.00000,0.35625,10,1,no_path,a0:no_path
4,7004,combined_abort_stress_4_7004_0,combined_abort_stress,abort_discovery_v5_no_dynamic_contact_features,0.00,,0,1,1,1,6,0,6.06940,0.86997,0.05017,7.38940,-0.02109,0.31250,0.18519,0.19137,0.23296,0.30773,0.31375,10,1,force_limit,a0:fixture_snag:36;a1:human_stop:59;a2:collision_margin:43;a3:human_stop:32;a4:force_limit:53;a5:force_limit:57
4,7004,combined_abort_stress_4_7004_0,combined_abort_stress,abort_discovery_v5_no_uncertainty_quantile,0.00,,1,1,1,1,4,0,5.77856,0.86997,0.15055,6.61856,-0.01577,0.41524,0.26202,0.18932,0.29274,0.27774,0.36938,10,1,none,a0:fixture_snag:35;a1:collision_margin:42;a2:force_limit:52;a3:none:120
4,7004,combined_abort_stress_4_7004_0,combined_abort_stress,abort_discovery_v5_no_barrier_inflation,0.00,,1,1,1,1,3,0,4.56153,0.86997,0.19072,5.12153,-0.02327,0.41370,0.26080,0.18659,0.28572,0.26266,0.36812,10,1,none,a0:fixture_snag:35;a1:force_limit:51;a2:none:120
4,7004,combined_abort_stress_4_7004_0,combined_abort_stress,abort_discovery_v5_endpoint_only,0.00,,0,1,1,1,6,0,6.03012,0.86997,0.05049,7.35012,-0.02692,0.48084,0.31651,0.07039,0.02484,0.14220,0.07312,10,1,fixture_snag,a0:fixture_snag:30;a1:unstable_slip:68;a2:unstable_slip:67;a3:force_limit:56;a4:fixture_snag:33;a5:fixture_snag:31
4,7005,combined_abort_stress_4_7005_0,combined_abort_stress,abort_discovery_v5_full,0.00,,1,1,0,1,2,0,5.50751,0.84125,0.15275,5.78751,-0.01289,0.40870,0.25683,0.16793,0.21700,0.09339,0.30875,11,0,none,a0:unstable_slip:91;a1:none:120
4,7005,combined_abort_stress_4_7005_0,combined_abort_stress,abort_discovery_v5_no_partial_geometry,0.00,,1,1,1,1,5,0,6.76080,0.84125,0.12443,7.88080,-0.02314,0.42857,0.27273,0.08592,0.04778,0.04738,0.09625,11,0,none,a0:collision_margin:44;a1:human_stop:30;a2:unstable_slip:89;a3:unstable_slip:61;a4:none:112
4,7005,combined_abort_stress_4_7005_0,combined_abort_stress,abort_discovery_v5_no_abort_reason_labels,0.00,,1,1,1,1,3,0,6.77842,0.84125,0.12411,7.33842,-0.00586,0.34759,0.21035,0.21086,0.23786,0.08665,0.33063,11,0,none,a0:unstable_slip:100;a1:visible_collision:75;a2:none:120
4,7005,combined_abort_stress_4_7005_0,combined_abort_stress,abort_discovery_v5_no_repeated_abort_memory,0.00,,1,1,0,1,2,0,4.95332,0.84125,0.16984,5.23332,-0.00175,0.46288,0.30114,0.15571,0.20192,0.08830,0.30688,11,0,none,a0:unstable_slip:88;a1:none:120
4,7005,combined_abort_stress_4_7005_0,combined_abort_stress,abort_discovery_v5_no_safety_margin,0.00,,0,1,1,1,6,0,5.16813,0.84125,0.05697,6.48813,-0.02184,0.39500,0.24611,0.12218,0.11208,0.15351,0.12750,11,0,collision_margin,a0:collision_margin:46;a1:collision_margin:39;a2:collision_margin:38;a3:collision_margin:38;a4:collision_margin:38;a5:collision_margin:37
4,7005,combined_abort_stress_4_7005_0,combined_abort_stress,abort_discovery_v5_no_calibration,0.00,,1,1,0,1,2,0,5.19895,0.84125,0.16181,5.47895,-0.00404,0.43994,0.28200,0.16458,0.21543,0.08799,0.30938,11,0,none,a0:unstable_slip:89;a1:none:120
4,7005,combined_abort_stress_4_7005_0,combined_abort_stress,abort_discovery_v5_no_dynamic_contact_features,0.00,,1,1,0,0,2,0,4.37248,0.84125,0.19240,4.65248,-0.00667,0.33905,0.20413,0.14896,0.13205,0.06456,0.20563,11,0,none,a0:unstable_slip:89;a1:none:112
4,7005,combined_abort_stress_4_7005_0,combined_abort_stress,abort_discovery_v5_no_uncertainty_quantile,0.00,,1,1,0,1,2,0,4.91184,0.84125,0.17127,5.19184,-0.01305,0.45681,0.29602,0.15614,0.20254,0.09504,0.30438,11,0,none,a0:unstable_slip:90;a1:none:120
4,7005,combined_abort_stress_4_7005_0,combined_abort_stress,abort_discovery_v5_no_barrier_inflation,0.00,,1,1,0,1,2,0,5.10162,0.84125,0.16490,5.38162,-0.00459,0.45588,0.29524,0.15407,0.19250,0.08507,0.30250,11,0,none,a0:unstable_slip:88;a1:none:120
4,7005,combined_abort_stress_4_7005_0,combined_abort_stress,abort_discovery_v5_endpoint_only,0.00,,0,1,1,1,6,0,5.26714,0.84125,0.05590,6.58714,-0.03806,0.33121,0.19847,0.10637,0.08680,0.12566,0.07375,11,0,human_stop,a0:collision_margin:44;a1:collision_margin:40;a2:visible_collision:54;a3:human_stop:32;a4:fixture_snag:43;a5:human_stop:33
4,7006,combined_abort_stress_4_7006_0,combined_abort_stress,abort_discovery_v5_full,0.00,,1,0,0,0,1,0,1.57955,0.83916,0.53126,1.57955,0.00899,0.33798,0.20336,0.19308,0.20155,0.26698,0.27000,9,2,none,a0:none:68
4,7006,combined_abort_stress_4_7006_0,combined_abort_stress,abort_discovery_v5_no_partial_geometry,0.00,,1,1,1,0,3,0,2.94267,0.83916,0.28517,3.50267,-0.00444,0.33333,0.20000,0.11856,0.09123,0.12018,0.08438,9,2,none,a0:fixture_snag:36;a1:collision_margin:34;a2:none:72
4,7006,combined_abort_stress_4_7006_0,combined_abort_stress,abort_discovery_v5_no_abort_reason_labels,0.00,,1,1,1,1,4,0,4.01992,0.83916,0.20875,4.85992,-0.01376,0.36095,0.22022,0.19896,0.21944,0.20779,0.28937,9,2,none,a0:human_stop:39;a1:collision_margin:34;a2:collision_margin:33;a3:none:72
4,7006,combined_abort_stress_4_7006_0,combined_abort_stress,abort_discovery_v5_no_repeated_abort_memory,0.00,,1,0,0,0,1,0,1.45830,0.83916,0.57544,1.45830,0.01011,0.34009,0.20489,0.19080,0.19838,0.26698,0.26750,9,2,none,a0:none:68
4,7006,combined_abort_stress_4_7006_0,combined_abort_stress,abort_discovery_v5_no_safety_margin,0.00,,1,1,1,1,3,0,3.21421,0.83916,0.26108,3.77421,-0.01039,0.47285,0.30963,0.12692,0.13701,0.26742,0.22375,9,2,none,a0:force_limit:42;a1:collision_margin:36;a2:none:70
4,7006,combined_abort_stress_4_7006_0,combined_abort_stress,abort_discovery_v5_no_calibration,0.00,,0,1,1,1,4,1,2.86693,0.83916,0.10245,3.64693,-0.02409,0.38175,0.23591,0.22973,0.27694,1.00000,0.38750,9,2,no_path,a0:force_limit:39;a1:collision_margin:33;a2:force_limit:48;a3:no_path
4,7006,combined_abort_stress_4_7006_0,combined_abort_stress,abort_discovery_v5_no_dynamic_contact_features,0.00,,1,0,0,0,1,0,1.54381,0.83916,0.54356,1.54381,0.01315,0.33798,0.20336,0.19308,0.20155,0.26698,0.27000,9,2,none,a0:none:68
4,7006,combined_abort_stress_4_7006_0,combined_abort_stress,abort_discovery_v5_no_uncertainty_quantile,0.00,,1,0,0,0,1,0,1.43127,0.83916,0.58630,1.43127,0.01651,0.33798,0.20336,0.19298,0.20290,0.26698,0.27000,9,2,none,a0:none:68
4,7006,combined_abort_stress_4_7006_0,combined_abort_stress,abort_discovery_v5_no_barrier_inflation,0.00,,1,0,0,0,1,0,1.41455,0.83916,0.59324,1.41455,0.00795,0.34169,0.20605,0.18760,0.18850,0.26643,0.26562,9,2,none,a0:none:68
4,7006,combined_abort_stress_4_7006_0,combined_abort_stress,abort_discovery_v5_endpoint_only,0.00,,1,1,1,1,5,0,4.40273,0.83916,0.19060,5.52273,-0.02485,0.38245,0.23643,0.10398,0.06784,0.13169,0.06625,9,2,none,a0:human_stop:14;a1:collision_margin:38;a2:force_limit:47;a3:collision_margin:33;a4:none:76
4,7007,combined_abort_stress_4_7007_0,combined_abort_stress,abort_discovery_v5_full,0.00,,0,0,0,0,1,1,0.00000,0.84419,0.00000,0.12000,1.00000,0.35088,0.21277,0.17242,0.19322,1.00000,0.18688,11,0,no_path,a0:no_path
4,7007,combined_abort_stress_4_7007_0,combined_abort_stress,abort_discovery_v5_no_partial_geometry,0.00,,1,0,0,0,1,0,1.59003,0.84419,0.53093,1.59003,0.03704,0.38938,0.24176,0.11539,0.09732,0.08431,0.07812,11,0,none,a0:none:82
4,7007,combined_abort_stress_4_7007_0,combined_abort_stress,abort_discovery_v5_no_abort_reason_labels,0.00,,0,0,0,0,1,1,0.00000,0.84419,0.00000,0.12000,1.00000,0.28437,0.16576,0.22557,0.26491,1.00000,0.26625,11,0,no_path,a0:no_path
4,7007,combined_abort_stress_4_7007_0,combined_abort_stress,abort_discovery_v5_no_repeated_abort_memory,0.00,,0,1,0,1,2,1,0.71033,0.84419,0.41596,1.05033,-0.00970,0.35616,0.21667,0.17285,0.19383,1.00000,0.18563,11,0,no_path,a0:collision_margin:35;a1:no_path
4,7007,combined_abort_stress_4_7007_0,combined_abort_stress,abort_discovery_v5_no_safety_margin,0.00,,1,0,0,0,1,0,1.73336,0.84419,0.48703,1.73336,0.03081,0.36224,0.22118,0.13030,0.12273,0.09393,0.11125,11,0,none,a0:none:82
4,7007,combined_abort_stress_4_7007_0,combined_abort_stress,abort_discovery_v5_no_calibration,0.00,,0,0,0,0,1,1,0.00000,0.84419,0.00000,0.12000,1.00000,0.34091,0.20548,0.17586,0.19278,1.00000,0.19625,11,0,no_path,a0:no_path
4,7007,combined_abort_stress_4_7007_0,combined_abort_stress,abort_discovery_v5_no_dynamic_contact_features,0.00,,0,0,0,0,1,1,0.00000,0.84419,0.00000,0.12000,1.00000,0.35088,0.21277,0.17242,0.19322,1.00000,0.18688,11,0,no_path,a0:no_path
4,7007,combined_abort_stress_4_7007_0,combined_abort_stress,abort_discovery_v5_no_uncertainty_quantile,0.00,,0,0,0,0,1,1,0.00000,0.84419,0.00000,0.12000,1.00000,0.35088,0.21277,0.17235,0.19713,1.00000,0.18688,11,0,no_path,a0:no_path
4,7007,combined_abort_stress_4_7007_0,combined_abort_stress,abort_discovery_v5_no_barrier_inflation,0.00,,0,0,0,0,1,1,0.00000,0.84419,0.00000,0.12000,1.00000,0.35088,0.21277,0.16899,0.18363,1.00000,0.18688,11,0,no_path,a0:no_path
4,7007,combined_abort_stress_4_7007_0,combined_abort_stress,abort_discovery_v5_endpoint_only,0.00,,1,1,0,1,2,0,2.73295,0.84419,0.30889,3.01295,-0.00873,0.26059,0.14981,0.11838,0.10263,0.04426,0.05813,11,0,none,a0:collision_margin:39;a1:none:83
4,7008,combined_abort_stress_4_7008_0,combined_abort_stress,abort_discovery_v5_full,0.00,,1,0,0,0,1,0,1.97690,0.86056,0.43531,1.97690,0.01225,0.32609,0.19481,0.13896,0.13756,0.04171,0.18875,11,0,none,a0:none:93
4,7008,combined_abort_stress_4_7008_0,combined_abort_stress,abort_discovery_v5_no_partial_geometry,0.00,,1,0,0,0,1,0,1.77244,0.86056,0.48552,1.77244,0.00057,0.25000,0.14286,0.08791,0.05123,0.01813,0.04625,11,0,none,a0:none:86
4,7008,combined_abort_stress_4_7008_0,combined_abort_stress,abort_discovery_v5_no_abort_reason_labels,0.00,,1,0,0,0,1,0,2.21462,0.86056,0.38858,2.21462,0.00641,0.28190,0.16408,0.22108,0.25403,0.04371,0.32250,11,0,none,a0:none:97
4,7008,combined_abort_stress_4_7008_0,combined_abort_stress,abort_discovery_v5_no_repeated_abort_memory,0.00,,1,0,0,0,1,0,1.82168,0.86056,0.47240,1.82168,0.00718,0.32244,0.19221,0.13870,0.13680,0.04156,0.18812,11,0,none,a0:none:93
4,7008,combined_abort_stress_4_7008_0,combined_abort_stress,abort_discovery_v5_no_safety_margin,0.00,,0,1,1,1,6,0,5.12994,0.86056,0.05871,6.44994,-0.01312,0.33149,0.19868,0.11220,0.09862,0.14124,0.12750,11,0,fixture_snag,a0:fixture_snag:42;a1:fixture_snag:37;a2:fixture_snag:41;a3:fixture_snag:40;a4:fixture_snag:40;a5:fixture_snag:40
4,7008,combined_abort_stress_4_7008_0,combined_abort_stress,abort_discovery_v5_no_calibration,0.00,,1,0,0,0,1,0,2.17748,0.86056,0.39521,2.17748,0.01017,0.32051,0.19084,0.14224,0.14056,0.04173,0.19375,11,0,none,a0:none:93
4,7008,combined_abort_stress_4_7008_0,combined_abort_stress,abort_discovery_v5_no_dynamic_contact_features,0.00,,1,0,0,0,1,0,1.83668,0.86056,0.46854,1.83668,0.00901,0.32609,0.19481,0.13896,0.13756,0.04171,0.18875,11,0,none,a0:none:93
4,7008,combined_abort_stress_4_7008_0,combined_abort_stress,abort_discovery_v5_no_uncertainty_quantile,0.00,,1,0,0,0,1,0,1.88542,0.86056,0.45643,1.88542,0.02616,0.32609,0.19481,0.13870,0.13440,0.04050,0.18875,11,0,none,a0:none:93
4,7008,combined_abort_stress_4_7008_0,combined_abort_stress,abort_discovery_v5_no_barrier_inflation,0.00,,1,0,0,0,1,0,1.84126,0.86056,0.46737,1.84126,0.01363,0.32018,0.19060,0.13531,0.12466,0.02703,0.18625,11,0,none,a0:none:93
4,7008,combined_abort_stress_4_7008_0,combined_abort_stress,abort_discovery_v5_endpoint_only,0.00,,1,1,1,0,3,0,3.42714,0.86056,0.25110,3.98714,-0.00516,0.30833,0.18227,0.08555,0.06886,0.02668,0.05125,11,0,none,a0:fixture_snag:37;a1:fixture_snag:36;a2:none:88
4,7009,combined_abort_stress_4_7009_0,combined_abort_stress,abort_discovery_v5_full,0.00,,0,0,0,0,1,1,0.00000,0.85201,0.00000,0.12000,1.00000,0.53431,0.36454,0.15619,0.23681,1.00000,0.30062,11,0,no_path,a0:no_path
4,7009,combined_abort_stress_4_7009_0,combined_abort_stress,abort_discovery_v5_no_partial_geometry,0.00,,0,1,1,1,6,0,4.85245,0.85201,0.06145,6.17245,-0.01243,0.38177,0.23592,0.09614,0.03887,0.15133,0.09187,11,0,human_stop,a0:human_stop:42;a1:force_limit:34;a2:unstable_slip:50;a3:collision_margin:41;a4:visible_collision:21;a5:human_stop:35
4,7009,combined_abort_stress_4_7009_0,combined_abort_stress,abort_discovery_v5_no_abort_reason_labels,0.00,,0,0,0,0,1,1,0.00000,0.85201,0.00000,0.12000,1.00000,0.44013,0.28216,0.15831,0.16048,1.00000,0.25875,11,0,no_path,a0:no_path
4,7009,combined_abort_stress_4_7009_0,combined_abort_stress,abort_discovery_v5_no_repeated_abort_memory,0.00,,0,1,1,0,6,0,5.24950,0.85201,0.05681,6.56950,-0.01931,0.52975,0.36031,0.16147,0.24725,0.52038,0.31375,11,0,human_stop,a0:human_stop:39;a1:human_stop:61;a2:human_stop:34;a3:human_stop:34;a4:human_stop:34;a5:human_stop:36
4,7009,combined_abort_stress_4_7009_0,combined_abort_stress,abort_discovery_v5_no_safety_margin,0.00,,1,0,0,0,1,0,2.54574,0.85201,0.33468,2.54574,0.04374,0.57188,0.40045,0.13451,0.20658,0.14360,0.26375,11,0,none,a0:none:120
4,7009,combined_abort_stress_4_7009_0,combined_abort_stress,abort_discovery_v5_no_calibration,0.00,,0,0,0,0,1,1,0.00000,0.85201,0.00000,0.12000,1.00000,0.51046,0.34270,0.16920,0.25151,1.00000,0.32062,11,0,no_path,a0:no_path
4,7009,combined_abort_stress_4_7009_0,combined_abort_stress,abort_discovery_v5_no_dynamic_contact_features,0.00,,0,1,1,1,6,0,4.05164,0.85201,0.07360,5.37164,-0.01238,0.46065,0.29925,0.13190,0.12263,0.20419,0.19812,11,0,force_limit,a0:visible_collision:15;a1:force_limit:40;a2:force_limit:35;a3:visible_collision:20;a4:force_limit:36;a5:force_limit:36
4,7009,combined_abort_stress_4_7009_0,combined_abort_stress,abort_discovery_v5_no_uncertainty_quantile,0.00,,0,1,1,0,6,0,5.24963,0.85201,0.05680,6.56963,-0.02059,0.53165,0.36207,0.16267,0.24954,0.51969,0.31688,11,0,human_stop,a0:human_stop:39;a1:human_stop:62;a2:human_stop:34;a3:human_stop:34;a4:human_stop:34;a5:human_stop:34
4,7009,combined_abort_stress_4_7009_0,combined_abort_stress,abort_discovery_v5_no_barrier_inflation,0.00,,0,1,1,1,3,1,1.90694,0.85201,0.15638,2.46694,-0.01234,0.53779,0.36779,0.15563,0.24005,1.00000,0.30250,11,0,no_path,a0:human_stop:39;a1:force_limit:40;a2:no_path
4,7009,combined_abort_stress_4_7009_0,combined_abort_stress,abort_discovery_v5_endpoint_only,0.00,,1,1,1,1,4,0,4.54088,0.85201,0.18763,5.38088,-0.01055,0.35410,0.21514,0.08852,0.04055,0.12251,0.06313,11,0,none,a0:unstable_slip:50;a1:collision_margin:42;a2:human_stop:38;a3:none:79
5,7000,combined_abort_stress_5_7000_0,combined_abort_stress,abort_discovery_v5_full,0.00,,1,0,0,0,1,0,3.10779,0.85371,0.27470,3.10779,0.00882,0.43126,0.27491,0.17236,0.23084,0.11014,0.30625,11,0,none,a0:none:120
5,7000,combined_abort_stress_5_7000_0,combined_abort_stress,abort_discovery_v5_no_partial_geometry,0.00,,0,1,1,1,6,0,6.15302,0.85371,0.04856,7.47302,-0.02214,0.54684,0.37631,0.09459,0.07911,0.11874,0.12125,11,0,fixture_snag,a0:force_limit:29;a1:force_limit:36;a2:fixture_snag:65;a3:collision_margin:38;a4:fixture_snag:54;a5:fixture_snag:54
5,7000,combined_abort_stress_5_7000_0,combined_abort_stress,abort_discovery_v5_no_abort_reason_labels,0.00,,1,0,0,0,1,0,2.60416,0.85371,0.32783,2.60416,0.02256,0.44375,0.28514,0.17315,0.20880,0.04056,0.27437,11,0,none,a0:none:120
5,7000,combined_abort_stress_5_7000_0,combined_abort_stress,abort_discovery_v5_no_repeated_abort_memory,0.00,,1,0,0,0,1,0,2.76057,0.85371,0.30925,2.76057,0.00945,0.41805,0.26426,0.16927,0.22055,0.10996,0.29000,11,0,none,a0:none:120
5,7000,combined_abort_stress_5_7000_0,combined_abort_stress,abort_discovery_v5_no_safety_margin,0.00,,1,1,0,1,2,0,4.68114,0.85371,0.18237,4.96114,0.01339,0.42857,0.27273,0.15530,0.20568,0.11343,0.27687,11,0,none,a0:visible_collision:105;a1:none:120
5,7000,combined_abort_stress_5_7000_0,combined_abort_stress,abort_discovery_v5_no_calibration,0.00,,1,0,0,0,1,0,2.83519,0.85371,0.30111,2.83519,0.02579,0.40878,0.25690,0.18669,0.24535,0.11322,0.33000,11,0,none,a0:none:120
5,7000,combined_abort_stress_5_7000_0,combined_abort_stress,abort_discovery_v5_no_dynamic_contact_features,0.00,,1,0,0,0,1,0,2.72558,0.85371,0.31322,2.72558,0.01382,0.50867,0.34109,0.12241,0.12206,0.03027,0.19875,11,0,none,a0:none:120
5,7000,combined_abort_stress_5_7000_0,combined_abort_stress,abort_discovery_v5_no_uncertainty_quantile,0.00,,1,0,0,0,1,0,2.73693,0.85371,0.31192,2.73693,0.01961,0.43126,0.27491,0.17235,0.23081,0.11168,0.30625,11,0,none,a0:none:120
5,7000,combined_abort_stress_5_7000_0,combined_abort_stress,abort_discovery_v5_no_barrier_inflation,0.00,,1,0,0,0,1,0,2.73838,0.85371,0.31176,2.73838,0.01405,0.43126,0.27491,0.17116,0.22773,0.11283,0.30625,11,0,none,a0:none:120
5,7000,combined_abort_stress_5_7000_0,combined_abort_stress,abort_discovery_v5_endpoint_only,0.00,,0,1,1,1,6,0,4.57109,0.85371,0.06537,5.89109,-0.01353,0.45062,0.29084,0.08883,0.04816,0.12537,0.07687,11,0,fixture_snag,a0:fixture_snag:44;a1:force_limit:27;a2:fixture_snag:41;a3:fixture_snag:47;a4:force_limit:23;a5:fixture_snag:41
5,7001,combined_abort_stress_5_7001_0,combined_abort_stress,abort_discovery_v5_full,0.00,,1,0,0,0,1,0,1.46370,0.84281,0.57580,1.46370,0.04251,0.44959,0.28998,0.14626,0.19776,0.20726,0.25812,11,0,none,a0:none:83
5,7001,combined_abort_stress_5_7001_0,combined_abort_stress,abort_discovery_v5_no_partial_geometry,0.00,,1,0,0,0,1,0,1.59318,0.84281,0.52901,1.59318,0.03435,0.31142,0.18443,0.10026,0.06676,0.03693,0.06062,11,0,none,a0:none:82
5,7001,combined_abort_stress_5_7001_0,combined_abort_stress,abort_discovery_v5_no_abort_reason_labels,0.00,,1,0,0,0,1,0,1.78729,0.84281,0.47156,1.78729,0.04092,0.44723,0.28802,0.14149,0.12842,0.20244,0.22937,11,0,none,a0:none:83
5,7001,combined_abort_stress_5_7001_0,combined_abort_stress,abort_discovery_v5_no_repeated_abort_memory,0.00,,1,0,0,0,1,0,1.73399,0.84281,0.48605,1.73399,0.04262,0.45108,0.29122,0.14495,0.19640,0.20726,0.25688,11,0,none,a0:none:83
5,7001,combined_abort_stress_5_7001_0,combined_abort_stress,abort_discovery_v5_no_safety_margin,0.00,,1,0,0,0,1,0,1.60929,0.84281,0.52371,1.60929,0.04195,0.45490,0.29442,0.11805,0.14667,0.03388,0.19875,11,0,none,a0:none:82
5,7001,combined_abort_stress_5_7001_0,combined_abort_stress,abort_discovery_v5_no_calibration,0.00,,1,0,0,0,1,0,1.65815,0.84281,0.50828,1.65815,0.02871,0.43660,0.27926,0.15395,0.20634,0.20963,0.26937,11,0,none,a0:none:83
5,7001,combined_abort_stress_5_7001_0,combined_abort_stress,abort_discovery_v5_no_dynamic_contact_features,0.00,,1,0,0,0,1,0,1.60840,0.84281,0.52400,1.60840,0.03538,0.48627,0.32124,0.12182,0.10763,0.20070,0.19875,11,0,none,a0:none:83
5,7001,combined_abort_stress_5_7001_0,combined_abort_stress,abort_discovery_v5_no_uncertainty_quantile,0.00,,1,0,0,0,1,0,1.77021,0.84281,0.47611,1.77021,0.03487,0.44959,0.28998,0.14626,0.19771,0.20684,0.25812,11,0,none,a0:none:83
5,7001,combined_abort_stress_5_7001_0,combined_abort_stress,abort_discovery_v5_no_barrier_inflation,0.00,,1,0,0,0,1,0,1.75336,0.84281,0.48068,1.75336,0.03548,0.44850,0.28908,0.14478,0.19400,0.18968,0.25625,11,0,none,a0:none:83
5,7001,combined_abort_stress_5_7001_0,combined_abort_stress,abort_discovery_v5_endpoint_only,0.00,,1,0,0,0,1,0,1.76551,0.84281,0.47737,1.76551,0.02899,0.24390,0.13889,0.09565,0.06953,0.00185,0.03375,11,0,none,a0:none:80
5,7002,combined_abort_stress_5_7002_0,combined_abort_stress,abort_discovery_v5_full,0.00,,1,0,0,0,1,0,2.07313,0.84758,0.40884,2.07313,0.00589,0.46850,0.30591,0.15466,0.18932,0.27947,0.26625,11,0,none,a0:none:94
5,7002,combined_abort_stress_5_7002_0,combined_abort_stress,abort_discovery_v5_no_partial_geometry,0.00,,1,1,1,1,3,0,4.57527,0.84758,0.18525,5.13527,-0.01570,0.51163,0.34375,0.07956,0.04092,0.07111,0.09438,11,0,none,a0:unstable_slip:79;a1:visible_collision:57;a2:none:99
5,7002,combined_abort_stress_5_7002_0,combined_abort_stress,abort_discovery_v5_no_abort_reason_labels,0.00,,0,0,0,0,1,1,0.00000,0.84758,0.00000,0.12000,1.00000,0.42700,0.27146,0.17588,0.21036,1.00000,0.27750,11,0,no_path,a0:no_path
5,7002,combined_abort_stress_5_7002_0,combined_abort_stress,abort_discovery_v5_no_repeated_abort_memory,0.00,,1,0,0,0,1,0,1.86018,0.84758,0.45564,1.86018,0.00730,0.46850,0.30591,0.15472,0.18879,0.29123,0.26625,11,0,none,a0:none:92
5,7002,combined_abort_stress_5_7002_0,combined_abort_stress,abort_discovery_v5_no_safety_margin,0.00,,1,0,0,0,1,0,1.79299,0.84758,0.47272,1.79299,0.00660,0.49632,0.33007,0.12508,0.14635,0.30927,0.21937,11,0,none,a0:none:89
5,7002,combined_abort_stress_5_7002_0,combined_abort_stress,abort_discovery_v5_no_calibration,0.00,,1,0,0,0,1,0,1.94343,0.84758,0.43613,1.94343,-0.00468,0.44275,0.28431,0.16645,0.20112,0.29566,0.28875,11,0,none,a0:none:92
5,7002,combined_abort_stress_5_7002_0,combined_abort_stress,abort_discovery_v5_no_dynamic_contact_features,0.00,,1,1,1,1,3,0,5.44400,0.84758,0.15569,6.00400,-0.01227,0.48855,0.32323,0.12092,0.13597,0.08483,0.20688,11,0,none,a0:unstable_slip:78;a1:unstable_slip:74;a2:none:99
5,7002,combined_abort_stress_5_7002_0,combined_abort_stress,abort_discovery_v5_no_uncertainty_quantile,0.00,,1,0,0,0,1,0,1.71247,0.84758,0.49494,1.71247,0.00372,0.46850,0.30591,0.15460,0.18789,0.29123,0.26625,11,0,none,a0:none:92
5,7002,combined_abort_stress_5_7002_0,combined_abort_stress,abort_discovery_v5_no_barrier_inflation,0.00,,1,1,0,1,2,0,2.83438,0.84758,0.29904,3.11438,0.01280,0.47154,0.30851,0.15201,0.18429,0.27101,0.26375,11,0,none,a0:visible_collision:44;a1:none:91
5,7002,combined_abort_stress_5_7002_0,combined_abort_stress,abort_discovery_v5_endpoint_only,0.00,,0,1,1,1,6,0,3.89594,0.84758,0.07614,5.21594,-0.01918,0.33553,0.20158,0.09383,0.05558,0.12950,0.06938,11,0,force_limit,a0:visible_collision:35;a1:collision_margin:30;a2:force_limit:25;a3:force_limit:27;a4:collision_margin:33;a5:force_limit:26
5,7003,combined_abort_stress_5_7003_0,combined_abort_stress,abort_discovery_v5_full,0.00,,1,0,0,0,1,0,3.68462,0.85001,0.23069,3.68462,0.04052,0.47793,0.31400,0.15539,0.24151,0.10597,0.30438,11,0,none,a0:none:120
5,7003,combined_abort_stress_5_7003_0,combined_abort_stress,abort_discovery_v5_no_partial_geometry,0.00,,1,0,0,0,1,0,1.75062,0.85001,0.48554,1.75062,0.01768,0.42647,0.27103,0.07423,0.02778,0.04238,0.06375,11,0,none,a0:none:89
5,7003,combined_abort_stress_5_7003_0,combined_abort_stress,abort_discovery_v5_no_abort_reason_labels,0.00,,1,0,0,0,1,0,1.98751,0.85001,0.42767,1.98751,0.01703,0.42282,0.26809,0.15808,0.18388,0.17629,0.26625,11,0,none,a0:none:97
5,7003,combined_abort_stress_5_7003_0,combined_abort_stress,abort_discovery_v5_no_repeated_abort_memory,0.00,,1,0,0,0,1,0,3.46096,0.85001,0.24560,3.46096,0.03254,0.47793,0.31400,0.15509,0.24086,0.10860,0.30438,11,0,none,a0:none:120
5,7003,combined_abort_stress_5_7003_0,combined_abort_stress,abort_discovery_v5_no_safety_margin,0.00,,1,0,0,0,1,0,1.74874,0.85001,0.48607,1.74874,0.00651,0.45928,0.29810,0.14161,0.21603,0.34173,0.27750,11,0,none,a0:none:91
5,7003,combined_abort_stress_5_7003_0,combined_abort_stress,abort_discovery_v5_no_calibration,0.00,,1,0,0,0,1,0,3.47495,0.85001,0.24461,3.47495,0.03806,0.45507,0.29456,0.17040,0.25582,0.11008,0.32500,11,0,none,a0:none:120
5,7003,combined_abort_stress_5_7003_0,combined_abort_stress,abort_discovery_v5_no_dynamic_contact_features,0.00,,1,0,0,0,1,0,2.02047,0.85001,0.42070,2.02047,0.00766,0.45778,0.29683,0.10932,0.10232,0.04103,0.17500,11,0,none,a0:none:95
5,7003,combined_abort_stress_5_7003_0,combined_abort_stress,abort_discovery_v5_no_uncertainty_quantile,0.00,,1,1,0,1,2,0,5.44301,0.85001,0.15616,5.72301,0.03431,0.47576,0.31213,0.15608,0.24189,0.09942,0.30625,11,0,none,a0:visible_collision:96;a1:none:120
5,7003,combined_abort_stress_5_7003_0,combined_abort_stress,abort_discovery_v5_no_barrier_inflation,0.00,,1,1,0,1,2,0,5.61445,0.85001,0.15140,5.89445,0.03638,0.47489,0.31138,0.15548,0.24175,0.11338,0.30438,11,0,none,a0:visible_collision:96;a1:none:120
5,7003,combined_abort_stress_5_7003_0,combined_abort_stress,abort_discovery_v5_endpoint_only,0.00,,1,1,1,1,3,0,3.67598,0.85001,0.23123,4.23598,-0.00369,0.41085,0.25854,0.07046,0.02186,0.02388,0.05500,11,0,none,a0:force_limit:37;a1:fixture_snag:41;a2:none:89
5,7004,combined_abort_stress_5_7004_0,combined_abort_stress,abort_discovery_v5_full,0.00,,0,0,0,0,1,1,0.00000,0.83177,0.00000,0.12000,1.00000,0.33688,0.20256,0.18688,0.20819,1.00000,0.22375,11,0,no_path,a0:no_path
5,7004,combined_abort_stress_5_7004_0,combined_abort_stress,abort_discovery_v5_no_partial_geometry,0.00,,1,0,0,0,1,0,1.58994,0.83177,0.52314,1.58994,0.02769,0.36103,0.22028,0.12013,0.11333,0.06802,0.08937,11,0,none,a0:none:80
5,7004,combined_abort_stress_5_7004_0,combined_abort_stress,abort_discovery_v5_no_abort_reason_labels,0.00,,0,0,0,0,1,1,0.00000,0.83177,0.00000,0.12000,1.00000,0.32258,0.19231,0.19726,0.20441,1.00000,0.23938,11,0,no_path,a0:no_path
5,7004,combined_abort_stress_5_7004_0,combined_abort_stress,abort_discovery_v5_no_repeated_abort_memory,0.00,,0,0,0,0,1,1,0.00000,0.83177,0.00000,0.12000,1.00000,0.34667,0.20968,0.17459,0.18364,1.00000,0.19937,11,0,no_path,a0:no_path
5,7004,combined_abort_stress_5_7004_0,combined_abort_stress,abort_discovery_v5_no_safety_margin,0.00,,1,0,0,0,1,0,1.67523,0.83177,0.49651,1.67523,0.02857,0.38663,0.23964,0.13460,0.13957,0.07208,0.13312,11,0,none,a0:none:80
5,7004,combined_abort_stress_5_7004_0,combined_abort_stress,abort_discovery_v5_no_calibration,0.00,,0,0,0,0,1,1,0.00000,0.83177,0.00000,0.12000,1.00000,0.32095,0.19115,0.19481,0.21949,1.00000,0.24125,11,0,no_path,a0:no_path
5,7004,combined_abort_stress_5_7004_0,combined_abort_stress,abort_discovery_v5_no_dynamic_contact_features,0.00,,0,0,0,0,1,1,0.00000,0.83177,0.00000,0.12000,1.00000,0.33688,0.20256,0.18688,0.20819,1.00000,0.22375,11,0,no_path,a0:no_path
5,7004,combined_abort_stress_5_7004_0,combined_abort_stress,abort_discovery_v5_no_uncertainty_quantile,0.00,,0,0,0,0,1,1,0.00000,0.83177,0.00000,0.12000,1.00000,0.33688,0.20256,0.18696,0.20958,1.00000,0.22375,11,0,no_path,a0:no_path
5,7004,combined_abort_stress_5_7004_0,combined_abort_stress,abort_discovery_v5_no_barrier_inflation,0.00,,0,0,0,0,1,1,0.00000,0.83177,0.00000,0.12000,1.00000,0.33214,0.19914,0.18432,0.20512,1.00000,0.22125,11,0,no_path,a0:no_path
5,7004,combined_abort_stress_5_7004_0,combined_abort_stress,abort_discovery_v5_endpoint_only,0.00,,1,0,0,0,1,0,1.84722,0.83177,0.45028,1.84722,0.03549,0.30216,0.17797,0.10787,0.08843,0.04200,0.04500,11,0,none,a0:none:80
5,7005,combined_abort_stress_5_7005_0,combined_abort_stress,abort_discovery_v5_full,0.00,,1,0,0,0,1,0,2.64457,0.85697,0.32405,2.64457,0.01210,0.44284,0.28439,0.17024,0.27004,0.25269,0.32875,11,0,none,a0:none:120
5,7005,combined_abort_stress_5_7005_0,combined_abort_stress,abort_discovery_v5_no_partial_geometry,0.00,,1,1,1,1,3,0,3.91616,0.85697,0.21883,4.47616,-0.01352,0.44089,0.28279,0.08445,0.04658,0.09798,0.09250,11,0,none,a0:visible_collision:40;a1:unstable_slip:46;a2:none:90
5,7005,combined_abort_stress_5_7005_0,combined_abort_stress,abort_discovery_v5_no_abort_reason_labels,0.00,,1,1,0,1,2,0,4.71212,0.85697,0.18187,4.99212,0.01904,0.30769,0.18182,0.22674,0.26878,0.22529,0.34375,11,0,none,a0:visible_collision:88;a1:none:116
5,7005,combined_abort_stress_5_7005_0,combined_abort_stress,abort_discovery_v5_no_repeated_abort_memory,0.00,,1,0,0,0,1,0,1.90392,0.85697,0.45011,1.90392,0.00972,0.45199,0.29198,0.16429,0.26395,0.39584,0.32000,11,0,none,a0:none:87
5,7005,combined_abort_stress_5_7005_0,combined_abort_stress,abort_discovery_v5_no_safety_margin,0.00,,1,0,0,0,1,0,2.43204,0.85697,0.35237,2.43204,0.02304,0.48452,0.31971,0.12141,0.18876,0.15812,0.24000,11,0,none,a0:none:104
5,7005,combined_abort_stress_5_7005_0,combined_abort_stress,abort_discovery_v5_no_calibration,0.00,,0,0,0,0,1,1,0.00000,0.85697,0.00000,0.12000,1.00000,0.43714,0.27971,0.17633,0.27504,1.00000,0.33437,11,0,no_path,a0:no_path
5,7005,combined_abort_stress_5_7005_0,combined_abort_stress,abort_discovery_v5_no_dynamic_contact_features,0.00,,1,0,0,0,1,0,2.51219,0.85697,0.34113,2.51219,0.02336,0.37849,0.23342,0.14353,0.15689,0.14461,0.21063,11,0,none,a0:none:102
5,7005,combined_abort_stress_5_7005_0,combined_abort_stress,abort_discovery_v5_no_uncertainty_quantile,0.00,,1,0,0,0,1,0,2.07418,0.85697,0.41316,2.07418,0.00411,0.44284,0.28439,0.16985,0.26555,0.39523,0.32875,11,0,none,a0:none:86
5,7005,combined_abort_stress_5_7005_0,combined_abort_stress,abort_discovery_v5_no_barrier_inflation,0.00,,1,0,0,0,1,0,1.92981,0.85697,0.44407,1.92981,0.00798,0.44348,0.28492,0.16753,0.26457,0.40137,0.32812,11,0,none,a0:none:86
5,7005,combined_abort_stress_5_7005_0,combined_abort_stress,abort_discovery_v5_endpoint_only,0.00,,1,1,1,1,3,0,3.90703,0.85697,0.21934,4.46703,-0.00450,0.32624,0.19492,0.08445,0.04347,0.08255,0.07312,11,0,none,a0:visible_collision:49;a1:unstable_slip:47;a2:none:90
5,7006,combined_abort_stress_5_7006_0,combined_abort_stress,abort_discovery_v5_full,0.00,,1,1,0,0,2,0,4.52652,0.85234,0.18830,4.80652,-0.00049,0.48105,0.31670,0.15238,0.24461,0.13305,0.32500,11,0,none,a0:fixture_snag:60;a1:none:120
5,7006,combined_abort_stress_5_7006_0,combined_abort_stress,abort_discovery_v5_no_partial_geometry,0.00,,0,1,1,1,6,0,5.19500,0.85234,0.05742,6.51500,-0.01652,0.55927,0.38819,0.06677,0.04437,0.12274,0.10187,11,0,collision_margin,a0:fixture_snag:52;a1:fixture_snag:46;a2:collision_margin:32;a3:collision_margin:32;a4:collision_margin:34;a5:collision_margin:38
5,7006,combined_abort_stress_5_7006_0,combined_abort_stress,abort_discovery_v5_no_abort_reason_labels,0.00,,1,0,0,0,1,0,2.20751,0.85234,0.38611,2.20751,0.02522,0.41248,0.25983,0.15096,0.17328,0.06675,0.25688,11,0,none,a0:none:105
5,7006,combined_abort_stress_5_7006_0,combined_abort_stress,abort_discovery_v5_no_repeated_abort_memory,0.00,,1,0,0,0,1,0,2.32689,0.85234,0.36630,2.32689,0.02501,0.50305,0.33605,0.14108,0.23593,0.20747,0.30625,11,0,none,a0:none:111
5,7006,combined_abort_stress_5_7006_0,combined_abort_stress,abort_discovery_v5_no_safety_margin,0.00,,1,0,0,0,1,0,2.39431,0.85234,0.35599,2.39431,0.01078,0.52464,0.35560,0.12562,0.21660,0.22048,0.28937,11,0,none,a0:none:108
5,7006,combined_abort_stress_5_7006_0,combined_abort_stress,abort_discovery_v5_no_calibration,0.00,,1,0,0,0,1,0,2.33792,0.85234,0.36457,2.33792,0.03137,0.47346,0.31015,0.15774,0.25185,0.20274,0.33187,11,0,none,a0:none:114
5,7006,combined_abort_stress_5_7006_0,combined_abort_stress,abort_discovery_v5_no_dynamic_contact_features,0.00,,1,0,0,0,1,0,2.20222,0.85234,0.38704,2.20222,0.01750,0.57002,0.39863,0.08032,0.07923,0.01994,0.15063,11,0,none,a0:none:102
5,7006,combined_abort_stress_5_7006_0,combined_abort_stress,abort_discovery_v5_no_uncertainty_quantile,0.00,,1,0,0,0,1,0,2.34430,0.85234,0.36358,2.34430,0.01882,0.49849,0.33199,0.14166,0.23550,0.20747,0.31000,11,0,none,a0:none:111
5,7006,combined_abort_stress_5_7006_0,combined_abort_stress,abort_discovery_v5_no_barrier_inflation,0.00,,1,0,0,0,1,0,2.28198,0.85234,0.37351,2.28198,0.00942,0.49924,0.33266,0.14087,0.23475,0.20747,0.30938,11,0,none,a0:none:111
5,7006,combined_abort_stress_5_7006_0,combined_abort_stress,abort_discovery_v5_endpoint_only,0.00,,0,1,1,1,6,0,4.57169,0.85234,0.06525,5.89169,-0.01444,0.46154,0.30000,0.06813,0.02694,0.13474,0.07500,11,0,collision_margin,a0:fixture_snag:41;a1:collision_margin:32;a2:unstable_slip:37;a3:force_limit:29;a4:human_stop:31;a5:collision_margin:31
5,7007,combined_abort_stress_5_7007_0,combined_abort_stress,abort_discovery_v5_full,0.00,,0,0,0,0,1,1,0.00000,0.85394,0.00000,0.12000,1.00000,0.45231,0.29225,0.16578,0.26158,1.00000,0.30125,11,0,no_path,a0:no_path
5,7007,combined_abort_stress_5_7007_0,combined_abort_stress,abort_discovery_v5_no_partial_geometry,0.00,,0,1,1,1,6,0,5.33386,0.85394,0.05603,6.65386,-0.02773,0.51282,0.34483,0.08236,0.07354,0.16327,0.09000,11,0,human_stop,a0:visible_collision:24;a1:collision_margin:45;a2:collision_margin:45;a3:force_limit:38;a4:fixture_snag:46;a5:human_stop:42
5,7007,combined_abort_stress_5_7007_0,combined_abort_stress,abort_discovery_v5_no_abort_reason_labels,0.00,,0,0,0,0,1,1,0.00000,0.85394,0.00000,0.12000,1.00000,0.44444,0.28571,0.14170,0.15418,1.00000,0.23813,11,0,no_path,a0:no_path
5,7007,combined_abort_stress_5_7007_0,combined_abort_stress,abort_discovery_v5_no_repeated_abort_memory,0.00,,0,1,0,0,2,1,0.88244,0.85394,0.33870,1.22244,-0.00145,0.45092,0.29109,0.16731,0.26334,1.00000,0.30250,11,0,no_path,a0:collision_margin:42;a1:no_path
5,7007,combined_abort_stress_5_7007_0,combined_abort_stress,abort_discovery_v5_no_safety_margin,0.00,,1,0,0,0,1,0,2.40104,0.85394,0.35566,2.40104,0.03610,0.47496,0.31144,0.14782,0.24383,0.18110,0.28187,11,0,none,a0:none:114
5,7007,combined_abort_stress_5_7007_0,combined_abort_stress,abort_discovery_v5_no_calibration,0.00,,0,0,0,0,1,1,0.00000,0.85394,0.00000,0.12000,1.00000,0.42486,0.26972,0.17997,0.27739,1.00000,0.32750,11,0,no_path,a0:no_path
5,7007,combined_abort_stress_5_7007_0,combined_abort_stress,abort_discovery_v5_no_dynamic_contact_features,0.00,,0,1,1,1,4,1,3.14424,0.85394,0.09506,3.92424,-0.00583,0.43697,0.27957,0.12633,0.11755,1.00000,0.19250,11,0,no_path,a0:force_limit:48;a1:force_limit:48;a2:fixture_snag:50;a3:no_path
5,7007,combined_abort_stress_5_7007_0,combined_abort_stress,abort_discovery_v5_no_uncertainty_quantile,0.00,,0,1,0,1,2,1,0.92925,0.85394,0.32163,1.26925,-0.01640,0.43815,0.28053,0.17468,0.27087,1.00000,0.31438,11,0,no_path,a0:collision_margin:41;a1:no_path
5,7007,combined_abort_stress_5_7007_0,combined_abort_stress,abort_discovery_v5_no_barrier_inflation,0.00,,0,1,0,0,2,1,0.90741,0.85394,0.32938,1.24741,-0.00136,0.43750,0.28000,0.17454,0.26907,1.00000,0.31500,11,0,no_path,a0:collision_margin:40;a1:no_path
5,7007,combined_abort_stress_5_7007_0,combined_abort_stress,abort_discovery_v5_endpoint_only,0.00,,0,1,1,1,6,0,4.78309,0.85394,0.06249,6.10309,-0.00777,0.39700,0.24766,0.08224,0.05786,0.10136,0.06187,11,0,fixture_snag,a0:visible_collision:25;a1:collision_margin:42;a2:collision_margin:42;a3:force_limit:39;a4:force_limit:38;a5:fixture_snag:45
5,7008,combined_abort_stress_5_7008_0,combined_abort_stress,abort_discovery_v5_full,0.00,,1,0,0,0,1,0,2.66881,0.85358,0.31983,2.66881,0.02554,0.47304,0.30979,0.13752,0.22037,0.12522,0.25188,11,0,none,a0:none:120
5,7008,combined_abort_stress_5_7008_0,combined_abort_stress,abort_discovery_v5_no_partial_geometry,0.00,,0,1,1,1,6,0,6.49065,0.85358,0.04603,7.81065,-0.01913,0.35942,0.21908,0.09796,0.06600,0.14691,0.10812,11,0,unstable_slip,a0:collision_margin:48;a1:fixture_snag:47;a2:human_stop:49;a3:fixture_snag:47;a4:visible_collision:58;a5:unstable_slip:49
5,7008,combined_abort_stress_5_7008_0,combined_abort_stress,abort_discovery_v5_no_abort_reason_labels,0.00,,1,1,1,1,3,0,6.24173,0.85358,0.13675,6.80173,-0.00724,0.25465,0.14590,0.23054,0.24729,0.22489,0.32937,11,0,none,a0:visible_collision:95;a1:fixture_snag:67;a2:none:120
5,7008,combined_abort_stress_5_7008_0,combined_abort_stress,abort_discovery_v5_no_repeated_abort_memory,0.00,,1,0,0,0,1,0,2.54050,0.85358,0.33599,2.54050,0.04316,0.47387,0.31050,0.13708,0.22006,0.13167,0.25125,11,0,none,a0:none:120
5,7008,combined_abort_stress_5_7008_0,combined_abort_stress,abort_discovery_v5_no_safety_margin,0.00,,1,1,1,1,4,0,5.84530,0.85358,0.14603,6.68530,0.03739,0.45907,0.29792,0.13798,0.21722,0.14857,0.24375,11,0,none,a0:visible_collision:58;a1:visible_collision:43;a2:visible_collision:53;a3:none:120
5,7008,combined_abort_stress_5_7008_0,combined_abort_stress,abort_discovery_v5_no_calibration,0.00,,1,0,0,0,1,0,2.63066,0.85358,0.32447,2.63066,0.02880,0.44444,0.28571,0.15116,0.23249,0.13436,0.27500,11,0,none,a0:none:120
5,7008,combined_abort_stress_5_7008_0,combined_abort_stress,abort_discovery_v5_no_dynamic_contact_features,0.00,,1,1,0,0,2,0,3.74895,0.85358,0.22768,4.02895,-0.00560,0.45550,0.29492,0.09182,0.06580,0.03329,0.13125,11,0,none,a0:fixture_snag:53;a1:none:118
5,7008,combined_abort_stress_5_7008_0,combined_abort_stress,abort_discovery_v5_no_uncertainty_quantile,0.00,,1,0,0,0,1,0,2.76824,0.85358,0.30835,2.76824,0.03465,0.47304,0.30979,0.13746,0.21980,0.13099,0.25188,11,0,none,a0:none:120
5,7008,combined_abort_stress_5_7008_0,combined_abort_stress,abort_discovery_v5_no_barrier_inflation,0.00,,1,0,0,0,1,0,2.49171,0.85358,0.34257,2.49171,0.03547,0.47304,0.30979,0.13745,0.21942,0.13167,0.25188,11,0,none,a0:none:120
5,7008,combined_abort_stress_5_7008_0,combined_abort_stress,abort_discovery_v5_endpoint_only,0.00,,0,1,1,1,6,0,5.98037,0.85358,0.04996,7.30037,-0.02363,0.42754,0.27189,0.06974,0.01617,0.10760,0.06500,11,0,collision_margin,a0:human_stop:43;a1:fixture_snag:45;a2:collision_margin:42;a3:collision_margin:46;a4:force_limit:47;a5:collision_margin:46
5,7009,combined_abort_stress_5_7009_0,combined_abort_stress,abort_discovery_v5_full,0.00,,0,0,0,0,1,1,0.00000,0.84164,0.00000,0.12000,1.00000,0.40304,0.25238,0.14280,0.13419,1.00000,0.21625,11,0,no_path,a0:no_path
5,7009,combined_abort_stress_5_7009_0,combined_abort_stress,abort_discovery_v5_no_partial_geometry,0.00,,1,0,0,0,1,0,1.93958,0.84164,0.43393,1.93958,0.04373,0.38532,0.23864,0.09617,0.06486,0.08121,0.09187,11,0,none,a0:none:90
5,7009,combined_abort_stress_5_7009_0,combined_abort_stress,abort_discovery_v5_no_abort_reason_labels,0.00,,0,0,0,0,1,1,0.00000,0.84164,0.00000,0.12000,1.00000,0.31329,0.18574,0.20381,0.22944,1.00000,0.28250,11,0,no_path,a0:no_path
5,7009,combined_abort_stress_5_7009_0,combined_abort_stress,abort_discovery_v5_no_repeated_abort_memory,0.00,,0,0,0,0,1,1,0.00000,0.84164,0.00000,0.12000,1.00000,0.40000,0.25000,0.13825,0.12600,1.00000,0.20625,11,0,no_path,a0:no_path
5,7009,combined_abort_stress_5_7009_0,combined_abort_stress,abort_discovery_v5_no_safety_margin,0.00,,1,0,0,0,1,0,2.05344,0.84164,0.40987,2.05344,0.02970,0.42971,0.27365,0.10606,0.08954,0.06378,0.12312,11,0,none,a0:none:90
5,7009,combined_abort_stress_5_7009_0,combined_abort_stress,abort_discovery_v5_no_calibration,0.00,,0,0,0,0,1,1,0.00000,0.84164,0.00000,0.12000,1.00000,0.40304,0.25238,0.14439,0.13504,1.00000,0.21625,11,0,no_path,a0:no_path
5,7009,combined_abort_stress_5_7009_0,combined_abort_stress,abort_discovery_v5_no_dynamic_contact_features,0.00,,0,0,0,0,1,1,0.00000,0.84164,0.00000,0.12000,1.00000,0.40304,0.25238,0.14280,0.13419,1.00000,0.21625,11,0,no_path,a0:no_path
5,7009,combined_abort_stress_5_7009_0,combined_abort_stress,abort_discovery_v5_no_uncertainty_quantile,0.00,,0,0,0,0,1,1,0.00000,0.84164,0.00000,0.12000,1.00000,0.40304,0.25238,0.14258,0.13428,1.00000,0.21625,11,0,no_path,a0:no_path
5,7009,combined_abort_stress_5_7009_0,combined_abort_stress,abort_discovery_v5_no_barrier_inflation,0.00,,0,0,0,0,1,1,0.00000,0.84164,0.00000,0.12000,1.00000,0.40691,0.25542,0.13834,0.12390,1.00000,0.21313,11,0,no_path,a0:no_path
5,7009,combined_abort_stress_5_7009_0,combined_abort_stress,abort_discovery_v5_endpoint_only,0.00,,0,1,1,1,6,0,5.60726,0.84164,0.05253,6.92726,-0.01754,0.33333,0.20000,0.09608,0.07055,0.13693,0.07125,11,0,collision_margin,a0:visible_collision:40;a1:collision_margin:45;a2:collision_margin:40;a3:collision_margin:44;a4:human_stop:49;a5:collision_margin:39
6,7000,combined_abort_stress_6_7000_0,combined_abort_stress,abort_discovery_v5_full,0.00,,0,0,0,0,1,1,0.00000,0.85251,0.00000,0.12000,1.00000,0.43029,0.27412,0.15383,0.16681,1.00000,0.24938,11,0,no_path,a0:no_path
6,7000,combined_abort_stress_6_7000_0,combined_abort_stress,abort_discovery_v5_no_partial_geometry,0.00,,1,0,0,0,1,0,1.65321,0.85251,0.51567,1.65321,0.04909,0.40950,0.25746,0.09454,0.06826,0.10592,0.09688,11,0,none,a0:none:86
6,7000,combined_abort_stress_6_7000_0,combined_abort_stress,abort_discovery_v5_no_abort_reason_labels,0.00,,0,0,0,0,1,1,0.00000,0.85251,0.00000,0.12000,1.00000,0.41845,0.26458,0.16696,0.17525,1.00000,0.26562,11,0,no_path,a0:no_path
6,7000,combined_abort_stress_6_7000_0,combined_abort_stress,abort_discovery_v5_no_repeated_abort_memory,0.00,,0,0,0,0,1,1,0.00000,0.85251,0.00000,0.12000,1.00000,0.44092,0.28281,0.14843,0.15999,1.00000,0.24063,11,0,no_path,a0:no_path
6,7000,combined_abort_stress_6_7000_0,combined_abort_stress,abort_discovery_v5_no_safety_margin,0.00,,1,1,1,1,6,0,5.08572,0.85251,0.16763,6.48572,-0.01159,0.47773,0.31383,0.11680,0.11530,0.16730,0.19500,11,0,none,a0:visible_collision:22;a1:collision_margin:43;a2:collision_margin:36;a3:visible_collision:21;a4:collision_margin:35;a5:none:85
6,7000,combined_abort_stress_6_7000_0,combined_abort_stress,abort_discovery_v5_no_calibration,0.00,,0,0,0,0,1,1,0.00000,0.85251,0.00000,0.12000,1.00000,0.42230,0.26767,0.15828,0.17195,1.00000,0.25625,11,0,no_path,a0:no_path
6,7000,combined_abort_stress_6_7000_0,combined_abort_stress,abort_discovery_v5_no_dynamic_contact_features,0.00,,0,0,0,0,1,1,0.00000,0.85251,0.00000,0.12000,1.00000,0.41711,0.26351,0.15138,0.15562,1.00000,0.23688,11,0,no_path,a0:no_path
6,7000,combined_abort_stress_6_7000_0,combined_abort_stress,abort_discovery_v5_no_uncertainty_quantile,0.00,,0,0,0,0,1,1,0.00000,0.85251,0.00000,0.12000,1.00000,0.43029,0.27412,0.15376,0.16568,1.00000,0.24938,11,0,no_path,a0:no_path
6,7000,combined_abort_stress_6_7000_0,combined_abort_stress,abort_discovery_v5_no_barrier_inflation,0.00,,0,0,0,0,1,1,0.00000,0.85251,0.00000,0.12000,1.00000,0.43328,0.27655,0.15193,0.16201,1.00000,0.24688,11,0,no_path,a0:no_path
6,7000,combined_abort_stress_6_7000_0,combined_abort_stress,abort_discovery_v5_endpoint_only,0.00,,1,1,0,1,2,0,2.89385,0.85251,0.29459,3.17385,-0.01952,0.31618,0.18777,0.08856,0.05090,0.03457,0.05625,11,0,none,a0:collision_margin:38;a1:none:88
6,7001,combined_abort_stress_6_7001_0,combined_abort_stress,abort_discovery_v5_full,0.00,,0,1,0,1,2,1,0.70394,0.83122,0.41328,1.04394,-0.02624,0.41713,0.26353,0.14981,0.17173,1.00000,0.22062,11,0,no_path,a0:collision_margin:36;a1:no_path
6,7001,combined_abort_stress_6_7001_0,combined_abort_stress,abort_discovery_v5_no_partial_geometry,0.00,,1,0,0,0,1,0,1.60508,0.83122,0.51787,1.60508,0.00981,0.34835,0.21091,0.10169,0.06808,0.07492,0.09312,11,0,none,a0:none:82
6,7001,combined_abort_stress_6_7001_0,combined_abort_stress,abort_discovery_v5_no_abort_reason_labels,0.00,,0,0,0,0,1,1,0.00000,0.83122,0.00000,0.12000,1.00000,0.32061,0.19091,0.21127,0.25096,1.00000,0.29437,11,0,no_path,a0:no_path
6,7001,combined_abort_stress_6_7001_0,combined_abort_stress,abort_discovery_v5_no_repeated_abort_memory,0.00,,0,1,1,1,3,1,1.77004,0.83122,0.16436,2.33004,-0.01631,0.43922,0.28141,0.14230,0.15383,1.00000,0.20375,11,0,no_path,a0:collision_margin:35;a1:human_stop:41;a2:no_path
6,7001,combined_abort_stress_6_7001_0,combined_abort_stress,abort_discovery_v5_no_safety_margin,0.00,,1,0,0,0,1,0,1.66172,0.83122,0.50021,1.66172,0.00673,0.45195,0.29195,0.10351,0.08883,0.09211,0.12562,11,0,none,a0:none:82
6,7001,combined_abort_stress_6_7001_0,combined_abort_stress,abort_discovery_v5_no_calibration,0.00,,0,1,1,1,3,1,0.97017,0.83122,0.29987,1.53017,-0.01536,0.39789,0.24835,0.15767,0.17106,1.00000,0.24000,11,0,no_path,a0:visible_collision:17;a1:collision_margin:31;a2:no_path
6,7001,combined_abort_stress_6_7001_0,combined_abort_stress,abort_discovery_v5_no_dynamic_contact_features,0.00,,0,1,1,0,3,1,1.56542,0.83122,0.18585,2.12542,-0.00587,0.41516,0.26196,0.15334,0.16908,1.00000,0.23125,11,0,no_path,a0:collision_margin:33;a1:human_stop:39;a2:no_path
6,7001,combined_abort_stress_6_7001_0,combined_abort_stress,abort_discovery_v5_no_uncertainty_quantile,0.00,,0,1,1,0,3,1,1.45179,0.83122,0.20039,2.01179,-0.00596,0.43315,0.27644,0.14703,0.17197,1.00000,0.21688,11,0,no_path,a0:collision_margin:32;a1:human_stop:37;a2:no_path
6,7001,combined_abort_stress_6_7001_0,combined_abort_stress,abort_discovery_v5_no_barrier_inflation,0.00,,0,1,1,0,3,1,1.31748,0.83122,0.22082,1.87748,-0.00561,0.43203,0.27553,0.14377,0.16046,1.00000,0.22062,11,0,no_path,a0:collision_margin:33;a1:human_stop:37;a2:no_path
6,7001,combined_abort_stress_6_7001_0,combined_abort_stress,abort_discovery_v5_endpoint_only,0.00,,1,1,0,1,2,0,2.39807,0.83122,0.34662,2.67807,-0.01559,0.32959,0.19731,0.09288,0.06008,0.03109,0.05187,11,0,none,a0:collision_margin:37;a1:none:82
6,7002,combined_abort_stress_6_7002_0,combined_abort_stress,abort_discovery_v5_full,0.00,,0,1,1,1,3,1,3.14896,0.84672,0.09411,3.70896,-0.00416,0.31874,0.18958,0.17844,0.17947,1.00000,0.22562,11,0,no_path,a0:visible_collision:65;a1:collision_margin:80;a2:no_path
6,7002,combined_abort_stress_6_7002_0,combined_abort_stress,abort_discovery_v5_no_partial_geometry,0.00,,1,1,0,0,2,0,2.87893,0.84672,0.29411,3.15893,-0.00323,0.34731,0.21014,0.11038,0.07825,0.04611,0.07750,11,0,none,a0:human_stop:35;a1:none:96
6,7002,combined_abort_stress_6_7002_0,combined_abort_stress,abort_discovery_v5_no_abort_reason_labels,0.00,,0,1,0,1,2,1,1.51578,0.84672,0.19551,1.85578,-0.01078,0.31790,0.18899,0.20852,0.21914,1.00000,0.27375,11,0,no_path,a0:collision_margin:77;a1:no_path
6,7002,combined_abort_stress_6_7002_0,combined_abort_stress,abort_discovery_v5_no_repeated_abort_memory,0.00,,0,1,1,1,5,1,4.65093,0.84672,0.06372,5.65093,-0.01155,0.31752,0.18872,0.17342,0.16340,1.00000,0.21125,11,0,no_path,a0:visible_collision:65;a1:visible_collision:45;a2:collision_margin:79;a3:collision_margin:30;a4:no_path
6,7002,combined_abort_stress_6_7002_0,combined_abort_stress,abort_discovery_v5_no_safety_margin,0.00,,0,1,1,1,6,0,4.67518,0.84672,0.06339,5.99518,-0.01979,0.30806,0.18207,0.14645,0.12997,0.10449,0.13250,11,0,visible_collision,a0:human_stop:32;a1:fixture_snag:40;a2:human_stop:26;a3:fixture_snag:52;a4:fixture_snag:43;a5:visible_collision:35
6,7002,combined_abort_stress_6_7002_0,combined_abort_stress,abort_discovery_v5_no_calibration,0.00,,0,1,1,1,6,0,7.36431,0.84672,0.04024,8.68431,0.05009,0.30624,0.18080,0.17346,0.16261,0.16730,0.19937,11,0,visible_collision,a0:visible_collision:53;a1:visible_collision:65;a2:visible_collision:56;a3:visible_collision:63;a4:visible_collision:52;a5:visible_collision:59
6,7002,combined_abort_stress_6_7002_0,combined_abort_stress,abort_discovery_v5_no_dynamic_contact_features,0.00,,0,1,1,1,6,1,5.06515,0.84672,0.05851,6.28515,-0.01895,0.31293,0.18548,0.18920,0.18782,1.00000,0.23625,11,0,no_path,a0:visible_collision:64;a1:collision_margin:77;a2:human_stop:30;a3:collision_margin:36;a4:collision_margin:37;a5:no_path
6,7002,combined_abort_stress_6_7002_0,combined_abort_stress,abort_discovery_v5_no_uncertainty_quantile,0.00,,0,1,1,1,5,1,4.70466,0.84672,0.06299,5.70466,-0.00664,0.31741,0.18864,0.18555,0.18745,1.00000,0.23500,11,0,no_path,a0:visible_collision:67;a1:collision_margin:80;a2:human_stop:32;a3:collision_margin:47;a4:no_path
6,7002,combined_abort_stress_6_7002_0,combined_abort_stress,abort_discovery_v5_no_barrier_inflation,0.00,,0,1,1,1,4,1,2.97339,0.84672,0.09967,3.75339,-0.02904,0.31849,0.18941,0.18170,0.17511,1.00000,0.23375,11,0,no_path,a0:collision_margin:78;a1:human_stop:30;a2:collision_margin:30;a3:no_path
6,7002,combined_abort_stress_6_7002_0,combined_abort_stress,abort_discovery_v5_endpoint_only,0.00,,1,1,1,0,6,0,5.05644,0.84672,0.16745,6.45644,-0.01612,0.27545,0.15972,0.11851,0.09429,0.03631,0.07750,11,0,none,a0:human_stop:28;a1:human_stop:25;a2:human_stop:24;a3:fixture_snag:38;a4:human_stop:32;a5:none:95
6,7003,combined_abort_stress_6_7003_0,combined_abort_stress,abort_discovery_v5_full,0.00,,1,1,1,1,3,0,7.42323,0.85060,0.11459,7.98323,-0.00205,0.41391,0.26096,0.15527,0.22033,0.10815,0.27313,10,1,none,a0:fixture_snag:81;a1:visible_collision:97;a2:none:120
6,7003,combined_abort_stress_6_7003_0,combined_abort_stress,abort_discovery_v5_no_partial_geometry,0.00,,1,0,0,0,1,0,1.61082,0.85060,0.52805,1.61082,0.02687,0.27928,0.16230,0.07922,0.04202,0.03628,0.03438,10,1,none,a0:none:82
6,7003,combined_abort_stress_6_7003_0,combined_abort_stress,abort_discovery_v5_no_abort_reason_labels,0.00,,1,1,0,0,2,0,4.56465,0.85060,0.18634,4.84465,-0.00501,0.36050,0.21989,0.17490,0.20533,0.18229,0.29437,10,1,none,a0:fixture_snag:78;a1:none:120
6,7003,combined_abort_stress_6_7003_0,combined_abort_stress,abort_discovery_v5_no_repeated_abort_memory,0.00,,1,1,1,1,3,0,4.51910,0.85060,0.18822,5.07910,-0.02648,0.38824,0.24088,0.17960,0.26828,0.36723,0.32062,10,1,none,a0:fixture_snag:81;a1:human_stop:53;a2:none:86
6,7003,combined_abort_stress_6_7003_0,combined_abort_stress,abort_discovery_v5_no_safety_margin,0.00,,1,0,0,0,1,0,2.84549,0.85060,0.29893,2.84549,0.01634,0.41237,0.25974,0.12278,0.14220,0.13267,0.19875,10,1,none,a0:none:120
6,7003,combined_abort_stress_6_7003_0,combined_abort_stress,abort_discovery_v5_no_calibration,0.00,,1,1,0,1,2,0,3.35449,0.85060,0.25357,3.63449,-0.02090,0.40000,0.25000,0.16926,0.23404,0.37130,0.30812,10,1,none,a0:fixture_snag:80;a1:none:87
6,7003,combined_abort_stress_6_7003_0,combined_abort_stress,abort_discovery_v5_no_dynamic_contact_features,0.00,,1,0,0,0,1,0,1.49405,0.85060,0.56932,1.49405,0.02426,0.39050,0.24262,0.10334,0.07064,0.03842,0.13250,10,1,none,a0:none:82
6,7003,combined_abort_stress_6_7003_0,combined_abort_stress,abort_discovery_v5_no_uncertainty_quantile,0.00,,1,1,1,1,3,0,7.52587,0.85060,0.11302,8.08587,-0.01287,0.43306,0.27637,0.15259,0.21789,0.11272,0.27375,10,1,none,a0:fixture_snag:79;a1:visible_collision:95;a2:none:120
6,7003,combined_abort_stress_6_7003_0,combined_abort_stress,abort_discovery_v5_no_barrier_inflation,0.00,,1,1,1,1,3,0,7.07224,0.85060,0.12027,7.63224,-0.00277,0.40645,0.25506,0.15935,0.22454,0.10707,0.28313,10,1,none,a0:fixture_snag:77;a1:visible_collision:99;a2:none:120
6,7003,combined_abort_stress_6_7003_0,combined_abort_stress,abort_discovery_v5_endpoint_only,0.00,,1,0,0,0,1,0,1.82261,0.85060,0.46669,1.82261,0.02596,0.26724,0.15423,0.08350,0.05307,0.01824,0.04063,10,1,none,a0:none:82
6,7004,combined_abort_stress_6_7004_0,combined_abort_stress,abort_discovery_v5_full,0.00,,0,0,0,0,1,1,0.00000,0.85208,0.00000,0.12000,1.00000,0.29452,0.17269,0.18988,0.18445,1.00000,0.24813,11,0,no_path,a0:no_path
6,7004,combined_abort_stress_6_7004_0,combined_abort_stress,abort_discovery_v5_no_partial_geometry,0.00,,1,1,0,1,2,0,2.24403,0.85208,0.37971,2.52403,0.04219,0.25455,0.14583,0.11895,0.08501,0.09038,0.08937,11,0,none,a0:visible_collision:18;a1:none:90
6,7004,combined_abort_stress_6_7004_0,combined_abort_stress,abort_discovery_v5_no_abort_reason_labels,0.00,,1,0,0,0,1,0,1.91734,0.85208,0.44441,1.91734,0.03961,0.19874,0.11033,0.24173,0.27698,0.35032,0.27937,11,0,none,a0:none:93
6,7004,combined_abort_stress_6_7004_0,combined_abort_stress,abort_discovery_v5_no_repeated_abort_memory,0.00,,1,0,0,0,1,0,2.06902,0.85208,0.41183,2.06902,0.04170,0.29338,0.17191,0.18257,0.17720,0.23811,0.23250,11,0,none,a0:none:93
6,7004,combined_abort_stress_6_7004_0,combined_abort_stress,abort_discovery_v5_no_safety_margin,0.00,,1,0,0,0,1,0,1.79507,0.85208,0.47468,1.79507,0.03534,0.27723,0.16092,0.13431,0.11507,0.06745,0.13562,11,0,none,a0:none:90
6,7004,combined_abort_stress_6_7004_0,combined_abort_stress,abort_discovery_v5_no_calibration,0.00,,0,0,0,0,1,1,0.00000,0.85208,0.00000,0.12000,1.00000,0.28908,0.16896,0.19515,0.19015,1.00000,0.25500,11,0,no_path,a0:no_path
6,7004,combined_abort_stress_6_7004_0,combined_abort_stress,abort_discovery_v5_no_dynamic_contact_features,0.00,,1,0,0,0,1,0,1.91185,0.85208,0.44569,1.91185,0.03189,0.29452,0.17269,0.18988,0.18445,0.24021,0.24813,11,0,none,a0:none:93
6,7004,combined_abort_stress_6_7004_0,combined_abort_stress,abort_discovery_v5_no_uncertainty_quantile,0.00,,1,0,0,0,1,0,2.00728,0.85208,0.42450,2.00728,0.04278,0.29452,0.17269,0.18971,0.18819,0.23282,0.24813,11,0,none,a0:none:93
6,7004,combined_abort_stress_6_7004_0,combined_abort_stress,abort_discovery_v5_no_barrier_inflation,0.00,,1,0,0,0,1,0,1.83767,0.85208,0.46368,1.83767,0.03474,0.29861,0.17551,0.18394,0.17141,0.21050,0.24313,11,0,none,a0:none:93
6,7004,combined_abort_stress_6_7004_0,combined_abort_stress,abort_discovery_v5_endpoint_only,0.00,,0,1,1,1,6,0,4.56629,0.85208,0.06531,5.88629,-0.02747,0.30363,0.17899,0.10869,0.09825,0.13322,0.07250,11,0,collision_margin,a0:collision_margin:36;a1:visible_collision:41;a2:collision_margin:41;a3:collision_margin:33;a4:visible_collision:24;a5:collision_margin:37
6,7005,combined_abort_stress_6_7005_0,combined_abort_stress,abort_discovery_v5_full,0.00,,1,0,0,0,1,0,1.84948,0.85646,0.46308,1.84948,0.01605,0.30048,0.17681,0.18579,0.23466,0.07203,0.27375,11,0,none,a0:none:87
6,7005,combined_abort_stress_6_7005_0,combined_abort_stress,abort_discovery_v5_no_partial_geometry,0.00,,1,0,0,0,1,0,1.79854,0.85646,0.47620,1.79854,0.00084,0.31746,0.18868,0.09323,0.05605,0.01437,0.04437,11,0,none,a0:none:83
6,7005,combined_abort_stress_6_7005_0,combined_abort_stress,abort_discovery_v5_no_abort_reason_labels,0.00,,1,0,0,0,1,0,1.83092,0.85646,0.46778,1.83092,0.00645,0.29027,0.16978,0.20520,0.23039,0.02053,0.27875,11,0,none,a0:none:85
6,7005,combined_abort_stress_6_7005_0,combined_abort_stress,abort_discovery_v5_no_repeated_abort_memory,0.00,,1,0,0,0,1,0,1.85449,0.85646,0.46183,1.85449,0.00752,0.30048,0.17681,0.18579,0.23466,0.07469,0.27375,11,0,none,a0:none:86
6,7005,combined_abort_stress_6_7005_0,combined_abort_stress,abort_discovery_v5_no_safety_margin,0.00,,1,1,1,1,5,0,5.66670,0.85646,0.15114,6.78670,-0.01304,0.30343,0.17885,0.18574,0.24650,0.20826,0.27000,11,0,none,a0:fixture_snag:44;a1:fixture_snag:45;a2:fixture_snag:43;a3:fixture_snag:40;a4:none:85
6,7005,combined_abort_stress_6_7005_0,combined_abort_stress,abort_discovery_v5_no_calibration,0.00,,1,0,0,0,1,0,1.80362,0.85646,0.47486,1.80362,0.03103,0.28882,0.16878,0.20085,0.24803,0.07348,0.28937,11,0,none,a0:none:87
6,7005,combined_abort_stress_6_7005_0,combined_abort_stress,abort_discovery_v5_no_dynamic_contact_features,0.00,,1,0,0,0,1,0,1.61588,0.85646,0.53003,1.61588,0.03031,0.41096,0.25862,0.12554,0.11866,0.02053,0.16062,11,0,none,a0:none:85
6,7005,combined_abort_stress_6_7005_0,combined_abort_stress,abort_discovery_v5_no_uncertainty_quantile,0.00,,1,0,0,0,1,0,1.78737,0.85646,0.47918,1.78737,0.02002,0.30048,0.17681,0.18576,0.23514,0.07469,0.27375,11,0,none,a0:none:86
6,7005,combined_abort_stress_6_7005_0,combined_abort_stress,abort_discovery_v5_no_barrier_inflation,0.00,,1,0,0,0,1,0,1.85842,0.85646,0.46085,1.85842,0.02255,0.30048,0.17681,0.18535,0.23270,0.07286,0.27375,11,0,none,a0:none:86
6,7005,combined_abort_stress_6_7005_0,combined_abort_stress,abort_discovery_v5_endpoint_only,0.00,,1,1,1,1,3,0,3.98158,0.85646,0.21511,4.54158,-0.02006,0.32867,0.19665,0.10367,0.09314,0.08890,0.06563,11,0,none,a0:fixture_snag:43;a1:visible_collision:59;a2:none:79
6,7006,combined_abort_stress_6_7006_0,combined_abort_stress,abort_discovery_v5_full,0.00,,1,0,0,0,1,0,2.67286,0.83151,0.31109,2.67286,0.02107,0.50445,0.33730,0.14550,0.20518,0.08186,0.29563,11,0,none,a0:none:120
6,7006,combined_abort_stress_6_7006_0,combined_abort_stress,abort_discovery_v5_no_partial_geometry,0.00,,0,1,1,1,6,0,4.91273,0.83151,0.05924,6.23273,-0.01805,0.40000,0.25000,0.09657,0.04947,0.15404,0.09938,11,0,fixture_snag,a0:fixture_snag:45;a1:fixture_snag:36;a2:fixture_snag:35;a3:fixture_snag:36;a4:fixture_snag:36;a5:fixture_snag:35
6,7006,combined_abort_stress_6_7006_0,combined_abort_stress,abort_discovery_v5_no_abort_reason_labels,0.00,,1,0,0,0,1,0,2.58863,0.83151,0.32121,2.58863,0.02480,0.34493,0.20841,0.19588,0.19888,0.06719,0.30562,11,0,none,a0:none:117
6,7006,combined_abort_stress_6_7006_0,combined_abort_stress,abort_discovery_v5_no_repeated_abort_memory,0.00,,1,0,0,0,1,0,2.40591,0.83151,0.34561,2.40591,0.03097,0.50827,0.34073,0.14332,0.20016,0.08526,0.29000,11,0,none,a0:none:119
6,7006,combined_abort_stress_6_7006_0,combined_abort_stress,abort_discovery_v5_no_safety_margin,0.00,,1,1,1,1,6,0,6.86092,0.83151,0.12119,8.26092,-0.02438,0.52459,0.35556,0.12159,0.16393,0.16304,0.25562,11,0,none,a0:fixture_snag:43;a1:fixture_snag:42;a2:fixture_snag:40;a3:fixture_snag:40;a4:fixture_snag:38;a5:none:114
6,7006,combined_abort_stress_6_7006_0,combined_abort_stress,abort_discovery_v5_no_calibration,0.00,,1,0,0,0,1,0,2.51626,0.83151,0.33045,2.51626,0.02007,0.50222,0.33531,0.15289,0.21041,0.08647,0.29750,11,0,none,a0:none:119
6,7006,combined_abort_stress_6_7006_0,combined_abort_stress,abort_discovery_v5_no_dynamic_contact_features,0.00,,1,0,0,0,1,0,2.63317,0.83151,0.31578,2.63317,0.00905,0.41912,0.26512,0.13774,0.12415,0.04334,0.21438,11,0,none,a0:none:119
6,7006,combined_abort_stress_6_7006_0,combined_abort_stress,abort_discovery_v5_no_uncertainty_quantile,0.00,,1,0,0,0,1,0,2.71910,0.83151,0.30580,2.71910,0.01533,0.50445,0.33730,0.14516,0.20162,0.08526,0.29563,11,0,none,a0:none:119
6,7006,combined_abort_stress_6_7006_0,combined_abort_stress,abort_discovery_v5_no_barrier_inflation,0.00,,1,0,0,0,1,0,2.44298,0.83151,0.34037,2.44298,0.02305,0.50445,0.33730,0.14421,0.20023,0.08394,0.29563,11,0,none,a0:none:119
6,7006,combined_abort_stress_6_7006_0,combined_abort_stress,abort_discovery_v5_endpoint_only,0.00,,1,1,1,1,6,0,6.27819,0.83151,0.13244,7.67819,-0.02090,0.38415,0.23774,0.08494,0.02841,0.16214,0.07938,11,0,none,a0:collision_margin:39;a1:human_stop:51;a2:fixture_snag:42;a3:human_stop:45;a4:collision_margin:42;a5:none:71
6,7007,combined_abort_stress_6_7007_0,combined_abort_stress,abort_discovery_v5_full,0.00,,1,0,0,0,1,0,1.89876,0.85726,0.45148,1.89876,0.02097,0.32587,0.19465,0.15221,0.16136,0.02204,0.21313,10,1,none,a0:none:95
6,7007,combined_abort_stress_6_7007_0,combined_abort_stress,abort_discovery_v5_no_partial_geometry,0.00,,1,1,0,0,2,0,2.68598,0.85726,0.31916,2.96598,-0.00226,0.39706,0.24771,0.07906,0.05371,0.03857,0.07625,10,1,none,a0:collision_margin:40;a1:none:90
6,7007,combined_abort_stress_6_7007_0,combined_abort_stress,abort_discovery_v5_no_abort_reason_labels,0.00,,1,0,0,0,1,0,1.87879,0.85726,0.45628,1.87879,0.03766,0.28893,0.16886,0.16939,0.18261,0.08525,0.23938,10,1,none,a0:none:94
6,7007,combined_abort_stress_6_7007_0,combined_abort_stress,abort_discovery_v5_no_repeated_abort_memory,0.00,,1,0,0,0,1,0,2.06956,0.85726,0.41422,2.06956,0.04287,0.32245,0.19221,0.15237,0.16102,0.02460,0.21250,10,1,none,a0:none:94
6,7007,combined_abort_stress_6_7007_0,combined_abort_stress,abort_discovery_v5_no_safety_margin,0.00,,1,1,1,1,3,0,3.46274,0.85726,0.24757,4.02274,-0.02692,0.38764,0.24042,0.10499,0.10544,0.09532,0.12875,10,1,none,a0:visible_collision:40;a1:collision_margin:37;a2:none:78
6,7007,combined_abort_stress_6_7007_0,combined_abort_stress,abort_discovery_v5_no_calibration,0.00,,1,0,0,0,1,0,1.92481,0.85726,0.44537,1.92481,0.02979,0.31068,0.18391,0.16684,0.17015,0.02430,0.22812,10,1,none,a0:none:94
6,7007,combined_abort_stress_6_7007_0,combined_abort_stress,abort_discovery_v5_no_dynamic_contact_features,0.00,,1,0,0,0,1,0,2.10287,0.85726,0.40766,2.10287,0.02272,0.32587,0.19465,0.15221,0.16136,0.02460,0.21313,10,1,none,a0:none:94
6,7007,combined_abort_stress_6_7007_0,combined_abort_stress,abort_discovery_v5_no_uncertainty_quantile,0.00,,1,0,0,0,1,0,1.75466,0.85726,0.48856,1.75466,0.04234,0.32587,0.19465,0.15203,0.16485,0.01406,0.21313,10,1,none,a0:none:94
6,7007,combined_abort_stress_6_7007_0,combined_abort_stress,abort_discovery_v5_no_barrier_inflation,0.00,,1,1,0,1,2,0,2.64856,0.85726,0.32367,2.92856,0.02051,0.32587,0.19465,0.15015,0.15388,0.06258,0.21313,10,1,none,a0:visible_collision:36;a1:none:94
6,7007,combined_abort_stress_6_7007_0,combined_abort_stress,abort_discovery_v5_endpoint_only,0.00,,1,0,0,0,1,0,1.72546,0.85726,0.49683,1.72546,0.01453,0.29907,0.17582,0.07530,0.04369,0.05319,0.04000,10,1,none,a0:none:76
6,7008,combined_abort_stress_6_7008_0,combined_abort_stress,abort_discovery_v5_full,0.00,,1,1,0,1,2,0,4.60027,0.85364,0.18556,4.88027,0.00659,0.40382,0.25299,0.19133,0.27024,0.18217,0.34687,10,1,none,a0:visible_collision:68;a1:none:120
6,7008,combined_abort_stress_6_7008_0,combined_abort_stress,abort_discovery_v5_no_partial_geometry,0.00,,1,1,1,1,3,0,3.66359,0.85364,0.23301,4.22359,-0.01231,0.44643,0.28736,0.08003,0.03198,0.12807,0.09875,10,1,none,a0:fixture_snag:44;a1:fixture_snag:40;a2:none:86
6,7008,combined_abort_stress_6_7008_0,combined_abort_stress,abort_discovery_v5_no_abort_reason_labels,0.00,,1,1,0,0,2,0,4.24781,0.85364,0.20096,4.52781,-0.00443,0.42755,0.27190,0.18269,0.22820,0.15019,0.32438,10,1,none,a0:human_stop:51;a1:none:120
6,7008,combined_abort_stress_6_7008_0,combined_abort_stress,abort_discovery_v5_no_repeated_abort_memory,0.00,,1,0,0,0,1,0,3.19269,0.85364,0.26737,3.19269,0.00410,0.40725,0.25569,0.18734,0.26421,0.18370,0.33687,10,1,none,a0:none:120
6,7008,combined_abort_stress_6_7008_0,combined_abort_stress,abort_discovery_v5_no_safety_margin,0.00,,1,0,0,0,1,0,1.95861,0.85364,0.43584,1.95861,0.02463,0.44367,0.28508,0.14042,0.18313,0.26197,0.24938,10,1,none,a0:none:91
6,7008,combined_abort_stress_6_7008_0,combined_abort_stress,abort_discovery_v5_no_calibration,0.00,,0,1,1,1,3,1,2.17382,0.85364,0.13744,2.73382,-0.00400,0.35437,0.21534,0.23481,0.31192,1.00000,0.40375,10,1,no_path,a0:fixture_snag:61;a1:unstable_slip:34;a2:no_path
6,7008,combined_abort_stress_6_7008_0,combined_abort_stress,abort_discovery_v5_no_dynamic_contact_features,0.00,,1,1,0,0,2,0,4.94359,0.85364,0.17268,5.22359,-0.00562,0.47525,0.31169,0.14729,0.17972,0.12157,0.26750,10,1,none,a0:fixture_snag:81;a1:none:120
6,7008,combined_abort_stress_6_7008_0,combined_abort_stress,abort_discovery_v5_no_uncertainty_quantile,0.00,,1,0,0,0,1,0,3.10740,0.85364,0.27471,3.10740,0.01722,0.40437,0.25342,0.19170,0.27027,0.19333,0.34625,10,1,none,a0:none:120
6,7008,combined_abort_stress_6_7008_0,combined_abort_stress,abort_discovery_v5_no_barrier_inflation,0.00,,1,0,0,0,1,0,3.00781,0.85364,0.28381,3.00781,0.01414,0.40055,0.25043,0.19048,0.25881,0.18916,0.34125,10,1,none,a0:none:120
6,7008,combined_abort_stress_6_7008_0,combined_abort_stress,abort_discovery_v5_endpoint_only,0.00,,0,1,1,1,6,0,5.14567,0.85364,0.05806,6.46567,-0.02171,0.40690,0.25541,0.07834,0.03670,0.09834,0.07000,10,1,fixture_snag,a0:fixture_snag:49;a1:unstable_slip:30;a2:unstable_slip:24;a3:fixture_snag:41;a4:fixture_snag:42;a5:fixture_snag:44
6,7009,combined_abort_stress_6_7009_0,combined_abort_stress,abort_discovery_v5_full,0.00,,0,0,0,0,1,1,0.00000,0.85963,0.00000,0.12000,1.00000,0.48771,0.32250,0.13443,0.13560,1.00000,0.21375,11,0,no_path,a0:no_path
6,7009,combined_abort_stress_6_7009_0,combined_abort_stress,abort_discovery_v5_no_partial_geometry,0.00,,0,1,1,1,6,0,4.55805,0.85963,0.06601,5.87805,-0.02379,0.56193,0.39076,0.07084,0.02810,0.14299,0.09000,11,0,fixture_snag,a0:fixture_snag:36;a1:fixture_snag:33;a2:fixture_snag:32;a3:force_limit:26;a4:fixture_snag:39;a5:fixture_snag:32
6,7009,combined_abort_stress_6_7009_0,combined_abort_stress,abort_discovery_v5_no_abort_reason_labels,0.00,,0,0,0,0,1,1,0.00000,0.85963,0.00000,0.12000,1.00000,0.41734,0.26369,0.17385,0.18762,1.00000,0.27250,11,0,no_path,a0:no_path
6,7009,combined_abort_stress_6_7009_0,combined_abort_stress,abort_discovery_v5_no_repeated_abort_memory,0.00,,0,0,0,0,1,1,0.00000,0.85963,0.00000,0.12000,1.00000,0.48092,0.31658,0.13453,0.13245,1.00000,0.21063,11,0,no_path,a0:no_path
6,7009,combined_abort_stress_6_7009_0,combined_abort_stress,abort_discovery_v5_no_safety_margin,0.00,,0,1,1,1,6,0,4.55629,0.85963,0.06603,5.87629,-0.02775,0.51894,0.35038,0.12586,0.14978,0.19724,0.21313,11,0,fixture_snag,a0:fixture_snag:31;a1:fixture_snag:31;a2:force_limit:28;a3:fixture_snag:38;a4:fixture_snag:37;a5:fixture_snag:38
6,7009,combined_abort_stress_6_7009_0,combined_abort_stress,abort_discovery_v5_no_calibration,0.00,,0,0,0,0,1,1,0.00000,0.85963,0.00000,0.12000,1.00000,0.49049,0.32494,0.13318,0.13269,1.00000,0.21188,11,0,no_path,a0:no_path
6,7009,combined_abort_stress_6_7009_0,combined_abort_stress,abort_discovery_v5_no_dynamic_contact_features,0.00,,0,0,0,0,1,1,0.00000,0.85963,0.00000,0.12000,1.00000,0.48771,0.32250,0.13443,0.13560,1.00000,0.21375,11,0,no_path,a0:no_path
6,7009,combined_abort_stress_6_7009_0,combined_abort_stress,abort_discovery_v5_no_uncertainty_quantile,0.00,,0,0,0,0,1,1,0.00000,0.85963,0.00000,0.12000,1.00000,0.48771,0.32250,0.13400,0.14267,1.00000,0.21375,11,0,no_path,a0:no_path
6,7009,combined_abort_stress_6_7009_0,combined_abort_stress,abort_discovery_v5_no_barrier_inflation,0.00,,0,0,0,0,1,1,0.00000,0.85963,0.00000,0.12000,1.00000,0.49143,0.32576,0.13103,0.12434,1.00000,0.21125,11,0,no_path,a0:no_path
6,7009,combined_abort_stress_6_7009_0,combined_abort_stress,abort_discovery_v5_endpoint_only,0.00,,0,1,1,1,6,0,3.98396,0.85963,0.07552,5.30396,-0.01019,0.39865,0.24895,0.08614,0.04797,0.09743,0.06813,11,0,fixture_snag,a0:fixture_snag:35;a1:fixture_snag:33;a2:force_limit:25;a3:force_limit:29;a4:fixture_snag:30;a5:fixture_snag:33
7,7000,combined_abort_stress_7_7000_0,combined_abort_stress,abort_discovery_v5_full,0.00,,1,1,1,1,6,0,9.49085,0.84764,0.08931,10.89085,-0.01052,0.40940,0.25738,0.23616,0.35116,0.40005,0.43938,11,0,none,a0:fixture_snag:53;a1:fixture_snag:52;a2:fixture_snag:53;a3:fixture_snag:54;a4:force_limit:71;a5:none:120
7,7000,combined_abort_stress_7_7000_0,combined_abort_stress,abort_discovery_v5_no_partial_geometry,0.00,,1,0,0,0,1,0,1.80889,0.84764,0.46860,1.80889,0.00827,0.40872,0.25685,0.09872,0.05782,0.10261,0.11000,11,0,none,a0:none:82
7,7000,combined_abort_stress_7_7000_0,combined_abort_stress,abort_discovery_v5_no_abort_reason_labels,0.00,,0,1,1,1,6,1,7.52818,0.84764,0.03941,8.74818,-0.01762,0.35117,0.21298,0.21518,0.24004,1.00000,0.33625,11,0,no_path,a0:fixture_snag:67;a1:fixture_snag:66;a2:fixture_snag:62;a3:fixture_snag:65;a4:visible_collision:91;a5:no_path
7,7000,combined_abort_stress_7_7000_0,combined_abort_stress,abort_discovery_v5_no_repeated_abort_memory,0.00,,1,1,1,1,6,0,8.81467,0.84764,0.09616,10.21467,-0.01612,0.41497,0.26180,0.22619,0.33969,0.34134,0.43188,11,0,none,a0:human_stop:37;a1:fixture_snag:55;a2:fixture_snag:53;a3:fixture_snag:53;a4:fixture_snag:56;a5:none:120
7,7000,combined_abort_stress_7_7000_0,combined_abort_stress,abort_discovery_v5_no_safety_margin,0.00,,1,0,0,0,1,0,1.63227,0.84764,0.51930,1.63227,0.02863,0.44360,0.28502,0.18034,0.28579,0.18461,0.37375,11,0,none,a0:none:82
7,7000,combined_abort_stress_7_7000_0,combined_abort_stress,abort_discovery_v5_no_calibration,0.00,,0,0,0,0,1,1,0.00000,0.84764,0.00000,0.12000,1.00000,0.38604,0.23919,0.23700,0.34507,1.00000,0.45375,11,0,no_path,a0:no_path
7,7000,combined_abort_stress_7_7000_0,combined_abort_stress,abort_discovery_v5_no_dynamic_contact_features,0.00,,0,1,1,1,6,0,6.12457,0.84764,0.04844,7.44457,-0.02082,0.40476,0.25373,0.15996,0.15428,0.25046,0.24813,11,0,fixture_snag,a0:fixture_snag:50;a1:fixture_snag:48;a2:fixture_snag:49;a3:fixture_snag:48;a4:fixture_snag:48;a5:fixture_snag:49
7,7000,combined_abort_stress_7_7000_0,combined_abort_stress,abort_discovery_v5_no_uncertainty_quantile,0.00,,0,1,1,1,6,0,7.01120,0.84764,0.04231,8.33120,-0.01707,0.41441,0.26136,0.23297,0.34225,0.44198,0.43562,11,0,force_limit,a0:human_stop:34;a1:fixture_snag:56;a2:fixture_snag:52;a3:fixture_snag:56;a4:fixture_snag:54;a5:force_limit:71
7,7000,combined_abort_stress_7_7000_0,combined_abort_stress,abort_discovery_v5_no_barrier_inflation,0.00,,1,1,1,1,4,0,6.70097,0.84764,0.12649,7.54097,-0.01407,0.38816,0.24082,0.23326,0.34552,0.38210,0.45062,11,0,none,a0:fixture_snag:39;a1:fixture_snag:54;a2:force_limit:73;a3:none:120
7,7000,combined_abort_stress_7_7000_0,combined_abort_stress,abort_discovery_v5_endpoint_only,0.00,,1,0,0,0,1,0,1.68565,0.84764,0.50286,1.68565,0.02270,0.35424,0.21525,0.08099,0.03261,0.01851,0.05000,11,0,none,a0:none:82
7,7001,combined_abort_stress_7_7001_0,combined_abort_stress,abort_discovery_v5_full,0.00,,0,0,0,0,1,1,0.00000,0.83723,0.00000,0.12000,1.00000,0.25371,0.14528,0.21813,0.23401,1.00000,0.25250,11,0,no_path,a0:no_path
7,7001,combined_abort_stress_7_7001_0,combined_abort_stress,abort_discovery_v5_no_partial_geometry,0.00,,0,1,1,1,6,0,2.82132,0.83723,0.10386,4.14132,-0.02899,0.36994,0.22695,0.12250,0.12791,0.15128,0.08937,11,0,fixture_snag,a0:fixture_snag:22;a1:fixture_snag:25;a2:fixture_snag:18;a3:fixture_snag:23;a4:fixture_snag:24;a5:fixture_snag:19
7,7001,combined_abort_stress_7_7001_0,combined_abort_stress,abort_discovery_v5_no_abort_reason_labels,0.00,,0,0,0,0,1,1,0.00000,0.83723,0.00000,0.12000,1.00000,0.24214,0.13775,0.22925,0.25313,1.00000,0.27063,11,0,no_path,a0:no_path
7,7001,combined_abort_stress_7_7001_0,combined_abort_stress,abort_discovery_v5_no_repeated_abort_memory,0.00,,0,0,0,0,1,1,0.00000,0.83723,0.00000,0.12000,1.00000,0.24958,0.14259,0.21561,0.22965,1.00000,0.24875,11,0,no_path,a0:no_path
7,7001,combined_abort_stress_7_7001_0,combined_abort_stress,abort_discovery_v5_no_safety_margin,0.00,,0,1,1,1,6,0,2.90222,0.83723,0.10097,4.22222,-0.01794,0.27273,0.15789,0.16061,0.17396,0.14221,0.13437,11,0,fixture_snag,a0:fixture_snag:28;a1:fixture_snag:20;a2:fixture_snag:20;a3:fixture_snag:20;a4:fixture_snag:26;a5:fixture_snag:27
7,7001,combined_abort_stress_7_7001_0,combined_abort_stress,abort_discovery_v5_no_calibration,0.00,,0,0,0,0,1,1,0.00000,0.83723,0.00000,0.12000,1.00000,0.24679,0.14077,0.23183,0.24614,1.00000,0.26312,11,0,no_path,a0:no_path
7,7001,combined_abort_stress_7_7001_0,combined_abort_stress,abort_discovery_v5_no_dynamic_contact_features,0.00,,0,0,0,0,1,1,0.00000,0.83723,0.00000,0.12000,1.00000,0.25371,0.14528,0.21813,0.23401,1.00000,0.25250,11,0,no_path,a0:no_path
7,7001,combined_abort_stress_7_7001_0,combined_abort_stress,abort_discovery_v5_no_uncertainty_quantile,0.00,,0,0,0,0,1,1,0.00000,0.83723,0.00000,0.12000,1.00000,0.25371,0.14528,0.21814,0.23839,1.00000,0.25250,11,0,no_path,a0:no_path
7,7001,combined_abort_stress_7_7001_0,combined_abort_stress,abort_discovery_v5_no_barrier_inflation,0.00,,0,0,0,0,1,1,0.00000,0.83723,0.00000,0.12000,1.00000,0.25291,0.14476,0.21606,0.22542,1.00000,0.24875,11,0,no_path,a0:no_path
7,7001,combined_abort_stress_7_7001_0,combined_abort_stress,abort_discovery_v5_endpoint_only,0.00,,0,1,1,1,6,0,2.74691,0.83723,0.10668,4.06691,-0.02817,0.30303,0.17857,0.11757,0.11803,0.13319,0.05875,11,0,fixture_snag,a0:fixture_snag:24;a1:fixture_snag:19;a2:fixture_snag:20;a3:fixture_snag:24;a4:fixture_snag:20;a5:fixture_snag:19
7,7002,combined_abort_stress_7_7002_0,combined_abort_stress,abort_discovery_v5_full,0.00,,1,0,0,0,1,0,2.51638,0.85347,0.33916,2.51638,0.01985,0.38472,0.23818,0.19536,0.27187,0.12753,0.34813,11,0,none,a0:none:118
7,7002,combined_abort_stress_7_7002_0,combined_abort_stress,abort_discovery_v5_no_partial_geometry,0.00,,1,1,1,1,3,0,4.29569,0.85347,0.19868,4.85569,-0.00564,0.36856,0.22591,0.11175,0.09187,0.16177,0.12062,11,0,none,a0:fixture_snag:43;a1:visible_collision:84;a2:none:76
7,7002,combined_abort_stress_7_7002_0,combined_abort_stress,abort_discovery_v5_no_abort_reason_labels,0.00,,0,1,0,1,2,1,1.74990,0.85347,0.17070,2.08990,0.02953,0.34930,0.21160,0.21041,0.24648,1.00000,0.33375,11,0,no_path,a0:visible_collision:86;a1:no_path
7,7002,combined_abort_stress_7_7002_0,combined_abort_stress,abort_discovery_v5_no_repeated_abort_memory,0.00,,1,0,0,0,1,0,2.38129,0.85347,0.35840,2.38129,0.01410,0.40693,0.25543,0.18144,0.25620,0.13930,0.32312,11,0,none,a0:none:114
7,7002,combined_abort_stress_7_7002_0,combined_abort_stress,abort_discovery_v5_no_safety_margin,0.00,,1,1,0,1,2,0,3.34328,0.85347,0.25528,3.62328,-0.02702,0.38188,0.23600,0.16247,0.21726,0.14091,0.27625,11,0,none,a0:fixture_snag:43;a1:none:110
7,7002,combined_abort_stress_7_7002_0,combined_abort_stress,abort_discovery_v5_no_calibration,0.00,,1,0,0,0,1,0,2.61594,0.85347,0.32626,2.61594,0.02135,0.37954,0.23422,0.20206,0.27779,0.13586,0.35437,11,0,none,a0:none:115
7,7002,combined_abort_stress_7_7002_0,combined_abort_stress,abort_discovery_v5_no_dynamic_contact_features,0.00,,1,1,1,1,3,0,5.90278,0.85347,0.14459,6.46278,0.01661,0.40437,0.25342,0.14485,0.16560,0.11834,0.23312,11,0,none,a0:visible_collision:83;a1:visible_collision:80;a2:none:108
7,7002,combined_abort_stress_7_7002_0,combined_abort_stress,abort_discovery_v5_no_uncertainty_quantile,0.00,,1,0,0,0,1,0,2.51349,0.85347,0.33955,2.51349,0.02761,0.38472,0.23818,0.19527,0.27052,0.13930,0.34813,11,0,none,a0:none:114
7,7002,combined_abort_stress_7_7002_0,combined_abort_stress,abort_discovery_v5_no_barrier_inflation,0.00,,1,0,0,0,1,0,2.49704,0.85347,0.34179,2.49704,0.02462,0.38356,0.23729,0.19339,0.26523,0.12813,0.34625,11,0,none,a0:none:114
7,7002,combined_abort_stress_7_7002_0,combined_abort_stress,abort_discovery_v5_endpoint_only,0.00,,1,1,0,1,2,0,2.44663,0.85347,0.34883,2.72663,-0.01815,0.34944,0.21171,0.08642,0.04698,0.09267,0.05813,11,0,none,a0:fixture_snag:41;a1:none:74
7,7003,combined_abort_stress_7_7003_0,combined_abort_stress,abort_discovery_v5_full,0.00,,1,1,0,1,2,0,5.84350,0.83390,0.14271,6.12350,0.01681,0.51246,0.34450,0.13982,0.22403,0.08652,0.25688,11,0,none,a0:visible_collision:111;a1:none:120
7,7003,combined_abort_stress_7_7003_0,combined_abort_stress,abort_discovery_v5_no_partial_geometry,0.00,,1,0,0,0,1,0,1.70912,0.83390,0.48791,1.70912,0.02417,0.41727,0.26364,0.08291,0.05838,0.04177,0.07938,11,0,none,a0:none:91
7,7003,combined_abort_stress_7_7003_0,combined_abort_stress,abort_discovery_v5_no_abort_reason_labels,0.00,,1,0,0,0,1,0,3.13571,0.83390,0.26594,3.13571,0.02987,0.38168,0.23585,0.14694,0.16424,0.07960,0.23312,11,0,none,a0:none:120
7,7003,combined_abort_stress_7_7003_0,combined_abort_stress,abort_discovery_v5_no_repeated_abort_memory,0.00,,1,1,0,1,2,0,6.24288,0.83390,0.13358,6.52288,0.01826,0.53137,0.36181,0.13244,0.21479,0.09196,0.24438,11,0,none,a0:visible_collision:109;a1:none:120
7,7003,combined_abort_stress_7_7003_0,combined_abort_stress,abort_discovery_v5_no_safety_margin,0.00,,1,0,0,0,1,0,1.88346,0.83390,0.44275,1.88346,0.03499,0.54860,0.37798,0.10315,0.16271,0.13391,0.19500,11,0,none,a0:none:90
7,7003,combined_abort_stress_7_7003_0,combined_abort_stress,abort_discovery_v5_no_calibration,0.00,,1,1,0,1,2,0,5.95212,0.83390,0.14010,6.23212,0.02141,0.50350,0.33645,0.14413,0.22733,0.09997,0.26312,11,0,none,a0:visible_collision:109;a1:none:120
7,7003,combined_abort_stress_7_7003_0,combined_abort_stress,abort_discovery_v5_no_dynamic_contact_features,0.00,,0,1,1,1,6,0,8.17935,0.83390,0.03568,9.49935,-0.01637,0.36960,0.22669,0.16976,0.19790,0.33698,0.26750,11,0,fixture_snag,a0:visible_collision:100;a1:fixture_snag:74;a2:fixture_snag:67;a3:visible_collision:19;a4:fixture_snag:72;a5:fixture_snag:49
7,7003,combined_abort_stress_7_7003_0,combined_abort_stress,abort_discovery_v5_no_uncertainty_quantile,0.00,,1,1,0,1,2,0,5.93097,0.83390,0.14060,6.21097,0.01030,0.51429,0.34615,0.13795,0.21394,0.07918,0.25562,11,0,none,a0:visible_collision:113;a1:none:120
7,7003,combined_abort_stress_7_7003_0,combined_abort_stress,abort_discovery_v5_no_barrier_inflation,0.00,,1,1,0,1,2,0,5.82171,0.83390,0.14324,6.10171,0.01022,0.51246,0.34450,0.13568,0.21452,0.08676,0.25688,11,0,none,a0:visible_collision:110;a1:none:120
7,7003,combined_abort_stress_7_7003_0,combined_abort_stress,abort_discovery_v5_endpoint_only,0.00,,1,0,0,0,1,0,2.02709,0.83390,0.41138,2.02709,0.04432,0.37551,0.23116,0.07784,0.05911,0.02687,0.05875,11,0,none,a0:none:92
7,7004,combined_abort_stress_7_7004_0,combined_abort_stress,abort_discovery_v5_full,0.00,,1,0,0,0,1,0,2.93510,0.85210,0.29031,2.93510,0.04017,0.42495,0.26980,0.12980,0.18709,0.07958,0.21438,10,1,none,a0:none:120
7,7004,combined_abort_stress_7_7004_0,combined_abort_stress,abort_discovery_v5_no_partial_geometry,0.00,,1,1,1,1,6,0,6.61355,0.85210,0.12884,8.01355,-0.01920,0.44058,0.28253,0.09117,0.07605,0.12744,0.10938,10,1,none,a0:visible_collision:31;a1:fixture_snag:46;a2:collision_margin:53;a3:collision_margin:51;a4:unstable_slip:39;a5:none:86
7,7004,combined_abort_stress_7_7004_0,combined_abort_stress,abort_discovery_v5_no_abort_reason_labels,0.00,,1,0,0,0,1,0,2.45198,0.85210,0.34751,2.45198,0.02063,0.34314,0.20710,0.17652,0.19270,0.03950,0.27625,10,1,none,a0:none:118
7,7004,combined_abort_stress_7_7004_0,combined_abort_stress,abort_discovery_v5_no_repeated_abort_memory,0.00,,1,1,0,1,2,0,4.22653,0.85210,0.20161,4.50653,0.04976,0.38889,0.24138,0.13888,0.18590,0.11482,0.20875,10,1,none,a0:visible_collision:61;a1:none:120
7,7004,combined_abort_stress_7_7004_0,combined_abort_stress,abort_discovery_v5_no_safety_margin,0.00,,1,1,0,1,2,0,4.03046,0.85210,0.21141,4.31046,-0.01932,0.40241,0.25189,0.12901,0.17486,0.14205,0.20438,10,1,none,a0:collision_margin:62;a1:none:120
7,7004,combined_abort_stress_7_7004_0,combined_abort_stress,abort_discovery_v5_no_calibration,0.00,,1,0,0,0,1,0,2.84887,0.85210,0.29910,2.84887,0.03659,0.40217,0.25170,0.14268,0.20081,0.08001,0.23875,10,1,none,a0:none:120
7,7004,combined_abort_stress_7_7004_0,combined_abort_stress,abort_discovery_v5_no_dynamic_contact_features,0.00,,1,0,0,0,1,0,1.93631,0.85210,0.44006,1.93631,0.04107,0.55827,0.38722,0.07342,0.06489,0.12311,0.12437,10,1,none,a0:none:86
7,7004,combined_abort_stress_7_7004_0,combined_abort_stress,abort_discovery_v5_no_uncertainty_quantile,0.00,,1,0,0,0,1,0,2.83559,0.85210,0.30050,2.83559,0.04072,0.42495,0.26980,0.12969,0.18576,0.08251,0.21438,10,1,none,a0:none:120
7,7004,combined_abort_stress_7_7004_0,combined_abort_stress,abort_discovery_v5_no_barrier_inflation,0.00,,1,1,1,1,4,0,6.42814,0.85210,0.13256,7.26814,-0.00534,0.40585,0.25459,0.14413,0.20268,0.13519,0.23563,10,1,none,a0:visible_collision:61;a1:visible_collision:63;a2:collision_margin:61;a3:none:120
7,7004,combined_abort_stress_7_7004_0,combined_abort_stress,abort_discovery_v5_endpoint_only,0.00,,1,1,1,1,5,0,5.33902,0.85210,0.15960,6.45902,-0.02524,0.35338,0.21461,0.08546,0.05746,0.08593,0.06000,10,1,none,a0:unstable_slip:41;a1:collision_margin:50;a2:fixture_snag:47;a3:unstable_slip:35;a4:none:86
7,7005,combined_abort_stress_7_7005_0,combined_abort_stress,abort_discovery_v5_full,0.00,,0,1,0,0,2,1,1.47454,0.85565,0.20310,1.81454,-0.00145,0.39100,0.24301,0.17344,0.20467,1.00000,0.25250,11,0,no_path,a0:collision_margin:64;a1:no_path
7,7005,combined_abort_stress_7_7005_0,combined_abort_stress,abort_discovery_v5_no_partial_geometry,0.00,,1,0,0,0,1,0,1.75664,0.85565,0.48710,1.75664,0.02068,0.31461,0.18667,0.09081,0.04960,0.08394,0.05813,11,0,none,a0:none:85
7,7005,combined_abort_stress_7_7005_0,combined_abort_stress,abort_discovery_v5_no_abort_reason_labels,0.00,,0,0,0,0,1,1,0.00000,0.85565,0.00000,0.12000,1.00000,0.35461,0.21552,0.17972,0.19571,1.00000,0.24375,11,0,no_path,a0:no_path
7,7005,combined_abort_stress_7_7005_0,combined_abort_stress,abort_discovery_v5_no_repeated_abort_memory,0.00,,0,1,1,1,3,1,3.35904,0.85565,0.08916,3.91904,-0.00151,0.44950,0.28991,0.17468,0.23962,1.00000,0.33063,11,0,no_path,a0:unstable_slip:96;a1:collision_margin:61;a2:no_path
7,7005,combined_abort_stress_7_7005_0,combined_abort_stress,abort_discovery_v5_no_safety_margin,0.00,,1,0,0,0,1,0,1.73643,0.85565,0.49276,1.73643,0.04306,0.39326,0.24476,0.10661,0.08333,0.08873,0.11375,11,0,none,a0:none:85
7,7005,combined_abort_stress_7_7005_0,combined_abort_stress,abort_discovery_v5_no_calibration,0.00,,0,1,1,1,3,1,2.77278,0.85565,0.10801,3.33278,-0.02021,0.36452,0.22288,0.19259,0.22274,1.00000,0.27875,11,0,no_path,a0:collision_margin:63;a1:collision_margin:61;a2:no_path
7,7005,combined_abort_stress_7_7005_0,combined_abort_stress,abort_discovery_v5_no_dynamic_contact_features,0.00,,0,1,1,1,3,1,2.59100,0.85565,0.11558,3.15100,-0.01143,0.37438,0.23030,0.18643,0.22326,1.00000,0.27187,11,0,no_path,a0:collision_margin:63;a1:collision_margin:59;a2:no_path
7,7005,combined_abort_stress_7_7005_0,combined_abort_stress,abort_discovery_v5_no_uncertainty_quantile,0.00,,0,1,1,1,3,1,2.75118,0.85565,0.10885,3.31118,-0.00763,0.37061,0.22745,0.18933,0.23100,1.00000,0.28250,11,0,no_path,a0:collision_margin:62;a1:collision_margin:59;a2:no_path
7,7005,combined_abort_stress_7_7005_0,combined_abort_stress,abort_discovery_v5_no_barrier_inflation,0.00,,0,1,1,1,4,1,4.07277,0.85565,0.07353,4.85277,-0.02307,0.36306,0.22179,0.19183,0.21620,1.00000,0.28375,11,0,no_path,a0:collision_margin:63;a1:collision_margin:60;a2:collision_margin:61;a3:no_path
7,7005,combined_abort_stress_7_7005_0,combined_abort_stress,abort_discovery_v5_endpoint_only,0.00,,1,1,1,1,4,0,4.03433,0.85565,0.21209,4.87433,-0.00004,0.32157,0.19159,0.09019,0.06265,0.08812,0.05063,11,0,none,a0:visible_collision:48;a1:visible_collision:18;a2:collision_margin:41;a3:none:85
7,7006,combined_abort_stress_7_7006_0,combined_abort_stress,abort_discovery_v5_full,0.00,,1,1,0,1,2,0,2.35081,0.84043,0.35751,2.63081,-0.00753,0.26761,0.15447,0.19841,0.23179,0.24633,0.23625,9,2,none,a0:collision_margin:33;a1:none:70
7,7006,combined_abort_stress_7_7006_0,combined_abort_stress,abort_discovery_v5_no_partial_geometry,0.00,,1,1,0,0,2,0,2.12182,0.84043,0.39609,2.40182,-0.00147,0.28571,0.16667,0.10058,0.05930,0.09339,0.06500,9,2,none,a0:human_stop:28;a1:none:68
7,7006,combined_abort_stress_7_7006_0,combined_abort_stress,abort_discovery_v5_no_abort_reason_labels,0.00,,1,0,0,0,1,0,1.50558,0.84043,0.55821,1.50558,0.01701,0.23263,0.13163,0.22498,0.25788,0.20830,0.26813,9,2,none,a0:none:68
7,7006,combined_abort_stress_7_7006_0,combined_abort_stress,abort_discovery_v5_no_repeated_abort_memory,0.00,,1,0,0,0,1,0,1.42596,0.84043,0.58938,1.42596,0.03937,0.28627,0.16704,0.18256,0.20824,0.20871,0.20438,9,2,none,a0:none:70
7,7006,combined_abort_stress_7_7006_0,combined_abort_stress,abort_discovery_v5_no_safety_margin,0.00,,1,1,0,0,2,0,1.99284,0.84043,0.42172,2.27284,-0.00096,0.30939,0.18301,0.12846,0.12704,0.12744,0.10750,9,2,none,a0:collision_margin:31;a1:none:68
7,7006,combined_abort_stress_7_7006_0,combined_abort_stress,abort_discovery_v5_no_calibration,0.00,,1,0,0,0,1,0,1.76576,0.84043,0.47596,1.76576,0.00172,0.29525,0.17320,0.19047,0.20587,0.24660,0.23688,9,2,none,a0:none:80
7,7006,combined_abort_stress_7_7006_0,combined_abort_stress,abort_discovery_v5_no_dynamic_contact_features,0.00,,1,0,0,0,1,0,1.45121,0.84043,0.57912,1.45121,0.03064,0.30826,0.18221,0.17961,0.19481,0.21361,0.22187,9,2,none,a0:none:70
7,7006,combined_abort_stress_7_7006_0,combined_abort_stress,abort_discovery_v5_no_uncertainty_quantile,0.00,,1,1,0,1,2,0,2.17486,0.84043,0.38643,2.45486,-0.00799,0.27338,0.15833,0.19419,0.22751,0.23737,0.22875,9,2,none,a0:collision_margin:31;a1:none:68
7,7006,combined_abort_stress_7_7006_0,combined_abort_stress,abort_discovery_v5_no_barrier_inflation,0.00,,1,0,0,0,1,0,1.59042,0.84043,0.52843,1.59042,0.01879,0.30970,0.18322,0.17742,0.19170,0.20624,0.21625,9,2,none,a0:none:70
7,7006,combined_abort_stress_7_7006_0,combined_abort_stress,abort_discovery_v5_endpoint_only,0.00,,1,0,0,0,1,0,1.44723,0.84043,0.58071,1.44723,0.03246,0.16858,0.09205,0.11042,0.08735,0.02119,0.04437,9,2,none,a0:none:68
7,7007,combined_abort_stress_7_7007_0,combined_abort_stress,abort_discovery_v5_full,0.00,,1,0,0,0,1,0,1.92847,0.84514,0.43825,1.92847,0.03305,0.48513,0.32025,0.14797,0.20550,0.12295,0.28750,11,0,none,a0:none:91
7,7007,combined_abort_stress_7_7007_0,combined_abort_stress,abort_discovery_v5_no_partial_geometry,0.00,,1,1,1,1,4,0,4.39208,0.84514,0.19242,5.23208,-0.00497,0.36628,0.22420,0.10069,0.05902,0.12686,0.10312,11,0,none,a0:visible_collision:34;a1:collision_margin:35;a2:collision_margin:48;a3:none:89
7,7007,combined_abort_stress_7_7007_0,combined_abort_stress,abort_discovery_v5_no_abort_reason_labels,0.00,,0,0,0,0,1,1,0.00000,0.84514,0.00000,0.12000,1.00000,0.31782,0.18893,0.19782,0.22383,1.00000,0.27750,11,0,no_path,a0:no_path
7,7007,combined_abort_stress_7_7007_0,combined_abort_stress,abort_discovery_v5_no_repeated_abort_memory,0.00,,1,0,0,0,1,0,2.02666,0.84514,0.41701,2.02666,0.02931,0.50000,0.33333,0.13851,0.19345,0.13280,0.27563,11,0,none,a0:none:89
7,7007,combined_abort_stress_7_7007_0,combined_abort_stress,abort_discovery_v5_no_safety_margin,0.00,,1,1,0,1,2,0,2.71497,0.84514,0.31129,2.99497,0.01674,0.52710,0.35787,0.10428,0.13466,0.09031,0.22250,11,0,none,a0:visible_collision:40;a1:none:87
7,7007,combined_abort_stress_7_7007_0,combined_abort_stress,abort_discovery_v5_no_calibration,0.00,,1,0,0,0,1,0,1.84992,0.84514,0.45685,1.84992,0.04916,0.46899,0.30632,0.15584,0.21431,0.12914,0.30125,11,0,none,a0:none:90
7,7007,combined_abort_stress_7_7007_0,combined_abort_stress,abort_discovery_v5_no_dynamic_contact_features,0.00,,1,0,0,0,1,0,2.01511,0.84514,0.41940,2.01511,0.02720,0.36466,0.22299,0.15763,0.16930,0.13280,0.22062,11,0,none,a0:none:89
7,7007,combined_abort_stress_7_7007_0,combined_abort_stress,abort_discovery_v5_no_uncertainty_quantile,0.00,,1,0,0,0,1,0,1.79967,0.84514,0.46961,1.79967,0.02712,0.48513,0.32025,0.14794,0.20486,0.12667,0.28750,11,0,none,a0:none:90
7,7007,combined_abort_stress_7_7007_0,combined_abort_stress,abort_discovery_v5_no_barrier_inflation,0.00,,1,0,0,0,1,0,1.79414,0.84514,0.47106,1.79414,0.04223,0.48666,0.32158,0.14638,0.20198,0.13276,0.28625,11,0,none,a0:none:89
7,7007,combined_abort_stress_7_7007_0,combined_abort_stress,abort_discovery_v5_endpoint_only,0.00,,0,1,1,1,6,0,5.34918,0.84514,0.05530,6.66918,-0.01735,0.39189,0.24370,0.08568,0.05039,0.14450,0.07312,11,0,collision_margin,a0:visible_collision:36;a1:collision_margin:36;a2:collision_margin:38;a3:collision_margin:49;a4:human_stop:43;a5:collision_margin:37
7,7008,combined_abort_stress_7_7008_0,combined_abort_stress,abort_discovery_v5_full,0.00,,1,0,0,0,1,0,3.65321,0.84326,0.23083,3.65321,0.01745,0.53107,0.36154,0.15996,0.23279,0.11563,0.31500,11,0,none,a0:none:120
7,7008,combined_abort_stress_7_7008_0,combined_abort_stress,abort_discovery_v5_no_partial_geometry,0.00,,0,1,1,1,6,0,4.07377,0.84326,0.07245,5.39377,-0.02451,0.47028,0.30743,0.09670,0.05102,0.17128,0.11438,11,0,collision_margin,a0:visible_collision:17;a1:collision_margin:36;a2:collision_margin:36;a3:collision_margin:36;a4:collision_margin:36;a5:collision_margin:35
7,7008,combined_abort_stress_7_7008_0,combined_abort_stress,abort_discovery_v5_no_abort_reason_labels,0.00,,0,0,0,0,1,1,0.00000,0.84326,0.00000,0.12000,1.00000,0.44710,0.28791,0.15149,0.14611,1.00000,0.23875,11,0,no_path,a0:no_path
7,7008,combined_abort_stress_7_7008_0,combined_abort_stress,abort_discovery_v5_no_repeated_abort_memory,0.00,,1,0,0,0,1,0,3.29626,0.84326,0.25582,3.29626,0.01712,0.53868,0.36863,0.15452,0.22684,0.11973,0.30875,11,0,none,a0:none:120
7,7008,combined_abort_stress_7_7008_0,combined_abort_stress,abort_discovery_v5_no_safety_margin,0.00,,1,0,0,0,1,0,2.32284,0.84326,0.36303,2.32284,0.02286,0.59272,0.42118,0.11830,0.16787,0.16556,0.25000,11,0,none,a0:none:103
7,7008,combined_abort_stress_7_7008_0,combined_abort_stress,abort_discovery_v5_no_calibration,0.00,,1,0,0,0,1,0,3.47006,0.84326,0.24301,3.47006,0.01281,0.51719,0.34879,0.16647,0.24038,0.11886,0.32688,11,0,none,a0:none:120
7,7008,combined_abort_stress_7_7008_0,combined_abort_stress,abort_discovery_v5_no_dynamic_contact_features,0.00,,1,0,0,0,1,0,3.32176,0.84326,0.25386,3.32176,0.01350,0.50498,0.33778,0.14159,0.15013,0.09818,0.24875,11,0,none,a0:none:120
7,7008,combined_abort_stress_7_7008_0,combined_abort_stress,abort_discovery_v5_no_uncertainty_quantile,0.00,,1,0,0,0,1,0,3.28234,0.84326,0.25691,3.28234,0.02065,0.53107,0.36154,0.15989,0.23223,0.11973,0.31500,11,0,none,a0:none:120
7,7008,combined_abort_stress_7_7008_0,combined_abort_stress,abort_discovery_v5_no_barrier_inflation,0.00,,1,0,0,0,1,0,3.32442,0.84326,0.25365,3.32442,0.01276,0.53107,0.36154,0.15816,0.22866,0.11854,0.31500,11,0,none,a0:none:120
7,7008,combined_abort_stress_7_7008_0,combined_abort_stress,abort_discovery_v5_endpoint_only,0.00,,0,1,1,1,6,0,4.68600,0.84326,0.06298,6.00600,-0.01158,0.37736,0.23256,0.09599,0.05948,0.12485,0.07125,11,0,collision_margin,a0:visible_collision:14;a1:collision_margin:42;a2:collision_margin:36;a3:collision_margin:37;a4:collision_margin:35;a5:collision_margin:39
7,7009,combined_abort_stress_7_7009_0,combined_abort_stress,abort_discovery_v5_full,0.00,,0,1,1,0,3,1,2.52931,0.86145,0.11921,3.08931,-0.01156,0.43243,0.27586,0.20490,0.30686,1.00000,0.39187,11,0,no_path,a0:collision_margin:44;a1:unstable_slip:72;a2:no_path
7,7009,combined_abort_stress_7_7009_0,combined_abort_stress,abort_discovery_v5_no_partial_geometry,0.00,,0,1,1,1,6,0,4.71249,0.86145,0.06398,6.03249,-0.02000,0.33828,0.20357,0.10503,0.06534,0.15081,0.09375,11,0,collision_margin,a0:visible_collision:35;a1:visible_collision:19;a2:collision_margin:39;a3:collision_margin:41;a4:collision_margin:41;a5:collision_margin:44
7,7009,combined_abort_stress_7_7009_0,combined_abort_stress,abort_discovery_v5_no_abort_reason_labels,0.00,,0,0,0,0,1,1,0.00000,0.86145,0.00000,0.12000,1.00000,0.33973,0.20462,0.21463,0.23856,1.00000,0.33937,11,0,no_path,a0:no_path
7,7009,combined_abort_stress_7_7009_0,combined_abort_stress,abort_discovery_v5_no_repeated_abort_memory,0.00,,0,1,1,1,4,1,3.58490,0.86145,0.08410,4.36490,-0.01247,0.44307,0.28458,0.20228,0.31098,1.00000,0.38812,11,0,no_path,a0:collision_margin:42;a1:unstable_slip:66;a2:collision_margin:47;a3:no_path
7,7009,combined_abort_stress_7_7009_0,combined_abort_stress,abort_discovery_v5_no_safety_margin,0.00,,1,0,0,0,1,0,1.81042,0.86145,0.47583,1.81042,0.03897,0.50700,0.33958,0.14495,0.22731,0.19982,0.28500,11,0,none,a0:none:88
7,7009,combined_abort_stress_7_7009_0,combined_abort_stress,abort_discovery_v5_no_calibration,0.00,,0,1,1,1,3,1,2.43212,0.86145,0.12397,2.99212,-0.02900,0.42182,0.26728,0.21369,0.31008,1.00000,0.39875,11,0,no_path,a0:collision_margin:46;a1:unstable_slip:71;a2:no_path
7,7009,combined_abort_stress_7_7009_0,combined_abort_stress,abort_discovery_v5_no_dynamic_contact_features,0.00,,0,1,1,1,6,0,4.77323,0.86145,0.06317,6.09323,-0.02164,0.38022,0.23473,0.17216,0.19489,0.21418,0.28750,11,0,force_limit,a0:force_limit:39;a1:force_limit:38;a2:force_limit:37;a3:force_limit:36;a4:force_limit:33;a5:force_limit:35
7,7009,combined_abort_stress_7_7009_0,combined_abort_stress,abort_discovery_v5_no_uncertainty_quantile,0.00,,0,1,1,1,5,1,5.49571,0.86145,0.05486,6.49571,-0.01606,0.43392,0.27707,0.20281,0.29776,1.00000,0.38438,11,0,no_path,a0:collision_margin:42;a1:unstable_slip:65;a2:human_stop:71;a3:human_stop:78;a4:no_path
7,7009,combined_abort_stress_7_7009_0,combined_abort_stress,abort_discovery_v5_no_barrier_inflation,0.00,,0,1,1,1,5,1,5.81837,0.86145,0.05182,6.81837,-0.03278,0.43687,0.27948,0.20092,0.29293,1.00000,0.37812,11,0,no_path,a0:collision_margin:41;a1:unstable_slip:64;a2:human_stop:75;a3:human_stop:81;a4:no_path
7,7009,combined_abort_stress_7_7009_0,combined_abort_stress,abort_discovery_v5_endpoint_only,0.00,,1,1,0,0,2,0,2.73791,0.86145,0.31464,3.01791,-0.00067,0.35897,0.21875,0.08341,0.03262,0.03511,0.05375,11,0,none,a0:collision_margin:42;a1:none:87
