seed,scenario,layout_id,split,evidence_id,aborted,success,reason,trace_points,path_length,force_proxy,violation,start_x,start_y,goal_x,goal_y,abort_x,abort_y,direction_x,direction_y
0,0,nominal_known_constraints_0_0_0,nominal_known_constraints,probe_00,0,1,none,72,0.98520,0.00000,0,0.07094,0.51531,0.92471,0.59212,0.91201,0.58872,0.78838,0.61519
0,0,nominal_known_constraints_0_0_0,nominal_known_constraints,probe_01,0,1,none,72,0.95646,0.00000,0,0.07000,0.86629,0.93000,0.82686,0.93473,0.83067,0.99801,-0.06309
0,0,nominal_known_constraints_0_0_0,nominal_known_constraints,probe_02,1,0,visible_collision,14,0.16220,1.00000,1,0.12000,0.14000,0.88000,0.33000,0.24584,0.18871,0.84332,0.53741
0,0,nominal_known_constraints_0_0_0,nominal_known_constraints,probe_03,0,1,none,93,1.21962,0.00000,0,0.10000,0.86000,0.91000,0.16000,0.90813,0.16908,0.98459,-0.17488
0,0,nominal_known_constraints_0_0_0,nominal_known_constraints,probe_04,0,1,none,67,0.89156,0.00000,0,0.16000,0.67000,0.86000,0.41901,0.86140,0.40947,0.95689,0.29043
0,1,nominal_known_constraints_0_1_0,nominal_known_constraints,probe_00,0,1,none,69,0.94353,0.00000,0,0.07510,0.29945,0.91503,0.23369,0.91211,0.23919,0.66949,-0.74282
0,1,nominal_known_constraints_0_1_0,nominal_known_constraints,probe_01,0,1,none,76,1.01569,0.00000,0,0.07000,0.71626,0.93000,0.64687,0.93566,0.63021,0.97027,0.24203
0,1,nominal_known_constraints_0_1_0,nominal_known_constraints,probe_02,0,1,none,66,0.89532,0.00000,0,0.12000,0.14000,0.88000,0.16000,0.88456,0.16470,0.60843,0.79361
0,1,nominal_known_constraints_0_1_0,nominal_known_constraints,probe_03,0,1,none,86,1.16464,0.00000,0,0.10000,0.86000,0.91000,0.33000,0.90818,0.34148,0.97772,0.20989
0,1,nominal_known_constraints_0_1_0,nominal_known_constraints,probe_04,0,1,none,59,0.79550,0.00000,0,0.16000,0.50000,0.86000,0.46700,0.86204,0.46221,0.94918,0.31475
0,2,nominal_known_constraints_0_2_0,nominal_known_constraints,probe_00,0,1,none,71,0.99140,0.00000,0,0.07389,0.21586,0.91419,0.20940,0.91617,0.21138,0.97136,-0.23761
0,2,nominal_known_constraints_0_2_0,nominal_known_constraints,probe_01,0,1,none,74,0.97694,0.00000,0,0.07000,0.11141,0.93000,0.18430,0.93655,0.18459,0.81566,0.57853
0,2,nominal_known_constraints_0_2_0,nominal_known_constraints,probe_02,0,1,none,93,1.21842,0.00000,0,0.12000,0.14000,0.88000,0.84000,0.88618,0.83189,0.85112,0.52497
0,2,nominal_known_constraints_0_2_0,nominal_known_constraints,probe_03,0,1,none,79,1.04976,0.00000,0,0.10000,0.86000,0.91000,0.50000,0.91192,0.51165,0.89408,-0.44791
0,2,nominal_known_constraints_0_2_0,nominal_known_constraints,probe_04,0,1,none,71,0.96231,0.00000,0,0.16000,0.33000,0.86000,0.67602,0.86407,0.69486,0.60401,0.79697
0,3,nominal_known_constraints_0_3_0,nominal_known_constraints,probe_00,0,1,none,74,1.00386,0.00000,0,0.06533,0.76702,0.91022,0.82870,0.91005,0.84189,0.99624,0.08664
0,3,nominal_known_constraints_0_3_0,nominal_known_constraints,probe_01,0,1,none,72,0.97913,0.00000,0,0.07000,0.68088,0.93000,0.66456,0.93352,0.66295,0.96915,-0.24646
0,3,nominal_known_constraints_0_3_0,nominal_known_constraints,probe_02,0,1,none,91,1.17320,0.00000,0,0.12000,0.14000,0.88000,0.84000,0.88616,0.83572,0.41750,0.90868
0,3,nominal_known_constraints_0_3_0,nominal_known_constraints,probe_03,0,1,none,86,1.13983,0.00000,0,0.10000,0.86000,0.91000,0.33000,0.91123,0.33256,0.97869,0.20534
0,3,nominal_known_constraints_0_3_0,nominal_known_constraints,probe_04,1,0,visible_collision,73,0.96115,1.00000,1,0.16000,0.16000,0.86000,0.87526,0.74067,0.75292,0.59349,0.80484
0,4,nominal_known_constraints_0_4_0,nominal_known_constraints,probe_00,0,1,none,71,0.96442,0.00000,0,0.06996,0.44506,0.91233,0.37529,0.91440,0.38437,0.91393,-0.40587
0,4,nominal_known_constraints_0_4_0,nominal_known_constraints,probe_01,0,1,none,74,1.04524,0.00000,0,0.07000,0.20195,0.93000,0.13902,0.93498,0.14328,0.51559,-0.85684
0,4,nominal_known_constraints_0_4_0,nominal_known_constraints,probe_02,0,1,none,84,1.08390,0.00000,0,0.12000,0.14000,0.88000,0.67000,0.88777,0.66888,0.38322,0.92366
0,4,nominal_known_constraints_0_4_0,nominal_known_constraints,probe_03,0,1,none,66,0.89769,0.00000,0,0.10000,0.86000,0.91000,0.84000,0.91658,0.84336,0.97671,-0.21456
0,4,nominal_known_constraints_0_4_0,nominal_known_constraints,probe_04,0,1,none,72,0.95741,0.00000,0,0.16000,0.33000,0.86000,0.70504,0.86485,0.71678,0.99992,0.01274
0,5,nominal_known_constraints_0_5_0,nominal_known_constraints,probe_00,0,1,none,73,0.98770,0.00000,0,0.07233,0.64159,0.92126,0.73709,0.90441,0.73371,0.92525,0.37936
0,5,nominal_known_constraints_0_5_0,nominal_known_constraints,probe_01,0,1,none,72,1.01668,0.00000,0,0.07000,0.14728,0.93000,0.16636,0.94673,0.16414,0.80578,0.59222
0,5,nominal_known_constraints_0_5_0,nominal_known_constraints,probe_02,0,1,none,84,1.14946,0.00000,0,0.12000,0.14000,0.88000,0.67000,0.89323,0.66069,0.56361,0.82604
0,5,nominal_known_constraints_0_5_0,nominal_known_constraints,probe_03,0,1,none,66,0.91965,0.00000,0,0.10000,0.86000,0.91000,0.84000,0.91741,0.84125,0.93535,0.35373
0,5,nominal_known_constraints_0_5_0,nominal_known_constraints,probe_04,0,1,none,69,0.95939,0.00000,0,0.16000,0.33000,0.86000,0.63089,0.86909,0.63939,0.98896,0.14819
0,6,nominal_known_constraints_0_6_0,nominal_known_constraints,probe_00,1,0,visible_collision,14,0.18054,1.00000,1,0.08165,0.22529,0.91196,0.29981,0.25002,0.23620,0.67791,0.73514
0,6,nominal_known_constraints_0_6_0,nominal_known_constraints,probe_01,0,1,none,74,0.99073,0.00000,0,0.07000,0.79714,0.93000,0.86143,0.93084,0.86676,0.90657,0.42206
0,6,nominal_known_constraints_0_6_0,nominal_known_constraints,probe_02,1,0,visible_collision,16,0.19709,1.00000,1,0.12000,0.14000,0.88000,0.16000,0.30030,0.14811,0.96582,-0.25920
0,6,nominal_known_constraints_0_6_0,nominal_known_constraints,probe_03,0,1,none,86,1.13555,0.00000,0,0.10000,0.86000,0.91000,0.33000,0.90963,0.34064,0.98501,-0.17249
0,6,nominal_known_constraints_0_6_0,nominal_known_constraints,probe_04,0,1,none,59,0.79594,0.00000,0,0.16000,0.50000,0.86000,0.46689,0.86363,0.46410,0.94290,0.33306
0,7,nominal_known_constraints_0_7_0,nominal_known_constraints,probe_00,0,1,none,73,0.96154,0.00000,0,0.07965,0.18000,0.91544,0.33816,0.91193,0.33565,0.54352,0.83939
0,7,nominal_known_constraints_0_7_0,nominal_known_constraints,probe_01,0,1,none,72,0.97912,0.00000,0,0.07000,0.69984,0.93000,0.65508,0.93498,0.67011,0.99248,-0.12241
0,7,nominal_known_constraints_0_7_0,nominal_known_constraints,probe_02,0,1,none,78,1.00134,0.00000,0,0.12000,0.14000,0.88000,0.50000,0.88751,0.51290,0.82774,0.56111
0,7,nominal_known_constraints_0_7_0,nominal_known_constraints,probe_03,0,1,none,86,1.12749,0.00000,0,0.10000,0.86000,0.91000,0.33000,0.91326,0.34239,0.96078,-0.27731
0,7,nominal_known_constraints_0_7_0,nominal_known_constraints,probe_04,0,1,none,81,1.03570,0.00000,0,0.16000,0.84000,0.86000,0.23140,0.86595,0.23608,0.99964,0.02686
0,8,nominal_known_constraints_0_8_0,nominal_known_constraints,probe_00,0,1,none,71,0.98413,0.00000,0,0.07547,0.59570,0.92110,0.49000,0.91603,0.49513,0.94757,-0.31955
0,8,nominal_known_constraints_0_8_0,nominal_known_constraints,probe_01,0,1,none,73,1.01383,0.00000,0,0.07000,0.46774,0.93000,0.51613,0.93744,0.51332,0.48791,0.87289
0,8,nominal_known_constraints_0_8_0,nominal_known_constraints,probe_02,0,1,none,64,0.86747,0.00000,0,0.12000,0.14000,0.88000,0.16000,0.88470,0.16125,0.60778,0.79410
0,8,nominal_known_constraints_0_8_0,nominal_known_constraints,probe_03,0,1,none,66,0.91304,0.00000,0,0.10000,0.86000,0.91000,0.84000,0.91825,0.82873,0.93508,-0.35443
0,8,nominal_known_constraints_0_8_0,nominal_known_constraints,probe_04,0,1,none,69,0.91091,0.00000,0,0.16000,0.67000,0.86000,0.36767,0.85983,0.35927,0.94857,-0.31658
0,9,nominal_known_constraints_0_9_0,nominal_known_constraints,probe_00,0,1,none,71,0.98508,0.00000,0,0.07566,0.71348,0.92214,0.61197,0.91771,0.61047,0.97759,-0.21054
0,9,nominal_known_constraints_0_9_0,nominal_known_constraints,probe_01,0,1,none,71,0.97446,0.00000,0,0.07000,0.83731,0.93000,0.84134,0.92868,0.83679,0.95549,0.29503
0,9,nominal_known_constraints_0_9_0,nominal_known_constraints,probe_02,0,1,none,84,1.11717,0.00000,0,0.12000,0.14000,0.88000,0.67000,0.89175,0.65936,0.67828,0.73480
0,9,nominal_known_constraints_0_9_0,nominal_known_constraints,probe_03,0,1,none,86,1.14403,0.00000,0,0.10000,0.86000,0.91000,0.33000,0.91139,0.33557,0.99929,-0.03762
0,9,nominal_known_constraints_0_9_0,nominal_known_constraints,probe_04,1,0,visible_collision,71,0.90556,1.00000,1,0.16000,0.16000,0.86000,0.88000,0.67010,0.78540,0.75277,0.65828
0,10,nominal_known_constraints_0_10_0,nominal_known_constraints,probe_00,0,1,none,74,1.01000,0.00000,0,0.07137,0.82000,0.91460,0.69162,0.90923,0.67786,0.86250,-0.50606
0,10,nominal_known_constraints_0_10_0,nominal_known_constraints,probe_01,0,1,none,72,0.99814,0.00000,0,0.07000,0.14117,0.93000,0.16941,0.93432,0.16668,0.99360,-0.11298
0,10,nominal_known_constraints_0_10_0,nominal_known_constraints,probe_02,0,1,none,84,1.07427,0.00000,0,0.12000,0.14000,0.88000,0.67000,0.87857,0.66393,0.75341,0.65755
0,10,nominal_known_constraints_0_10_0,nominal_known_constraints,probe_03,0,1,none,66,0.88127,0.00000,0,0.10000,0.86000,0.91000,0.84000,0.91040,0.83715,0.99809,-0.06177
0,10,nominal_known_constraints_0_10_0,nominal_known_constraints,probe_04,0,1,none,57,0.79887,0.00000,0,0.16000,0.50000,0.86000,0.50499,0.86748,0.51024,0.81517,-0.57923
0,11,nominal_known_constraints_0_11_0,nominal_known_constraints,probe_00,0,1,none,72,0.98506,0.00000,0,0.07593,0.68630,0.92257,0.56242,0.91129,0.56415,0.98643,-0.16420
0,11,nominal_known_constraints_0_11_0,nominal_known_constraints,probe_01,0,1,none,76,1.01277,0.00000,0,0.07000,0.20753,0.93000,0.13624,0.93425,0.13546,0.71256,0.70161
0,11,nominal_known_constraints_0_11_0,nominal_known_constraints,probe_02,0,1,none,78,1.03215,0.00000,0,0.12000,0.14000,0.88000,0.50000,0.88723,0.51747,0.89309,0.44987
0,11,nominal_known_constraints_0_11_0,nominal_known_constraints,probe_03,0,1,none,66,0.87252,0.00000,0,0.10000,0.86000,0.91000,0.84000,0.90887,0.83450,0.99982,-0.01921
0,11,nominal_known_constraints_0_11_0,nominal_known_constraints,probe_04,0,1,none,70,0.91258,0.00000,0,0.16000,0.67000,0.86000,0.33441,0.86490,0.33255,0.86761,-0.49724
0,12,nominal_known_constraints_0_12_0,nominal_known_constraints,probe_00,0,1,none,69,0.94747,0.00000,0,0.07604,0.56107,0.91487,0.61428,0.91713,0.61106,0.50218,0.86476
0,12,nominal_known_constraints_0_12_0,nominal_known_constraints,probe_01,0,1,none,72,0.98759,0.00000,0,0.07000,0.13153,0.93000,0.17424,0.94171,0.16998,0.92130,0.38886
0,12,nominal_known_constraints_0_12_0,nominal_known_constraints,probe_02,0,1,none,71,0.95635,0.00000,0,0.12000,0.14000,0.88000,0.33000,0.89043,0.34000,0.67259,0.74001
0,12,nominal_known_constraints_0_12_0,nominal_known_constraints,probe_03,0,1,none,79,1.07630,0.00000,0,0.10000,0.86000,0.91000,0.50000,0.91438,0.50045,0.46849,0.88347
0,12,nominal_known_constraints_0_12_0,nominal_known_constraints,probe_04,0,1,none,70,0.96636,0.00000,0,0.16000,0.67000,0.86000,0.34305,0.86580,0.32511,0.97753,-0.21081
0,13,nominal_known_constraints_0_13_0,nominal_known_constraints,probe_00,0,1,none,71,0.96668,0.00000,0,0.08061,0.28852,0.91349,0.19662,0.90844,0.19555,0.99789,-0.06493
0,13,nominal_known_constraints_0_13_0,nominal_known_constraints,probe_01,0,1,none,73,0.96049,0.00000,0,0.07000,0.18374,0.93000,0.14813,0.92961,0.13804,0.92658,0.37610
0,13,nominal_known_constraints_0_13_0,nominal_known_constraints,probe_02,0,1,none,84,1.10110,0.00000,0,0.12000,0.14000,0.88000,0.67000,0.88392,0.65880,0.87438,0.48524
0,13,nominal_known_constraints_0_13_0,nominal_known_constraints,probe_03,0,1,none,66,0.90187,0.00000,0,0.10000,0.86000,0.91000,0.84000,0.91454,0.83437,0.79476,-0.60693
0,13,nominal_known_constraints_0_13_0,nominal_known_constraints,probe_04,0,1,none,58,0.80074,0.00000,0,0.16000,0.50000,0.86000,0.48160,0.86420,0.48765,0.84282,-0.53819
0,1000,hidden_wall_abort_0_1000_0,hidden_wall_abort,probe_00,1,0,fixture_snag,34,0.53638,0.96034,0,0.08134,0.82000,0.91478,0.80023,0.50086,0.81295,0.99768,0.06812
0,1000,hidden_wall_abort_0_1000_0,hidden_wall_abort,probe_01,1,0,fixture_snag,36,0.55875,1.07714,0,0.07000,0.74412,0.93000,0.74223,0.50391,0.73679,0.88844,-0.45899
0,1000,hidden_wall_abort_0_1000_0,hidden_wall_abort,probe_02,1,0,collision_margin,42,0.64259,1.30027,1,0.12000,0.14000,0.88000,0.54857,0.51627,0.36302,0.61046,-0.79205
0,1000,hidden_wall_abort_0_1000_0,hidden_wall_abort,probe_03,1,0,fixture_snag,41,0.53971,1.05079,0,0.10000,0.86000,0.91000,0.45143,0.50261,0.64008,0.94708,0.32098
0,1000,hidden_wall_abort_0_1000_0,hidden_wall_abort,probe_04,1,0,collision_margin,45,0.63775,1.21915,1,0.16000,0.84000,0.86000,0.12532,0.53093,0.46119,0.85490,-0.51879
0,1000,hidden_wall_abort_0_1000_0,hidden_wall_abort,probe_05,1,0,collision_margin,38,0.56773,1.03091,0,0.07000,0.24832,0.93000,0.26155,0.50616,0.23344,0.92325,-0.38419
0,1000,hidden_wall_abort_0_1000_0,hidden_wall_abort,probe_06,1,0,visible_collision,20,0.30392,1.00000,1,0.12000,0.14000,0.88000,0.64571,0.29607,0.24351,0.91510,0.40322
0,1000,hidden_wall_abort_0_1000_0,hidden_wall_abort,probe_07,0,1,none,85,1.29033,0.00000,0,0.10000,0.86000,0.91000,0.35429,0.90981,0.35877,0.93324,0.35927
0,1001,hidden_wall_abort_0_1001_0,hidden_wall_abort,probe_00,1,0,fixture_snag,38,0.59465,1.08305,0,0.07389,0.82000,0.91990,0.84000,0.53462,0.82517,0.99877,-0.04955
0,1001,hidden_wall_abort_0_1001_0,hidden_wall_abort,probe_01,1,0,fixture_snag,38,0.61730,1.00849,0,0.07000,0.81169,0.93000,0.85416,0.53198,0.80828,0.60026,-0.79980
0,1001,hidden_wall_abort_0_1001_0,hidden_wall_abort,probe_02,1,0,collision_margin,39,0.60488,1.26561,1,0.12000,0.14000,0.88000,0.35429,0.54033,0.23069,0.93428,-0.35653
0,1001,hidden_wall_abort_0_1001_0,hidden_wall_abort,probe_03,1,0,fixture_snag,35,0.51447,1.19978,1,0.10000,0.86000,0.91000,0.74286,0.53916,0.86843,0.97774,0.20983
0,1001,hidden_wall_abort_0_1001_0,hidden_wall_abort,probe_04,1,0,fixture_snag,31,0.47999,1.19450,1,0.16000,0.54857,0.86000,0.50829,0.53086,0.54159,0.99404,0.10905
0,1001,hidden_wall_abort_0_1001_0,hidden_wall_abort,probe_05,1,0,fixture_snag,40,0.63035,1.31123,1,0.07000,0.45142,0.93000,0.45143,0.54914,0.46999,0.95747,0.28852
0,1001,hidden_wall_abort_0_1001_0,hidden_wall_abort,probe_06,1,0,fixture_snag,49,0.77547,1.65631,1,0.12000,0.14000,0.88000,0.64571,0.54328,0.49004,0.99529,0.09695
0,1001,hidden_wall_abort_0_1001_0,hidden_wall_abort,probe_07,0,1,none,89,1.37834,0.00000,0,0.10000,0.86000,0.91000,0.25714,0.91790,0.26577,0.97815,0.20791
0,1002,hidden_wall_abort_0_1002_0,hidden_wall_abort,probe_00,1,0,fixture_snag,38,0.59959,0.99246,0,0.07419,0.72219,0.91660,0.84000,0.48786,0.78129,0.92766,0.37343
0,1002,hidden_wall_abort_0_1002_0,hidden_wall_abort,probe_01,1,0,collision_margin,33,0.45477,1.03035,0,0.07000,0.18297,0.93000,0.14851,0.45014,0.16611,0.77574,-0.63106
0,1002,hidden_wall_abort_0_1002_0,hidden_wall_abort,probe_02,1,0,collision_margin,34,0.50036,1.03371,0,0.12000,0.14000,0.88000,0.54857,0.44457,0.31459,0.93102,0.36497
0,1002,hidden_wall_abort_0_1002_0,hidden_wall_abort,probe_03,1,0,collision_margin,38,0.56625,1.10867,0,0.10000,0.86000,0.91000,0.35429,0.43645,0.58598,0.99719,-0.07491
0,1002,hidden_wall_abort_0_1002_0,hidden_wall_abort,probe_04,1,0,collision_margin,33,0.48401,1.12466,0,0.16000,0.84000,0.86000,0.12000,0.43774,0.56482,0.26320,-0.96474
0,1002,hidden_wall_abort_0_1002_0,hidden_wall_abort,probe_05,1,0,collision_margin,33,0.50847,1.23592,1,0.07000,0.66145,0.93000,0.63785,0.45485,0.65897,0.75149,-0.65974
0,1002,hidden_wall_abort_0_1002_0,hidden_wall_abort,probe_06,1,0,collision_margin,30,0.51076,1.44834,1,0.12000,0.14000,0.88000,0.25714,0.46180,0.18935,0.80711,0.59040
0,1002,hidden_wall_abort_0_1002_0,hidden_wall_abort,probe_07,1,0,fixture_snag,30,0.45392,1.33990,1,0.10000,0.86000,0.91000,0.74286,0.47804,0.85442,0.81375,0.58121
0,1003,hidden_wall_abort_0_1003_0,hidden_wall_abort,probe_00,1,0,collision_margin,34,0.55270,0.99467,0,0.07008,0.35529,0.90890,0.34893,0.47355,0.35444,0.87143,0.49052
0,1003,hidden_wall_abort_0_1003_0,hidden_wall_abort,probe_01,1,0,fixture_snag,34,0.52845,1.31100,1,0.07000,0.64207,0.93000,0.64754,0.47538,0.64349,0.90567,-0.42398
0,1003,hidden_wall_abort_0_1003_0,hidden_wall_abort,probe_02,1,0,collision_margin,33,0.48423,0.98282,0,0.12000,0.14000,0.88000,0.16000,0.45710,0.13748,0.85190,-0.52371
0,1003,hidden_wall_abort_0_1003_0,hidden_wall_abort,probe_03,1,0,fixture_snag,35,0.57364,1.13505,0,0.10000,0.86000,0.91000,0.54857,0.46606,0.73888,0.86857,0.49556
0,1003,hidden_wall_abort_0_1003_0,hidden_wall_abort,probe_04,1,0,collision_margin,39,0.51339,1.20517,1,0.16000,0.74286,0.86000,0.27362,0.48616,0.43916,0.94651,-0.32267
0,1003,hidden_wall_abort_0_1003_0,hidden_wall_abort,probe_05,1,0,collision_margin,38,0.62401,1.09701,0,0.07000,0.49723,0.93000,0.42853,0.52504,0.47421,0.58360,-0.81204
0,1003,hidden_wall_abort_0_1003_0,hidden_wall_abort,probe_06,1,0,collision_margin,33,0.55229,1.13302,0,0.12000,0.14000,0.88000,0.25714,0.46919,0.23952,0.99910,-0.04249
0,1003,hidden_wall_abort_0_1003_0,hidden_wall_abort,probe_07,0,1,none,85,1.30634,0.00000,0,0.10000,0.86000,0.91000,0.35429,0.91336,0.36696,0.90727,0.42056
0,1004,hidden_wall_abort_0_1004_0,hidden_wall_abort,probe_00,1,0,fixture_snag,43,0.72768,1.75456,1,0.06673,0.82000,0.92404,0.83885,0.60126,0.81313,0.95001,0.31221
0,1004,hidden_wall_abort_0_1004_0,hidden_wall_abort,probe_01,1,0,collision_margin,45,0.65350,1.11815,0,0.07000,0.62994,0.93000,0.65360,0.59793,0.62592,0.99722,0.07452
0,1004,hidden_wall_abort_0_1004_0,hidden_wall_abort,probe_02,1,0,collision_margin,62,0.92594,0.95161,0,0.12000,0.14000,0.88000,0.84000,0.59353,0.63850,0.89815,0.43968
0,1004,hidden_wall_abort_0_1004_0,hidden_wall_abort,probe_03,1,0,fixture_snag,42,0.65684,1.44968,1,0.10000,0.86000,0.91000,0.74286,0.59361,0.79689,0.99735,0.07270
0,1004,hidden_wall_abort_0_1004_0,hidden_wall_abort,probe_04,1,0,collision_margin,50,0.72093,1.07219,0,0.16000,0.25714,0.86000,0.74330,0.59579,0.60977,0.98647,-0.16393
0,1004,hidden_wall_abort_0_1004_0,hidden_wall_abort,probe_05,1,0,collision_margin,44,0.71120,1.72976,1,0.07000,0.48290,0.93000,0.43569,0.60931,0.47943,0.99461,0.10372
0,1004,hidden_wall_abort_0_1004_0,hidden_wall_abort,probe_06,1,0,collision_margin,38,0.61223,1.40347,1,0.12000,0.14000,0.88000,0.16000,0.58409,0.15529,0.95741,-0.28873
0,1004,hidden_wall_abort_0_1004_0,hidden_wall_abort,probe_07,1,0,collision_margin,53,0.82079,1.13599,0,0.10000,0.86000,0.91000,0.35429,0.59292,0.50943,0.31997,-0.94743
0,1005,hidden_wall_abort_0_1005_0,hidden_wall_abort,probe_00,1,0,collision_margin,36,0.52207,1.33407,1,0.07305,0.39040,0.90946,0.33351,0.49890,0.39197,0.88296,-0.46944
0,1005,hidden_wall_abort_0_1005_0,hidden_wall_abort,probe_01,1,0,collision_margin,35,0.55259,1.08033,0,0.07000,0.17935,0.93000,0.15033,0.49346,0.19055,0.86900,0.49481
0,1005,hidden_wall_abort_0_1005_0,hidden_wall_abort,probe_02,1,0,collision_margin,35,0.50718,1.71120,1,0.12000,0.14000,0.88000,0.35429,0.51218,0.20917,0.84389,0.53652
0,1005,hidden_wall_abort_0_1005_0,hidden_wall_abort,probe_03,1,0,collision_margin,41,0.62851,0.97821,0,0.10000,0.86000,0.91000,0.45143,0.49703,0.65269,0.80867,-0.58826
0,1005,hidden_wall_abort_0_1005_0,hidden_wall_abort,probe_04,1,0,collision_margin,39,0.57025,1.08752,0,0.16000,0.25714,0.86000,0.71204,0.48990,0.54126,0.84393,0.53645
0,1005,hidden_wall_abort_0_1005_0,hidden_wall_abort,probe_05,1,0,fixture_snag,35,0.56980,0.98680,0,0.07000,0.85574,0.93000,0.83213,0.48614,0.86322,0.66184,0.74964
0,1005,hidden_wall_abort_0_1005_0,hidden_wall_abort,probe_06,1,0,visible_collision,15,0.20410,1.00000,1,0.12000,0.14000,0.88000,0.54857,0.25715,0.20082,0.97438,-0.22489
0,1005,hidden_wall_abort_0_1005_0,hidden_wall_abort,probe_07,1,0,fixture_snag,32,0.46962,1.00603,0,0.10000,0.86000,0.91000,0.74286,0.48330,0.81947,0.85251,-0.52272
0,1006,hidden_wall_abort_0_1006_0,hidden_wall_abort,probe_00,1,0,collision_margin,33,0.49360,1.10050,0,0.08079,0.18000,0.92500,0.23193,0.44670,0.26140,0.98999,-0.14116
0,1006,hidden_wall_abort_0_1006_0,hidden_wall_abort,probe_01,1,0,visible_collision,16,0.20488,1.00000,1,0.07000,0.18736,0.93000,0.14632,0.23817,0.16798,0.89264,-0.45077
0,1006,hidden_wall_abort_0_1006_0,hidden_wall_abort,probe_02,1,0,fixture_snag,40,0.56263,1.43948,1,0.12000,0.14000,0.88000,0.84000,0.44107,0.47418,0.95342,0.30166
0,1006,hidden_wall_abort_0_1006_0,hidden_wall_abort,probe_03,1,0,fixture_snag,39,0.57369,1.09725,0,0.10000,0.86000,0.91000,0.25714,0.43072,0.54639,0.86055,0.50937
0,1006,hidden_wall_abort_0_1006_0,hidden_wall_abort,probe_04,1,0,fixture_snag,25,0.33862,1.60504,1,0.16000,0.45143,0.86000,0.60319,0.44587,0.51367,0.94699,0.32125
0,1006,hidden_wall_abort_0_1006_0,hidden_wall_abort,probe_05,1,0,fixture_snag,30,0.47732,1.12770,0,0.07000,0.60760,0.93000,0.66477,0.43145,0.60933,0.95714,0.28961
0,1006,hidden_wall_abort_0_1006_0,hidden_wall_abort,probe_06,1,0,visible_collision,17,0.23161,1.00000,1,0.12000,0.14000,0.88000,0.54857,0.25138,0.24353,0.99211,0.12539
0,1006,hidden_wall_abort_0_1006_0,hidden_wall_abort,probe_07,1,0,fixture_snag,37,0.51511,1.03209,0,0.10000,0.86000,0.91000,0.35429,0.42867,0.58794,0.85803,-0.51360
0,1007,hidden_wall_abort_0_1007_0,hidden_wall_abort,probe_00,0,1,none,71,1.11296,0.00000,0,0.07088,0.75446,0.91225,0.72158,0.92375,0.72358,0.99339,0.11478
0,1007,hidden_wall_abort_0_1007_0,hidden_wall_abort,probe_01,1,0,collision_margin,32,0.51474,1.57963,1,0.07000,0.54967,0.93000,0.54802,0.45761,0.53989,0.78777,-0.61597
0,1007,hidden_wall_abort_0_1007_0,hidden_wall_abort,probe_02,1,0,collision_margin,40,0.61418,1.22357,1,0.12000,0.14000,0.88000,0.64571,0.45205,0.44162,0.85757,0.51437
0,1007,hidden_wall_abort_0_1007_0,hidden_wall_abort,probe_03,1,0,collision_margin,37,0.58695,1.11350,0,0.10000,0.86000,0.91000,0.45143,0.46783,0.65347,0.99945,0.03302
0,1007,hidden_wall_abort_0_1007_0,hidden_wall_abort,probe_04,1,0,collision_margin,34,0.53265,1.10807,0,0.16000,0.25714,0.86000,0.79799,0.44325,0.54382,0.96020,-0.27932
0,1007,hidden_wall_abort_0_1007_0,hidden_wall_abort,probe_05,0,1,none,72,1.11842,0.00000,0,0.07000,0.72700,0.93000,0.75078,0.93752,0.75670,0.95975,0.28087
0,1007,hidden_wall_abort_0_1007_0,hidden_wall_abort,probe_06,1,0,collision_margin,34,0.54365,1.00681,0,0.12000,0.14000,0.88000,0.35429,0.45351,0.28895,0.98158,0.19105
0,1007,hidden_wall_abort_0_1007_0,hidden_wall_abort,probe_07,1,0,collision_margin,41,0.58601,1.30198,1,0.10000,0.86000,0.91000,0.16000,0.44981,0.52968,0.98738,0.15836
0,1008,hidden_wall_abort_0_1008_0,hidden_wall_abort,probe_00,1,0,collision_margin,31,0.48085,1.32243,1,0.06948,0.49478,0.91258,0.57400,0.44364,0.49066,0.96407,-0.26563
0,1008,hidden_wall_abort_0_1008_0,hidden_wall_abort,probe_01,1,0,fixture_snag,32,0.49728,1.42937,1,0.07000,0.84093,0.93000,0.83953,0.45059,0.83001,0.99978,-0.02077
0,1008,hidden_wall_abort_0_1008_0,hidden_wall_abort,probe_02,1,0,collision_margin,40,0.60333,1.21521,1,0.12000,0.14000,0.88000,0.74286,0.44040,0.46132,0.78914,0.61421
0,1008,hidden_wall_abort_0_1008_0,hidden_wall_abort,probe_03,1,0,collision_margin,39,0.56371,1.00690,0,0.10000,0.86000,0.91000,0.16000,0.43425,0.55233,0.59227,-0.80574
0,1008,hidden_wall_abort_0_1008_0,hidden_wall_abort,probe_04,1,0,collision_margin,32,0.46062,1.07634,0,0.16000,0.25714,0.86000,0.76814,0.43630,0.52434,0.98518,0.17150
0,1008,hidden_wall_abort_0_1008_0,hidden_wall_abort,probe_05,1,0,collision_margin,32,0.48731,1.43095,1,0.07000,0.45070,0.93000,0.45179,0.44686,0.45078,0.98867,-0.15009
0,1008,hidden_wall_abort_0_1008_0,hidden_wall_abort,probe_06,1,0,collision_margin,39,0.62960,1.09465,0,0.12000,0.14000,0.88000,0.64571,0.43676,0.43745,0.59785,0.80161
0,1008,hidden_wall_abort_0_1008_0,hidden_wall_abort,probe_07,0,1,none,78,1.14070,0.00000,0,0.10000,0.86000,0.91000,0.54857,0.91011,0.53871,0.97537,-0.22059
0,1009,hidden_wall_abort_0_1009_0,hidden_wall_abort,probe_00,1,0,fixture_snag,32,0.46712,1.18366,1,0.07612,0.37872,0.92439,0.59186,0.45133,0.44930,0.96975,-0.24411
0,1009,hidden_wall_abort_0_1009_0,hidden_wall_abort,probe_01,1,0,fixture_snag,33,0.50914,1.07193,0,0.07000,0.38543,0.93000,0.48443,0.46280,0.39324,0.99859,0.05317
0,1009,hidden_wall_abort_0_1009_0,hidden_wall_abort,probe_02,1,0,fixture_snag,41,0.58973,1.15120,0,0.12000,0.14000,0.88000,0.74286,0.48865,0.39757,0.86483,0.50207
0,1009,hidden_wall_abort_0_1009_0,hidden_wall_abort,probe_03,1,0,fixture_snag,41,0.59515,1.17393,1,0.10000,0.86000,0.91000,0.16000,0.44763,0.53488,0.84642,-0.53251
0,1009,hidden_wall_abort_0_1009_0,hidden_wall_abort,probe_04,1,0,fixture_snag,36,0.49126,1.41888,1,0.16000,0.25714,0.86000,0.76307,0.45438,0.54814,0.98144,0.19177
0,1009,hidden_wall_abort_0_1009_0,hidden_wall_abort,probe_05,1,0,fixture_snag,31,0.44731,1.21555,1,0.07000,0.83544,0.93000,0.84228,0.43682,0.83716,0.79333,0.60879
0,1009,hidden_wall_abort_0_1009_0,hidden_wall_abort,probe_06,0,1,none,79,1.12102,0.00000,0,0.12000,0.14000,0.88000,0.54857,0.89751,0.51963,0.62614,0.77971
0,1009,hidden_wall_abort_0_1009_0,hidden_wall_abort,probe_07,1,0,fixture_snag,28,0.42219,1.18969,1,0.10000,0.86000,0.91000,0.64571,0.43732,0.80547,0.24330,0.96995
0,1010,hidden_wall_abort_0_1010_0,hidden_wall_abort,probe_00,1,0,collision_margin,35,0.52950,0.97705,0,0.07388,0.33440,0.91700,0.24412,0.49830,0.33051,0.93410,-0.35701
0,1010,hidden_wall_abort_0_1010_0,hidden_wall_abort,probe_01,1,0,collision_margin,37,0.53503,1.34445,1,0.07000,0.14087,0.93000,0.16957,0.51282,0.13775,0.83210,-0.55463
0,1010,hidden_wall_abort_0_1010_0,hidden_wall_abort,probe_02,1,0,collision_margin,39,0.55479,1.57654,1,0.12000,0.14000,0.88000,0.45143,0.50957,0.27608,0.98778,0.15584
0,1010,hidden_wall_abort_0_1010_0,hidden_wall_abort,probe_03,1,0,fixture_snag,49,0.70572,1.43741,1,0.10000,0.86000,0.91000,0.35429,0.55419,0.52939,0.98835,-0.15219
0,1010,hidden_wall_abort_0_1010_0,hidden_wall_abort,probe_04,1,0,fixture_snag,45,0.62549,1.31833,1,0.16000,0.25714,0.86000,0.73081,0.54530,0.58966,0.79139,0.61131
0,1010,hidden_wall_abort_0_1010_0,hidden_wall_abort,probe_05,1,0,fixture_snag,37,0.60785,1.07552,0,0.07000,0.85626,0.93000,0.83187,0.51416,0.85928,0.85441,0.51960
0,1010,hidden_wall_abort_0_1010_0,hidden_wall_abort,probe_06,1,0,visible_collision,18,0.26324,1.00000,1,0.12000,0.14000,0.88000,0.54857,0.28909,0.21147,0.07710,0.99702
0,1010,hidden_wall_abort_0_1010_0,hidden_wall_abort,probe_07,1,0,fixture_snag,37,0.59681,1.42041,1,0.10000,0.86000,0.91000,0.64571,0.53118,0.78321,0.99014,-0.14011
0,1011,hidden_wall_abort_0_1011_0,hidden_wall_abort,probe_00,1,0,fixture_snag,32,0.49347,1.15732,0,0.07227,0.77189,0.90988,0.79535,0.45577,0.76750,0.95974,-0.28088
0,1011,hidden_wall_abort_0_1011_0,hidden_wall_abort,probe_01,1,0,fixture_snag,32,0.50692,1.11695,0,0.07000,0.83035,0.93000,0.84482,0.45575,0.83197,0.67532,0.73753
0,1011,hidden_wall_abort_0_1011_0,hidden_wall_abort,probe_02,1,0,fixture_snag,41,0.63189,1.03415,0,0.12000,0.14000,0.88000,0.74286,0.44670,0.47210,0.99384,-0.11082
0,1011,hidden_wall_abort_0_1011_0,hidden_wall_abort,probe_03,1,0,fixture_snag,39,0.62430,1.12936,0,0.10000,0.86000,0.91000,0.35429,0.45132,0.56997,0.89147,0.45308
0,1011,hidden_wall_abort_0_1011_0,hidden_wall_abort,probe_04,1,0,fixture_snag,24,0.39089,1.34893,1,0.16000,0.54857,0.86000,0.48213,0.45741,0.54711,0.92419,-0.38193
0,1011,hidden_wall_abort_0_1011_0,hidden_wall_abort,probe_05,0,1,none,73,1.12788,0.00000,0,0.07000,0.28701,0.93000,0.24221,0.92681,0.23960,0.94649,0.32273
0,1011,hidden_wall_abort_0_1011_0,hidden_wall_abort,probe_06,0,1,none,76,1.12918,0.00000,0,0.12000,0.14000,0.88000,0.45143,0.88895,0.46935,0.06642,0.99779
0,1011,hidden_wall_abort_0_1011_0,hidden_wall_abort,probe_07,1,0,fixture_snag,30,0.45843,1.42868,1,0.10000,0.86000,0.91000,0.64571,0.46473,0.81756,0.99914,-0.04158
0,1012,hidden_wall_abort_0_1012_0,hidden_wall_abort,probe_00,1,0,collision_margin,35,0.52875,1.05498,0,0.08080,0.60159,0.91404,0.66176,0.49970,0.61313,0.99501,-0.09973
0,1012,hidden_wall_abort_0_1012_0,hidden_wall_abort,probe_01,1,0,collision_margin,38,0.62122,1.08206,0,0.07000,0.26287,0.93000,0.25428,0.49390,0.33249,0.65891,0.75222
0,1012,hidden_wall_abort_0_1012_0,hidden_wall_abort,probe_02,1,0,collision_margin,38,0.54626,1.49091,1,0.12000,0.14000,0.88000,0.45143,0.50520,0.29182,0.95511,-0.29624
0,1012,hidden_wall_abort_0_1012_0,hidden_wall_abort,probe_03,0,1,none,78,1.19501,0.00000,0,0.10000,0.86000,0.91000,0.54857,0.90681,0.52930,0.99902,0.04428
0,1012,hidden_wall_abort_0_1012_0,hidden_wall_abort,probe_04,1,0,collision_margin,45,0.65702,1.14344,0,0.16000,0.16000,0.86000,0.88000,0.50080,0.54722,0.99687,-0.07905
0,1012,hidden_wall_abort_0_1012_0,hidden_wall_abort,probe_05,1,0,collision_margin,35,0.50807,0.95873,0,0.07000,0.34768,0.93000,0.35759,0.49022,0.33338,0.91667,-0.39964
0,1012,hidden_wall_abort_0_1012_0,hidden_wall_abort,probe_06,1,0,collision_margin,42,0.59187,1.52421,1,0.12000,0.14000,0.88000,0.64571,0.50808,0.37184,0.97893,0.20420
0,1012,hidden_wall_abort_0_1012_0,hidden_wall_abort,probe_07,1,0,fixture_snag,31,0.49727,0.96824,0,0.10000,0.86000,0.91000,0.84000,0.47956,0.86313,0.91120,0.41195
0,1013,hidden_wall_abort_0_1013_0,hidden_wall_abort,probe_00,1,0,fixture_snag,31,0.51727,1.07714,0,0.06758,0.53877,0.91670,0.56433,0.44461,0.54078,0.97518,0.22141
0,1013,hidden_wall_abort_0_1013_0,hidden_wall_abort,probe_01,1,0,collision_margin,30,0.45824,1.02874,0,0.07000,0.18991,0.93000,0.14504,0.42422,0.18686,0.94899,-0.31532
0,1013,hidden_wall_abort_0_1013_0,hidden_wall_abort,probe_02,1,0,visible_collision,18,0.24730,1.00000,1,0.12000,0.14000,0.88000,0.54857,0.29148,0.21644,0.99625,0.08648
0,1013,hidden_wall_abort_0_1013_0,hidden_wall_abort,probe_03,1,0,fixture_snag,29,0.40810,1.18704,1,0.10000,0.86000,0.91000,0.64571,0.43360,0.80809,0.97072,0.24023
0,1013,hidden_wall_abort_0_1013_0,hidden_wall_abort,probe_04,0,1,none,75,1.19366,0.00000,0,0.16000,0.74286,0.86000,0.29117,0.86767,0.29227,0.95035,-0.31119
0,1013,hidden_wall_abort_0_1013_0,hidden_wall_abort,probe_05,1,0,collision_margin,30,0.45383,1.43904,1,0.07000,0.44521,0.93000,0.45454,0.42757,0.42807,0.92863,-0.37100
0,1013,hidden_wall_abort_0_1013_0,hidden_wall_abort,probe_06,1,0,collision_margin,29,0.38850,1.45594,1,0.12000,0.14000,0.88000,0.35429,0.43659,0.19710,0.96781,-0.25168
0,1013,hidden_wall_abort_0_1013_0,hidden_wall_abort,probe_07,1,0,fixture_snag,39,0.60155,1.00134,0,0.10000,0.86000,0.91000,0.25714,0.43660,0.54442,0.14183,-0.98989
0,2000,force_limit_abort_0_2000_0,force_limit_abort,probe_00,1,0,force_limit,37,0.64992,1.76035,1,0.08274,0.68848,0.91157,0.73605,0.54018,0.68624,0.97631,0.21637
0,2000,force_limit_abort_0_2000_0,force_limit_abort,probe_01,0,1,none,71,1.14882,0.00000,0,0.07000,0.25413,0.93000,0.25865,0.93691,0.25790,0.99998,0.00567
0,2000,force_limit_abort_0_2000_0,force_limit_abort,probe_02,0,1,none,76,1.16848,0.00000,0,0.12000,0.14000,0.88000,0.45143,0.89055,0.47146,-0.00661,0.99998
0,2000,force_limit_abort_0_2000_0,force_limit_abort,probe_03,0,1,none,66,1.12733,0.00000,0,0.10000,0.86000,0.91000,0.84000,0.92692,0.83638,0.79921,0.60105
0,2000,force_limit_abort_0_2000_0,force_limit_abort,probe_04,0,1,none,63,1.03201,0.00000,0,0.16000,0.54857,0.86000,0.39520,0.86025,0.39377,0.66566,-0.74625
0,2000,force_limit_abort_0_2000_0,force_limit_abort,probe_05,1,0,visible_collision,15,0.25744,1.00000,1,0.07000,0.13575,0.93000,0.17213,0.24173,0.14952,0.95145,0.30781
0,2000,force_limit_abort_0_2000_0,force_limit_abort,probe_06,0,1,none,83,1.37563,0.00000,0,0.12000,0.14000,0.88000,0.64571,0.87628,0.65027,0.62633,0.77956
0,2000,force_limit_abort_0_2000_0,force_limit_abort,probe_07,1,0,visible_collision,51,0.94273,1.00000,1,0.10000,0.86000,0.91000,0.74286,0.72641,0.81567,0.99614,0.08780
0,2001,force_limit_abort_0_2001_0,force_limit_abort,probe_00,0,1,none,69,1.15909,0.00000,0,0.06563,0.59774,0.92109,0.57584,0.91307,0.58074,0.21626,0.97634
0,2001,force_limit_abort_0_2001_0,force_limit_abort,probe_01,0,1,none,73,1.24576,0.00000,0,0.07000,0.57613,0.93000,0.53479,0.93180,0.55071,0.94744,0.31994
0,2001,force_limit_abort_0_2001_0,force_limit_abort,probe_02,1,0,force_limit,42,0.68417,1.75741,1,0.12000,0.14000,0.88000,0.45143,0.53252,0.32556,0.79205,0.61045
0,2001,force_limit_abort_0_2001_0,force_limit_abort,probe_03,0,1,none,74,1.21418,0.00000,0,0.10000,0.86000,0.91000,0.64571,0.90624,0.63915,0.94327,-0.33203
0,2001,force_limit_abort_0_2001_0,force_limit_abort,probe_04,0,1,none,77,1.19191,0.00000,0,0.16000,0.25714,0.86000,0.76477,0.85204,0.75766,0.51746,0.85571
0,2001,force_limit_abort_0_2001_0,force_limit_abort,probe_05,0,1,none,71,1.19542,0.00000,0,0.07000,0.84935,0.93000,0.83533,0.93878,0.83735,-0.28811,-0.95760
0,2001,force_limit_abort_0_2001_0,force_limit_abort,probe_06,0,1,none,87,1.51164,0.00000,0,0.12000,0.14000,0.88000,0.74286,0.89483,0.74208,0.30562,0.95215
0,2001,force_limit_abort_0_2001_0,force_limit_abort,probe_07,1,0,force_limit,55,0.89200,1.16444,1,0.10000,0.86000,0.91000,0.35429,0.60503,0.48696,0.41726,-0.90879
0,2002,force_limit_abort_0_2002_0,force_limit_abort,probe_00,0,1,none,70,1.17267,0.00000,0,0.06748,0.82000,0.92021,0.84000,0.89195,0.84584,0.34878,0.93721
0,2002,force_limit_abort_0_2002_0,force_limit_abort,probe_01,1,0,visible_collision,18,0.34071,1.00000,1,0.07000,0.44632,0.93000,0.45398,0.27661,0.42914,0.90365,0.42828
0,2002,force_limit_abort_0_2002_0,force_limit_abort,probe_02,1,0,visible_collision,29,0.46200,1.00000,1,0.12000,0.14000,0.88000,0.74286,0.33142,0.37010,0.28873,0.95741
0,2002,force_limit_abort_0_2002_0,force_limit_abort,probe_03,1,0,force_limit,34,0.54104,1.33252,1,0.10000,0.86000,0.91000,0.16000,0.39235,0.59147,0.41042,-0.91190
0,2002,force_limit_abort_0_2002_0,force_limit_abort,probe_04,1,0,visible_collision,13,0.19369,1.00000,1,0.16000,0.35429,0.86000,0.62166,0.27746,0.42684,0.93794,0.34679
0,2002,force_limit_abort_0_2002_0,force_limit_abort,probe_05,1,0,force_limit,28,0.46883,1.66881,1,0.07000,0.60118,0.93000,0.66798,0.40847,0.61108,0.93723,-0.34872
0,2002,force_limit_abort_0_2002_0,force_limit_abort,probe_06,1,0,force_limit,51,0.87707,1.79235,1,0.12000,0.14000,0.88000,0.84000,0.53659,0.54134,0.56025,0.82832
0,2002,force_limit_abort_0_2002_0,force_limit_abort,probe_07,1,0,force_limit,44,0.71014,1.11481,1,0.10000,0.86000,0.91000,0.54857,0.56279,0.68643,0.52519,-0.85098
0,2003,force_limit_abort_0_2003_0,force_limit_abort,probe_00,1,0,force_limit,20,0.29859,1.67923,1,0.07497,0.61550,0.92356,0.81543,0.28236,0.66372,0.98453,0.17523
0,2003,force_limit_abort_0_2003_0,force_limit_abort,probe_01,0,1,none,77,1.24187,0.00000,0,0.07000,0.83817,0.93000,0.69520,0.94464,0.68299,0.98992,-0.14166
0,2003,force_limit_abort_0_2003_0,force_limit_abort,probe_02,0,1,none,72,1.19274,0.00000,0,0.12000,0.14000,0.88000,0.35429,0.88866,0.36130,0.99641,0.08470
0,2003,force_limit_abort_0_2003_0,force_limit_abort,probe_03,1,0,force_limit,34,0.59291,1.47669,1,0.10000,0.86000,0.91000,0.54857,0.46769,0.72845,-0.45389,-0.89106
0,2003,force_limit_abort_0_2003_0,force_limit_abort,probe_04,0,1,none,69,1.09304,0.00000,0,0.16000,0.64571,0.86000,0.34519,0.85909,0.33809,0.54249,-0.84006
0,2003,force_limit_abort_0_2003_0,force_limit_abort,probe_05,0,1,none,74,1.20088,0.00000,0,0.07000,0.85407,0.93000,0.83297,0.94169,0.83075,0.99573,0.09227
0,2003,force_limit_abort_0_2003_0,force_limit_abort,probe_06,0,1,none,76,1.19514,0.00000,0,0.12000,0.14000,0.88000,0.45143,0.88774,0.45366,0.11613,0.99323
0,2003,force_limit_abort_0_2003_0,force_limit_abort,probe_07,1,0,force_limit,23,0.34693,1.48515,1,0.10000,0.86000,0.91000,0.16000,0.29917,0.67447,0.43463,-0.90061
0,2004,force_limit_abort_0_2004_0,force_limit_abort,probe_00,1,0,force_limit,44,0.77598,1.62470,1,0.06776,0.40005,0.90940,0.24202,0.56523,0.34798,0.37467,-0.92716
0,2004,force_limit_abort_0_2004_0,force_limit_abort,probe_01,0,1,none,71,1.17449,0.00000,0,0.07000,0.64080,0.93000,0.64817,0.93656,0.63526,0.98459,-0.17490
0,2004,force_limit_abort_0_2004_0,force_limit_abort,probe_02,1,0,visible_collision,19,0.27537,1.00000,1,0.12000,0.14000,0.88000,0.74286,0.31052,0.18564,0.98377,0.17946
0,2004,force_limit_abort_0_2004_0,force_limit_abort,probe_03,1,0,force_limit,45,0.71120,1.65776,1,0.10000,0.86000,0.91000,0.25714,0.48088,0.49332,0.39882,-0.91703
0,2004,force_limit_abort_0_2004_0,force_limit_abort,probe_04,1,0,force_limit,28,0.47561,1.53815,1,0.16000,0.54857,0.86000,0.44148,0.47849,0.49288,0.98877,0.14947
0,2004,force_limit_abort_0_2004_0,force_limit_abort,probe_05,1,0,force_limit,34,0.58344,1.68430,1,0.07000,0.43410,0.93000,0.46009,0.47810,0.44384,0.79116,-0.61161
0,2004,force_limit_abort_0_2004_0,force_limit_abort,probe_06,0,1,none,64,1.05900,0.00000,0,0.12000,0.14000,0.88000,0.16000,0.89019,0.17197,0.47727,0.87876
0,2004,force_limit_abort_0_2004_0,force_limit_abort,probe_07,1,0,force_limit,51,0.76045,1.85381,1,0.10000,0.86000,0.91000,0.35429,0.56463,0.50957,0.80396,-0.59469
0,2005,force_limit_abort_0_2005_0,force_limit_abort,probe_00,1,0,visible_collision,16,0.22377,1.00000,1,0.07520,0.18000,0.91152,0.21273,0.27301,0.16892,0.77696,-0.62954
0,2005,force_limit_abort_0_2005_0,force_limit_abort,probe_01,0,1,none,74,1.22660,0.00000,0,0.07000,0.89470,0.93000,0.81265,0.94130,0.81920,0.99895,-0.04571
0,2005,force_limit_abort_0_2005_0,force_limit_abort,probe_02,0,1,none,64,1.05366,0.00000,0,0.12000,0.14000,0.88000,0.16000,0.88429,0.15918,-0.59045,-0.80707
0,2005,force_limit_abort_0_2005_0,force_limit_abort,probe_03,1,0,force_limit,42,0.65304,1.66011,1,0.10000,0.86000,0.91000,0.54857,0.54710,0.70790,0.80418,-0.59438
0,2005,force_limit_abort_0_2005_0,force_limit_abort,probe_04,1,0,force_limit,50,0.77764,1.16663,1,0.16000,0.25714,0.86000,0.74750,0.60090,0.61367,0.44094,0.89754
0,2005,force_limit_abort_0_2005_0,force_limit_abort,probe_05,1,0,human_stop,60,1.03853,0.25000,0,0.07000,0.43588,0.93000,0.45920,0.79687,0.42545,0.87668,-0.48108
0,2005,force_limit_abort_0_2005_0,force_limit_abort,probe_06,1,0,visible_collision,15,0.22074,1.00000,1,0.12000,0.14000,0.88000,0.35429,0.24165,0.25154,0.87698,0.48052
0,2005,force_limit_abort_0_2005_0,force_limit_abort,probe_07,1,0,visible_collision,50,0.85466,1.00000,1,0.10000,0.86000,0.91000,0.64571,0.68886,0.78020,0.77532,-0.63157
0,2006,force_limit_abort_0_2006_0,force_limit_abort,probe_00,1,0,visible_collision,15,0.22948,1.00000,1,0.08082,0.18000,0.92343,0.16000,0.26352,0.15687,0.99602,-0.08912
0,2006,force_limit_abort_0_2006_0,force_limit_abort,probe_01,1,0,force_limit,26,0.44152,1.66189,1,0.07000,0.35591,0.93000,0.35347,0.39660,0.36985,0.89358,0.44890
0,2006,force_limit_abort_0_2006_0,force_limit_abort,probe_02,1,0,force_limit,35,0.54376,1.51258,1,0.12000,0.14000,0.88000,0.45143,0.46950,0.27148,0.87160,0.49022
0,2006,force_limit_abort_0_2006_0,force_limit_abort,probe_03,0,1,none,78,1.29208,0.00000,0,0.10000,0.86000,0.91000,0.54857,0.91304,0.53766,0.98405,0.17787
0,2006,force_limit_abort_0_2006_0,force_limit_abort,probe_04,1,0,visible_collision,62,1.03030,1.00000,1,0.16000,0.25714,0.86000,0.74240,0.73023,0.65427,0.88565,0.46435
0,2006,force_limit_abort_0_2006_0,force_limit_abort,probe_05,0,1,none,73,1.26820,0.00000,0,0.07000,0.73923,0.93000,0.74467,0.94094,0.73181,0.89902,0.43790
0,2006,force_limit_abort_0_2006_0,force_limit_abort,probe_06,0,1,none,93,1.49209,0.00000,0,0.12000,0.14000,0.88000,0.84000,0.89009,0.84554,0.20720,0.97830
0,2006,force_limit_abort_0_2006_0,force_limit_abort,probe_07,0,1,none,74,1.15239,0.00000,0,0.10000,0.86000,0.91000,0.64571,0.91259,0.64249,0.99919,-0.04018
0,2007,force_limit_abort_0_2007_0,force_limit_abort,probe_00,1,0,force_limit,40,0.64533,1.30225,1,0.06835,0.70586,0.92239,0.59792,0.52522,0.63828,0.91037,-0.41380
0,2007,force_limit_abort_0_2007_0,force_limit_abort,probe_01,0,1,none,71,1.19243,0.00000,0,0.07000,0.84089,0.93000,0.83956,0.94829,0.84841,0.32560,0.94551
0,2007,force_limit_abort_0_2007_0,force_limit_abort,probe_02,0,1,none,79,1.35788,0.00000,0,0.12000,0.14000,0.88000,0.54857,0.87877,0.53728,0.96988,0.24357
0,2007,force_limit_abort_0_2007_0,force_limit_abort,probe_03,1,0,visible_collision,54,0.87199,1.00000,1,0.10000,0.86000,0.91000,0.64571,0.72447,0.75800,0.96078,0.27731
0,2007,force_limit_abort_0_2007_0,force_limit_abort,probe_04,0,1,none,77,1.30532,0.00000,0,0.16000,0.74286,0.86000,0.23535,0.85783,0.25354,0.79681,-0.60424
0,2007,force_limit_abort_0_2007_0,force_limit_abort,probe_05,0,1,none,72,1.23086,0.00000,0,0.07000,0.14075,0.93000,0.16962,0.92740,0.17409,0.58802,0.80885
0,2007,force_limit_abort_0_2007_0,force_limit_abort,probe_06,0,1,none,68,1.11414,0.00000,0,0.12000,0.14000,0.88000,0.25714,0.90021,0.27274,-0.17432,0.98469
0,2007,force_limit_abort_0_2007_0,force_limit_abort,probe_07,1,0,force_limit,42,0.65673,1.35382,1,0.10000,0.86000,0.91000,0.35429,0.47639,0.57154,0.95611,-0.29302
0,2008,force_limit_abort_0_2008_0,force_limit_abort,probe_00,0,1,none,69,1.06408,0.00000,0,0.07419,0.48561,0.91411,0.49176,0.90938,0.49332,0.77421,-0.63293
0,2008,force_limit_abort_0_2008_0,force_limit_abort,probe_01,1,0,force_limit,32,0.53063,1.70924,1,0.07000,0.30885,0.93000,0.23129,0.45733,0.29882,0.99861,0.05280
0,2008,force_limit_abort_0_2008_0,force_limit_abort,probe_02,1,0,force_limit,29,0.50175,1.73324,1,0.12000,0.14000,0.88000,0.35429,0.40385,0.26112,0.99928,0.03787
0,2008,force_limit_abort_0_2008_0,force_limit_abort,probe_03,1,0,visible_collision,54,0.85278,1.00000,1,0.10000,0.86000,0.91000,0.64571,0.72813,0.76049,-0.99787,0.06519
0,2008,force_limit_abort_0_2008_0,force_limit_abort,probe_04,0,1,none,81,1.28950,0.00000,0,0.16000,0.84000,0.86000,0.22602,0.85082,0.24131,0.99709,0.07621
0,2008,force_limit_abort_0_2008_0,force_limit_abort,probe_05,0,1,none,75,1.28676,0.00000,0,0.07000,0.15843,0.93000,0.16078,0.93612,0.16557,-0.06152,0.99811
0,2008,force_limit_abort_0_2008_0,force_limit_abort,probe_06,0,1,none,79,1.33987,0.00000,0,0.12000,0.14000,0.88000,0.54857,0.89228,0.53742,0.99954,-0.03041
0,2008,force_limit_abort_0_2008_0,force_limit_abort,probe_07,0,1,none,81,1.37647,0.00000,0,0.10000,0.86000,0.91000,0.45143,0.90404,0.46991,0.21576,0.97645
0,2009,force_limit_abort_0_2009_0,force_limit_abort,probe_00,1,0,visible_collision,18,0.24803,1.00000,1,0.07671,0.18000,0.91635,0.22850,0.28846,0.20265,0.99586,0.09090
0,2009,force_limit_abort_0_2009_0,force_limit_abort,probe_01,1,0,force_limit,31,0.51549,1.61954,1,0.07000,0.58307,0.93000,0.67704,0.44537,0.59024,0.73256,0.68071
0,2009,force_limit_abort_0_2009_0,force_limit_abort,probe_02,1,0,force_limit,54,0.87644,1.67713,1,0.12000,0.14000,0.88000,0.84000,0.54295,0.57580,0.92268,0.38556
0,2009,force_limit_abort_0_2009_0,force_limit_abort,probe_03,0,1,none,70,1.21738,0.00000,0,0.10000,0.86000,0.91000,0.74286,0.91989,0.71973,0.95817,0.28621
0,2009,force_limit_abort_0_2009_0,force_limit_abort,probe_04,1,0,force_limit,52,0.82085,1.64834,1,0.16000,0.16000,0.86000,0.79532,0.57596,0.58724,0.62998,0.77661
0,2009,force_limit_abort_0_2009_0,force_limit_abort,probe_05,0,1,none,73,1.25775,0.00000,0,0.07000,0.52147,0.93000,0.56212,0.93399,0.55901,-0.02282,0.99974
0,2009,force_limit_abort_0_2009_0,force_limit_abort,probe_06,1,0,visible_collision,17,0.27565,1.00000,1,0.12000,0.14000,0.88000,0.45143,0.27869,0.20568,0.97998,-0.19908
0,2009,force_limit_abort_0_2009_0,force_limit_abort,probe_07,0,1,none,89,1.56277,0.00000,0,0.10000,0.86000,0.91000,0.25714,0.91159,0.24868,0.92491,0.38019
0,2010,force_limit_abort_0_2010_0,force_limit_abort,probe_00,0,1,none,70,1.13358,0.00000,0,0.08244,0.63850,0.91523,0.71690,0.89974,0.71496,0.33381,-0.94264
0,2010,force_limit_abort_0_2010_0,force_limit_abort,probe_01,0,1,none,72,1.21044,0.00000,0,0.07000,0.57038,0.93000,0.53767,0.93975,0.53301,0.99092,0.13448
0,2010,force_limit_abort_0_2010_0,force_limit_abort,probe_02,0,1,none,64,1.04400,0.00000,0,0.12000,0.14000,0.88000,0.16000,0.87953,0.16809,0.49747,0.86748
0,2010,force_limit_abort_0_2010_0,force_limit_abort,probe_03,0,1,none,66,1.14442,0.00000,0,0.10000,0.86000,0.91000,0.84000,0.91335,0.82712,0.96394,0.26613
0,2010,force_limit_abort_0_2010_0,force_limit_abort,probe_04,0,1,none,74,1.19369,0.00000,0,0.16000,0.74286,0.86000,0.31453,0.87248,0.30972,0.96091,0.27686
0,2010,force_limit_abort_0_2010_0,force_limit_abort,probe_05,0,1,none,73,1.20602,0.00000,0,0.07000,0.39224,0.93000,0.33531,0.93974,0.32979,0.20343,-0.97909
0,2010,force_limit_abort_0_2010_0,force_limit_abort,probe_06,1,0,visible_collision,18,0.25114,1.00000,1,0.12000,0.14000,0.88000,0.45143,0.26706,0.25194,0.55030,-0.83497
0,2010,force_limit_abort_0_2010_0,force_limit_abort,probe_07,0,1,none,89,1.35074,0.00000,0,0.10000,0.86000,0.91000,0.25714,0.91032,0.26545,0.86239,-0.50624
0,2011,force_limit_abort_0_2011_0,force_limit_abort,probe_00,0,1,none,72,1.15505,0.00000,0,0.06513,0.64137,0.90788,0.72224,0.91081,0.71087,0.78718,0.61672
0,2011,force_limit_abort_0_2011_0,force_limit_abort,probe_01,0,1,none,76,1.26637,0.00000,0,0.07000,0.75121,0.93000,0.73868,0.93630,0.72562,-0.74679,-0.66506
0,2011,force_limit_abort_0_2011_0,force_limit_abort,probe_02,1,0,force_limit,59,1.05231,1.48882,1,0.12000,0.14000,0.88000,0.45143,0.72510,0.39291,0.12146,0.99260
0,2011,force_limit_abort_0_2011_0,force_limit_abort,probe_03,1,0,force_limit,72,1.11637,1.50375,1,0.10000,0.86000,0.91000,0.54857,0.85730,0.56776,0.95418,-0.29924
0,2011,force_limit_abort_0_2011_0,force_limit_abort,probe_04,0,1,none,77,1.28410,0.00000,0,0.16000,0.25714,0.86000,0.75076,0.87873,0.77120,0.96774,0.25196
0,2011,force_limit_abort_0_2011_0,force_limit_abort,probe_05,0,1,none,75,1.26841,0.00000,0,0.07000,0.19168,0.93000,0.14416,0.92218,0.13517,0.35247,-0.93582
0,2011,force_limit_abort_0_2011_0,force_limit_abort,probe_06,0,1,none,72,1.16094,0.00000,0,0.12000,0.14000,0.88000,0.35429,0.87422,0.36434,0.90646,0.42228
0,2011,force_limit_abort_0_2011_0,force_limit_abort,probe_07,1,0,visible_collision,55,0.88633,1.00000,1,0.10000,0.86000,0.91000,0.64571,0.74205,0.76922,0.67148,-0.74102
0,2012,force_limit_abort_0_2012_0,force_limit_abort,probe_00,0,1,none,72,1.13558,0.00000,0,0.07029,0.39888,0.91144,0.32378,0.91215,0.30775,0.53637,-0.84398
0,2012,force_limit_abort_0_2012_0,force_limit_abort,probe_01,0,1,none,75,1.26610,0.00000,0,0.07000,0.41797,0.93000,0.32244,0.93182,0.32043,-0.99955,0.03011
0,2012,force_limit_abort_0_2012_0,force_limit_abort,probe_02,0,1,none,79,1.26511,0.00000,0,0.12000,0.14000,0.88000,0.54857,0.89145,0.53315,0.87103,0.49123
0,2012,force_limit_abort_0_2012_0,force_limit_abort,probe_03,0,1,none,74,1.21979,0.00000,0,0.10000,0.86000,0.91000,0.64571,0.90742,0.63832,0.81994,0.57245
0,2012,force_limit_abort_0_2012_0,force_limit_abort,probe_04,0,1,none,61,0.99342,0.00000,0,0.16000,0.45143,0.86000,0.57059,0.86775,0.56364,0.85544,0.51790
0,2012,force_limit_abort_0_2012_0,force_limit_abort,probe_05,1,0,force_limit,39,0.60616,1.25605,1,0.07000,0.15334,0.93000,0.16333,0.53966,0.15466,0.84899,-0.52841
0,2012,force_limit_abort_0_2012_0,force_limit_abort,probe_06,1,0,force_limit,39,0.63550,1.71325,1,0.12000,0.14000,0.88000,0.25714,0.54284,0.20790,0.93867,0.34482
0,2012,force_limit_abort_0_2012_0,force_limit_abort,probe_07,0,1,none,70,1.15696,0.00000,0,0.10000,0.86000,0.91000,0.74286,0.90777,0.73305,0.86631,-0.49950
0,2013,force_limit_abort_0_2013_0,force_limit_abort,probe_00,1,0,force_limit,22,0.36284,1.84469,1,0.08207,0.19387,0.91313,0.31463,0.35634,0.19275,0.95989,0.28039
0,2013,force_limit_abort_0_2013_0,force_limit_abort,probe_01,0,1,none,74,1.17243,0.00000,0,0.07000,0.11675,0.93000,0.18163,0.93431,0.19155,0.99567,0.09296
0,2013,force_limit_abort_0_2013_0,force_limit_abort,probe_02,1,0,force_limit,22,0.38676,1.59706,1,0.12000,0.14000,0.88000,0.45143,0.33684,0.20688,0.98112,-0.19342
0,2013,force_limit_abort_0_2013_0,force_limit_abort,probe_03,1,0,visible_collision,53,0.96115,1.00000,1,0.10000,0.86000,0.91000,0.64571,0.70265,0.71808,0.88680,-0.46215
0,2013,force_limit_abort_0_2013_0,force_limit_abort,probe_04,0,1,none,75,1.20755,0.00000,0,0.16000,0.25714,0.86000,0.71796,0.85552,0.70991,0.67790,0.73515
0,2013,force_limit_abort_0_2013_0,force_limit_abort,probe_05,1,0,visible_collision,54,0.88974,1.00000,1,0.07000,0.77769,0.93000,0.72544,0.69605,0.72338,0.96951,0.24507
0,2013,force_limit_abort_0_2013_0,force_limit_abort,probe_06,0,1,none,93,1.46818,0.00000,0,0.12000,0.14000,0.88000,0.84000,0.88464,0.84450,0.63883,0.76935
0,2013,force_limit_abort_0_2013_0,force_limit_abort,probe_07,0,1,none,85,1.43268,0.00000,0,0.10000,0.86000,0.91000,0.35429,0.92093,0.36999,0.94972,0.31311
0,3000,human_stop_constraint_0_3000_0,human_stop_constraint,probe_00,0,1,none,68,1.17303,0.00000,0,0.07532,0.54421,0.92188,0.50033,0.91835,0.49075,0.76791,0.64056
0,3000,human_stop_constraint_0_3000_0,human_stop_constraint,probe_01,1,0,visible_collision,18,0.31651,1.00000,1,0.07000,0.27380,0.93000,0.27310,0.28453,0.25156,0.98729,0.15892
0,3000,human_stop_constraint_0_3000_0,human_stop_constraint,probe_02,1,0,human_stop,35,0.64687,1.01000,0,0.12000,0.14000,0.88000,0.61333,0.42267,0.38325,0.90782,-0.41936
0,3000,human_stop_constraint_0_3000_0,human_stop_constraint,probe_03,1,0,visible_collision,43,0.74850,1.00000,1,0.10000,0.86000,0.91000,0.84000,0.65730,0.86578,0.69182,0.72207
0,3000,human_stop_constraint_0_3000_0,human_stop_constraint,probe_04,0,1,none,76,1.46758,0.00000,0,0.16000,0.72667,0.86000,0.26844,0.85456,0.26324,0.85981,-0.51061
0,3000,human_stop_constraint_0_3000_0,human_stop_constraint,probe_05,1,0,visible_collision,16,0.29556,1.00000,1,0.07000,0.15897,0.93000,0.16051,0.24619,0.16614,0.39722,0.91772
0,3000,human_stop_constraint_0_3000_0,human_stop_constraint,probe_06,1,0,visible_collision,13,0.22767,1.00000,1,0.12000,0.14000,0.88000,0.50000,0.23491,0.22383,-0.26059,0.96545
0,3001,human_stop_constraint_0_3001_0,human_stop_constraint,probe_00,1,0,human_stop,46,0.79061,1.01000,0,0.07784,0.72672,0.91062,0.74715,0.64164,0.71348,0.99625,0.08649
0,3001,human_stop_constraint_0_3001_0,human_stop_constraint,probe_01,0,1,none,76,1.45697,0.00000,0,0.07000,0.76706,0.93000,0.87647,0.94656,0.89851,0.97774,-0.20980
0,3001,human_stop_constraint_0_3001_0,human_stop_constraint,probe_02,1,0,human_stop,21,0.36055,0.25000,0,0.12000,0.14000,0.88000,0.50000,0.28785,0.28511,0.67823,0.73485
0,3001,human_stop_constraint_0_3001_0,human_stop_constraint,probe_03,0,1,none,89,1.49585,0.00000,0,0.10000,0.86000,0.91000,0.27333,0.90496,0.24564,0.99995,-0.01006
0,3001,human_stop_constraint_0_3001_0,human_stop_constraint,probe_04,0,1,none,65,1.14409,0.00000,0,0.16000,0.61333,0.86000,0.40898,0.85979,0.40361,0.87640,0.48159
0,3001,human_stop_constraint_0_3001_0,human_stop_constraint,probe_05,1,0,human_stop,21,0.34662,1.01000,0,0.07000,0.36866,0.93000,0.39567,0.31867,0.36777,0.84315,0.53767
0,3001,human_stop_constraint_0_3001_0,human_stop_constraint,probe_06,0,1,none,64,1.20606,0.00000,0,0.12000,0.14000,0.88000,0.16000,0.87893,0.15611,0.98978,0.14261
0,3002,human_stop_constraint_0_3002_0,human_stop_constraint,probe_00,0,1,none,73,1.37909,0.00000,0,0.07371,0.82000,0.92213,0.77312,0.90930,0.76539,0.22415,-0.97455
0,3002,human_stop_constraint_0_3002_0,human_stop_constraint,probe_01,0,1,none,73,1.34651,0.00000,0,0.07000,0.18548,0.93000,0.14726,0.94041,0.13458,0.86728,-0.49782
0,3002,human_stop_constraint_0_3002_0,human_stop_constraint,probe_02,1,0,visible_collision,20,0.33969,1.00000,1,0.12000,0.14000,0.88000,0.72667,0.28312,0.23902,0.91003,0.41454
0,3002,human_stop_constraint_0_3002_0,human_stop_constraint,probe_03,0,1,none,66,1.10216,0.00000,0,0.10000,0.86000,0.91000,0.84000,0.91031,0.84068,0.76320,0.64617
0,3002,human_stop_constraint_0_3002_0,human_stop_constraint,probe_04,0,1,none,59,1.03340,0.00000,0,0.16000,0.50000,0.86000,0.55726,0.84604,0.55342,0.61741,0.78665
0,3002,human_stop_constraint_0_3002_0,human_stop_constraint,probe_05,0,1,none,76,1.44362,0.00000,0,0.07000,0.27878,0.93000,0.27061,0.93839,0.26191,0.25277,0.96753
0,3002,human_stop_constraint_0_3002_0,human_stop_constraint,probe_06,0,1,none,73,1.42289,0.00000,0,0.12000,0.14000,0.88000,0.38667,0.89461,0.39564,-0.36929,0.92932
0,3003,human_stop_constraint_0_3003_0,human_stop_constraint,probe_00,0,1,none,71,1.40295,0.00000,0,0.07039,0.18000,0.91321,0.24437,0.92264,0.25486,0.39225,0.91986
0,3003,human_stop_constraint_0_3003_0,human_stop_constraint,probe_01,1,0,human_stop,28,0.41838,1.01000,0,0.07000,0.37169,0.93000,0.39415,0.39894,0.37991,0.98789,0.15513
0,3003,human_stop_constraint_0_3003_0,human_stop_constraint,probe_02,1,0,human_stop,32,0.54826,1.01000,0,0.12000,0.14000,0.88000,0.61333,0.40165,0.33101,0.71437,0.69977
0,3003,human_stop_constraint_0_3003_0,human_stop_constraint,probe_03,1,0,human_stop,47,0.76329,1.01000,0,0.10000,0.86000,0.91000,0.27333,0.49376,0.46854,0.81356,-0.58147
0,3003,human_stop_constraint_0_3003_0,human_stop_constraint,probe_04,1,0,human_stop,48,0.91574,1.01000,0,0.16000,0.84000,0.86000,0.12000,0.53955,0.43996,-0.12883,-0.99167
0,3003,human_stop_constraint_0_3003_0,human_stop_constraint,probe_05,1,0,human_stop,40,0.74862,1.01000,0,0.07000,0.55094,0.93000,0.47453,0.55960,0.56946,0.34053,-0.94023
0,3003,human_stop_constraint_0_3003_0,human_stop_constraint,probe_06,0,1,none,64,1.19063,0.00000,0,0.12000,0.14000,0.88000,0.16000,0.88685,0.14188,0.45405,0.89098
0,3004,human_stop_constraint_0_3004_0,human_stop_constraint,probe_00,1,0,human_stop,43,0.70206,1.01000,0,0.06689,0.55437,0.92417,0.59634,0.58804,0.58042,0.47414,-0.88045
0,3004,human_stop_constraint_0_3004_0,human_stop_constraint,probe_01,0,1,none,73,1.29285,0.00000,0,0.07000,0.31816,0.93000,0.25092,0.95108,0.27091,0.79056,0.61239
0,3004,human_stop_constraint_0_3004_0,human_stop_constraint,probe_02,1,0,human_stop,53,0.78950,1.01000,0,0.12000,0.14000,0.88000,0.61333,0.59107,0.49567,0.94158,0.33679
0,3004,human_stop_constraint_0_3004_0,human_stop_constraint,probe_03,0,1,none,70,1.22459,0.00000,0,0.10000,0.86000,0.91000,0.84000,0.91309,0.83508,0.99231,-0.12378
0,3004,human_stop_constraint_0_3004_0,human_stop_constraint,probe_04,1,0,visible_collision,9,0.11188,1.00000,1,0.16000,0.38667,0.86000,0.62860,0.25755,0.39453,0.79002,0.61309
0,3004,human_stop_constraint_0_3004_0,human_stop_constraint,probe_05,0,1,none,72,1.25753,0.00000,0,0.07000,0.14698,0.93000,0.16651,0.93919,0.16507,0.88992,0.45612
0,3004,human_stop_constraint_0_3004_0,human_stop_constraint,probe_06,1,0,human_stop,51,0.84500,1.01000,0,0.12000,0.14000,0.88000,0.50000,0.61704,0.38884,0.99981,0.01964
0,3005,human_stop_constraint_0_3005_0,human_stop_constraint,probe_00,0,1,none,69,1.21165,0.00000,0,0.06877,0.52598,0.91090,0.54406,0.91562,0.52324,0.98722,0.15939
0,3005,human_stop_constraint_0_3005_0,human_stop_constraint,probe_01,1,0,human_stop,33,0.61551,1.01000,0,0.07000,0.26554,0.93000,0.27723,0.47254,0.27870,0.94508,-0.32684
0,3005,human_stop_constraint_0_3005_0,human_stop_constraint,probe_02,0,1,none,66,1.14687,0.00000,0,0.12000,0.14000,0.88000,0.16000,0.87624,0.15847,0.38253,0.92394
0,3005,human_stop_constraint_0_3005_0,human_stop_constraint,probe_03,1,0,human_stop,36,0.60873,1.01000,0,0.10000,0.86000,0.91000,0.84000,0.50068,0.78187,0.73149,-0.68186
0,3005,human_stop_constraint_0_3005_0,human_stop_constraint,probe_04,0,1,none,68,1.17436,0.00000,0,0.16000,0.38667,0.86000,0.65081,0.86484,0.65597,0.52548,0.85080
0,3005,human_stop_constraint_0_3005_0,human_stop_constraint,probe_05,1,0,human_stop,38,0.62291,1.01000,0,0.07000,0.65279,0.93000,0.59361,0.53732,0.66886,0.99992,-0.01268
0,3005,human_stop_constraint_0_3005_0,human_stop_constraint,probe_06,1,0,human_stop,36,0.65099,1.01000,0,0.12000,0.14000,0.88000,0.50000,0.46069,0.31459,0.89946,-0.43701
0,3006,human_stop_constraint_0_3006_0,human_stop_constraint,probe_00,1,0,human_stop,23,0.40666,1.01000,0,0.07851,0.58259,0.90797,0.54834,0.36268,0.60240,0.99799,-0.06334
0,3006,human_stop_constraint_0_3006_0,human_stop_constraint,probe_01,1,0,visible_collision,56,1.01412,1.00000,1,0.07000,0.86184,0.93000,0.82908,0.72042,0.87277,0.96163,-0.27434
0,3006,human_stop_constraint_0_3006_0,human_stop_constraint,probe_02,1,0,visible_collision,22,0.42910,1.00000,1,0.12000,0.14000,0.88000,0.61333,0.30058,0.27787,-0.99994,-0.01078
0,3006,human_stop_constraint_0_3006_0,human_stop_constraint,probe_03,1,0,human_stop,29,0.50503,1.01000,0,0.10000,0.86000,0.91000,0.38667,0.34901,0.63615,0.99286,-0.11928
0,3006,human_stop_constraint_0_3006_0,human_stop_constraint,probe_04,0,1,none,85,1.57589,0.00000,0,0.16000,0.16000,0.86000,0.82570,0.87484,0.83133,0.89955,0.43681
0,3006,human_stop_constraint_0_3006_0,human_stop_constraint,probe_05,1,0,human_stop,23,0.38773,1.01000,0,0.07000,0.67220,0.93000,0.75390,0.34280,0.66502,0.80711,-0.59040
0,3006,human_stop_constraint_0_3006_0,human_stop_constraint,probe_06,1,0,human_stop,48,0.89528,1.01000,0,0.12000,0.14000,0.88000,0.27333,0.65363,0.22214,-0.99490,0.10087
0,3007,human_stop_constraint_0_3007_0,human_stop_constraint,probe_00,1,0,human_stop,40,0.74054,1.01000,0,0.06671,0.53961,0.92128,0.46292,0.55641,0.51847,0.92150,-0.38837
0,3007,human_stop_constraint_0_3007_0,human_stop_constraint,probe_01,0,1,none,77,1.33906,0.00000,0,0.07000,0.69215,0.93000,0.74393,0.91807,0.73548,0.04600,0.99894
0,3007,human_stop_constraint_0_3007_0,human_stop_constraint,probe_02,0,1,none,68,1.18208,0.00000,0,0.12000,0.14000,0.88000,0.27333,0.90027,0.25779,-0.28300,0.95912
0,3007,human_stop_constraint_0_3007_0,human_stop_constraint,probe_03,0,1,none,66,1.17095,0.00000,0,0.10000,0.86000,0.91000,0.84000,0.91791,0.83695,0.94850,-0.31677
0,3007,human_stop_constraint_0_3007_0,human_stop_constraint,probe_04,1,0,human_stop,29,0.48183,1.01000,0,0.16000,0.38667,0.86000,0.66679,0.47504,0.46842,0.91763,0.39745
0,3007,human_stop_constraint_0_3007_0,human_stop_constraint,probe_05,1,0,visible_collision,21,0.36471,1.00000,1,0.07000,0.22084,0.93000,0.12958,0.28054,0.14749,0.98020,-0.19802
0,3007,human_stop_constraint_0_3007_0,human_stop_constraint,probe_06,1,0,human_stop,40,0.69043,1.01000,0,0.12000,0.14000,0.88000,0.61333,0.46899,0.40612,0.88456,0.46642
0,3008,human_stop_constraint_0_3008_0,human_stop_constraint,probe_00,0,1,none,71,1.34788,0.00000,0,0.06852,0.20195,0.91138,0.16000,0.91900,0.14970,0.96756,-0.25266
0,3008,human_stop_constraint_0_3008_0,human_stop_constraint,probe_01,1,0,human_stop,28,0.46953,1.01000,0,0.07000,0.71115,0.93000,0.73443,0.40539,0.71118,0.94631,0.32326
0,3008,human_stop_constraint_0_3008_0,human_stop_constraint,probe_02,1,0,human_stop,30,0.59520,1.01000,0,0.12000,0.14000,0.88000,0.50000,0.41363,0.29050,0.95862,0.28469
0,3008,human_stop_constraint_0_3008_0,human_stop_constraint,probe_03,0,1,none,66,1.08307,0.00000,0,0.10000,0.86000,0.91000,0.84000,0.91689,0.83083,0.91175,0.41075
0,3008,human_stop_constraint_0_3008_0,human_stop_constraint,probe_04,1,0,visible_collision,7,0.11953,1.00000,1,0.16000,0.38667,0.86000,0.61075,0.23041,0.41481,0.64812,0.76154
0,3008,human_stop_constraint_0_3008_0,human_stop_constraint,probe_05,1,0,human_stop,27,0.48374,1.01000,0,0.07000,0.60699,0.93000,0.61651,0.39069,0.60473,0.93590,0.35225
0,3008,human_stop_constraint_0_3008_0,human_stop_constraint,probe_06,0,1,none,64,1.18424,0.00000,0,0.12000,0.14000,0.88000,0.16000,0.87606,0.15744,0.95119,0.30859
0,3009,human_stop_constraint_0_3009_0,human_stop_constraint,probe_00,0,1,none,74,1.31072,0.00000,0,0.06558,0.82000,0.92284,0.67973,0.90015,0.69593,0.99657,-0.08279
0,3009,human_stop_constraint_0_3009_0,human_stop_constraint,probe_01,0,1,none,74,1.20683,0.00000,0,0.07000,0.17757,0.93000,0.15122,0.93281,0.15710,0.62867,0.77767
0,3009,human_stop_constraint_0_3009_0,human_stop_constraint,probe_02,0,1,none,68,1.14493,0.00000,0,0.12000,0.14000,0.88000,0.27333,0.88251,0.25867,0.99342,0.11451
0,3009,human_stop_constraint_0_3009_0,human_stop_constraint,probe_03,1,0,visible_collision,46,0.76063,1.00000,1,0.10000,0.86000,0.91000,0.84000,0.68221,0.83787,0.90257,-0.43054
0,3009,human_stop_constraint_0_3009_0,human_stop_constraint,probe_04,1,0,human_stop,31,0.51834,1.01000,0,0.16000,0.72667,0.86000,0.27557,0.40791,0.47810,0.48144,-0.87648
0,3009,human_stop_constraint_0_3009_0,human_stop_constraint,probe_05,0,1,none,75,1.42881,0.00000,0,0.07000,0.68658,0.93000,0.57671,0.94311,0.58780,0.31588,-0.94880
0,3009,human_stop_constraint_0_3009_0,human_stop_constraint,probe_06,1,0,human_stop,27,0.42934,1.01000,0,0.12000,0.14000,0.88000,0.38667,0.36581,0.29474,0.98381,-0.17919
0,3010,human_stop_constraint_0_3010_0,human_stop_constraint,probe_00,1,0,visible_collision,13,0.25504,1.00000,1,0.07791,0.30799,0.91434,0.16000,0.24476,0.31453,0.77121,-0.63658
0,3010,human_stop_constraint_0_3010_0,human_stop_constraint,probe_01,0,1,none,74,1.35172,0.00000,0,0.07000,0.12175,0.93000,0.17913,0.92646,0.19029,0.99850,0.05468
0,3010,human_stop_constraint_0_3010_0,human_stop_constraint,probe_02,1,0,human_stop,47,0.73890,1.01000,0,0.12000,0.14000,0.88000,0.61333,0.53274,0.46275,0.52853,0.84892
0,3010,human_stop_constraint_0_3010_0,human_stop_constraint,probe_03,1,0,human_stop,34,0.56896,1.01000,0,0.10000,0.86000,0.91000,0.72667,0.52671,0.85625,0.69840,-0.71570
0,3010,human_stop_constraint_0_3010_0,human_stop_constraint,probe_04,1,0,human_stop,36,0.52801,1.01000,0,0.16000,0.38667,0.86000,0.58484,0.55319,0.46838,0.91683,0.39929
0,3010,human_stop_constraint_0_3010_0,human_stop_constraint,probe_05,1,0,human_stop,29,0.49425,1.01000,0,0.07000,0.50699,0.93000,0.49651,0.42055,0.51924,0.98059,0.19607
0,3010,human_stop_constraint_0_3010_0,human_stop_constraint,probe_06,1,0,human_stop,43,0.75414,1.01000,0,0.12000,0.14000,0.88000,0.84000,0.48370,0.46879,0.84749,0.53081
0,3011,human_stop_constraint_0_3011_0,human_stop_constraint,probe_00,0,1,none,72,1.30948,0.00000,0,0.07807,0.71794,0.92000,0.84000,0.90436,0.84614,-0.89253,0.45099
0,3011,human_stop_constraint_0_3011_0,human_stop_constraint,probe_01,0,1,none,76,1.30077,0.00000,0,0.07000,0.86748,0.93000,0.82626,0.94782,0.83629,0.57225,0.82008
0,3011,human_stop_constraint_0_3011_0,human_stop_constraint,probe_02,1,0,human_stop,47,0.80956,1.01000,0,0.12000,0.14000,0.88000,0.61333,0.53305,0.42389,0.33245,0.94312
0,3011,human_stop_constraint_0_3011_0,human_stop_constraint,probe_03,1,0,human_stop,49,0.83081,1.01000,0,0.10000,0.86000,0.91000,0.27333,0.52413,0.46373,0.78073,-0.62486
0,3011,human_stop_constraint_0_3011_0,human_stop_constraint,probe_04,1,0,human_stop,32,0.54683,1.01000,0,0.16000,0.38667,0.86000,0.59735,0.52546,0.43214,0.99998,0.00592
0,3011,human_stop_constraint_0_3011_0,human_stop_constraint,probe_05,0,1,none,73,1.45206,0.00000,0,0.07000,0.69792,0.93000,0.74104,0.93286,0.73888,0.84353,0.53709
0,3011,human_stop_constraint_0_3011_0,human_stop_constraint,probe_06,1,0,human_stop,48,0.76159,1.01000,0,0.12000,0.14000,0.88000,0.50000,0.58257,0.38577,0.99362,0.11281
0,3012,human_stop_constraint_0_3012_0,human_stop_constraint,probe_00,1,0,visible_collision,18,0.32396,1.00000,1,0.07198,0.27493,0.92486,0.26336,0.27828,0.25106,0.86803,-0.49651
0,3012,human_stop_constraint_0_3012_0,human_stop_constraint,probe_01,1,0,human_stop,30,0.56656,1.01000,0,0.07000,0.40589,0.93000,0.37705,0.43403,0.41321,0.99866,0.05179
0,3012,human_stop_constraint_0_3012_0,human_stop_constraint,probe_02,1,0,human_stop,23,0.34032,1.01000,0,0.12000,0.14000,0.88000,0.50000,0.32706,0.26288,0.99999,0.00459
0,3012,human_stop_constraint_0_3012_0,human_stop_constraint,probe_03,0,1,none,70,1.21445,0.00000,0,0.10000,0.86000,0.91000,0.72667,0.90488,0.72682,0.01910,-0.99982
0,3012,human_stop_constraint_0_3012_0,human_stop_constraint,probe_04,1,0,human_stop,30,0.49363,1.01000,0,0.16000,0.61333,0.86000,0.39955,0.47949,0.52237,0.87882,0.47715
0,3012,human_stop_constraint_0_3012_0,human_stop_constraint,probe_05,0,1,none,71,1.22822,0.00000,0,0.07000,0.83945,0.93000,0.84027,0.92305,0.83286,0.86140,-0.50793
0,3012,human_stop_constraint_0_3012_0,human_stop_constraint,probe_06,0,1,none,68,1.23504,0.00000,0,0.12000,0.14000,0.88000,0.27333,0.88841,0.26331,0.76921,0.63900
0,3013,human_stop_constraint_0_3013_0,human_stop_constraint,probe_00,0,1,none,68,1.21963,0.00000,0,0.08140,0.18000,0.91649,0.16000,0.90307,0.15296,0.98919,0.14664
0,3013,human_stop_constraint_0_3013_0,human_stop_constraint,probe_01,1,0,human_stop,37,0.76263,1.01000,0,0.07000,0.81438,0.93000,0.85281,0.51659,0.80676,0.24416,-0.96974
0,3013,human_stop_constraint_0_3013_0,human_stop_constraint,probe_02,0,1,none,78,1.35544,0.00000,0,0.12000,0.14000,0.88000,0.50000,0.89350,0.51458,-0.70693,0.70729
0,3013,human_stop_constraint_0_3013_0,human_stop_constraint,probe_03,1,0,human_stop,35,0.60112,1.01000,0,0.10000,0.86000,0.91000,0.72667,0.51353,0.79460,0.51582,-0.85670
0,3013,human_stop_constraint_0_3013_0,human_stop_constraint,probe_04,1,0,human_stop,43,0.79713,1.01000,0,0.16000,0.27333,0.86000,0.70993,0.54999,0.54531,0.90582,0.42366
0,3013,human_stop_constraint_0_3013_0,human_stop_constraint,probe_05,0,1,none,73,1.33478,0.00000,0,0.07000,0.18503,0.93000,0.14749,0.93344,0.14393,0.36107,0.93254
0,3013,human_stop_constraint_0_3013_0,human_stop_constraint,probe_06,0,1,none,73,1.44367,0.00000,0,0.12000,0.14000,0.88000,0.38667,0.89638,0.39197,0.65349,-0.75694
0,4000,combined_abort_stress_0_4000_0,combined_abort_stress,probe_00,1,0,human_stop,23,0.44516,0.94500,0,0.07639,0.44989,0.90726,0.25610,0.34936,0.39221,0.72014,-0.69383
0,4000,combined_abort_stress_0_4000_0,combined_abort_stress,probe_01,1,0,visible_collision,15,0.29671,1.00000,1,0.07000,0.16308,0.93000,0.15846,0.24894,0.16265,0.89771,-0.44058
0,4000,combined_abort_stress_0_4000_0,combined_abort_stress,probe_02,1,0,visible_collision,14,0.33653,1.00000,1,0.12000,0.14000,0.88000,0.43200,0.25615,0.22704,0.99682,0.07966
0,4000,combined_abort_stress_0_4000_0,combined_abort_stress,probe_03,1,0,fixture_snag,34,0.67927,1.23251,1,0.10000,0.86000,0.91000,0.63600,0.49828,0.80205,0.41387,-0.91034
0,4000,combined_abort_stress_0_4000_0,combined_abort_stress,probe_04,1,0,force_limit,24,0.60587,1.30959,1,0.16000,0.56800,0.86000,0.44547,0.42061,0.51667,0.72820,0.68536
0,4000,combined_abort_stress_0_4000_0,combined_abort_stress,probe_05,1,0,fixture_snag,35,0.73246,1.06757,0,0.07000,0.83987,0.93000,0.84007,0.49343,0.84250,0.76351,-0.64579
0,4000,combined_abort_stress_0_4000_0,combined_abort_stress,probe_06,1,0,visible_collision,12,0.23853,1.00000,1,0.12000,0.14000,0.88000,0.29600,0.23433,0.19763,0.59131,0.80644
0,4000,combined_abort_stress_0_4000_0,combined_abort_stress,probe_07,1,0,fixture_snag,37,0.81279,1.02382,0,0.10000,0.86000,0.91000,0.50000,0.49158,0.69032,0.97227,0.23385
0,4000,combined_abort_stress_0_4000_0,combined_abort_stress,probe_08,1,0,human_stop,26,0.54168,0.94500,0,0.16000,0.22800,0.86000,0.79467,0.38704,0.44898,0.95833,0.28566
0,4000,combined_abort_stress_0_4000_0,combined_abort_stress,probe_09,1,0,human_stop,22,0.52154,0.94500,0,0.07000,0.39195,0.93000,0.35002,0.34768,0.39271,-0.99896,0.04569
0,4000,combined_abort_stress_0_4000_0,combined_abort_stress,probe_10,1,0,human_stop,27,0.62549,0.94500,0,0.12000,0.14000,0.88000,0.77200,0.34061,0.38736,-0.29016,0.95698
0,4001,combined_abort_stress_0_4001_0,combined_abort_stress,probe_00,1,0,human_stop,34,0.69232,0.94500,0,0.08056,0.50362,0.91073,0.71566,0.48130,0.58107,0.72887,0.68465
0,4001,combined_abort_stress_0_4001_0,combined_abort_stress,probe_01,1,0,collision_margin,33,0.71920,1.10563,0,0.07000,0.27072,0.93000,0.30864,0.44961,0.30271,0.95814,-0.28630
0,4001,combined_abort_stress_0_4001_0,combined_abort_stress,probe_02,1,0,visible_collision,15,0.29504,1.00000,1,0.12000,0.14000,0.88000,0.70400,0.24219,0.24334,0.53853,0.84261
0,4001,combined_abort_stress_0_4001_0,combined_abort_stress,probe_03,1,0,fixture_snag,32,0.85637,1.58730,1,0.10000,0.86000,0.91000,0.56800,0.46188,0.77467,0.92730,-0.37433
0,4001,combined_abort_stress_0_4001_0,combined_abort_stress,probe_04,1,0,collision_margin,34,0.75816,1.15511,1,0.16000,0.16000,0.86000,0.86934,0.44340,0.43528,0.94111,0.33809
0,4001,combined_abort_stress_0_4001_0,combined_abort_stress,probe_05,1,0,collision_margin,31,0.71329,1.05852,0,0.07000,0.44446,0.93000,0.42577,0.44025,0.43867,0.07964,0.99682
0,4001,combined_abort_stress_0_4001_0,combined_abort_stress,probe_06,1,0,collision_margin,30,0.57395,1.66549,1,0.12000,0.14000,0.88000,0.22800,0.49109,0.13141,0.90707,-0.42099
0,4001,combined_abort_stress_0_4001_0,combined_abort_stress,probe_07,1,0,fixture_snag,29,0.63324,1.18238,1,0.10000,0.86000,0.91000,0.84000,0.45876,0.87417,0.99664,-0.08186
0,4001,combined_abort_stress_0_4001_0,combined_abort_stress,probe_08,1,0,force_limit,47,1.03691,1.34582,1,0.16000,0.63600,0.86000,0.34960,0.65550,0.43134,0.66891,-0.74335
0,4001,combined_abort_stress_0_4001_0,combined_abort_stress,probe_09,1,0,fixture_snag,33,0.70767,1.86787,1,0.07000,0.78984,0.93000,0.76308,0.46747,0.74284,0.99777,-0.06672
0,4001,combined_abort_stress_0_4001_0,combined_abort_stress,probe_10,1,0,collision_margin,33,0.63939,0.97234,0,0.12000,0.14000,0.88000,0.36400,0.44713,0.27520,0.72408,0.68971
0,4002,combined_abort_stress_0_4002_0,combined_abort_stress,probe_00,1,0,human_stop,24,0.55234,0.94500,0,0.06801,0.49334,0.91856,0.35567,0.35107,0.43427,0.50480,0.86324
0,4002,combined_abort_stress_0_4002_0,combined_abort_stress,probe_01,1,0,collision_margin,32,0.63237,1.13374,0,0.07000,0.11281,0.93000,0.18359,0.45295,0.13114,0.61049,-0.79202
0,4002,combined_abort_stress_0_4002_0,combined_abort_stress,probe_02,1,0,visible_collision,17,0.32589,1.00000,1,0.12000,0.14000,0.88000,0.70400,0.29079,0.22934,0.73017,-0.68326
0,4002,combined_abort_stress_0_4002_0,combined_abort_stress,probe_03,1,0,fixture_snag,29,0.76784,1.17339,1,0.10000,0.86000,0.91000,0.77200,0.46449,0.83985,0.94222,0.33500
0,4002,combined_abort_stress_0_4002_0,combined_abort_stress,probe_04,1,0,human_stop,21,0.51231,0.94500,0,0.16000,0.29600,0.86000,0.72026,0.34430,0.45071,0.98624,0.16535
0,4002,combined_abort_stress_0_4002_0,combined_abort_stress,probe_05,1,0,collision_margin,35,0.62037,0.99961,0,0.07000,0.70997,0.93000,0.59902,0.45117,0.63062,0.30819,-0.95132
0,4002,combined_abort_stress_0_4002_0,combined_abort_stress,probe_06,1,0,human_stop,33,0.65713,0.94500,0,0.12000,0.14000,0.88000,0.84000,0.35026,0.41368,0.61588,0.78784
0,4002,combined_abort_stress_0_4002_0,combined_abort_stress,probe_07,1,0,collision_margin,38,0.91112,1.38379,1,0.10000,0.86000,0.91000,0.43200,0.46288,0.62319,0.73884,-0.67388
0,4002,combined_abort_stress_0_4002_0,combined_abort_stress,probe_08,1,0,human_stop,16,0.34628,0.94500,0,0.16000,0.56800,0.86000,0.38430,0.35103,0.51713,0.75000,-0.66144
0,4002,combined_abort_stress_0_4002_0,combined_abort_stress,probe_09,1,0,human_stop,22,0.43005,0.94500,0,0.07000,0.48929,0.93000,0.50535,0.31872,0.49560,0.95946,-0.28185
0,4002,combined_abort_stress_0_4002_0,combined_abort_stress,probe_10,1,0,collision_margin,30,0.61339,1.10484,0,0.12000,0.14000,0.88000,0.22800,0.45230,0.18127,0.97265,-0.23229
0,4003,combined_abort_stress_0_4003_0,combined_abort_stress,probe_00,1,0,fixture_snag,31,0.70246,1.04189,0,0.07731,0.45293,0.91896,0.42220,0.45868,0.49085,0.85720,-0.51499
0,4003,combined_abort_stress_0_4003_0,combined_abort_stress,probe_01,1,0,human_stop,32,0.72064,0.94500,0,0.07000,0.32940,0.93000,0.38130,0.46489,0.33474,0.97582,-0.21855
0,4003,combined_abort_stress_0_4003_0,combined_abort_stress,probe_02,1,0,fixture_snag,41,0.78539,1.03377,0,0.12000,0.14000,0.88000,0.63600,0.45881,0.44880,0.98467,0.17442
0,4003,combined_abort_stress_0_4003_0,combined_abort_stress,probe_03,1,0,fixture_snag,42,0.81456,1.15311,0,0.10000,0.86000,0.91000,0.29600,0.46191,0.50586,0.78355,-0.62133
0,4003,combined_abort_stress_0_4003_0,combined_abort_stress,probe_04,1,0,fixture_snag,26,0.58915,1.39611,1,0.16000,0.56800,0.86000,0.41173,0.46920,0.51306,0.95629,-0.29243
0,4003,combined_abort_stress_0_4003_0,combined_abort_stress,probe_05,1,0,collision_margin,36,0.78613,1.10442,0,0.07000,0.18011,0.93000,0.25194,0.47322,0.24885,1.00000,-0.00129
0,4003,combined_abort_stress_0_4003_0,combined_abort_stress,probe_06,1,0,visible_collision,13,0.25404,1.00000,1,0.12000,0.14000,0.88000,0.77200,0.23997,0.21971,0.88783,0.46018
0,4003,combined_abort_stress_0_4003_0,combined_abort_stress,probe_07,1,0,fixture_snag,34,0.77076,1.26406,1,0.10000,0.86000,0.91000,0.50000,0.46349,0.70729,0.79367,-0.60834
0,4003,combined_abort_stress_0_4003_0,combined_abort_stress,probe_08,1,0,visible_collision,7,0.15246,1.00000,1,0.16000,0.16000,0.86000,0.84913,0.23428,0.20278,0.99108,0.13328
0,4003,combined_abort_stress_0_4003_0,combined_abort_stress,probe_09,1,0,fixture_snag,34,0.66956,1.07216,0,0.07000,0.41485,0.93000,0.44057,0.47130,0.40534,0.81470,0.57988
0,4003,combined_abort_stress_0_4003_0,combined_abort_stress,probe_10,1,0,fixture_snag,40,0.91786,1.48815,1,0.12000,0.14000,0.88000,0.84000,0.47233,0.47373,-0.70335,0.71085
0,4004,combined_abort_stress_0_4004_0,combined_abort_stress,probe_00,1,0,collision_margin,31,0.61465,0.98968,0,0.07212,0.33764,0.90760,0.32803,0.43588,0.34060,0.96809,-0.25058
0,4004,combined_abort_stress_0_4004_0,combined_abort_stress,probe_01,1,0,human_stop,27,0.60907,0.94500,0,0.07000,0.42013,0.93000,0.43794,0.39285,0.41604,0.70367,0.71053
0,4004,combined_abort_stress_0_4004_0,combined_abort_stress,probe_02,1,0,visible_collision,18,0.33362,1.00000,1,0.12000,0.14000,0.88000,0.56800,0.28516,0.19765,-0.59186,0.80604
0,4004,combined_abort_stress_0_4004_0,combined_abort_stress,probe_03,1,0,unstable_slip,49,0.97484,1.66965,1,0.10000,0.86000,0.91000,0.50000,0.59542,0.65922,0.60580,-0.79561
0,4004,combined_abort_stress_0_4004_0,combined_abort_stress,probe_04,1,0,human_stop,32,0.68744,0.94500,0,0.16000,0.77200,0.86000,0.17299,0.41652,0.48923,0.71878,-0.69524
0,4004,combined_abort_stress_0_4004_0,combined_abort_stress,probe_05,1,0,visible_collision,15,0.32752,1.00000,1,0.07000,0.20201,0.93000,0.24099,0.23642,0.20623,-0.32515,-0.94566
0,4004,combined_abort_stress_0_4004_0,combined_abort_stress,probe_06,1,0,visible_collision,17,0.42107,1.00000,1,0.12000,0.14000,0.88000,0.63600,0.29376,0.19229,0.64461,0.76451
0,4004,combined_abort_stress_0_4004_0,combined_abort_stress,probe_07,1,0,fixture_snag,27,0.53149,0.96970,0,0.10000,0.86000,0.91000,0.84000,0.43659,0.84767,0.93861,0.34499
0,4004,combined_abort_stress_0_4004_0,combined_abort_stress,probe_08,1,0,human_stop,29,0.57133,0.94500,0,0.16000,0.70400,0.86000,0.29293,0.41498,0.48299,0.97959,0.20102
0,4004,combined_abort_stress_0_4004_0,combined_abort_stress,probe_09,1,0,collision_margin,30,0.73558,1.04961,0,0.07000,0.32199,0.93000,0.38501,0.43754,0.31104,0.48455,-0.87477
0,4004,combined_abort_stress_0_4004_0,combined_abort_stress,probe_10,1,0,collision_margin,28,0.62812,1.74263,1,0.12000,0.14000,0.88000,0.16000,0.45763,0.13220,0.89997,-0.43595
0,4005,combined_abort_stress_0_4005_0,combined_abort_stress,probe_00,1,0,collision_margin,31,0.68556,1.08660,0,0.06645,0.64910,0.91649,0.65924,0.44160,0.64576,0.81947,-0.57312
0,4005,combined_abort_stress_0_4005_0,combined_abort_stress,probe_01,1,0,collision_margin,32,0.79995,0.99665,0,0.07000,0.65372,0.93000,0.62714,0.45840,0.66197,0.35082,-0.93644
0,4005,combined_abort_stress_0_4005_0,combined_abort_stress,probe_02,1,0,collision_margin,28,0.64019,1.14102,0,0.12000,0.14000,0.88000,0.36400,0.44251,0.20037,0.91549,-0.40235
0,4005,combined_abort_stress_0_4005_0,combined_abort_stress,probe_03,0,1,none,79,1.69506,0.00000,0,0.10000,0.86000,0.91000,0.50000,0.92902,0.48611,0.92376,0.38298
0,4005,combined_abort_stress_0_4005_0,combined_abort_stress,probe_04,1,0,human_stop,16,0.39935,0.94500,0,0.16000,0.43200,0.86000,0.58064,0.35578,0.45523,0.95721,-0.28941
0,4005,combined_abort_stress_0_4005_0,combined_abort_stress,probe_05,1,0,fixture_snag,30,0.65103,1.08931,0,0.07000,0.84639,0.93000,0.83680,0.44276,0.84907,0.99976,-0.02170
0,4005,combined_abort_stress_0_4005_0,combined_abort_stress,probe_06,1,0,collision_margin,29,0.72785,1.47570,1,0.12000,0.14000,0.88000,0.22800,0.45280,0.18710,0.99005,0.14074
0,4005,combined_abort_stress_0_4005_0,combined_abort_stress,probe_07,1,0,collision_margin,38,0.70549,0.97134,0,0.10000,0.86000,0.91000,0.29600,0.43594,0.54779,-0.83883,-0.54440
0,4005,combined_abort_stress_0_4005_0,combined_abort_stress,probe_08,1,0,collision_margin,25,0.48980,1.16714,1,0.16000,0.56800,0.86000,0.44811,0.44199,0.53138,0.99684,-0.07939
0,4005,combined_abort_stress_0_4005_0,combined_abort_stress,probe_09,1,0,visible_collision,50,1.13907,1.00000,1,0.07000,0.74239,0.93000,0.68481,0.67138,0.75329,0.98169,0.19051
0,4005,combined_abort_stress_0_4005_0,combined_abort_stress,probe_10,1,0,visible_collision,18,0.31997,1.00000,1,0.12000,0.14000,0.88000,0.77200,0.26839,0.28685,0.99462,-0.10362
0,4006,combined_abort_stress_0_4006_0,combined_abort_stress,probe_00,1,0,human_stop,32,0.68150,0.94500,0,0.07856,0.54969,0.92120,0.35361,0.46423,0.47853,0.99977,-0.02156
0,4006,combined_abort_stress_0_4006_0,combined_abort_stress,probe_01,1,0,fixture_snag,37,0.72690,0.97596,0,0.07000,0.85494,0.93000,0.83253,0.49543,0.87863,0.95062,0.31035
0,4006,combined_abort_stress_0_4006_0,combined_abort_stress,probe_02,1,0,visible_collision,18,0.41129,1.00000,1,0.12000,0.14000,0.88000,0.77200,0.28335,0.19024,0.24971,0.96832
0,4006,combined_abort_stress_0_4006_0,combined_abort_stress,probe_03,1,0,fixture_snag,41,0.91819,1.07123,0,0.10000,0.86000,0.91000,0.43200,0.51668,0.62143,0.52023,-0.85403
0,4006,combined_abort_stress_0_4006_0,combined_abort_stress,probe_04,1,0,human_stop,33,0.67370,0.94500,0,0.16000,0.22800,0.86000,0.71472,0.43314,0.48926,0.66915,0.74313
0,4006,combined_abort_stress_0_4006_0,combined_abort_stress,probe_05,1,0,human_stop,32,0.68520,0.94500,0,0.07000,0.47795,0.93000,0.51102,0.44052,0.47923,0.86497,-0.50182
0,4006,combined_abort_stress_0_4006_0,combined_abort_stress,probe_06,1,0,visible_collision,19,0.42579,1.00000,1,0.12000,0.14000,0.88000,0.56800,0.32350,0.20529,-0.37570,0.92674
0,4006,combined_abort_stress_0_4006_0,combined_abort_stress,probe_07,1,0,human_stop,46,0.89818,0.94500,0,0.10000,0.86000,0.91000,0.36400,0.53480,0.53372,0.34988,-0.93680
0,4006,combined_abort_stress_0_4006_0,combined_abort_stress,probe_08,1,0,human_stop,30,0.75274,0.94500,0,0.16000,0.63600,0.86000,0.35425,0.47686,0.52176,0.95641,0.29204
0,4006,combined_abort_stress_0_4006_0,combined_abort_stress,probe_09,1,0,unstable_slip,34,0.70498,1.51022,1,0.07000,0.72672,0.93000,0.69264,0.47267,0.75491,0.56734,-0.82348
0,4006,combined_abort_stress_0_4006_0,combined_abort_stress,probe_10,1,0,visible_collision,18,0.39175,1.00000,1,0.12000,0.14000,0.88000,0.29600,0.28932,0.18400,0.00504,0.99999
0,4007,combined_abort_stress_0_4007_0,combined_abort_stress,probe_00,1,0,fixture_snag,28,0.62561,1.35102,1,0.07525,0.58300,0.91795,0.77611,0.39924,0.62470,0.96377,-0.26672
0,4007,combined_abort_stress_0_4007_0,combined_abort_stress,probe_01,1,0,fixture_snag,28,0.65422,1.65859,1,0.07000,0.45668,0.93000,0.41966,0.41250,0.45956,0.99610,-0.08818
0,4007,combined_abort_stress_0_4007_0,combined_abort_stress,probe_02,1,0,visible_collision,14,0.34159,1.00000,1,0.12000,0.14000,0.88000,0.77200,0.26204,0.18473,0.55475,0.83202
0,4007,combined_abort_stress_0_4007_0,combined_abort_stress,probe_03,1,0,fixture_snag,33,0.62691,1.26168,1,0.10000,0.86000,0.91000,0.36400,0.39651,0.62545,0.89302,0.45002
0,4007,combined_abort_stress_0_4007_0,combined_abort_stress,probe_04,1,0,fixture_snag,22,0.43386,1.22331,1,0.16000,0.56800,0.86000,0.42123,0.39799,0.51547,0.97155,0.23682
0,4007,combined_abort_stress_0_4007_0,combined_abort_stress,probe_05,1,0,force_limit,38,0.82032,1.60994,1,0.07000,0.26855,0.93000,0.30972,0.49619,0.29982,0.78939,0.61389
0,4007,combined_abort_stress_0_4007_0,combined_abort_stress,probe_06,1,0,visible_collision,18,0.44318,1.00000,1,0.12000,0.14000,0.88000,0.84000,0.25592,0.26189,0.99874,-0.05026
0,4007,combined_abort_stress_0_4007_0,combined_abort_stress,probe_07,1,0,fixture_snag,27,0.55872,1.28875,1,0.10000,0.86000,0.91000,0.50000,0.39353,0.78448,0.92319,0.38434
0,4007,combined_abort_stress_0_4007_0,combined_abort_stress,probe_08,1,0,fixture_snag,29,0.71804,1.43783,1,0.16000,0.70400,0.86000,0.23904,0.40493,0.49649,0.87586,-0.48257
0,4007,combined_abort_stress_0_4007_0,combined_abort_stress,probe_09,1,0,visible_collision,16,0.32610,1.00000,1,0.07000,0.18809,0.93000,0.24796,0.24975,0.20148,0.96677,-0.25563
0,4007,combined_abort_stress_0_4007_0,combined_abort_stress,probe_10,1,0,visible_collision,19,0.36472,1.00000,1,0.12000,0.14000,0.88000,0.63600,0.32484,0.21309,0.46355,0.88607
0,4008,combined_abort_stress_0_4008_0,combined_abort_stress,probe_00,1,0,unstable_slip,24,0.59948,0.99174,0,0.08238,0.82000,0.92221,0.58099,0.38183,0.79549,-0.99878,0.04944
0,4008,combined_abort_stress_0_4008_0,combined_abort_stress,probe_01,1,0,collision_margin,37,0.91763,1.25955,1,0.07000,0.12009,0.93000,0.17996,0.51572,0.13729,0.99626,-0.08642
0,4008,combined_abort_stress_0_4008_0,combined_abort_stress,probe_02,0,1,none,78,1.65553,0.00000,0,0.12000,0.14000,0.88000,0.50000,0.90928,0.49686,-0.96183,0.27366
0,4008,combined_abort_stress_0_4008_0,combined_abort_stress,probe_03,1,0,unstable_slip,22,0.53872,1.61851,1,0.10000,0.86000,0.91000,0.77200,0.37173,0.81150,0.68161,0.73172
0,4008,combined_abort_stress_0_4008_0,combined_abort_stress,probe_04,1,0,force_limit,31,0.61110,1.42292,1,0.16000,0.63600,0.86000,0.33538,0.49932,0.53107,0.77809,0.62815
0,4008,combined_abort_stress_0_4008_0,combined_abort_stress,probe_05,1,0,collision_margin,38,0.85368,1.17650,1,0.07000,0.24843,0.93000,0.31979,0.51622,0.23867,0.99776,0.06685
0,4008,combined_abort_stress_0_4008_0,combined_abort_stress,probe_06,1,0,force_limit,57,1.25286,1.16051,1,0.12000,0.14000,0.88000,0.56800,0.65772,0.45515,0.32745,0.94487
0,4008,combined_abort_stress_0_4008_0,combined_abort_stress,probe_07,1,0,force_limit,41,0.90037,1.24310,1,0.10000,0.86000,0.91000,0.36400,0.46733,0.56921,0.71338,0.70078
0,4008,combined_abort_stress_0_4008_0,combined_abort_stress,probe_08,1,0,visible_collision,17,0.29526,1.00000,1,0.16000,0.22800,0.86000,0.79318,0.32197,0.29224,-0.94728,-0.32040
0,4008,combined_abort_stress_0_4008_0,combined_abort_stress,probe_09,1,0,fixture_snag,38,0.82619,1.38132,1,0.07000,0.47045,0.93000,0.41278,0.53900,0.46881,0.81328,0.58188
0,4008,combined_abort_stress_0_4008_0,combined_abort_stress,probe_10,1,0,fixture_snag,47,1.03953,1.23170,1,0.12000,0.14000,0.88000,0.70400,0.53358,0.48797,0.67076,0.74168
0,4009,combined_abort_stress_0_4009_0,combined_abort_stress,probe_00,1,0,unstable_slip,33,0.74569,1.26085,1,0.06808,0.26028,0.92381,0.50765,0.42767,0.32337,0.89832,0.43933
0,4009,combined_abort_stress_0_4009_0,combined_abort_stress,probe_01,1,0,visible_collision,21,0.44677,1.00000,1,0.07000,0.22939,0.93000,0.22730,0.29322,0.27793,0.96163,0.27436
0,4009,combined_abort_stress_0_4009_0,combined_abort_stress,probe_02,1,0,collision_margin,32,0.73713,1.39035,1,0.12000,0.14000,0.88000,0.29600,0.50285,0.13569,0.79890,0.60147
0,4009,combined_abort_stress_0_4009_0,combined_abort_stress,probe_03,1,0,fixture_snag,35,0.76611,1.20990,1,0.10000,0.86000,0.91000,0.56800,0.48809,0.77427,0.97949,0.20150
0,4009,combined_abort_stress_0_4009_0,combined_abort_stress,probe_04,1,0,fixture_snag,36,0.72060,1.29463,1,0.16000,0.70400,0.86000,0.29410,0.49067,0.45652,0.88265,0.47002
0,4009,combined_abort_stress_0_4009_0,combined_abort_stress,probe_05,1,0,unstable_slip,30,0.64085,0.99542,0,0.07000,0.41372,0.93000,0.44114,0.43666,0.40172,0.83063,-0.55682
0,4009,combined_abort_stress_0_4009_0,combined_abort_stress,probe_06,1,0,unstable_slip,35,0.69796,1.67292,1,0.12000,0.14000,0.88000,0.50000,0.45400,0.30864,0.15342,0.98816
0,4009,combined_abort_stress_0_4009_0,combined_abort_stress,probe_07,1,0,fixture_snag,33,0.57154,1.42736,1,0.10000,0.86000,0.91000,0.63600,0.49493,0.80389,0.91703,-0.39881
0,4009,combined_abort_stress_0_4009_0,combined_abort_stress,probe_08,1,0,fixture_snag,45,1.09470,1.13571,0,0.16000,0.16000,0.86000,0.82852,0.48362,0.52692,0.67705,0.73593
0,4009,combined_abort_stress_0_4009_0,combined_abort_stress,probe_09,1,0,fixture_snag,34,0.72598,1.27117,1,0.07000,0.87318,0.93000,0.82341,0.49072,0.86116,0.99977,0.02158
0,4009,combined_abort_stress_0_4009_0,combined_abort_stress,probe_10,1,0,fixture_snag,48,1.00943,1.66993,1,0.12000,0.14000,0.88000,0.77200,0.49992,0.54205,0.92885,0.37046
0,4010,combined_abort_stress_0_4010_0,combined_abort_stress,probe_00,1,0,fixture_snag,36,0.71229,1.07208,0,0.08278,0.72147,0.91429,0.70899,0.53827,0.71208,0.73395,-0.67921
0,4010,combined_abort_stress_0_4010_0,combined_abort_stress,probe_01,1,0,force_limit,24,0.51900,1.28777,1,0.07000,0.28687,0.93000,0.30056,0.33508,0.23729,0.66000,0.75127
0,4010,combined_abort_stress_0_4010_0,combined_abort_stress,probe_02,1,0,force_limit,21,0.45267,1.56079,1,0.12000,0.14000,0.88000,0.50000,0.31336,0.25284,0.99987,0.01613
0,4010,combined_abort_stress_0_4010_0,combined_abort_stress,probe_03,1,0,collision_margin,58,1.20604,1.45517,1,0.10000,0.86000,0.91000,0.22800,0.56245,0.36690,0.29002,-0.95702
0,4010,combined_abort_stress_0_4010_0,combined_abort_stress,probe_04,1,0,unstable_slip,42,0.93441,1.67401,1,0.16000,0.36400,0.86000,0.61279,0.60544,0.47956,0.61026,0.79220
0,4010,combined_abort_stress_0_4010_0,combined_abort_stress,probe_05,1,0,unstable_slip,46,0.99360,1.40288,1,0.07000,0.43040,0.93000,0.43280,0.63903,0.44053,0.97521,0.22126
0,4010,combined_abort_stress_0_4010_0,combined_abort_stress,probe_06,1,0,visible_collision,33,0.75120,1.00000,1,0.12000,0.14000,0.88000,0.16000,0.51262,0.11069,1.00000,0.00274
0,4010,combined_abort_stress_0_4010_0,combined_abort_stress,probe_07,1,0,fixture_snag,34,0.72013,1.16366,1,0.10000,0.86000,0.91000,0.70400,0.53983,0.87691,0.77986,0.62595
0,4010,combined_abort_stress_0_4010_0,combined_abort_stress,probe_08,1,0,collision_margin,46,1.19629,1.41474,1,0.16000,0.77200,0.86000,0.18448,0.56005,0.37142,0.85761,0.51431
0,4010,combined_abort_stress_0_4010_0,combined_abort_stress,probe_09,1,0,fixture_snag,39,0.84261,1.59132,1,0.07000,0.81866,0.93000,0.85067,0.55335,0.79792,0.69444,-0.71955
0,4010,combined_abort_stress_0_4010_0,combined_abort_stress,probe_10,1,0,visible_collision,17,0.35425,1.00000,1,0.12000,0.14000,0.88000,0.56800,0.27387,0.25983,0.21209,-0.97725
0,4011,combined_abort_stress_0_4011_0,combined_abort_stress,probe_00,0,1,none,73,1.70999,0.00000,0,0.07554,0.44426,0.92364,0.28638,0.91165,0.28484,0.93726,0.34863
0,4011,combined_abort_stress_0_4011_0,combined_abort_stress,probe_01,1,0,human_stop,26,0.60387,0.94500,0,0.07000,0.57555,0.93000,0.56422,0.38495,0.59566,0.86858,0.49555
0,4011,combined_abort_stress_0_4011_0,combined_abort_stress,probe_02,1,0,collision_margin,27,0.57585,1.50106,1,0.12000,0.14000,0.88000,0.43200,0.42770,0.20671,-0.08117,0.99670
0,4011,combined_abort_stress_0_4011_0,combined_abort_stress,probe_03,1,0,human_stop,31,0.62852,0.94500,0,0.10000,0.86000,0.91000,0.36400,0.36882,0.61728,0.71515,0.69897
0,4011,combined_abort_stress_0_4011_0,combined_abort_stress,probe_04,1,0,force_limit,37,0.77611,1.62262,1,0.16000,0.16000,0.86000,0.82388,0.48733,0.40385,-0.96790,0.25133
0,4011,combined_abort_stress_0_4011_0,combined_abort_stress,probe_05,1,0,fixture_snag,32,0.70613,1.31238,1,0.07000,0.44454,0.93000,0.52773,0.44205,0.43648,0.98113,0.19334
0,4011,combined_abort_stress_0_4011_0,combined_abort_stress,probe_06,1,0,force_limit,43,0.99649,1.38800,1,0.12000,0.14000,0.88000,0.63600,0.52016,0.40639,-0.42379,0.90576
0,4011,combined_abort_stress_0_4011_0,combined_abort_stress,probe_07,1,0,fixture_snag,29,0.68419,1.90215,1,0.10000,0.86000,0.91000,0.70400,0.45294,0.81635,0.99986,0.01695
0,4011,combined_abort_stress_0_4011_0,combined_abort_stress,probe_08,1,0,fixture_snag,33,0.66053,0.97074,0,0.16000,0.22800,0.86000,0.72094,0.42853,0.50059,0.79261,0.60973
0,4011,combined_abort_stress_0_4011_0,combined_abort_stress,probe_09,1,0,visible_collision,17,0.33328,1.00000,1,0.07000,0.32592,0.93000,0.28104,0.25536,0.31271,0.65864,0.75246
0,4011,combined_abort_stress_0_4011_0,combined_abort_stress,probe_10,1,0,visible_collision,19,0.38682,1.00000,1,0.12000,0.14000,0.88000,0.77200,0.29328,0.22104,0.13495,0.99085
0,4012,combined_abort_stress_0_4012_0,combined_abort_stress,probe_00,1,0,collision_margin,26,0.53635,1.07425,0,0.07493,0.50953,0.91063,0.72434,0.35919,0.59889,0.91920,0.39378
0,4012,combined_abort_stress_0_4012_0,combined_abort_stress,probe_01,1,0,fixture_snag,24,0.55008,1.46268,1,0.07000,0.84851,0.93000,0.73374,0.36811,0.81556,0.86445,-0.50273
0,4012,combined_abort_stress_0_4012_0,combined_abort_stress,probe_02,1,0,collision_margin,24,0.47631,1.58088,1,0.12000,0.14000,0.88000,0.43200,0.37052,0.20992,0.90939,-0.41594
0,4012,combined_abort_stress_0_4012_0,combined_abort_stress,probe_03,1,0,collision_margin,32,0.65698,1.43783,1,0.10000,0.86000,0.91000,0.29600,0.36701,0.58715,0.77317,-0.63420
0,4012,combined_abort_stress_0_4012_0,combined_abort_stress,probe_04,1,0,collision_margin,28,0.55654,1.38701,1,0.16000,0.84000,0.86000,0.12000,0.37756,0.60166,0.10086,-0.99490
0,4012,combined_abort_stress_0_4012_0,combined_abort_stress,probe_05,1,0,collision_margin,26,0.67580,1.43170,1,0.07000,0.62140,0.93000,0.64330,0.38134,0.60071,0.74583,-0.66613
0,4012,combined_abort_stress_0_4012_0,combined_abort_stress,probe_06,1,0,visible_collision,23,0.46309,1.00000,1,0.12000,0.14000,0.88000,0.56800,0.31776,0.25800,0.77595,0.63080
0,4012,combined_abort_stress_0_4012_0,combined_abort_stress,probe_07,1,0,collision_margin,32,0.77692,1.33961,1,0.10000,0.86000,0.91000,0.22800,0.36488,0.59185,0.73293,-0.68030
0,4012,combined_abort_stress_0_4012_0,combined_abort_stress,probe_08,1,0,collision_margin,24,0.42650,1.40905,1,0.16000,0.70400,0.86000,0.27038,0.36597,0.52088,0.78920,-0.61414
0,4012,combined_abort_stress_0_4012_0,combined_abort_stress,probe_09,1,0,collision_margin,24,0.57306,1.40022,1,0.07000,0.15439,0.93000,0.16281,0.36486,0.14947,0.90909,-0.41660
0,4012,combined_abort_stress_0_4012_0,combined_abort_stress,probe_10,1,0,collision_margin,27,0.50974,1.74215,1,0.12000,0.14000,0.88000,0.50000,0.38527,0.28525,0.96297,0.26960
0,4013,combined_abort_stress_0_4013_0,combined_abort_stress,probe_00,1,0,fixture_snag,36,0.71890,1.00929,0,0.07265,0.82000,0.91456,0.84000,0.50876,0.81691,0.99861,-0.05271
0,4013,combined_abort_stress_0_4013_0,combined_abort_stress,probe_01,1,0,fixture_snag,35,0.74285,1.00802,0,0.07000,0.45832,0.93000,0.52084,0.49319,0.46748,0.33875,0.94088
0,4013,combined_abort_stress_0_4013_0,combined_abort_stress,probe_02,1,0,visible_collision,16,0.39208,1.00000,1,0.12000,0.14000,0.88000,0.84000,0.24308,0.27343,-0.03436,0.99941
0,4013,combined_abort_stress_0_4013_0,combined_abort_stress,probe_03,1,0,human_stop,32,0.66672,0.94500,0,0.10000,0.86000,0.91000,0.36400,0.38543,0.61288,0.61442,-0.78898
0,4013,combined_abort_stress_0_4013_0,combined_abort_stress,probe_04,1,0,human_stop,22,0.42386,0.94500,0,0.16000,0.63600,0.86000,0.39097,0.41000,0.55940,0.90680,0.42157
0,4013,combined_abort_stress_0_4013_0,combined_abort_stress,probe_05,1,0,collision_margin,38,0.91873,1.24681,1,0.07000,0.14300,0.93000,0.16850,0.52535,0.13857,0.63567,0.77196
0,4013,combined_abort_stress_0_4013_0,combined_abort_stress,probe_06,1,0,collision_margin,40,0.91370,1.10677,0,0.12000,0.14000,0.88000,0.43200,0.54207,0.27275,0.99836,0.05720
0,4013,combined_abort_stress_0_4013_0,combined_abort_stress,probe_07,1,0,fixture_snag,37,0.93483,1.90095,1,0.10000,0.86000,0.91000,0.77200,0.53432,0.78451,0.83670,0.54766
0,4013,combined_abort_stress_0_4013_0,combined_abort_stress,probe_08,1,0,fixture_snag,29,0.60803,1.62716,1,0.16000,0.56800,0.86000,0.42305,0.51421,0.51846,0.84152,0.54023
0,4013,combined_abort_stress_0_4013_0,combined_abort_stress,probe_09,1,0,fixture_snag,37,0.79293,1.04999,0,0.07000,0.71476,0.93000,0.69862,0.50519,0.70887,0.50815,-0.86127
0,4013,combined_abort_stress_0_4013_0,combined_abort_stress,probe_10,1,0,collision_margin,37,0.77148,0.95424,0,0.12000,0.14000,0.88000,0.22800,0.52287,0.21682,0.95233,-0.30506
1,0,nominal_known_constraints_1_0_0,nominal_known_constraints,probe_00,0,1,none,67,0.91291,0.00000,0,0.08300,0.57561,0.91995,0.58206,0.91626,0.59538,0.99972,0.02355
1,0,nominal_known_constraints_1_0_0,nominal_known_constraints,probe_01,0,1,none,73,0.99509,0.00000,0,0.07000,0.80812,0.93000,0.85594,0.94034,0.86029,0.76521,0.64378
1,0,nominal_known_constraints_1_0_0,nominal_known_constraints,probe_02,0,1,none,78,1.05349,0.00000,0,0.12000,0.14000,0.88000,0.50000,0.89102,0.51366,0.77733,0.62909
1,0,nominal_known_constraints_1_0_0,nominal_known_constraints,probe_03,0,1,none,73,0.96326,0.00000,0,0.10000,0.86000,0.91000,0.67000,0.91195,0.66278,0.40513,-0.91426
1,0,nominal_known_constraints_1_0_0,nominal_known_constraints,probe_04,0,1,none,85,1.11157,0.00000,0,0.16000,0.16000,0.86000,0.82735,0.86170,0.83764,0.65327,0.75712
1,1,nominal_known_constraints_1_1_0,nominal_known_constraints,probe_00,0,1,none,69,0.93865,0.00000,0,0.07597,0.60505,0.91529,0.56261,0.91183,0.56041,0.89372,-0.44862
1,1,nominal_known_constraints_1_1_0,nominal_known_constraints,probe_01,0,1,none,71,1.00644,0.00000,0,0.07000,0.16818,0.93000,0.15591,0.93748,0.16079,0.99686,0.07915
1,1,nominal_known_constraints_1_1_0,nominal_known_constraints,probe_02,0,1,none,92,1.20914,0.00000,0,0.12000,0.14000,0.88000,0.84000,0.89454,0.83277,0.95762,0.28805
1,1,nominal_known_constraints_1_1_0,nominal_known_constraints,probe_03,0,1,none,86,1.12560,0.00000,0,0.10000,0.86000,0.91000,0.33000,0.90860,0.34173,0.96533,-0.26103
1,1,nominal_known_constraints_1_1_0,nominal_known_constraints,probe_04,0,1,none,70,0.98028,0.00000,0,0.16000,0.67000,0.86000,0.34940,0.86049,0.32671,0.95868,0.28450
1,2,nominal_known_constraints_1_2_0,nominal_known_constraints,probe_00,0,1,none,69,0.92619,0.00000,0,0.06676,0.64170,0.91730,0.64038,0.90934,0.64211,0.89152,0.45298
1,2,nominal_known_constraints_1_2_0,nominal_known_constraints,probe_01,0,1,none,77,1.03252,0.00000,0,0.07000,0.83982,0.93000,0.84009,0.93842,0.83587,0.79440,0.60740
1,2,nominal_known_constraints_1_2_0,nominal_known_constraints,probe_02,0,1,none,64,0.87218,0.00000,0,0.12000,0.14000,0.88000,0.16000,0.88311,0.16235,0.55137,0.83426
1,2,nominal_known_constraints_1_2_0,nominal_known_constraints,probe_03,0,1,none,86,1.14037,0.00000,0,0.10000,0.86000,0.91000,0.33000,0.91230,0.33051,0.89446,0.44715
1,2,nominal_known_constraints_1_2_0,nominal_known_constraints,probe_04,0,1,none,59,0.77955,0.00000,0,0.16000,0.50000,0.86000,0.55379,0.86164,0.55653,0.76133,0.64837
1,3,nominal_known_constraints_1_3_0,nominal_known_constraints,probe_00,0,1,none,68,0.90892,0.00000,0,0.07705,0.36163,0.90746,0.34215,0.91222,0.33607,0.94435,0.32895
1,3,nominal_known_constraints_1_3_0,nominal_known_constraints,probe_01,0,1,none,73,0.99668,0.00000,0,0.07000,0.80734,0.93000,0.85633,0.93719,0.86019,0.77404,0.63313
1,3,nominal_known_constraints_1_3_0,nominal_known_constraints,probe_02,0,1,none,84,1.13271,0.00000,0,0.12000,0.14000,0.88000,0.67000,0.88374,0.65422,0.98030,0.19753
1,3,nominal_known_constraints_1_3_0,nominal_known_constraints,probe_03,0,1,none,93,1.19544,0.00000,0,0.10000,0.86000,0.91000,0.16000,0.91261,0.15735,0.99069,0.13612
1,3,nominal_known_constraints_1_3_0,nominal_known_constraints,probe_04,0,1,none,73,0.96738,0.00000,0,0.16000,0.33000,0.86000,0.73510,0.86809,0.72999,0.97937,-0.20208
1,4,nominal_known_constraints_1_4_0,nominal_known_constraints,probe_00,0,1,none,71,0.94124,0.00000,0,0.06764,0.25972,0.90701,0.27433,0.90822,0.26457,0.99999,0.00346
1,4,nominal_known_constraints_1_4_0,nominal_known_constraints,probe_01,0,1,none,72,1.00612,0.00000,0,0.07000,0.82488,0.93000,0.84756,0.94032,0.83788,0.72586,0.68784
1,4,nominal_known_constraints_1_4_0,nominal_known_constraints,probe_02,0,1,none,84,1.12146,0.00000,0,0.12000,0.14000,0.88000,0.67000,0.88624,0.66583,0.76816,0.64026
1,4,nominal_known_constraints_1_4_0,nominal_known_constraints,probe_03,0,1,none,79,1.10543,0.00000,0,0.10000,0.86000,0.91000,0.50000,0.91912,0.50928,0.97279,-0.23169
1,4,nominal_known_constraints_1_4_0,nominal_known_constraints,probe_04,0,1,none,88,1.15362,0.00000,0,0.16000,0.16000,0.86000,0.85675,0.87161,0.86412,0.70566,0.70855
1,5,nominal_known_constraints_1_5_0,nominal_known_constraints,probe_00,0,1,none,74,0.96417,0.00000,0,0.08135,0.37960,0.92410,0.21959,0.91206,0.21264,0.99959,0.02874
1,5,nominal_known_constraints_1_5_0,nominal_known_constraints,probe_01,0,1,none,73,0.97854,0.00000,0,0.07000,0.46641,0.93000,0.51680,0.94080,0.52132,0.57918,0.81520
1,5,nominal_known_constraints_1_5_0,nominal_known_constraints,probe_02,0,1,none,84,1.10155,0.00000,0,0.12000,0.14000,0.88000,0.67000,0.88847,0.66205,0.56405,0.82574
1,5,nominal_known_constraints_1_5_0,nominal_known_constraints,probe_03,0,1,none,93,1.19911,0.00000,0,0.10000,0.86000,0.91000,0.16000,0.91513,0.17256,0.98312,0.18295
1,5,nominal_known_constraints_1_5_0,nominal_known_constraints,probe_04,0,1,none,71,0.92979,0.00000,0,0.16000,0.33000,0.86000,0.68134,0.86304,0.68724,0.92902,0.37003
1,6,nominal_known_constraints_1_6_0,nominal_known_constraints,probe_00,0,1,none,68,0.92725,0.00000,0,0.07982,0.42934,0.92463,0.45418,0.90798,0.46466,0.70457,0.70963
1,6,nominal_known_constraints_1_6_0,nominal_known_constraints,probe_01,0,1,none,72,1.01085,0.00000,0,0.07000,0.30918,0.93000,0.34041,0.93870,0.34033,0.68098,0.73230
1,6,nominal_known_constraints_1_6_0,nominal_known_constraints,probe_02,0,1,none,91,1.18321,0.00000,0,0.12000,0.14000,0.88000,0.84000,0.87759,0.83950,0.39741,0.91764
1,6,nominal_known_constraints_1_6_0,nominal_known_constraints,probe_03,0,1,none,93,1.22070,0.00000,0,0.10000,0.86000,0.91000,0.16000,0.91267,0.16627,0.99998,0.00568
1,6,nominal_known_constraints_1_6_0,nominal_known_constraints,probe_04,0,1,none,71,0.95547,0.00000,0,0.16000,0.67000,0.86000,0.31098,0.86503,0.31156,0.99884,-0.04808
1,7,nominal_known_constraints_1_7_0,nominal_known_constraints,probe_00,0,1,none,68,0.92902,0.00000,0,0.08171,0.55706,0.91495,0.54085,0.91227,0.53558,0.88304,0.46929
1,7,nominal_known_constraints_1_7_0,nominal_known_constraints,probe_01,0,1,none,72,0.99607,0.00000,0,0.07000,0.49468,0.93000,0.50266,0.94099,0.51610,0.83866,0.54465
1,7,nominal_known_constraints_1_7_0,nominal_known_constraints,probe_02,0,1,none,64,0.87585,0.00000,0,0.12000,0.14000,0.88000,0.16000,0.88630,0.16184,0.77522,0.63170
1,7,nominal_known_constraints_1_7_0,nominal_known_constraints,probe_03,1,0,visible_collision,55,0.74980,1.00000,1,0.10000,0.86000,0.91000,0.67000,0.70364,0.69616,0.94462,0.32816
1,7,nominal_known_constraints_1_7_0,nominal_known_constraints,probe_04,0,1,none,71,0.94394,0.00000,0,0.16000,0.33000,0.86000,0.69713,0.86075,0.68599,0.90823,0.41847
1,8,nominal_known_constraints_1_8_0,nominal_known_constraints,probe_00,0,1,none,70,0.98555,0.00000,0,0.07141,0.49705,0.92256,0.52214,0.90696,0.51442,0.87393,-0.48606
1,8,nominal_known_constraints_1_8_0,nominal_known_constraints,probe_01,0,1,none,72,0.98316,0.00000,0,0.07000,0.14349,0.93000,0.16826,0.93043,0.15949,0.68789,0.72582
1,8,nominal_known_constraints_1_8_0,nominal_known_constraints,probe_02,0,1,none,71,0.96517,0.00000,0,0.12000,0.14000,0.88000,0.33000,0.88507,0.33555,0.74066,0.67188
1,8,nominal_known_constraints_1_8_0,nominal_known_constraints,probe_03,0,1,none,79,1.05254,0.00000,0,0.10000,0.86000,0.91000,0.50000,0.91088,0.51424,0.99341,0.11464
1,8,nominal_known_constraints_1_8_0,nominal_known_constraints,probe_04,0,1,none,84,1.10683,0.00000,0,0.16000,0.84000,0.86000,0.15945,0.86142,0.15764,0.98384,0.17906
1,9,nominal_known_constraints_1_9_0,nominal_known_constraints,probe_00,0,1,none,71,0.92938,0.00000,0,0.06895,0.50950,0.90878,0.46451,0.91115,0.46164,0.99000,-0.14104
1,9,nominal_known_constraints_1_9_0,nominal_known_constraints,probe_01,0,1,none,74,0.99161,0.00000,0,0.07000,0.17603,0.93000,0.15198,0.93864,0.16494,0.44987,0.89309
1,9,nominal_known_constraints_1_9_0,nominal_known_constraints,probe_02,0,1,none,71,0.95084,0.00000,0,0.12000,0.14000,0.88000,0.33000,0.88839,0.33439,0.65752,0.75344
1,9,nominal_known_constraints_1_9_0,nominal_known_constraints,probe_03,0,1,none,73,1.03534,0.00000,0,0.10000,0.86000,0.91000,0.67000,0.91506,0.65854,0.58569,-0.81053
1,9,nominal_known_constraints_1_9_0,nominal_known_constraints,probe_04,0,1,none,58,0.79815,0.00000,0,0.16000,0.50000,0.86000,0.49077,0.86591,0.49633,0.91633,0.40041
1,10,nominal_known_constraints_1_10_0,nominal_known_constraints,probe_00,0,1,none,75,0.98336,0.00000,0,0.07541,0.40811,0.91642,0.20745,0.91197,0.21639,0.97489,0.22268
1,10,nominal_known_constraints_1_10_0,nominal_known_constraints,probe_01,0,1,none,72,0.95646,0.00000,0,0.07000,0.31388,0.93000,0.33806,0.93204,0.33911,0.56025,0.82832
1,10,nominal_known_constraints_1_10_0,nominal_known_constraints,probe_02,0,1,none,68,0.91172,0.00000,0,0.12000,0.14000,0.88000,0.16000,0.88274,0.16293,-0.17684,0.98424
1,10,nominal_known_constraints_1_10_0,nominal_known_constraints,probe_03,0,1,none,66,0.89633,0.00000,0,0.10000,0.86000,0.91000,0.84000,0.91599,0.84515,0.57217,-0.82013
1,10,nominal_known_constraints_1_10_0,nominal_known_constraints,probe_04,0,1,none,70,0.93991,0.00000,0,0.16000,0.67000,0.86000,0.34311,0.85788,0.33957,0.99939,0.03488
1,11,nominal_known_constraints_1_11_0,nominal_known_constraints,probe_00,1,0,visible_collision,51,0.69074,1.00000,1,0.07385,0.76309,0.92371,0.77458,0.67450,0.73491,0.81636,-0.57755
1,11,nominal_known_constraints_1_11_0,nominal_known_constraints,probe_01,0,1,none,74,1.02424,0.00000,0,0.07000,0.82246,0.93000,0.84877,0.92860,0.84542,0.99262,-0.12123
1,11,nominal_known_constraints_1_11_0,nominal_known_constraints,probe_02,0,1,none,71,0.94602,0.00000,0,0.12000,0.14000,0.88000,0.33000,0.88583,0.33336,0.72697,0.68667
1,11,nominal_known_constraints_1_11_0,nominal_known_constraints,probe_03,0,1,none,79,1.04263,0.00000,0,0.10000,0.86000,0.91000,0.50000,0.91075,0.51242,0.99998,-0.00682
1,11,nominal_known_constraints_1_11_0,nominal_known_constraints,probe_04,0,1,none,70,0.94289,0.00000,0,0.16000,0.67000,0.86000,0.34572,0.86337,0.34130,0.98841,0.15178
1,12,nominal_known_constraints_1_12_0,nominal_known_constraints,probe_00,0,1,none,67,0.90360,0.00000,0,0.07916,0.50344,0.91555,0.50225,0.91536,0.51368,0.95043,-0.31095
1,12,nominal_known_constraints_1_12_0,nominal_known_constraints,probe_01,0,1,none,72,0.98355,0.00000,0,0.07000,0.50094,0.93000,0.49953,0.94076,0.48384,0.99613,0.08789
1,12,nominal_known_constraints_1_12_0,nominal_known_constraints,probe_02,0,1,none,64,0.87892,0.00000,0,0.12000,0.14000,0.88000,0.16000,0.89092,0.15373,0.85137,0.52457
1,12,nominal_known_constraints_1_12_0,nominal_known_constraints,probe_03,0,1,none,73,0.96866,0.00000,0,0.10000,0.86000,0.91000,0.67000,0.91238,0.66288,0.68432,-0.72918
1,12,nominal_known_constraints_1_12_0,nominal_known_constraints,probe_04,0,1,none,83,1.11619,0.00000,0,0.16000,0.84000,0.86000,0.18226,0.86588,0.18892,0.99251,-0.12220
1,13,nominal_known_constraints_1_13_0,nominal_known_constraints,probe_00,0,1,none,70,0.93676,0.00000,0,0.07123,0.20506,0.92379,0.23778,0.91554,0.24133,0.99900,-0.04468
1,13,nominal_known_constraints_1_13_0,nominal_known_constraints,probe_01,0,1,none,75,1.00983,0.00000,0,0.07000,0.90000,0.93000,0.80873,0.93989,0.81454,0.90098,0.43387
1,13,nominal_known_constraints_1_13_0,nominal_known_constraints,probe_02,0,1,none,78,1.01395,0.00000,0,0.12000,0.14000,0.88000,0.50000,0.88824,0.51915,0.82896,0.55931
1,13,nominal_known_constraints_1_13_0,nominal_known_constraints,probe_03,0,1,none,93,1.20362,0.00000,0,0.10000,0.86000,0.91000,0.16000,0.91246,0.16425,0.99717,-0.07521
1,13,nominal_known_constraints_1_13_0,nominal_known_constraints,probe_04,0,1,none,73,0.95597,0.00000,0,0.16000,0.33000,0.86000,0.74416,0.86027,0.74903,0.85680,0.51564
1,1000,hidden_wall_abort_1_1000_0,hidden_wall_abort,probe_00,1,0,fixture_snag,34,0.51832,1.24189,1,0.07788,0.73139,0.91026,0.58483,0.47050,0.68136,0.89076,-0.45447
1,1000,hidden_wall_abort_1_1000_0,hidden_wall_abort,probe_01,1,0,fixture_snag,33,0.52095,1.14960,0,0.07000,0.67744,0.93000,0.62985,0.46768,0.67836,0.96115,-0.27603
1,1000,hidden_wall_abort_1_1000_0,hidden_wall_abort,probe_02,1,0,visible_collision,18,0.23369,1.00000,1,0.12000,0.14000,0.88000,0.74286,0.29162,0.19335,0.98162,-0.19084
1,1000,hidden_wall_abort_1_1000_0,hidden_wall_abort,probe_03,1,0,collision_margin,51,0.73994,1.02323,0,0.10000,0.86000,0.91000,0.25714,0.53164,0.43893,0.79029,-0.61274
1,1000,hidden_wall_abort_1_1000_0,hidden_wall_abort,probe_04,0,1,none,87,1.34840,0.00000,0,0.16000,0.84000,0.86000,0.12000,0.86426,0.11418,0.99890,-0.04691
1,1000,hidden_wall_abort_1_1000_0,hidden_wall_abort,probe_05,0,1,none,72,1.13308,0.00000,0,0.07000,0.54470,0.93000,0.55051,0.94135,0.56329,0.47837,0.87816
1,1000,hidden_wall_abort_1_1000_0,hidden_wall_abort,probe_06,1,0,collision_margin,30,0.49482,1.12555,0,0.12000,0.14000,0.88000,0.16000,0.47599,0.13802,0.96957,-0.24483
1,1000,hidden_wall_abort_1_1000_0,hidden_wall_abort,probe_07,1,0,fixture_snag,43,0.63096,1.24057,1,0.10000,0.86000,0.91000,0.35429,0.48556,0.56611,0.71366,0.70050
1,1001,hidden_wall_abort_1_1001_0,hidden_wall_abort,probe_00,1,0,collision_margin,32,0.50368,1.61773,1,0.06888,0.41025,0.91791,0.36815,0.45297,0.39816,0.95799,-0.28679
1,1001,hidden_wall_abort_1_1001_0,hidden_wall_abort,probe_01,1,0,collision_margin,32,0.48578,1.60982,1,0.07000,0.29441,0.93000,0.38422,0.45951,0.29271,0.97364,-0.22807
1,1001,hidden_wall_abort_1_1001_0,hidden_wall_abort,probe_02,1,0,collision_margin,33,0.51527,1.33429,1,0.12000,0.14000,0.88000,0.45143,0.45321,0.26194,0.96510,-0.26190
1,1001,hidden_wall_abort_1_1001_0,hidden_wall_abort,probe_03,1,0,collision_margin,40,0.59266,1.03923,0,0.10000,0.86000,0.91000,0.25714,0.43098,0.53550,0.41764,-0.90861
1,1001,hidden_wall_abort_1_1001_0,hidden_wall_abort,probe_04,1,0,collision_margin,36,0.58512,1.31623,1,0.16000,0.84000,0.86000,0.17871,0.45361,0.54031,0.77020,-0.63780
1,1001,hidden_wall_abort_1_1001_0,hidden_wall_abort,probe_05,1,0,visible_collision,21,0.28834,1.00000,1,0.07000,0.16564,0.93000,0.15718,0.28978,0.12600,0.99670,0.08122
1,1001,hidden_wall_abort_1_1001_0,hidden_wall_abort,probe_06,1,0,collision_margin,35,0.57536,1.11842,0,0.12000,0.14000,0.88000,0.54857,0.44194,0.33639,0.87409,0.48576
1,1001,hidden_wall_abort_1_1001_0,hidden_wall_abort,probe_07,1,0,fixture_snag,29,0.46319,1.03659,0,0.10000,0.86000,0.91000,0.74286,0.45869,0.86421,0.99996,0.00852
1,1002,hidden_wall_abort_1_1002_0,hidden_wall_abort,probe_00,1,0,fixture_snag,35,0.56208,1.10470,0,0.07179,0.51200,0.91777,0.57007,0.48199,0.51750,0.98799,-0.15454
1,1002,hidden_wall_abort_1_1002_0,hidden_wall_abort,probe_01,1,0,fixture_snag,38,0.60439,1.44856,1,0.07000,0.43335,0.93000,0.60618,0.49227,0.51540,0.98392,0.17863
1,1002,hidden_wall_abort_1_1002_0,hidden_wall_abort,probe_02,1,0,collision_margin,32,0.48907,1.12661,0,0.12000,0.14000,0.88000,0.45143,0.42947,0.29898,0.99317,0.11668
1,1002,hidden_wall_abort_1_1002_0,hidden_wall_abort,probe_03,1,0,fixture_snag,30,0.43526,1.33799,1,0.10000,0.86000,0.91000,0.84000,0.47558,0.87188,0.97591,-0.21815
1,1002,hidden_wall_abort_1_1002_0,hidden_wall_abort,probe_04,1,0,visible_collision,13,0.14896,1.00000,1,0.16000,0.16000,0.86000,0.86619,0.25211,0.25907,0.64532,0.76392
1,1002,hidden_wall_abort_1_1002_0,hidden_wall_abort,probe_05,1,0,fixture_snag,34,0.51753,1.07784,0,0.07000,0.64051,0.93000,0.64832,0.47627,0.64824,0.89832,0.43935
1,1002,hidden_wall_abort_1_1002_0,hidden_wall_abort,probe_06,1,0,fixture_snag,45,0.66190,1.05160,0,0.12000,0.14000,0.88000,0.74286,0.48077,0.50784,0.25912,0.96584
1,1002,hidden_wall_abort_1_1002_0,hidden_wall_abort,probe_07,1,0,fixture_snag,47,0.71798,1.21459,1,0.10000,0.86000,0.91000,0.25714,0.50430,0.47938,0.97059,-0.24075
1,1003,hidden_wall_abort_1_1003_0,hidden_wall_abort,probe_00,1,0,collision_margin,31,0.46049,1.58727,1,0.07615,0.34513,0.91548,0.28295,0.47004,0.34809,0.78681,-0.61720
1,1003,hidden_wall_abort_1_1003_0,hidden_wall_abort,probe_01,1,0,collision_margin,34,0.48237,1.52723,1,0.07000,0.46794,0.93000,0.44317,0.47710,0.47072,0.99199,0.12635
1,1003,hidden_wall_abort_1_1003_0,hidden_wall_abort,probe_02,1,0,collision_margin,27,0.37662,1.02467,0,0.12000,0.14000,0.88000,0.16000,0.44317,0.13422,0.98999,0.14112
1,1003,hidden_wall_abort_1_1003_0,hidden_wall_abort,probe_03,1,0,collision_margin,45,0.68434,0.98318,0,0.10000,0.86000,0.91000,0.25714,0.48730,0.48996,-0.34187,-0.93975
1,1003,hidden_wall_abort_1_1003_0,hidden_wall_abort,probe_04,0,1,none,67,1.00435,0.00000,0,0.16000,0.64571,0.86000,0.37767,0.85988,0.38711,0.99874,-0.05022
1,1003,hidden_wall_abort_1_1003_0,hidden_wall_abort,probe_05,1,0,fixture_snag,34,0.49867,1.02319,0,0.07000,0.77166,0.93000,0.72845,0.44306,0.70120,0.94309,-0.33253
1,1003,hidden_wall_abort_1_1003_0,hidden_wall_abort,probe_06,1,0,visible_collision,75,1.09774,1.00000,1,0.12000,0.14000,0.88000,0.84000,0.72887,0.71664,0.90382,0.42792
1,1003,hidden_wall_abort_1_1003_0,hidden_wall_abort,probe_07,0,1,none,85,1.37398,0.00000,0,0.10000,0.86000,0.91000,0.35429,0.91485,0.36256,0.97506,-0.22194
1,1004,hidden_wall_abort_1_1004_0,hidden_wall_abort,probe_00,1,0,collision_margin,32,0.50699,1.15282,1,0.08296,0.31078,0.91194,0.39277,0.48074,0.30916,0.73555,-0.67747
1,1004,hidden_wall_abort_1_1004_0,hidden_wall_abort,probe_01,1,0,collision_margin,35,0.57308,1.31350,1,0.07000,0.31983,0.93000,0.22580,0.48607,0.31535,0.98686,0.16156
1,1004,hidden_wall_abort_1_1004_0,hidden_wall_abort,probe_02,1,0,collision_margin,32,0.46251,1.24967,1,0.12000,0.14000,0.88000,0.35429,0.47325,0.17915,0.91256,0.40893
1,1004,hidden_wall_abort_1_1004_0,hidden_wall_abort,probe_03,1,0,fixture_snag,33,0.49198,1.15570,0,0.10000,0.86000,0.91000,0.54857,0.46007,0.75647,0.81500,-0.57946
1,1004,hidden_wall_abort_1_1004_0,hidden_wall_abort,probe_04,1,0,collision_margin,41,0.59519,1.31330,1,0.16000,0.84000,0.86000,0.15464,0.50165,0.50121,0.57692,-0.81680
1,1004,hidden_wall_abort_1_1004_0,hidden_wall_abort,probe_05,1,0,collision_margin,34,0.53919,1.09236,0,0.07000,0.39847,0.93000,0.47791,0.48419,0.37502,0.99608,-0.08843
1,1004,hidden_wall_abort_1_1004_0,hidden_wall_abort,probe_06,1,0,collision_margin,39,0.61723,1.49741,1,0.12000,0.14000,0.88000,0.64571,0.49489,0.35646,0.54640,0.83752
1,1004,hidden_wall_abort_1_1004_0,hidden_wall_abort,probe_07,1,0,collision_margin,46,0.72718,1.24016,1,0.10000,0.86000,0.91000,0.16000,0.49779,0.48949,0.72215,0.69173
1,1005,hidden_wall_abort_1_1005_0,hidden_wall_abort,probe_00,1,0,fixture_snag,29,0.46427,1.26743,1,0.08119,0.43960,0.92085,0.36592,0.44881,0.42544,0.98042,0.19693
1,1005,hidden_wall_abort_1_1005_0,hidden_wall_abort,probe_01,1,0,fixture_snag,32,0.49161,1.23486,1,0.07000,0.88066,0.93000,0.81967,0.45741,0.90351,0.89542,-0.44523
1,1005,hidden_wall_abort_1_1005_0,hidden_wall_abort,probe_02,0,1,none,76,1.14809,0.00000,0,0.12000,0.14000,0.88000,0.45143,0.89327,0.46936,0.92744,-0.37397
1,1005,hidden_wall_abort_1_1005_0,hidden_wall_abort,probe_03,1,0,fixture_snag,31,0.45399,1.63792,1,0.10000,0.86000,0.91000,0.64571,0.46770,0.81987,0.97642,-0.21587
1,1005,hidden_wall_abort_1_1005_0,hidden_wall_abort,probe_04,1,0,fixture_snag,34,0.56290,1.23639,1,0.16000,0.16000,0.86000,0.88000,0.47531,0.39508,0.77650,0.63012
1,1005,hidden_wall_abort_1_1005_0,hidden_wall_abort,probe_05,1,0,visible_collision,15,0.23784,1.00000,1,0.07000,0.25032,0.93000,0.26056,0.25012,0.26031,0.89139,-0.45324
1,1005,hidden_wall_abort_1_1005_0,hidden_wall_abort,probe_06,1,0,fixture_snag,40,0.60664,1.23099,1,0.12000,0.14000,0.88000,0.74286,0.47230,0.39400,0.62641,0.77950
1,1005,hidden_wall_abort_1_1005_0,hidden_wall_abort,probe_07,1,0,fixture_snag,33,0.48851,1.20374,1,0.10000,0.86000,0.91000,0.54857,0.45331,0.74454,0.85500,-0.51862
1,1006,hidden_wall_abort_1_1006_0,hidden_wall_abort,probe_00,1,0,fixture_snag,34,0.47602,1.10158,0,0.07726,0.41256,0.91781,0.40560,0.49903,0.41302,0.99007,-0.14058
1,1006,hidden_wall_abort_1_1006_0,hidden_wall_abort,probe_01,1,0,fixture_snag,36,0.59840,1.45469,1,0.07000,0.58438,0.93000,0.53067,0.51542,0.59585,0.88995,0.45606
1,1006,hidden_wall_abort_1_1006_0,hidden_wall_abort,probe_02,1,0,collision_margin,33,0.52632,1.05836,0,0.12000,0.14000,0.88000,0.16000,0.50670,0.13232,0.94756,-0.31958
1,1006,hidden_wall_abort_1_1006_0,hidden_wall_abort,probe_03,1,0,fixture_snag,34,0.55749,1.00508,0,0.10000,0.86000,0.91000,0.64571,0.50866,0.79612,0.79405,-0.60785
1,1006,hidden_wall_abort_1_1006_0,hidden_wall_abort,probe_04,1,0,fixture_snag,42,0.62898,1.17720,1,0.16000,0.84000,0.86000,0.13007,0.50376,0.49144,0.73548,-0.67755
1,1006,hidden_wall_abort_1_1006_0,hidden_wall_abort,probe_05,1,0,visible_collision,15,0.20073,1.00000,1,0.07000,0.26065,0.93000,0.25539,0.23903,0.25176,0.62087,-0.78391
1,1006,hidden_wall_abort_1_1006_0,hidden_wall_abort,probe_06,1,0,visible_collision,20,0.30599,1.00000,1,0.12000,0.14000,0.88000,0.74286,0.30105,0.23686,0.79492,0.60672
1,1006,hidden_wall_abort_1_1006_0,hidden_wall_abort,probe_07,1,0,fixture_snag,41,0.56403,1.09152,0,0.10000,0.86000,0.91000,0.45143,0.50634,0.64743,0.47906,-0.87778
1,1007,hidden_wall_abort_1_1007_0,hidden_wall_abort,probe_00,1,0,visible_collision,19,0.30624,1.00000,1,0.06806,0.29147,0.91755,0.40741,0.24786,0.36071,0.92018,0.39151
1,1007,hidden_wall_abort_1_1007_0,hidden_wall_abort,probe_01,1,0,collision_margin,37,0.58545,1.00111,0,0.07000,0.35740,0.93000,0.35273,0.50770,0.38160,0.97711,-0.21276
1,1007,hidden_wall_abort_1_1007_0,hidden_wall_abort,probe_02,1,0,collision_margin,34,0.49448,1.35515,1,0.12000,0.14000,0.88000,0.16000,0.52230,0.13814,0.99954,0.03038
1,1007,hidden_wall_abort_1_1007_0,hidden_wall_abort,probe_03,0,1,none,81,1.30492,0.00000,0,0.10000,0.86000,0.91000,0.45143,0.91172,0.46068,0.99974,-0.02276
1,1007,hidden_wall_abort_1_1007_0,hidden_wall_abort,probe_04,1,0,collision_margin,42,0.59961,1.05098,0,0.16000,0.74286,0.86000,0.25215,0.50857,0.41958,0.60853,-0.79353
1,1007,hidden_wall_abort_1_1007_0,hidden_wall_abort,probe_05,1,0,fixture_snag,37,0.55108,1.12856,0,0.07000,0.84951,0.93000,0.83524,0.50312,0.83306,0.97005,-0.24292
1,1007,hidden_wall_abort_1_1007_0,hidden_wall_abort,probe_06,1,0,collision_margin,42,0.58230,1.44285,1,0.12000,0.14000,0.88000,0.54857,0.52111,0.37151,0.93624,-0.35136
1,1007,hidden_wall_abort_1_1007_0,hidden_wall_abort,probe_07,1,0,fixture_snag,34,0.49740,1.10671,0,0.10000,0.86000,0.91000,0.64571,0.50000,0.81419,0.59557,-0.80330
1,1008,hidden_wall_abort_1_1008_0,hidden_wall_abort,probe_00,1,0,fixture_snag,31,0.48117,1.05589,0,0.07403,0.82000,0.92050,0.75784,0.44396,0.82932,0.41848,-0.90823
1,1008,hidden_wall_abort_1_1008_0,hidden_wall_abort,probe_01,0,1,none,71,1.15004,0.00000,0,0.07000,0.36165,0.93000,0.35061,0.94253,0.35770,0.86251,0.50604
1,1008,hidden_wall_abort_1_1008_0,hidden_wall_abort,probe_02,1,0,collision_margin,27,0.41098,1.17076,1,0.12000,0.14000,0.88000,0.25714,0.43844,0.14355,0.99994,0.01081
1,1008,hidden_wall_abort_1_1008_0,hidden_wall_abort,probe_03,1,0,fixture_snag,41,0.57508,1.05333,0,0.10000,0.86000,0.91000,0.16000,0.44142,0.53063,0.64810,-0.76156
1,1008,hidden_wall_abort_1_1008_0,hidden_wall_abort,probe_04,1,0,fixture_snag,34,0.50961,0.97143,0,0.16000,0.84000,0.86000,0.14302,0.43926,0.56361,0.71526,-0.69886
1,1008,hidden_wall_abort_1_1008_0,hidden_wall_abort,probe_05,1,0,fixture_snag,30,0.47966,0.97260,0,0.07000,0.65876,0.93000,0.63919,0.44012,0.66398,0.74534,0.66668
1,1008,hidden_wall_abort_1_1008_0,hidden_wall_abort,probe_06,1,0,collision_margin,32,0.46806,1.14834,0,0.12000,0.14000,0.88000,0.45143,0.43231,0.26209,0.99314,-0.11689
1,1008,hidden_wall_abort_1_1008_0,hidden_wall_abort,probe_07,1,0,fixture_snag,31,0.47544,1.15035,0,0.10000,0.86000,0.91000,0.54857,0.44617,0.75725,0.91442,0.40476
1,1009,hidden_wall_abort_1_1009_0,hidden_wall_abort,probe_00,1,0,fixture_snag,31,0.49161,0.97571,0,0.07384,0.82000,0.92289,0.69570,0.44449,0.80986,0.96263,-0.27081
1,1009,hidden_wall_abort_1_1009_0,hidden_wall_abort,probe_01,1,0,collision_margin,32,0.49489,1.34028,1,0.07000,0.14747,0.93000,0.16626,0.45098,0.13621,0.81321,0.58197
1,1009,hidden_wall_abort_1_1009_0,hidden_wall_abort,probe_02,1,0,visible_collision,21,0.30450,1.00000,1,0.12000,0.14000,0.88000,0.54857,0.30414,0.24499,0.59217,0.80581
1,1009,hidden_wall_abort_1_1009_0,hidden_wall_abort,probe_03,1,0,fixture_snag,40,0.60183,1.33227,1,0.10000,0.86000,0.91000,0.25714,0.44734,0.52887,0.97917,0.20305
1,1009,hidden_wall_abort_1_1009_0,hidden_wall_abort,probe_04,0,1,none,69,1.03077,0.00000,0,0.16000,0.35429,0.86000,0.65379,0.86211,0.65184,0.80044,0.59941
1,1009,hidden_wall_abort_1_1009_0,hidden_wall_abort,probe_05,0,1,none,72,1.11454,0.00000,0,0.07000,0.43748,0.93000,0.45840,0.93693,0.45426,0.45263,0.89170
1,1009,hidden_wall_abort_1_1009_0,hidden_wall_abort,probe_06,1,0,collision_margin,32,0.52933,1.07305,0,0.12000,0.14000,0.88000,0.64571,0.41207,0.31810,0.36885,0.92949
1,1009,hidden_wall_abort_1_1009_0,hidden_wall_abort,probe_07,1,0,fixture_snag,27,0.39390,1.09145,0,0.10000,0.86000,0.91000,0.84000,0.44942,0.86427,0.93262,0.36086
1,1010,hidden_wall_abort_1_1010_0,hidden_wall_abort,probe_00,1,0,fixture_snag,34,0.54952,1.22317,1,0.08066,0.82000,0.92082,0.75667,0.49836,0.81014,0.99463,-0.10349
1,1010,hidden_wall_abort_1_1010_0,hidden_wall_abort,probe_01,1,0,collision_margin,36,0.52390,1.46228,1,0.07000,0.28035,0.93000,0.39125,0.45945,0.38997,0.79114,0.61163
1,1010,hidden_wall_abort_1_1010_0,hidden_wall_abort,probe_02,1,0,collision_margin,36,0.55827,1.03479,0,0.12000,0.14000,0.88000,0.54857,0.45157,0.33951,0.90539,-0.42459
1,1010,hidden_wall_abort_1_1010_0,hidden_wall_abort,probe_03,1,0,collision_margin,40,0.57788,1.01648,0,0.10000,0.86000,0.91000,0.16000,0.44564,0.53820,0.75920,-0.65085
1,1010,hidden_wall_abort_1_1010_0,hidden_wall_abort,probe_04,1,0,collision_margin,33,0.51884,1.21484,1,0.16000,0.74286,0.86000,0.29605,0.44189,0.49186,0.96991,-0.24345
1,1010,hidden_wall_abort_1_1010_0,hidden_wall_abort,probe_05,1,0,collision_margin,35,0.56430,1.14583,0,0.07000,0.30840,0.93000,0.23151,0.46308,0.25717,0.80865,-0.58829
1,1010,hidden_wall_abort_1_1010_0,hidden_wall_abort,probe_06,1,0,collision_margin,38,0.56887,1.25048,1,0.12000,0.14000,0.88000,0.84000,0.45279,0.39272,0.78818,0.61544
1,1010,hidden_wall_abort_1_1010_0,hidden_wall_abort,probe_07,0,1,none,81,1.22330,0.00000,0,0.10000,0.86000,0.91000,0.45143,0.91559,0.47171,0.96024,-0.27917
1,1011,hidden_wall_abort_1_1011_0,hidden_wall_abort,probe_00,0,1,none,80,1.19676,0.00000,0,0.07763,0.52136,0.91651,0.83176,0.91323,0.83515,0.54098,0.84104
1,1011,hidden_wall_abort_1_1011_0,hidden_wall_abort,probe_01,1,0,collision_margin,33,0.48783,0.98897,0,0.07000,0.15032,0.93000,0.16484,0.45972,0.16714,0.97730,-0.21185
1,1011,hidden_wall_abort_1_1011_0,hidden_wall_abort,probe_02,1,0,collision_margin,37,0.53918,1.20522,1,0.12000,0.14000,0.88000,0.74286,0.46338,0.33571,0.98983,0.14223
1,1011,hidden_wall_abort_1_1011_0,hidden_wall_abort,probe_03,0,1,none,78,1.21115,0.00000,0,0.10000,0.86000,0.91000,0.54857,0.91602,0.53524,0.97021,-0.24225
1,1011,hidden_wall_abort_1_1011_0,hidden_wall_abort,probe_04,1,0,collision_margin,37,0.57997,1.19808,1,0.16000,0.84000,0.86000,0.16240,0.45983,0.53484,0.97615,-0.21711
1,1011,hidden_wall_abort_1_1011_0,hidden_wall_abort,probe_05,1,0,collision_margin,32,0.52211,1.08103,0,0.07000,0.32112,0.93000,0.37087,0.45985,0.32436,0.88337,0.46868
1,1011,hidden_wall_abort_1_1011_0,hidden_wall_abort,probe_06,1,0,visible_collision,17,0.25989,1.00000,1,0.12000,0.14000,0.88000,0.45143,0.27757,0.21288,0.99988,-0.01521
1,1011,hidden_wall_abort_1_1011_0,hidden_wall_abort,probe_07,1,0,collision_margin,42,0.64145,1.12337,0,0.10000,0.86000,0.91000,0.25714,0.45797,0.51214,0.59243,-0.80562
1,1012,hidden_wall_abort_1_1012_0,hidden_wall_abort,probe_00,1,0,collision_margin,37,0.53467,1.46535,1,0.07144,0.18000,0.90735,0.16000,0.51118,0.18033,0.99997,0.00716
1,1012,hidden_wall_abort_1_1012_0,hidden_wall_abort,probe_01,1,0,collision_margin,38,0.55815,0.95928,0,0.07000,0.25246,0.93000,0.25949,0.49596,0.18148,0.81472,0.57985
1,1012,hidden_wall_abort_1_1012_0,hidden_wall_abort,probe_02,1,0,visible_collision,22,0.33303,1.00000,1,0.12000,0.14000,0.88000,0.54857,0.32251,0.23699,0.01941,0.99981
1,1012,hidden_wall_abort_1_1012_0,hidden_wall_abort,probe_03,1,0,fixture_snag,34,0.56339,1.78612,1,0.10000,0.86000,0.91000,0.74286,0.52433,0.85670,0.99905,-0.04353
1,1012,hidden_wall_abort_1_1012_0,hidden_wall_abort,probe_04,0,1,none,84,1.26818,0.00000,0,0.16000,0.84000,0.86000,0.17245,0.87006,0.17637,0.98865,0.15023
1,1012,hidden_wall_abort_1_1012_0,hidden_wall_abort,probe_05,1,0,collision_margin,35,0.52214,0.97367,0,0.07000,0.13974,0.93000,0.17013,0.49805,0.12882,0.99816,0.06062
1,1012,hidden_wall_abort_1_1012_0,hidden_wall_abort,probe_06,1,0,collision_margin,38,0.53147,1.10467,0,0.12000,0.14000,0.88000,0.45143,0.49710,0.28393,0.93640,0.35094
1,1012,hidden_wall_abort_1_1012_0,hidden_wall_abort,probe_07,1,0,fixture_snag,47,0.66846,1.40619,1,0.10000,0.86000,0.91000,0.35429,0.52586,0.54152,0.56661,0.82399
1,1013,hidden_wall_abort_1_1013_0,hidden_wall_abort,probe_00,1,0,collision_margin,29,0.42937,1.13190,0,0.07744,0.51316,0.91891,0.31925,0.40968,0.46415,0.99928,0.03782
1,1013,hidden_wall_abort_1_1013_0,hidden_wall_abort,probe_01,1,0,collision_margin,29,0.45660,1.35024,1,0.07000,0.33974,0.93000,0.36156,0.41906,0.33708,0.89964,0.43663
1,1013,hidden_wall_abort_1_1013_0,hidden_wall_abort,probe_02,1,0,collision_margin,36,0.55224,1.26193,1,0.12000,0.14000,0.88000,0.64571,0.41485,0.40737,0.99324,-0.11609
1,1013,hidden_wall_abort_1_1013_0,hidden_wall_abort,probe_03,1,0,fixture_snag,30,0.47799,0.98732,0,0.10000,0.86000,0.91000,0.54857,0.41538,0.75613,0.82158,-0.57009
1,1013,hidden_wall_abort_1_1013_0,hidden_wall_abort,probe_04,1,0,collision_margin,33,0.47482,1.24850,1,0.16000,0.16000,0.86000,0.81098,0.41355,0.44751,0.70474,0.70947
1,1013,hidden_wall_abort_1_1013_0,hidden_wall_abort,probe_05,1,0,visible_collision,15,0.21675,1.00000,1,0.07000,0.24509,0.93000,0.26317,0.23627,0.25029,0.69512,0.71890
1,1013,hidden_wall_abort_1_1013_0,hidden_wall_abort,probe_06,1,0,collision_margin,36,0.54239,1.18402,1,0.12000,0.14000,0.88000,0.74286,0.41218,0.42214,0.89326,0.44954
1,1013,hidden_wall_abort_1_1013_0,hidden_wall_abort,probe_07,1,0,fixture_snag,32,0.48473,1.16106,0,0.10000,0.86000,0.91000,0.45143,0.42148,0.67404,0.11081,-0.99384
1,2000,force_limit_abort_1_2000_0,force_limit_abort,probe_00,1,0,force_limit,34,0.54076,1.56500,1,0.06572,0.19162,0.90952,0.16000,0.48601,0.18951,0.91212,0.40992
1,2000,force_limit_abort_1_2000_0,force_limit_abort,probe_01,0,1,none,74,1.23650,0.00000,0,0.07000,0.67940,0.93000,0.77459,0.93781,0.75851,0.37441,0.92726
1,2000,force_limit_abort_1_2000_0,force_limit_abort,probe_02,1,0,force_limit,30,0.54593,1.47825,1,0.12000,0.14000,0.88000,0.54857,0.40974,0.29078,0.66399,0.74774
1,2000,force_limit_abort_1_2000_0,force_limit_abort,probe_03,0,1,none,89,1.38755,0.00000,0,0.10000,0.86000,0.91000,0.25714,0.90609,0.26029,0.99997,-0.00715
1,2000,force_limit_abort_1_2000_0,force_limit_abort,probe_04,1,0,visible_collision,17,0.26908,1.00000,1,0.16000,0.16000,0.86000,0.81456,0.31841,0.23127,0.89163,0.45277
1,2000,force_limit_abort_1_2000_0,force_limit_abort,probe_05,0,1,none,71,1.14622,0.00000,0,0.07000,0.84065,0.93000,0.83967,0.93951,0.83798,0.90504,-0.42532
1,2000,force_limit_abort_1_2000_0,force_limit_abort,probe_06,1,0,force_limit,33,0.49814,1.51697,1,0.12000,0.14000,0.88000,0.35429,0.49124,0.18874,0.85570,0.51748
1,2000,force_limit_abort_1_2000_0,force_limit_abort,probe_07,0,1,none,74,1.22849,0.00000,0,0.10000,0.86000,0.91000,0.64571,0.90889,0.62324,0.78572,0.61858
1,2001,force_limit_abort_1_2001_0,force_limit_abort,probe_00,1,0,force_limit,37,0.69757,1.53585,1,0.06595,0.30658,0.91686,0.23054,0.51342,0.32633,0.87756,-0.47947
1,2001,force_limit_abort_1_2001_0,force_limit_abort,probe_01,1,0,visible_collision,18,0.28499,1.00000,1,0.07000,0.25393,0.93000,0.25875,0.27133,0.25355,0.99958,-0.02907
1,2001,force_limit_abort_1_2001_0,force_limit_abort,probe_02,1,0,visible_collision,19,0.30705,1.00000,1,0.12000,0.14000,0.88000,0.35429,0.27095,0.25011,-0.51891,-0.85483
1,2001,force_limit_abort_1_2001_0,force_limit_abort,probe_03,0,1,none,78,1.33624,0.00000,0,0.10000,0.86000,0.91000,0.54857,0.91045,0.54149,0.73538,0.67766
1,2001,force_limit_abort_1_2001_0,force_limit_abort,probe_04,0,1,none,83,1.30947,0.00000,0,0.16000,0.16000,0.86000,0.78864,0.85411,0.78336,0.40260,0.91538
1,2001,force_limit_abort_1_2001_0,force_limit_abort,probe_05,0,1,none,72,1.22084,0.00000,0,0.07000,0.44846,0.93000,0.45291,0.93711,0.45216,-0.05650,0.99840
1,2001,force_limit_abort_1_2001_0,force_limit_abort,probe_06,0,1,none,87,1.43230,0.00000,0,0.12000,0.14000,0.88000,0.74286,0.88312,0.74228,0.59335,0.80494
1,2001,force_limit_abort_1_2001_0,force_limit_abort,probe_07,0,1,none,74,1.15021,0.00000,0,0.10000,0.86000,0.91000,0.64571,0.90908,0.64032,0.86903,0.49476
1,2002,force_limit_abort_1_2002_0,force_limit_abort,probe_00,0,1,none,70,1.21185,0.00000,0,0.07068,0.18000,0.91881,0.16000,0.91915,0.16367,0.47752,-0.87862
1,2002,force_limit_abort_1_2002_0,force_limit_abort,probe_01,1,0,visible_collision,52,0.83860,1.00000,1,0.07000,0.81939,0.93000,0.85031,0.69802,0.83182,0.84650,0.53238
1,2002,force_limit_abort_1_2002_0,force_limit_abort,probe_02,1,0,visible_collision,15,0.24451,1.00000,1,0.12000,0.14000,0.88000,0.74286,0.27829,0.18102,0.98655,0.16345
1,2002,force_limit_abort_1_2002_0,force_limit_abort,probe_03,1,0,force_limit,41,0.65043,1.55033,1,0.10000,0.86000,0.91000,0.25714,0.44325,0.52348,0.35125,-0.93628
1,2002,force_limit_abort_1_2002_0,force_limit_abort,probe_04,1,0,force_limit,24,0.38585,1.75301,1,0.16000,0.45143,0.86000,0.53967,0.42729,0.51358,0.96091,-0.27685
1,2002,force_limit_abort_1_2002_0,force_limit_abort,probe_05,0,1,none,71,1.23055,0.00000,0,0.07000,0.15064,0.93000,0.16468,0.93548,0.16709,0.35360,-0.93540
1,2002,force_limit_abort_1_2002_0,force_limit_abort,probe_06,0,1,none,72,1.08297,0.00000,0,0.12000,0.14000,0.88000,0.35429,0.87929,0.35834,0.30622,0.95196
1,2002,force_limit_abort_1_2002_0,force_limit_abort,probe_07,0,1,none,78,1.18941,0.00000,0,0.10000,0.86000,0.91000,0.54857,0.91989,0.53305,0.07408,-0.99725
1,2003,force_limit_abort_1_2003_0,force_limit_abort,probe_00,0,1,none,71,1.12012,0.00000,0,0.07552,0.79699,0.90930,0.84000,0.91543,0.83141,0.80173,0.59768
1,2003,force_limit_abort_1_2003_0,force_limit_abort,probe_01,1,0,force_limit,26,0.43046,1.81882,1,0.07000,0.48094,0.93000,0.43667,0.38616,0.49112,0.98985,-0.14214
1,2003,force_limit_abort_1_2003_0,force_limit_abort,probe_02,1,0,visible_collision,20,0.29178,1.00000,1,0.12000,0.14000,0.88000,0.74286,0.30323,0.20853,0.73045,0.68296
1,2003,force_limit_abort_1_2003_0,force_limit_abort,probe_03,1,0,force_limit,39,0.62724,1.52345,1,0.10000,0.86000,0.91000,0.35429,0.46068,0.57699,0.73928,-0.67340
1,2003,force_limit_abort_1_2003_0,force_limit_abort,probe_04,1,0,force_limit,34,0.56678,1.41614,1,0.16000,0.16000,0.86000,0.80849,0.39592,0.46319,0.36967,0.92916
1,2003,force_limit_abort_1_2003_0,force_limit_abort,probe_05,0,1,none,71,1.20757,0.00000,0,0.07000,0.63722,0.93000,0.64996,0.94382,0.64050,0.88404,-0.46741
1,2003,force_limit_abort_1_2003_0,force_limit_abort,probe_06,0,1,none,79,1.37796,0.00000,0,0.12000,0.14000,0.88000,0.54857,0.89419,0.53745,0.75955,0.65045
1,2003,force_limit_abort_1_2003_0,force_limit_abort,probe_07,0,1,none,66,1.19460,0.00000,0,0.10000,0.86000,0.91000,0.84000,0.90391,0.83683,0.95025,0.31150
1,2004,force_limit_abort_1_2004_0,force_limit_abort,probe_00,0,1,none,68,1.14708,0.00000,0,0.07832,0.82000,0.91441,0.82516,0.91274,0.84093,0.28928,0.95724
1,2004,force_limit_abort_1_2004_0,force_limit_abort,probe_01,0,1,none,74,1.31403,0.00000,0,0.07000,0.10000,0.93000,0.19766,0.93830,0.19450,0.25869,0.96596
1,2004,force_limit_abort_1_2004_0,force_limit_abort,probe_02,0,1,none,72,1.21310,0.00000,0,0.12000,0.14000,0.88000,0.35429,0.89110,0.36351,-0.95064,-0.31030
1,2004,force_limit_abort_1_2004_0,force_limit_abort,probe_03,0,1,none,70,1.15895,0.00000,0,0.10000,0.86000,0.91000,0.74286,0.91241,0.74011,-0.30139,-0.95350
1,2004,force_limit_abort_1_2004_0,force_limit_abort,probe_04,0,1,none,61,0.99050,0.00000,0,0.16000,0.54857,0.86000,0.43130,0.86193,0.43695,0.91483,-0.40383
1,2004,force_limit_abort_1_2004_0,force_limit_abort,probe_05,0,1,none,71,1.11796,0.00000,0,0.07000,0.84436,0.93000,0.83782,0.93921,0.84316,0.99374,-0.11176
1,2004,force_limit_abort_1_2004_0,force_limit_abort,probe_06,1,0,force_limit,37,0.58427,1.19186,1,0.12000,0.14000,0.88000,0.45143,0.49142,0.28510,0.45982,0.88801
1,2004,force_limit_abort_1_2004_0,force_limit_abort,probe_07,0,1,none,89,1.43096,0.00000,0,0.10000,0.86000,0.91000,0.25714,0.91591,0.26059,0.99437,0.10595
1,2005,force_limit_abort_1_2005_0,force_limit_abort,probe_00,0,1,none,69,1.14570,0.00000,0,0.06545,0.33792,0.92368,0.32948,0.90786,0.34182,0.22200,-0.97505
1,2005,force_limit_abort_1_2005_0,force_limit_abort,probe_01,0,1,none,71,1.17548,0.00000,0,0.07000,0.15851,0.93000,0.16074,0.93437,0.16991,0.92825,0.37195
1,2005,force_limit_abort_1_2005_0,force_limit_abort,probe_02,1,0,visible_collision,16,0.22201,1.00000,1,0.12000,0.14000,0.88000,0.64571,0.27627,0.19638,0.99382,-0.11102
1,2005,force_limit_abort_1_2005_0,force_limit_abort,probe_03,0,1,none,85,1.39174,0.00000,0,0.10000,0.86000,0.91000,0.35429,0.90549,0.36189,0.97721,-0.21226
1,2005,force_limit_abort_1_2005_0,force_limit_abort,probe_04,0,1,none,59,0.97007,0.00000,0,0.16000,0.45143,0.86000,0.50490,0.87379,0.50762,0.70031,0.71384
1,2005,force_limit_abort_1_2005_0,force_limit_abort,probe_05,1,0,force_limit,19,0.35232,1.57707,1,0.07000,0.72758,0.93000,0.75050,0.29440,0.74862,0.92496,0.38007
1,2005,force_limit_abort_1_2005_0,force_limit_abort,probe_06,1,0,visible_collision,15,0.23088,1.00000,1,0.12000,0.14000,0.88000,0.54857,0.26412,0.19745,0.95449,-0.29824
1,2005,force_limit_abort_1_2005_0,force_limit_abort,probe_07,1,0,force_limit,22,0.40882,1.60735,1,0.10000,0.86000,0.91000,0.25714,0.29933,0.68665,0.55563,-0.83143
1,2006,force_limit_abort_1_2006_0,force_limit_abort,probe_00,1,0,visible_collision,52,0.87617,1.00000,1,0.08131,0.72827,0.90886,0.77487,0.68686,0.80129,0.97499,-0.22225
1,2006,force_limit_abort_1_2006_0,force_limit_abort,probe_01,1,0,force_limit,40,0.63359,1.81035,1,0.07000,0.70925,0.93000,0.75966,0.55110,0.70534,0.96348,-0.26779
1,2006,force_limit_abort_1_2006_0,force_limit_abort,probe_02,0,1,none,68,1.16508,0.00000,0,0.12000,0.14000,0.88000,0.25714,0.89965,0.25372,0.91603,0.40111
1,2006,force_limit_abort_1_2006_0,force_limit_abort,probe_03,0,1,none,93,1.48994,0.00000,0,0.10000,0.86000,0.91000,0.16000,0.90450,0.15873,0.81242,-0.58307
1,2006,force_limit_abort_1_2006_0,force_limit_abort,probe_04,0,1,none,60,1.06745,0.00000,0,0.16000,0.45143,0.86000,0.53945,0.86183,0.52315,0.99068,0.13618
1,2006,force_limit_abort_1_2006_0,force_limit_abort,probe_05,0,1,none,72,1.21027,0.00000,0,0.07000,0.55697,0.93000,0.54437,0.92680,0.54716,0.99812,0.06131
1,2006,force_limit_abort_1_2006_0,force_limit_abort,probe_06,1,0,visible_collision,15,0.22561,1.00000,1,0.12000,0.14000,0.88000,0.64571,0.23366,0.25169,0.65505,-0.75558
1,2006,force_limit_abort_1_2006_0,force_limit_abort,probe_07,0,1,none,66,1.04517,0.00000,0,0.10000,0.86000,0.91000,0.84000,0.91394,0.84996,0.93624,0.35137
1,2007,force_limit_abort_1_2007_0,force_limit_abort,probe_00,1,0,force_limit,50,0.81762,1.67891,1,0.06637,0.55199,0.91946,0.56283,0.66700,0.55178,0.64337,-0.76555
1,2007,force_limit_abort_1_2007_0,force_limit_abort,probe_01,0,1,none,72,1.18788,0.00000,0,0.07000,0.86120,0.93000,0.82940,0.95705,0.84148,0.89636,0.44333
1,2007,force_limit_abort_1_2007_0,force_limit_abort,probe_02,1,0,visible_collision,15,0.21537,1.00000,1,0.12000,0.14000,0.88000,0.54857,0.27076,0.19421,0.99673,-0.08079
1,2007,force_limit_abort_1_2007_0,force_limit_abort,probe_03,1,0,force_limit,55,0.84817,1.70451,1,0.10000,0.86000,0.91000,0.35429,0.60170,0.49623,0.97864,-0.20558
1,2007,force_limit_abort_1_2007_0,force_limit_abort,probe_04,1,0,force_limit,39,0.65565,1.72014,1,0.16000,0.45143,0.86000,0.50598,0.63469,0.46497,0.86134,0.50803
1,2007,force_limit_abort_1_2007_0,force_limit_abort,probe_05,0,1,none,74,1.21081,0.00000,0,0.07000,0.66718,0.93000,0.63498,0.92958,0.63973,0.97031,0.24187
1,2007,force_limit_abort_1_2007_0,force_limit_abort,probe_06,0,1,none,68,1.17635,0.00000,0,0.12000,0.14000,0.88000,0.25714,0.89143,0.24359,0.99921,-0.03971
1,2007,force_limit_abort_1_2007_0,force_limit_abort,probe_07,0,1,none,93,1.54900,0.00000,0,0.10000,0.86000,0.91000,0.16000,0.91710,0.16614,-0.92150,0.38839
1,2008,force_limit_abort_1_2008_0,force_limit_abort,probe_00,0,1,none,72,1.22393,0.00000,0,0.06730,0.45605,0.91525,0.39703,0.90921,0.38922,0.53940,-0.84205
1,2008,force_limit_abort_1_2008_0,force_limit_abort,probe_01,0,1,none,72,1.20403,0.00000,0,0.07000,0.33174,0.93000,0.36556,0.92791,0.38577,0.67049,0.74192
1,2008,force_limit_abort_1_2008_0,force_limit_abort,probe_02,1,0,visible_collision,71,1.17636,1.00000,1,0.12000,0.14000,0.88000,0.74286,0.74268,0.61212,0.46412,0.88577
1,2008,force_limit_abort_1_2008_0,force_limit_abort,probe_03,0,1,none,66,1.04581,0.00000,0,0.10000,0.86000,0.91000,0.84000,0.91263,0.83126,0.83698,-0.54723
1,2008,force_limit_abort_1_2008_0,force_limit_abort,probe_04,0,1,none,73,1.20779,0.00000,0,0.16000,0.25714,0.86000,0.66219,0.86135,0.67123,-0.10581,0.99439
1,2008,force_limit_abort_1_2008_0,force_limit_abort,probe_05,0,1,none,72,1.22163,0.00000,0,0.07000,0.53069,0.93000,0.55751,0.93709,0.56011,0.84526,0.53435
1,2008,force_limit_abort_1_2008_0,force_limit_abort,probe_06,0,1,none,83,1.29532,0.00000,0,0.12000,0.14000,0.88000,0.64571,0.88349,0.62923,-0.13950,0.99022
1,2008,force_limit_abort_1_2008_0,force_limit_abort,probe_07,0,1,none,81,1.25520,0.00000,0,0.10000,0.86000,0.91000,0.45143,0.91670,0.46269,0.96579,0.25931
1,2009,force_limit_abort_1_2009_0,force_limit_abort,probe_00,0,1,none,75,1.19820,0.00000,0,0.06565,0.18322,0.90875,0.33694,0.91285,0.34317,0.99820,-0.05992
1,2009,force_limit_abort_1_2009_0,force_limit_abort,probe_01,0,1,none,73,1.21311,0.00000,0,0.07000,0.84200,0.93000,0.83900,0.92850,0.84977,-0.84074,0.54144
1,2009,force_limit_abort_1_2009_0,force_limit_abort,probe_02,0,1,none,68,1.13959,0.00000,0,0.12000,0.14000,0.88000,0.25714,0.88756,0.27623,0.66919,0.74309
1,2009,force_limit_abort_1_2009_0,force_limit_abort,probe_03,1,0,force_limit,49,0.80847,1.29723,1,0.10000,0.86000,0.91000,0.35429,0.53748,0.53012,0.36313,-0.93174
1,2009,force_limit_abort_1_2009_0,force_limit_abort,probe_04,1,0,force_limit,32,0.53559,1.26908,1,0.16000,0.45143,0.86000,0.53684,0.52133,0.51292,0.41340,-0.91055
1,2009,force_limit_abort_1_2009_0,force_limit_abort,probe_05,0,1,none,71,1.24508,0.00000,0,0.07000,0.17413,0.93000,0.15293,0.95345,0.16446,0.81799,0.57523
1,2009,force_limit_abort_1_2009_0,force_limit_abort,probe_06,1,0,force_limit,42,0.65846,1.72246,1,0.12000,0.14000,0.88000,0.74286,0.47840,0.41632,0.47812,0.87829
1,2009,force_limit_abort_1_2009_0,force_limit_abort,probe_07,0,1,none,74,1.19973,0.00000,0,0.10000,0.86000,0.91000,0.64571,0.90920,0.62934,0.92829,-0.37187
1,2010,force_limit_abort_1_2010_0,force_limit_abort,probe_00,1,0,visible_collision,56,0.91313,1.00000,1,0.06989,0.76503,0.92392,0.60994,0.70316,0.66413,0.89928,-0.43737
1,2010,force_limit_abort_1_2010_0,force_limit_abort,probe_01,0,1,none,73,1.26882,0.00000,0,0.07000,0.38532,0.93000,0.33877,0.93994,0.32564,0.84552,0.53395
1,2010,force_limit_abort_1_2010_0,force_limit_abort,probe_02,1,0,visible_collision,17,0.31015,1.00000,1,0.12000,0.14000,0.88000,0.84000,0.24120,0.26877,-0.04539,0.99897
1,2010,force_limit_abort_1_2010_0,force_limit_abort,probe_03,1,0,force_limit,62,0.98367,1.67779,1,0.10000,0.86000,0.91000,0.25714,0.64487,0.42066,0.83514,0.55004
1,2010,force_limit_abort_1_2010_0,force_limit_abort,probe_04,1,0,force_limit,39,0.64722,1.66003,1,0.16000,0.54857,0.86000,0.43322,0.60971,0.45621,0.92366,0.38320
1,2010,force_limit_abort_1_2010_0,force_limit_abort,probe_05,0,1,none,71,1.28444,0.00000,0,0.07000,0.16377,0.93000,0.15811,0.94476,0.16941,0.99750,-0.07071
1,2010,force_limit_abort_1_2010_0,force_limit_abort,probe_06,1,0,force_limit,54,0.85072,1.49737,1,0.12000,0.14000,0.88000,0.64571,0.61156,0.47706,0.98748,-0.15773
1,2010,force_limit_abort_1_2010_0,force_limit_abort,probe_07,1,0,visible_collision,52,0.87801,1.00000,1,0.10000,0.86000,0.91000,0.74286,0.71170,0.77762,-0.00875,-0.99996
1,2011,force_limit_abort_1_2011_0,force_limit_abort,probe_00,0,1,none,68,1.12716,0.00000,0,0.08164,0.68686,0.92023,0.71048,0.91988,0.70844,-0.24904,0.96849
1,2011,force_limit_abort_1_2011_0,force_limit_abort,probe_01,1,0,visible_collision,52,0.83088,1.00000,1,0.07000,0.70096,0.93000,0.61809,0.69686,0.70172,0.55104,-0.83448
1,2011,force_limit_abort_1_2011_0,force_limit_abort,probe_02,0,1,none,64,1.09254,0.00000,0,0.12000,0.14000,0.88000,0.16000,0.88744,0.16989,0.73345,0.67974
1,2011,force_limit_abort_1_2011_0,force_limit_abort,probe_03,1,0,force_limit,60,0.94541,1.73935,1,0.10000,0.86000,0.91000,0.25714,0.61416,0.40612,0.90678,-0.42161
1,2011,force_limit_abort_1_2011_0,force_limit_abort,probe_04,0,1,none,70,1.23160,0.00000,0,0.16000,0.35429,0.86000,0.68285,0.86796,0.68211,0.96931,-0.24585
1,2011,force_limit_abort_1_2011_0,force_limit_abort,probe_05,1,0,force_limit,48,0.79871,2.11963,1,0.07000,0.44541,0.93000,0.45444,0.66011,0.42129,0.96649,-0.25671
1,2011,force_limit_abort_1_2011_0,force_limit_abort,probe_06,0,1,none,92,1.43327,0.00000,0,0.12000,0.14000,0.88000,0.84000,0.89352,0.83036,-0.33881,0.94085
1,2011,force_limit_abort_1_2011_0,force_limit_abort,probe_07,0,1,none,78,1.30214,0.00000,0,0.10000,0.86000,0.91000,0.54857,0.89613,0.54381,0.93565,0.35293
1,2012,force_limit_abort_1_2012_0,force_limit_abort,probe_00,1,0,force_limit,31,0.55875,1.90774,1,0.06688,0.33688,0.91616,0.29539,0.44641,0.34579,0.99573,-0.09235
1,2012,force_limit_abort_1_2012_0,force_limit_abort,probe_01,0,1,none,74,1.23850,0.00000,0,0.07000,0.11341,0.93000,0.18330,0.93361,0.18182,0.64580,0.76351
1,2012,force_limit_abort_1_2012_0,force_limit_abort,probe_02,1,0,force_limit,31,0.44799,1.32772,1,0.12000,0.14000,0.88000,0.84000,0.36671,0.39049,0.32594,0.94539
1,2012,force_limit_abort_1_2012_0,force_limit_abort,probe_03,1,0,visible_collision,58,0.91124,1.00000,1,0.10000,0.86000,0.91000,0.64571,0.75379,0.73961,-0.01120,-0.99994
1,2012,force_limit_abort_1_2012_0,force_limit_abort,probe_04,1,0,force_limit,13,0.24286,1.84402,1,0.16000,0.45143,0.86000,0.50809,0.32064,0.45459,0.99436,-0.10604
1,2012,force_limit_abort_1_2012_0,force_limit_abort,probe_05,0,1,none,75,1.27845,0.00000,0,0.07000,0.74177,0.93000,0.74340,0.92818,0.74083,0.80932,-0.58737
1,2012,force_limit_abort_1_2012_0,force_limit_abort,probe_06,1,0,force_limit,34,0.48683,1.32113,1,0.12000,0.14000,0.88000,0.54857,0.41938,0.34265,0.75741,0.65294
1,2012,force_limit_abort_1_2012_0,force_limit_abort,probe_07,0,1,none,85,1.27468,0.00000,0,0.10000,0.86000,0.91000,0.35429,0.90872,0.36203,0.71817,0.69587
1,2013,force_limit_abort_1_2013_0,force_limit_abort,probe_00,0,1,none,73,1.19556,0.00000,0,0.07638,0.34312,0.90853,0.19762,0.91252,0.19199,0.90676,0.42164
1,2013,force_limit_abort_1_2013_0,force_limit_abort,probe_01,0,1,none,71,1.21464,0.00000,0,0.07000,0.17187,0.93000,0.15407,0.92863,0.16790,-0.91963,-0.39280
1,2013,force_limit_abort_1_2013_0,force_limit_abort,probe_02,0,1,none,76,1.39349,0.00000,0,0.12000,0.14000,0.88000,0.45143,0.90821,0.46042,0.51437,-0.85757
1,2013,force_limit_abort_1_2013_0,force_limit_abort,probe_03,0,1,none,89,1.41076,0.00000,0,0.10000,0.86000,0.91000,0.25714,0.90799,0.27586,0.99855,-0.05383
1,2013,force_limit_abort_1_2013_0,force_limit_abort,probe_04,0,1,none,58,0.97886,0.00000,0,0.16000,0.54857,0.86000,0.50741,0.85924,0.50651,0.92219,0.38673
1,2013,force_limit_abort_1_2013_0,force_limit_abort,probe_05,1,0,force_limit,41,0.73025,1.79546,1,0.07000,0.59216,0.93000,0.67249,0.55793,0.60615,0.96343,0.26797
1,2013,force_limit_abort_1_2013_0,force_limit_abort,probe_06,0,1,none,72,1.17715,0.00000,0,0.12000,0.14000,0.88000,0.35429,0.87761,0.36384,-0.25540,0.96684
1,2013,force_limit_abort_1_2013_0,force_limit_abort,probe_07,1,0,visible_collision,51,0.82676,1.00000,1,0.10000,0.86000,0.91000,0.74286,0.69578,0.77500,0.97170,0.23622
1,3000,human_stop_constraint_1_3000_0,human_stop_constraint,probe_00,1,0,visible_collision,20,0.28801,1.00000,1,0.06647,0.21407,0.92095,0.23007,0.27818,0.16679,0.99375,0.11163
1,3000,human_stop_constraint_1_3000_0,human_stop_constraint,probe_01,1,0,human_stop,30,0.49518,1.01000,0,0.07000,0.71042,0.93000,0.73479,0.40783,0.76596,0.92065,-0.39040
1,3000,human_stop_constraint_1_3000_0,human_stop_constraint,probe_02,1,0,human_stop,46,0.87843,1.01000,0,0.12000,0.14000,0.88000,0.50000,0.56882,0.35502,0.97484,-0.22292
1,3000,human_stop_constraint_1_3000_0,human_stop_constraint,probe_03,1,0,human_stop,36,0.67283,1.01000,0,0.10000,0.86000,0.91000,0.61333,0.50172,0.78235,0.49452,-0.86916
1,3000,human_stop_constraint_1_3000_0,human_stop_constraint,probe_04,0,1,none,75,1.26218,0.00000,0,0.16000,0.27333,0.86000,0.70866,0.85661,0.71199,0.17510,0.98455
1,3000,human_stop_constraint_1_3000_0,human_stop_constraint,probe_05,0,1,none,73,1.34195,0.00000,0,0.07000,0.42124,0.93000,0.36938,0.94090,0.35147,0.89846,-0.43906
1,3000,human_stop_constraint_1_3000_0,human_stop_constraint,probe_06,0,1,none,64,1.10107,0.00000,0,0.12000,0.14000,0.88000,0.16000,0.89293,0.15133,0.86793,-0.49669
1,3001,human_stop_constraint_1_3001_0,human_stop_constraint,probe_00,0,1,none,70,1.24042,0.00000,0,0.07177,0.18000,0.92000,0.16360,0.90010,0.15591,0.64825,0.76143
1,3001,human_stop_constraint_1_3001_0,human_stop_constraint,probe_01,1,0,human_stop,37,0.65273,1.01000,0,0.07000,0.39663,0.93000,0.38168,0.51149,0.39622,0.43162,0.90206
1,3001,human_stop_constraint_1_3001_0,human_stop_constraint,probe_02,1,0,visible_collision,71,1.19313,1.00000,1,0.12000,0.14000,0.88000,0.84000,0.72097,0.69646,0.99934,0.03629
1,3001,human_stop_constraint_1_3001_0,human_stop_constraint,probe_03,1,0,visible_collision,53,0.97006,1.00000,1,0.10000,0.86000,0.91000,0.72667,0.72996,0.80570,-0.67853,-0.73457
1,3001,human_stop_constraint_1_3001_0,human_stop_constraint,probe_04,1,0,human_stop,30,0.47943,1.01000,0,0.16000,0.50000,0.86000,0.47124,0.52181,0.51361,0.50124,-0.86531
1,3001,human_stop_constraint_1_3001_0,human_stop_constraint,probe_05,0,1,none,72,1.17598,0.00000,0,0.07000,0.28737,0.93000,0.26632,0.93682,0.25782,0.99124,-0.13210
1,3001,human_stop_constraint_1_3001_0,human_stop_constraint,probe_06,1,0,visible_collision,16,0.31115,1.00000,1,0.12000,0.14000,0.88000,0.61333,0.24650,0.26769,0.81601,-0.57804
1,3002,human_stop_constraint_1_3002_0,human_stop_constraint,probe_00,0,1,none,67,1.26498,0.00000,0,0.07807,0.18000,0.91388,0.17959,0.91481,0.18246,0.01348,0.99991
1,3002,human_stop_constraint_1_3002_0,human_stop_constraint,probe_01,0,1,none,74,1.38000,0.00000,0,0.07000,0.22115,0.93000,0.29943,0.92947,0.28462,0.73323,-0.67998
1,3002,human_stop_constraint_1_3002_0,human_stop_constraint,probe_02,0,1,none,73,1.25664,0.00000,0,0.12000,0.14000,0.88000,0.38667,0.88821,0.39820,0.80184,0.59754
1,3002,human_stop_constraint_1_3002_0,human_stop_constraint,probe_03,1,0,human_stop,35,0.58369,1.01000,0,0.10000,0.86000,0.91000,0.50000,0.46473,0.71196,0.62633,-0.77956
1,3002,human_stop_constraint_1_3002_0,human_stop_constraint,probe_04,1,0,human_stop,23,0.39488,1.01000,0,0.16000,0.61333,0.86000,0.40676,0.42026,0.57089,0.86945,-0.49401
1,3002,human_stop_constraint_1_3002_0,human_stop_constraint,probe_05,0,1,none,74,1.42984,0.00000,0,0.07000,0.74034,0.93000,0.71983,0.94532,0.71300,0.68860,-0.72514
1,3002,human_stop_constraint_1_3002_0,human_stop_constraint,probe_06,0,1,none,64,1.18115,0.00000,0,0.12000,0.14000,0.88000,0.16000,0.88299,0.15241,-0.11190,0.99372
1,3003,human_stop_constraint_1_3003_0,human_stop_constraint,probe_00,1,0,human_stop,33,0.51920,1.01000,0,0.07260,0.48443,0.92420,0.36112,0.43494,0.43213,0.84719,0.53129
1,3003,human_stop_constraint_1_3003_0,human_stop_constraint,probe_01,1,0,visible_collision,16,0.31570,1.00000,1,0.07000,0.32379,0.93000,0.24811,0.25181,0.29328,0.72010,-0.69387
1,3003,human_stop_constraint_1_3003_0,human_stop_constraint,probe_02,1,0,human_stop,38,0.67648,1.01000,0,0.12000,0.14000,0.88000,0.72667,0.48095,0.35844,0.93848,-0.34534
1,3003,human_stop_constraint_1_3003_0,human_stop_constraint,probe_03,1,0,human_stop,22,0.37382,1.01000,0,0.10000,0.86000,0.91000,0.61333,0.34698,0.78872,0.90592,0.42345
1,3003,human_stop_constraint_1_3003_0,human_stop_constraint,probe_04,1,0,visible_collision,14,0.25479,1.00000,1,0.16000,0.16000,0.86000,0.81845,0.24297,0.28712,0.83643,0.54807
1,3003,human_stop_constraint_1_3003_0,human_stop_constraint,probe_05,1,0,human_stop,24,0.40762,1.01000,0,0.07000,0.80007,0.93000,0.85996,0.34676,0.78982,0.63178,0.77515
1,3003,human_stop_constraint_1_3003_0,human_stop_constraint,probe_06,0,1,none,73,1.21729,0.00000,0,0.12000,0.14000,0.88000,0.38667,0.87112,0.38272,0.96818,0.25026
1,3004,human_stop_constraint_1_3004_0,human_stop_constraint,probe_00,0,1,none,72,1.19876,0.00000,0,0.07369,0.37368,0.90848,0.43821,0.92616,0.43216,-0.28334,0.95902
1,3004,human_stop_constraint_1_3004_0,human_stop_constraint,probe_01,1,0,human_stop,25,0.41976,1.01000,0,0.07000,0.71923,0.93000,0.73038,0.36137,0.72351,0.99989,-0.01450
1,3004,human_stop_constraint_1_3004_0,human_stop_constraint,probe_02,1,0,human_stop,54,0.87836,1.01000,0,0.12000,0.14000,0.88000,0.84000,0.55681,0.59296,0.99033,-0.13874
1,3004,human_stop_constraint_1_3004_0,human_stop_constraint,probe_03,1,0,human_stop,47,0.77833,1.01000,0,0.10000,0.86000,0.91000,0.38667,0.54333,0.55272,0.99267,0.12084
1,3004,human_stop_constraint_1_3004_0,human_stop_constraint,probe_04,1,0,human_stop,30,0.53502,1.01000,0,0.16000,0.50000,0.86000,0.48094,0.52042,0.51980,0.89755,0.44092
1,3004,human_stop_constraint_1_3004_0,human_stop_constraint,probe_05,1,0,visible_collision,22,0.39324,1.00000,1,0.07000,0.19083,0.93000,0.31459,0.27879,0.27472,0.98578,-0.16803
1,3004,human_stop_constraint_1_3004_0,human_stop_constraint,probe_06,0,1,none,64,1.06843,0.00000,0,0.12000,0.14000,0.88000,0.16000,0.87731,0.15635,0.95167,0.30711
1,3005,human_stop_constraint_1_3005_0,human_stop_constraint,probe_00,0,1,none,71,1.27412,0.00000,0,0.06707,0.76184,0.91244,0.80749,0.91384,0.81883,0.77510,0.63183
1,3005,human_stop_constraint_1_3005_0,human_stop_constraint,probe_01,0,1,none,72,1.17912,0.00000,0,0.07000,0.14941,0.93000,0.16529,0.91306,0.16486,0.06366,0.99797
1,3005,human_stop_constraint_1_3005_0,human_stop_constraint,probe_02,0,1,none,73,1.28243,0.00000,0,0.12000,0.14000,0.88000,0.38667,0.89917,0.38300,0.79446,-0.60732
1,3005,human_stop_constraint_1_3005_0,human_stop_constraint,probe_03,1,0,human_stop,34,0.58811,1.01000,0,0.10000,0.86000,0.91000,0.27333,0.39211,0.58717,0.93682,-0.34980
1,3005,human_stop_constraint_1_3005_0,human_stop_constraint,probe_04,1,0,human_stop,29,0.45138,1.01000,0,0.16000,0.84000,0.86000,0.12957,0.39885,0.60454,0.99624,0.08667
1,3005,human_stop_constraint_1_3005_0,human_stop_constraint,probe_05,0,1,none,76,1.37034,0.00000,0,0.07000,0.71771,0.93000,0.73115,0.93666,0.74266,0.99948,-0.03220
1,3005,human_stop_constraint_1_3005_0,human_stop_constraint,probe_06,1,0,visible_collision,23,0.40548,1.00000,1,0.12000,0.14000,0.88000,0.61333,0.30841,0.27404,0.39281,0.91962
1,3006,human_stop_constraint_1_3006_0,human_stop_constraint,probe_00,1,0,human_stop,38,0.62025,1.01000,0,0.06641,0.53586,0.91284,0.37647,0.50045,0.47552,0.98880,-0.14922
1,3006,human_stop_constraint_1_3006_0,human_stop_constraint,probe_01,0,1,none,73,1.29041,0.00000,0,0.07000,0.81686,0.93000,0.85157,0.93925,0.84582,0.95090,0.30950
1,3006,human_stop_constraint_1_3006_0,human_stop_constraint,probe_02,0,1,none,68,1.16808,0.00000,0,0.12000,0.14000,0.88000,0.27333,0.88401,0.25754,0.23463,0.97208
1,3006,human_stop_constraint_1_3006_0,human_stop_constraint,probe_03,1,0,human_stop,48,0.81755,1.01000,0,0.10000,0.86000,0.91000,0.16000,0.48850,0.44512,0.93463,-0.35563
1,3006,human_stop_constraint_1_3006_0,human_stop_constraint,probe_04,1,0,human_stop,34,0.61112,1.01000,0,0.16000,0.61333,0.86000,0.36251,0.51845,0.50708,0.98804,0.15422
1,3006,human_stop_constraint_1_3006_0,human_stop_constraint,probe_05,1,0,human_stop,32,0.57460,1.01000,0,0.07000,0.69888,0.93000,0.74056,0.43736,0.67833,0.98486,0.17333
1,3006,human_stop_constraint_1_3006_0,human_stop_constraint,probe_06,1,0,human_stop,43,0.76480,1.01000,0,0.12000,0.14000,0.88000,0.50000,0.52944,0.37224,0.98905,-0.14756
1,3007,human_stop_constraint_1_3007_0,human_stop_constraint,probe_00,1,0,human_stop,29,0.46750,1.01000,0,0.07534,0.76588,0.91630,0.84000,0.43658,0.76268,0.86925,-0.49438
1,3007,human_stop_constraint_1_3007_0,human_stop_constraint,probe_01,0,1,none,71,1.20233,0.00000,0,0.07000,0.60985,0.93000,0.61507,0.94616,0.60080,0.75875,0.65138
1,3007,human_stop_constraint_1_3007_0,human_stop_constraint,probe_02,0,1,none,64,1.12616,0.00000,0,0.12000,0.14000,0.88000,0.16000,0.88999,0.16747,-0.14992,0.98870
1,3007,human_stop_constraint_1_3007_0,human_stop_constraint,probe_03,1,0,human_stop,32,0.48457,1.01000,0,0.10000,0.86000,0.91000,0.50000,0.44092,0.73939,0.92163,0.38808
1,3007,human_stop_constraint_1_3007_0,human_stop_constraint,probe_04,1,0,human_stop,19,0.33998,1.01000,0,0.16000,0.38667,0.86000,0.65104,0.35031,0.46324,0.69877,-0.71535
1,3007,human_stop_constraint_1_3007_0,human_stop_constraint,probe_05,0,1,none,74,1.33034,0.00000,0,0.07000,0.88272,0.93000,0.81864,0.93227,0.83422,0.97235,0.23352
1,3007,human_stop_constraint_1_3007_0,human_stop_constraint,probe_06,1,0,human_stop,34,0.50496,1.01000,0,0.12000,0.14000,0.88000,0.72667,0.44138,0.29307,0.59876,0.80093
1,3008,human_stop_constraint_1_3008_0,human_stop_constraint,probe_00,1,0,human_stop,31,0.49219,1.01000,0,0.06782,0.69160,0.92233,0.82177,0.41430,0.72866,0.97684,-0.21398
1,3008,human_stop_constraint_1_3008_0,human_stop_constraint,probe_01,0,1,none,72,1.27982,0.00000,0,0.07000,0.49396,0.93000,0.50302,0.95105,0.51309,0.88700,0.46177
1,3008,human_stop_constraint_1_3008_0,human_stop_constraint,probe_02,0,1,none,64,1.09956,0.00000,0,0.12000,0.14000,0.88000,0.16000,0.88554,0.16383,0.99950,0.03167
1,3008,human_stop_constraint_1_3008_0,human_stop_constraint,probe_03,0,1,none,66,1.23348,0.00000,0,0.10000,0.86000,0.91000,0.84000,0.90019,0.82478,0.86695,0.49840
1,3008,human_stop_constraint_1_3008_0,human_stop_constraint,probe_04,0,1,none,74,1.27972,0.00000,0,0.16000,0.72667,0.86000,0.30314,0.86831,0.31702,0.96507,-0.26199
1,3008,human_stop_constraint_1_3008_0,human_stop_constraint,probe_05,0,1,none,71,1.25433,0.00000,0,0.07000,0.38434,0.93000,0.38783,0.93486,0.39397,0.99874,0.05025
1,3008,human_stop_constraint_1_3008_0,human_stop_constraint,probe_06,0,1,none,68,1.16903,0.00000,0,0.12000,0.14000,0.88000,0.27333,0.88731,0.26369,0.94012,-0.34083
1,3009,human_stop_constraint_1_3009_0,human_stop_constraint,probe_00,1,0,human_stop,33,0.55636,1.01000,0,0.08172,0.58928,0.91229,0.66007,0.48745,0.58797,0.98865,0.15021
1,3009,human_stop_constraint_1_3009_0,human_stop_constraint,probe_01,1,0,visible_collision,20,0.34758,1.00000,1,0.07000,0.16172,0.93000,0.15914,0.26848,0.12956,0.93224,0.36185
1,3009,human_stop_constraint_1_3009_0,human_stop_constraint,probe_02,1,0,human_stop,50,0.86084,1.01000,0,0.12000,0.14000,0.88000,0.61333,0.55714,0.47824,-0.14528,-0.98939
1,3009,human_stop_constraint_1_3009_0,human_stop_constraint,probe_03,1,0,human_stop,37,0.64806,1.01000,0,0.10000,0.86000,0.91000,0.38667,0.44452,0.61867,0.92872,0.37078
1,3009,human_stop_constraint_1_3009_0,human_stop_constraint,probe_04,0,1,none,85,1.56457,0.00000,0,0.16000,0.84000,0.86000,0.12866,0.85695,0.14180,0.94536,-0.32603
1,3009,human_stop_constraint_1_3009_0,human_stop_constraint,probe_05,0,1,none,72,1.23016,0.00000,0,0.07000,0.26184,0.93000,0.27908,0.93726,0.28502,0.83014,0.55755
1,3009,human_stop_constraint_1_3009_0,human_stop_constraint,probe_06,0,1,none,78,1.33228,0.00000,0,0.12000,0.14000,0.88000,0.50000,0.89069,0.50500,0.61754,0.78654
1,3010,human_stop_constraint_1_3010_0,human_stop_constraint,probe_00,0,1,none,72,1.25592,0.00000,0,0.06511,0.24830,0.91464,0.30347,0.92051,0.30366,0.45733,0.88930
1,3010,human_stop_constraint_1_3010_0,human_stop_constraint,probe_01,1,0,human_stop,32,0.52184,1.01000,0,0.07000,0.66784,0.93000,0.75608,0.44606,0.65984,0.97972,0.20035
1,3010,human_stop_constraint_1_3010_0,human_stop_constraint,probe_02,1,0,human_stop,40,0.69308,1.01000,0,0.12000,0.14000,0.88000,0.84000,0.43534,0.46958,0.59861,0.80104
1,3010,human_stop_constraint_1_3010_0,human_stop_constraint,probe_03,0,1,none,79,1.30346,0.00000,0,0.10000,0.86000,0.91000,0.50000,0.91154,0.52371,0.99727,0.07384
1,3010,human_stop_constraint_1_3010_0,human_stop_constraint,probe_04,1,0,human_stop,27,0.47339,1.01000,0,0.16000,0.27333,0.86000,0.73091,0.39156,0.48178,0.22527,0.97430
1,3010,human_stop_constraint_1_3010_0,human_stop_constraint,probe_05,1,0,human_stop,25,0.42292,1.01000,0,0.07000,0.56808,0.93000,0.63596,0.36044,0.54793,0.98462,0.17473
1,3010,human_stop_constraint_1_3010_0,human_stop_constraint,probe_06,0,1,none,73,1.25586,0.00000,0,0.12000,0.14000,0.88000,0.38667,0.87548,0.38019,0.65426,0.75627
1,3011,human_stop_constraint_1_3011_0,human_stop_constraint,probe_00,0,1,none,72,1.29761,0.00000,0,0.07175,0.18000,0.90762,0.20605,0.91596,0.21337,0.34680,0.93794
1,3011,human_stop_constraint_1_3011_0,human_stop_constraint,probe_01,1,0,human_stop,31,0.51924,1.01000,0,0.07000,0.62087,0.93000,0.60957,0.43709,0.61400,0.66021,-0.75108
1,3011,human_stop_constraint_1_3011_0,human_stop_constraint,probe_02,1,0,visible_collision,18,0.34020,1.00000,1,0.12000,0.14000,0.88000,0.27333,0.29442,0.18832,0.78798,0.61570
1,3011,human_stop_constraint_1_3011_0,human_stop_constraint,probe_03,0,1,none,66,1.12917,0.00000,0,0.10000,0.86000,0.91000,0.84000,0.91379,0.84432,0.81529,-0.57905
1,3011,human_stop_constraint_1_3011_0,human_stop_constraint,probe_04,1,0,human_stop,48,0.81000,1.01000,0,0.16000,0.16000,0.86000,0.84851,0.52331,0.56561,0.80930,0.58740
1,3011,human_stop_constraint_1_3011_0,human_stop_constraint,probe_05,1,0,human_stop,35,0.62102,1.01000,0,0.07000,0.75602,0.93000,0.71199,0.48089,0.74797,0.73057,-0.68284
1,3011,human_stop_constraint_1_3011_0,human_stop_constraint,probe_06,1,0,visible_collision,18,0.29117,1.00000,1,0.12000,0.14000,0.88000,0.50000,0.30398,0.19147,0.88750,0.46081
1,3012,human_stop_constraint_1_3012_0,human_stop_constraint,probe_00,1,0,visible_collision,14,0.25750,1.00000,1,0.08197,0.18000,0.90721,0.16000,0.24379,0.17787,0.61189,0.79094
1,3012,human_stop_constraint_1_3012_0,human_stop_constraint,probe_01,0,1,none,71,1.20847,0.00000,0,0.07000,0.83661,0.93000,0.84169,0.93495,0.81708,0.15457,0.98798
1,3012,human_stop_constraint_1_3012_0,human_stop_constraint,probe_02,1,0,human_stop,40,0.72880,1.01000,0,0.12000,0.14000,0.88000,0.61333,0.46637,0.40836,0.99633,0.08561
1,3012,human_stop_constraint_1_3012_0,human_stop_constraint,probe_03,0,1,none,70,1.26415,0.00000,0,0.10000,0.86000,0.91000,0.72667,0.92238,0.72916,0.51508,0.85714
1,3012,human_stop_constraint_1_3012_0,human_stop_constraint,probe_04,1,0,human_stop,31,0.48396,1.01000,0,0.16000,0.27333,0.86000,0.74156,0.40842,0.50501,0.98429,0.17656
1,3012,human_stop_constraint_1_3012_0,human_stop_constraint,probe_05,0,1,none,75,1.32934,0.00000,0,0.07000,0.22705,0.93000,0.12648,0.94397,0.13591,-0.80720,-0.59028
1,3012,human_stop_constraint_1_3012_0,human_stop_constraint,probe_06,1,0,visible_collision,13,0.26101,1.00000,1,0.12000,0.14000,0.88000,0.38667,0.25869,0.17264,0.97190,0.23541
1,3013,human_stop_constraint_1_3013_0,human_stop_constraint,probe_00,1,0,visible_collision,51,0.90115,1.00000,1,0.07779,0.66859,0.90774,0.75851,0.67377,0.73420,0.94111,0.33810
1,3013,human_stop_constraint_1_3013_0,human_stop_constraint,probe_01,0,1,none,73,1.24519,0.00000,0,0.07000,0.18676,0.93000,0.14662,0.93245,0.13397,0.94479,-0.32769
1,3013,human_stop_constraint_1_3013_0,human_stop_constraint,probe_02,1,0,human_stop,33,0.55945,1.01000,0,0.12000,0.14000,0.88000,0.50000,0.43383,0.31656,0.78130,0.62416
1,3013,human_stop_constraint_1_3013_0,human_stop_constraint,probe_03,0,1,none,66,1.16009,0.00000,0,0.10000,0.86000,0.91000,0.84000,0.91909,0.84781,-0.43673,-0.89959
1,3013,human_stop_constraint_1_3013_0,human_stop_constraint,probe_04,1,0,human_stop,21,0.33332,1.01000,0,0.16000,0.72667,0.86000,0.25009,0.33938,0.55885,0.35599,-0.93449
1,3013,human_stop_constraint_1_3013_0,human_stop_constraint,probe_05,1,0,human_stop,31,0.57587,1.01000,0,0.07000,0.35004,0.93000,0.23498,0.42502,0.32116,0.93334,0.35899
1,3013,human_stop_constraint_1_3013_0,human_stop_constraint,probe_06,1,0,human_stop,34,0.58027,1.01000,0,0.12000,0.14000,0.88000,0.61333,0.40880,0.39187,0.99901,0.04449
1,4000,combined_abort_stress_1_4000_0,combined_abort_stress,probe_00,1,0,collision_margin,22,0.48664,1.02609,0,0.08170,0.18000,0.90715,0.17675,0.35710,0.19886,0.24913,0.96847
1,4000,combined_abort_stress_1_4000_0,combined_abort_stress,probe_01,1,0,fixture_snag,24,0.50891,1.11860,0,0.07000,0.41200,0.93000,0.34000,0.36621,0.42331,0.99995,0.01041
1,4000,combined_abort_stress_1_4000_0,combined_abort_stress,probe_02,1,0,collision_margin,25,0.50402,1.83390,1,0.12000,0.14000,0.88000,0.43200,0.38533,0.20891,0.93582,0.35248
1,4000,combined_abort_stress_1_4000_0,combined_abort_stress,probe_03,1,0,fixture_snag,21,0.39038,1.01367,0,0.10000,0.86000,0.91000,0.70400,0.36247,0.85985,0.70911,-0.70509
1,4000,combined_abort_stress_1_4000_0,combined_abort_stress,probe_04,1,0,fixture_snag,25,0.57603,1.20332,1,0.16000,0.77200,0.86000,0.19984,0.36860,0.56139,0.86330,-0.50469
1,4000,combined_abort_stress_1_4000_0,combined_abort_stress,probe_05,1,0,collision_margin,25,0.54011,1.10557,0,0.07000,0.19882,0.93000,0.24259,0.36053,0.18073,0.62497,0.78065
1,4000,combined_abort_stress_1_4000_0,combined_abort_stress,probe_06,1,0,visible_collision,22,0.49927,1.00000,1,0.12000,0.14000,0.88000,0.56800,0.30915,0.26134,0.66249,0.74907
1,4000,combined_abort_stress_1_4000_0,combined_abort_stress,probe_07,1,0,fixture_snag,32,0.77401,1.88609,1,0.10000,0.86000,0.91000,0.16000,0.38922,0.58835,0.99945,0.03318
1,4000,combined_abort_stress_1_4000_0,combined_abort_stress,probe_08,1,0,fixture_snag,18,0.39036,1.33019,1,0.16000,0.50000,0.86000,0.47089,0.37248,0.52267,0.94202,0.33555
1,4000,combined_abort_stress_1_4000_0,combined_abort_stress,probe_09,1,0,fixture_snag,24,0.57680,1.11408,0,0.07000,0.62671,0.93000,0.64064,0.36580,0.63650,0.88030,0.47441
1,4000,combined_abort_stress_1_4000_0,combined_abort_stress,probe_10,1,0,collision_margin,27,0.56036,1.10814,0,0.12000,0.14000,0.88000,0.84000,0.37178,0.27159,-0.74993,0.66152
1,4001,combined_abort_stress_1_4001_0,combined_abort_stress,probe_00,1,0,unstable_slip,35,0.73822,1.42905,1,0.07589,0.43793,0.91607,0.62665,0.48573,0.50539,0.61945,0.78504
1,4001,combined_abort_stress_1_4001_0,combined_abort_stress,probe_01,1,0,visible_collision,16,0.39045,1.00000,1,0.07000,0.28580,0.93000,0.30110,0.25753,0.29760,0.88821,0.45943
1,4001,combined_abort_stress_1_4001_0,combined_abort_stress,probe_02,1,0,visible_collision,21,0.40864,1.00000,1,0.12000,0.14000,0.88000,0.50000,0.30352,0.22515,0.56210,-0.82707
1,4001,combined_abort_stress_1_4001_0,combined_abort_stress,probe_03,1,0,human_stop,40,0.90545,0.94500,0,0.10000,0.86000,0.91000,0.36400,0.46094,0.59490,0.96811,-0.25051
1,4001,combined_abort_stress_1_4001_0,combined_abort_stress,probe_04,1,0,collision_margin,41,0.86044,1.08756,0,0.16000,0.77200,0.86000,0.24019,0.50765,0.41072,-0.68405,-0.72944
1,4001,combined_abort_stress_1_4001_0,combined_abort_stress,probe_05,1,0,human_stop,34,0.78103,0.94500,0,0.07000,0.70689,0.93000,0.70255,0.49755,0.69984,0.99945,0.03314
1,4001,combined_abort_stress_1_4001_0,combined_abort_stress,probe_06,1,0,visible_collision,18,0.39782,1.00000,1,0.12000,0.14000,0.88000,0.63600,0.29594,0.22025,0.98343,0.18127
1,4001,combined_abort_stress_1_4001_0,combined_abort_stress,probe_07,1,0,unstable_slip,46,1.02874,0.93164,0,0.10000,0.86000,0.91000,0.22800,0.48655,0.48640,0.94366,0.33092
1,4001,combined_abort_stress_1_4001_0,combined_abort_stress,probe_08,1,0,collision_margin,31,0.70210,1.88732,1,0.16000,0.56800,0.86000,0.47633,0.53399,0.49861,0.96812,-0.25048
1,4001,combined_abort_stress_1_4001_0,combined_abort_stress,probe_09,1,0,collision_margin,38,0.92047,1.88537,1,0.07000,0.42020,0.93000,0.43790,0.53323,0.43413,0.83970,0.54306
1,4001,combined_abort_stress_1_4001_0,combined_abort_stress,probe_10,1,0,visible_collision,20,0.45965,1.00000,1,0.12000,0.14000,0.88000,0.84000,0.30292,0.22469,-0.62348,0.78184
1,4002,combined_abort_stress_1_4002_0,combined_abort_stress,probe_00,1,0,force_limit,27,0.46419,1.53976,1,0.07934,0.45705,0.91308,0.48832,0.41886,0.46719,0.99597,-0.08968
1,4002,combined_abort_stress_1_4002_0,combined_abort_stress,probe_01,1,0,human_stop,30,0.67622,0.94500,0,0.07000,0.64259,0.93000,0.63270,0.42003,0.64170,0.92578,-0.37806
1,4002,combined_abort_stress_1_4002_0,combined_abort_stress,probe_02,1,0,collision_margin,27,0.57145,1.40694,1,0.12000,0.14000,0.88000,0.29600,0.41668,0.19784,0.77944,-0.62648
1,4002,combined_abort_stress_1_4002_0,combined_abort_stress,probe_03,1,0,fixture_snag,29,0.62518,1.72555,1,0.10000,0.86000,0.91000,0.70400,0.44506,0.79968,0.78501,0.61948
1,4002,combined_abort_stress_1_4002_0,combined_abort_stress,probe_04,1,0,force_limit,28,0.51602,1.40628,1,0.16000,0.77200,0.86000,0.19530,0.40596,0.53519,0.69341,-0.72054
1,4002,combined_abort_stress_1_4002_0,combined_abort_stress,probe_05,1,0,fixture_snag,31,0.64548,1.09826,0,0.07000,0.80891,0.93000,0.85554,0.42474,0.80862,0.99270,0.12060
1,4002,combined_abort_stress_1_4002_0,combined_abort_stress,probe_06,1,0,visible_collision,21,0.45376,1.00000,1,0.12000,0.14000,0.88000,0.56800,0.31832,0.27336,0.89955,0.43683
1,4002,combined_abort_stress_1_4002_0,combined_abort_stress,probe_07,1,0,force_limit,36,0.83228,1.03681,1,0.10000,0.86000,0.91000,0.16000,0.40090,0.56177,0.47131,-0.88197
1,4002,combined_abort_stress_1_4002_0,combined_abort_stress,probe_08,1,0,force_limit,20,0.43144,1.24746,1,0.16000,0.43200,0.86000,0.61992,0.38463,0.50783,0.70850,-0.70571
1,4002,combined_abort_stress_1_4002_0,combined_abort_stress,probe_09,1,0,collision_margin,29,0.74991,1.23826,1,0.07000,0.46671,0.93000,0.51664,0.41902,0.45723,0.76060,-0.64922
1,4002,combined_abort_stress_1_4002_0,combined_abort_stress,probe_10,1,0,collision_margin,27,0.54317,1.37377,1,0.12000,0.14000,0.88000,0.22800,0.41550,0.20645,0.90847,-0.41795
1,4003,combined_abort_stress_1_4003_0,combined_abort_stress,probe_00,1,0,fixture_snag,29,0.61571,1.19856,1,0.06542,0.78925,0.92335,0.84000,0.43329,0.79060,-0.83259,-0.55389
1,4003,combined_abort_stress_1_4003_0,combined_abort_stress,probe_01,1,0,collision_margin,31,0.65460,1.27753,1,0.07000,0.38210,0.93000,0.45695,0.44024,0.38367,0.86095,-0.50869
1,4003,combined_abort_stress_1_4003_0,combined_abort_stress,probe_02,1,0,visible_collision,21,0.43965,1.00000,1,0.12000,0.14000,0.88000,0.84000,0.31255,0.25452,0.57117,0.82083
1,4003,combined_abort_stress_1_4003_0,combined_abort_stress,probe_03,1,0,collision_margin,38,0.82180,0.99753,0,0.10000,0.86000,0.91000,0.22800,0.42974,0.56472,-0.96845,-0.24922
1,4003,combined_abort_stress_1_4003_0,combined_abort_stress,probe_04,1,0,collision_margin,24,0.57745,0.96809,0,0.16000,0.36400,0.86000,0.59595,0.42942,0.44024,0.98841,-0.15182
1,4003,combined_abort_stress_1_4003_0,combined_abort_stress,probe_05,1,0,collision_margin,32,0.67793,1.30673,1,0.07000,0.55931,0.93000,0.57234,0.43708,0.55497,0.99891,-0.04657
1,4003,combined_abort_stress_1_4003_0,combined_abort_stress,probe_06,1,0,collision_margin,30,0.54513,1.79231,1,0.12000,0.14000,0.88000,0.29600,0.46093,0.17724,0.63890,0.76929
1,4003,combined_abort_stress_1_4003_0,combined_abort_stress,probe_07,1,0,collision_margin,40,0.82142,1.39853,1,0.10000,0.86000,0.91000,0.16000,0.44039,0.53173,0.74473,-0.66737
1,4003,combined_abort_stress_1_4003_0,combined_abort_stress,probe_08,1,0,collision_margin,32,0.57624,0.98513,0,0.16000,0.77200,0.86000,0.17750,0.42877,0.48915,0.69485,-0.71915
1,4003,combined_abort_stress_1_4003_0,combined_abort_stress,probe_09,1,0,visible_collision,53,1.19064,1.00000,1,0.07000,0.66741,0.93000,0.62030,0.72340,0.68026,0.99745,0.07141
1,4003,combined_abort_stress_1_4003_0,combined_abort_stress,probe_10,1,0,visible_collision,23,0.50666,1.00000,1,0.12000,0.14000,0.88000,0.50000,0.32250,0.27097,0.68712,0.72654
1,4004,combined_abort_stress_1_4004_0,combined_abort_stress,probe_00,1,0,human_stop,29,0.54364,0.94500,0,0.07921,0.44741,0.91951,0.32955,0.40169,0.39011,0.97237,-0.23344
1,4004,combined_abort_stress_1_4004_0,combined_abort_stress,probe_01,1,0,visible_collision,19,0.45043,1.00000,1,0.07000,0.24878,0.93000,0.21761,0.29384,0.22598,0.99967,0.02551
1,4004,combined_abort_stress_1_4004_0,combined_abort_stress,probe_02,1,0,visible_collision,33,0.77618,1.00000,1,0.12000,0.14000,0.88000,0.16000,0.48314,0.11128,0.94387,0.33033
1,4004,combined_abort_stress_1_4004_0,combined_abort_stress,probe_03,1,0,fixture_snag,30,0.68619,1.39447,1,0.10000,0.86000,0.91000,0.84000,0.49017,0.86736,0.81061,-0.58558
1,4004,combined_abort_stress_1_4004_0,combined_abort_stress,probe_04,1,0,human_stop,30,0.51264,0.94500,0,0.16000,0.63600,0.86000,0.34887,0.45326,0.47899,0.97413,-0.22600
1,4004,combined_abort_stress_1_4004_0,combined_abort_stress,probe_05,1,0,visible_collision,18,0.45746,1.00000,1,0.07000,0.24925,0.93000,0.31937,0.29258,0.22220,0.80716,-0.59033
1,4004,combined_abort_stress_1_4004_0,combined_abort_stress,probe_06,1,0,visible_collision,16,0.29238,1.00000,1,0.12000,0.14000,0.88000,0.50000,0.24893,0.21322,0.81213,0.58347
1,4004,combined_abort_stress_1_4004_0,combined_abort_stress,probe_07,1,0,fixture_snag,34,0.67941,1.10428,0,0.10000,0.86000,0.91000,0.77200,0.49366,0.79810,0.73804,0.67476
1,4004,combined_abort_stress_1_4004_0,combined_abort_stress,probe_08,1,0,human_stop,30,0.55526,0.94500,0,0.16000,0.70400,0.86000,0.26056,0.39956,0.45800,0.19407,-0.98099
1,4004,combined_abort_stress_1_4004_0,combined_abort_stress,probe_09,1,0,human_stop,27,0.55808,0.94500,0,0.07000,0.40992,0.93000,0.44304,0.39123,0.42316,0.80019,-0.59974
1,4004,combined_abort_stress_1_4004_0,combined_abort_stress,probe_10,1,0,human_stop,34,0.75623,0.94500,0,0.12000,0.14000,0.88000,0.56800,0.42695,0.35844,0.61375,0.78950
1,4005,combined_abort_stress_1_4005_0,combined_abort_stress,probe_00,1,0,collision_margin,28,0.49721,1.21599,1,0.08239,0.47376,0.91636,0.50207,0.43350,0.45770,0.99166,-0.12888
1,4005,combined_abort_stress_1_4005_0,combined_abort_stress,probe_01,1,0,collision_margin,30,0.64356,0.97240,0,0.07000,0.47372,0.93000,0.51314,0.42732,0.48222,0.83814,0.54545
1,4005,combined_abort_stress_1_4005_0,combined_abort_stress,probe_02,1,0,collision_margin,28,0.60503,1.31162,1,0.12000,0.14000,0.88000,0.43200,0.42279,0.19507,0.70698,0.70724
1,4005,combined_abort_stress_1_4005_0,combined_abort_stress,probe_03,1,0,fixture_snag,26,0.51533,1.39699,1,0.10000,0.86000,0.91000,0.84000,0.42330,0.86637,0.99814,-0.06095
1,4005,combined_abort_stress_1_4005_0,combined_abort_stress,probe_04,1,0,visible_collision,12,0.19247,1.00000,1,0.16000,0.16000,0.86000,0.79775,0.25675,0.25570,0.37818,0.92573
1,4005,combined_abort_stress_1_4005_0,combined_abort_stress,probe_05,1,0,collision_margin,31,0.78073,1.07665,0,0.07000,0.62802,0.93000,0.74199,0.44622,0.65556,0.90132,-0.43316
1,4005,combined_abort_stress_1_4005_0,combined_abort_stress,probe_06,1,0,visible_collision,22,0.38847,1.00000,1,0.12000,0.14000,0.88000,0.77200,0.31497,0.26604,0.75175,0.65945
1,4005,combined_abort_stress_1_4005_0,combined_abort_stress,probe_07,1,0,fixture_snag,28,0.52465,1.26466,1,0.10000,0.86000,0.91000,0.63600,0.42211,0.81919,0.99943,0.03362
1,4005,combined_abort_stress_1_4005_0,combined_abort_stress,probe_08,1,0,collision_margin,26,0.59154,1.71059,1,0.16000,0.56800,0.86000,0.45704,0.45206,0.52340,0.99512,0.09869
1,4005,combined_abort_stress_1_4005_0,combined_abort_stress,probe_09,1,0,visible_collision,16,0.43350,1.00000,1,0.07000,0.26495,0.93000,0.31152,0.26128,0.25851,0.70116,0.71300
1,4005,combined_abort_stress_1_4005_0,combined_abort_stress,probe_10,1,0,collision_margin,27,0.61198,1.31338,1,0.12000,0.14000,0.88000,0.22800,0.42250,0.18836,0.93303,-0.35980
1,4006,combined_abort_stress_1_4006_0,combined_abort_stress,probe_00,1,0,collision_margin,37,0.75161,1.17844,1,0.07303,0.44518,0.91724,0.42435,0.52281,0.43103,0.23088,-0.97298
1,4006,combined_abort_stress_1_4006_0,combined_abort_stress,probe_01,1,0,visible_collision,15,0.35533,1.00000,1,0.07000,0.27831,0.93000,0.30484,0.24043,0.30764,0.38575,0.92260
1,4006,combined_abort_stress_1_4006_0,combined_abort_stress,probe_02,1,0,collision_margin,49,1.03145,1.14084,0,0.12000,0.14000,0.88000,0.77200,0.53194,0.51160,0.92823,-0.37201
1,4006,combined_abort_stress_1_4006_0,combined_abort_stress,probe_03,1,0,fixture_snag,32,0.70497,1.33930,1,0.10000,0.86000,0.91000,0.70400,0.47573,0.79569,0.77160,-0.63611
1,4006,combined_abort_stress_1_4006_0,combined_abort_stress,probe_04,1,0,force_limit,19,0.39177,1.60547,1,0.16000,0.63600,0.86000,0.37668,0.34043,0.56914,0.99859,0.05315
1,4006,combined_abort_stress_1_4006_0,combined_abort_stress,probe_05,1,0,collision_margin,37,0.80756,0.95900,0,0.07000,0.37971,0.93000,0.45814,0.51613,0.43164,0.99167,-0.12884
1,4006,combined_abort_stress_1_4006_0,combined_abort_stress,probe_06,1,0,collision_margin,31,0.73608,1.30310,1,0.12000,0.14000,0.88000,0.16000,0.48640,0.11574,0.99779,0.06640
1,4006,combined_abort_stress_1_4006_0,combined_abort_stress,probe_07,1,0,force_limit,31,0.77665,1.34689,1,0.10000,0.86000,0.91000,0.22800,0.37880,0.59800,0.12779,-0.99180
1,4006,combined_abort_stress_1_4006_0,combined_abort_stress,probe_08,1,0,force_limit,21,0.44668,1.64664,1,0.16000,0.50000,0.86000,0.50434,0.40434,0.52709,0.64910,0.76070
1,4006,combined_abort_stress_1_4006_0,combined_abort_stress,probe_09,1,0,fixture_snag,34,0.77775,1.81479,1,0.07000,0.81159,0.93000,0.85420,0.49675,0.79948,0.92621,0.37701
1,4006,combined_abort_stress_1_4006_0,combined_abort_stress,probe_10,1,0,collision_margin,32,0.71772,1.39004,1,0.12000,0.14000,0.88000,0.36400,0.49777,0.18381,0.54474,-0.83860
1,4007,combined_abort_stress_1_4007_0,combined_abort_stress,probe_00,1,0,collision_margin,34,0.72087,1.47158,1,0.07313,0.39589,0.90875,0.30396,0.50108,0.38627,-0.61764,0.78646
1,4007,combined_abort_stress_1_4007_0,combined_abort_stress,probe_01,1,0,collision_margin,35,0.77098,1.04024,0,0.07000,0.39459,0.93000,0.45070,0.48789,0.38638,0.77312,-0.63426
1,4007,combined_abort_stress_1_4007_0,combined_abort_stress,probe_02,1,0,collision_margin,33,0.65013,0.95508,0,0.12000,0.14000,0.88000,0.36400,0.48686,0.18021,0.76015,0.64975
1,4007,combined_abort_stress_1_4007_0,combined_abort_stress,probe_03,1,0,fixture_snag,31,0.77079,1.06656,0,0.10000,0.86000,0.91000,0.77200,0.48220,0.85043,0.78503,-0.61945
1,4007,combined_abort_stress_1_4007_0,combined_abort_stress,probe_04,1,0,collision_margin,29,0.55679,1.83299,1,0.16000,0.56800,0.86000,0.44135,0.51526,0.51206,0.99890,-0.04697
1,4007,combined_abort_stress_1_4007_0,combined_abort_stress,probe_05,1,0,fixture_snag,34,0.76404,1.28031,1,0.07000,0.82802,0.93000,0.84599,0.48803,0.84393,0.99972,-0.02363
1,4007,combined_abort_stress_1_4007_0,combined_abort_stress,probe_06,1,0,collision_margin,31,0.69907,1.74261,1,0.12000,0.14000,0.88000,0.16000,0.51132,0.12946,0.34506,-0.93858
1,4007,combined_abort_stress_1_4007_0,combined_abort_stress,probe_07,1,0,fixture_snag,33,0.94469,1.58463,1,0.10000,0.86000,0.91000,0.63600,0.49590,0.83061,0.77087,0.63699
1,4007,combined_abort_stress_1_4007_0,combined_abort_stress,probe_08,1,0,collision_margin,35,0.91634,1.05277,0,0.16000,0.29600,0.86000,0.67241,0.48754,0.48180,0.98695,-0.16100
1,4007,combined_abort_stress_1_4007_0,combined_abort_stress,probe_09,1,0,collision_margin,35,0.75575,1.08694,0,0.07000,0.51104,0.93000,0.49448,0.48825,0.52619,0.65860,-0.75250
1,4007,combined_abort_stress_1_4007_0,combined_abort_stress,probe_10,1,0,collision_margin,38,0.75293,1.03816,0,0.12000,0.14000,0.88000,0.70400,0.48807,0.35477,-0.91925,0.39367
1,4008,combined_abort_stress_1_4008_0,combined_abort_stress,probe_00,1,0,fixture_snag,34,0.72804,1.00082,0,0.07701,0.82000,0.90765,0.84000,0.48385,0.88055,0.69185,0.72204
1,4008,combined_abort_stress_1_4008_0,combined_abort_stress,probe_01,1,0,fixture_snag,35,0.83625,1.44015,1,0.07000,0.84275,0.93000,0.83862,0.49536,0.83656,0.59534,-0.80348
1,4008,combined_abort_stress_1_4008_0,combined_abort_stress,probe_02,1,0,collision_margin,36,0.70399,1.26226,1,0.12000,0.14000,0.88000,0.36400,0.51865,0.20105,0.32604,0.94535
1,4008,combined_abort_stress_1_4008_0,combined_abort_stress,probe_03,1,0,fixture_snag,33,0.64340,1.31925,1,0.10000,0.86000,0.91000,0.77200,0.49042,0.80533,0.99067,-0.13628
1,4008,combined_abort_stress_1_4008_0,combined_abort_stress,probe_04,1,0,visible_collision,16,0.34211,1.00000,1,0.16000,0.16000,0.86000,0.79367,0.30960,0.22540,0.74053,0.67202
1,4008,combined_abort_stress_1_4008_0,combined_abort_stress,probe_05,1,0,fixture_snag,34,0.73084,1.28531,1,0.07000,0.72872,0.93000,0.69164,0.48656,0.73569,0.99971,0.02400
1,4008,combined_abort_stress_1_4008_0,combined_abort_stress,probe_06,1,0,visible_collision,19,0.44931,1.00000,1,0.12000,0.14000,0.88000,0.63600,0.30629,0.21721,-0.27718,0.96082
1,4008,combined_abort_stress_1_4008_0,combined_abort_stress,probe_07,1,0,fixture_snag,35,0.82134,1.50237,1,0.10000,0.86000,0.91000,0.56800,0.49400,0.75707,0.97702,-0.21314
1,4008,combined_abort_stress_1_4008_0,combined_abort_stress,probe_08,1,0,fixture_snag,33,0.56316,1.44551,1,0.16000,0.29600,0.86000,0.67468,0.48118,0.48459,0.63455,0.77289
1,4008,combined_abort_stress_1_4008_0,combined_abort_stress,probe_09,1,0,fixture_snag,34,0.72017,1.46763,1,0.07000,0.52429,0.93000,0.48785,0.48321,0.51791,0.85009,0.52663
1,4008,combined_abort_stress_1_4008_0,combined_abort_stress,probe_10,1,0,collision_margin,34,0.67558,1.10059,0,0.12000,0.14000,0.88000,0.22800,0.51340,0.20021,0.99652,0.08333
1,4009,combined_abort_stress_1_4009_0,combined_abort_stress,probe_00,0,1,none,73,1.62089,0.00000,0,0.06973,0.46593,0.92128,0.36992,0.92373,0.38330,0.96916,0.24643
1,4009,combined_abort_stress_1_4009_0,combined_abort_stress,probe_01,1,0,force_limit,30,0.61370,1.86354,1,0.07000,0.21679,0.93000,0.23360,0.42328,0.23168,0.78279,-0.62228
1,4009,combined_abort_stress_1_4009_0,combined_abort_stress,probe_02,1,0,force_limit,27,0.48283,1.59568,1,0.12000,0.14000,0.88000,0.50000,0.38551,0.27810,0.84716,0.53134
1,4009,combined_abort_stress_1_4009_0,combined_abort_stress,probe_03,1,0,human_stop,56,1.23962,0.94500,0,0.10000,0.86000,0.91000,0.29600,0.58854,0.42068,0.75714,-0.65325
1,4009,combined_abort_stress_1_4009_0,combined_abort_stress,probe_04,1,0,fixture_snag,32,0.73200,1.40845,1,0.16000,0.63600,0.86000,0.39261,0.51899,0.55201,0.98476,-0.17393
1,4009,combined_abort_stress_1_4009_0,combined_abort_stress,probe_05,1,0,visible_collision,14,0.25201,1.00000,1,0.07000,0.36361,0.93000,0.46620,0.23483,0.35713,0.65400,0.75649
1,4009,combined_abort_stress_1_4009_0,combined_abort_stress,probe_06,1,0,visible_collision,31,0.68848,1.00000,1,0.12000,0.14000,0.88000,0.16000,0.49637,0.10817,0.99328,-0.11575
1,4009,combined_abort_stress_1_4009_0,combined_abort_stress,probe_07,1,0,fixture_snag,37,0.79042,1.13936,0,0.10000,0.86000,0.91000,0.56800,0.50777,0.74843,0.69123,-0.72263
1,4009,combined_abort_stress_1_4009_0,combined_abort_stress,probe_08,1,0,human_stop,50,1.14363,0.94500,0,0.16000,0.84000,0.86000,0.12000,0.56526,0.42762,0.64991,-0.76001
1,4009,combined_abort_stress_1_4009_0,combined_abort_stress,probe_09,1,0,fixture_snag,36,0.66048,1.28692,1,0.07000,0.76026,0.93000,0.67587,0.51202,0.76231,0.84586,-0.53340
1,4009,combined_abort_stress_1_4009_0,combined_abort_stress,probe_10,1,0,force_limit,31,0.70309,1.12632,1,0.12000,0.14000,0.88000,0.36400,0.47117,0.19503,0.64008,0.76831
1,4010,combined_abort_stress_1_4010_0,combined_abort_stress,probe_00,1,0,visible_collision,13,0.29280,1.00000,1,0.07722,0.18000,0.90865,0.16000,0.23016,0.19557,0.58691,0.80965
1,4010,combined_abort_stress_1_4010_0,combined_abort_stress,probe_01,1,0,collision_margin,37,0.69838,1.13859,0,0.07000,0.51829,0.93000,0.59286,0.52182,0.50595,0.79901,0.60132
1,4010,combined_abort_stress_1_4010_0,combined_abort_stress,probe_02,1,0,visible_collision,15,0.35546,1.00000,1,0.12000,0.14000,0.88000,0.43200,0.25135,0.24246,0.98864,0.15033
1,4010,combined_abort_stress_1_4010_0,combined_abort_stress,probe_03,1,0,collision_margin,47,1.25074,1.24937,1,0.10000,0.86000,0.91000,0.36400,0.52896,0.52423,0.78920,-0.61414
1,4010,combined_abort_stress_1_4010_0,combined_abort_stress,probe_04,0,1,none,74,1.61921,0.00000,0,0.16000,0.29600,0.86000,0.71726,0.87296,0.71529,0.06074,0.99815
1,4010,combined_abort_stress_1_4010_0,combined_abort_stress,probe_05,1,0,collision_margin,38,0.82108,1.04831,0,0.07000,0.52457,0.93000,0.48771,0.51919,0.50788,0.98264,-0.18554
1,4010,combined_abort_stress_1_4010_0,combined_abort_stress,probe_06,1,0,visible_collision,16,0.39815,1.00000,1,0.12000,0.14000,0.88000,0.84000,0.24606,0.24330,0.97795,-0.20884
1,4010,combined_abort_stress_1_4010_0,combined_abort_stress,probe_07,1,0,collision_margin,48,1.15226,1.04204,0,0.10000,0.86000,0.91000,0.22800,0.51646,0.46970,0.99814,0.06102
1,4010,combined_abort_stress_1_4010_0,combined_abort_stress,probe_08,1,0,force_limit,52,1.11274,1.18632,1,0.16000,0.63600,0.86000,0.42901,0.72547,0.50211,0.81296,-0.58231
1,4010,combined_abort_stress_1_4010_0,combined_abort_stress,probe_09,1,0,visible_collision,19,0.33060,1.00000,1,0.07000,0.19029,0.93000,0.14486,0.25506,0.16543,0.48182,-0.87627
1,4010,combined_abort_stress_1_4010_0,combined_abort_stress,probe_10,1,0,human_stop,29,0.49607,0.94500,0,0.12000,0.14000,0.88000,0.77200,0.33880,0.38767,0.86345,0.50443
1,4011,combined_abort_stress_1_4011_0,combined_abort_stress,probe_00,1,0,human_stop,23,0.46561,0.94500,0,0.07789,0.46537,0.90968,0.43274,0.34886,0.45388,0.98866,0.15016
1,4011,combined_abort_stress_1_4011_0,combined_abort_stress,probe_01,1,0,fixture_snag,31,0.71563,1.05993,0,0.07000,0.58586,0.93000,0.55907,0.42481,0.57448,0.99991,-0.01370
1,4011,combined_abort_stress_1_4011_0,combined_abort_stress,probe_02,1,0,collision_margin,28,0.58763,1.43848,1,0.12000,0.14000,0.88000,0.22800,0.41556,0.17956,0.86453,0.50258
1,4011,combined_abort_stress_1_4011_0,combined_abort_stress,probe_03,1,0,fixture_snag,32,0.78000,1.83304,1,0.10000,0.86000,0.91000,0.50000,0.45229,0.74579,0.99999,-0.00444
1,4011,combined_abort_stress_1_4011_0,combined_abort_stress,probe_04,1,0,visible_collision,17,0.31752,1.00000,1,0.16000,0.16000,0.86000,0.81204,0.31092,0.24990,0.70626,-0.70795
1,4011,combined_abort_stress_1_4011_0,combined_abort_stress,probe_05,1,0,fixture_snag,31,0.67360,1.15991,1,0.07000,0.66830,0.93000,0.61985,0.42733,0.64804,0.77414,-0.63301
1,4011,combined_abort_stress_1_4011_0,combined_abort_stress,probe_06,1,0,human_stop,43,0.95329,0.94500,0,0.12000,0.14000,0.88000,0.77200,0.48143,0.41642,0.74009,0.67250
1,4011,combined_abort_stress_1_4011_0,combined_abort_stress,probe_07,1,0,fixture_snag,35,0.68944,1.85189,1,0.10000,0.86000,0.91000,0.43200,0.45223,0.67022,0.98041,-0.19697
1,4011,combined_abort_stress_1_4011_0,combined_abort_stress,probe_08,1,0,human_stop,25,0.48356,0.94500,0,0.16000,0.70400,0.86000,0.26026,0.35282,0.50051,0.53185,-0.84684
1,4011,combined_abort_stress_1_4011_0,combined_abort_stress,probe_09,1,0,visible_collision,19,0.37918,1.00000,1,0.07000,0.34983,0.93000,0.37109,0.27241,0.32436,0.94999,-0.31229
1,4011,combined_abort_stress_1_4011_0,combined_abort_stress,probe_10,1,0,visible_collision,20,0.38514,1.00000,1,0.12000,0.14000,0.88000,0.84000,0.24762,0.31083,0.93794,-0.34680
1,4012,combined_abort_stress_1_4012_0,combined_abort_stress,probe_00,1,0,collision_margin,40,0.88641,1.06403,0,0.06679,0.50707,0.91361,0.36702,0.51664,0.42947,0.04116,0.99915
1,4012,combined_abort_stress_1_4012_0,combined_abort_stress,probe_01,1,0,collision_margin,37,0.83570,0.95683,0,0.07000,0.53768,0.93000,0.58316,0.52064,0.54268,0.98854,0.15094
1,4012,combined_abort_stress_1_4012_0,combined_abort_stress,probe_02,1,0,visible_collision,16,0.35880,1.00000,1,0.12000,0.14000,0.88000,0.43200,0.24405,0.23806,0.89317,0.44971
1,4012,combined_abort_stress_1_4012_0,combined_abort_stress,probe_03,1,0,fixture_snag,31,0.76816,0.97397,0,0.10000,0.86000,0.91000,0.63600,0.46562,0.80490,0.73429,-0.67883
1,4012,combined_abort_stress_1_4012_0,combined_abort_stress,probe_04,1,0,visible_collision,10,0.19720,1.00000,1,0.16000,0.16000,0.86000,0.81342,0.25221,0.23663,0.95607,0.29314
1,4012,combined_abort_stress_1_4012_0,combined_abort_stress,probe_05,1,0,visible_collision,15,0.29268,1.00000,1,0.07000,0.23923,0.93000,0.22238,0.25384,0.24246,0.99538,-0.09599
1,4012,combined_abort_stress_1_4012_0,combined_abort_stress,probe_06,1,0,visible_collision,15,0.28204,1.00000,1,0.12000,0.14000,0.88000,0.84000,0.24899,0.24314,0.92925,0.36944
1,4012,combined_abort_stress_1_4012_0,combined_abort_stress,probe_07,1,0,collision_margin,47,1.09526,1.64618,1,0.10000,0.86000,0.91000,0.36400,0.54243,0.55307,0.83745,-0.54652
1,4012,combined_abort_stress_1_4012_0,combined_abort_stress,probe_08,1,0,collision_margin,40,0.99071,1.74043,1,0.16000,0.70400,0.86000,0.30706,0.53805,0.44014,0.85929,0.51150
1,4012,combined_abort_stress_1_4012_0,combined_abort_stress,probe_09,1,0,collision_margin,37,0.74871,1.24143,1,0.07000,0.49696,0.93000,0.50152,0.52641,0.49683,0.84520,0.53446
1,4012,combined_abort_stress_1_4012_0,combined_abort_stress,probe_10,1,0,collision_margin,50,1.13417,1.23483,1,0.12000,0.14000,0.88000,0.77200,0.52848,0.53218,0.97847,0.20639
1,4013,combined_abort_stress_1_4013_0,combined_abort_stress,probe_00,1,0,human_stop,29,0.62657,0.94500,0,0.07116,0.40802,0.91652,0.34327,0.41440,0.41312,0.77241,-0.63512
1,4013,combined_abort_stress_1_4013_0,combined_abort_stress,probe_01,1,0,visible_collision,19,0.41207,1.00000,1,0.07000,0.28313,0.93000,0.30244,0.27822,0.26704,0.65002,-0.75992
1,4013,combined_abort_stress_1_4013_0,combined_abort_stress,probe_02,1,0,human_stop,41,0.93545,0.94500,0,0.12000,0.14000,0.88000,0.50000,0.50809,0.34445,0.18665,0.98243
1,4013,combined_abort_stress_1_4013_0,combined_abort_stress,probe_03,1,0,human_stop,43,0.90283,0.94500,0,0.10000,0.86000,0.91000,0.22800,0.47350,0.48933,-0.06449,-0.99792
1,4013,combined_abort_stress_1_4013_0,combined_abort_stress,probe_04,1,0,human_stop,33,0.70042,0.94500,0,0.16000,0.70400,0.86000,0.25577,0.43226,0.45714,0.70180,-0.71237
1,4013,combined_abort_stress_1_4013_0,combined_abort_stress,probe_05,1,0,collision_margin,36,0.84034,0.97730,0,0.07000,0.10000,0.93000,0.20617,0.48743,0.12964,0.99583,0.09118
1,4013,combined_abort_stress_1_4013_0,combined_abort_stress,probe_06,1,0,visible_collision,15,0.32950,1.00000,1,0.12000,0.14000,0.88000,0.43200,0.24165,0.25044,0.83331,-0.55280
1,4013,combined_abort_stress_1_4013_0,combined_abort_stress,probe_07,1,0,fixture_snag,33,0.82036,1.33459,1,0.10000,0.86000,0.91000,0.63600,0.49700,0.81565,0.38990,0.92086
1,4013,combined_abort_stress_1_4013_0,combined_abort_stress,probe_08,1,0,fixture_snag,30,0.65752,1.86927,1,0.16000,0.56800,0.86000,0.45685,0.52078,0.50898,0.98152,-0.19134
1,4013,combined_abort_stress_1_4013_0,combined_abort_stress,probe_09,1,0,fixture_snag,36,0.95703,1.33028,1,0.07000,0.76309,0.93000,0.77646,0.49759,0.76670,0.91453,0.40452
1,4013,combined_abort_stress_1_4013_0,combined_abort_stress,probe_10,1,0,visible_collision,17,0.35809,1.00000,1,0.12000,0.14000,0.88000,0.84000,0.25545,0.25733,0.92984,-0.36795
2,0,nominal_known_constraints_2_0_0,nominal_known_constraints,probe_00,0,1,none,70,0.93410,0.00000,0,0.07688,0.29242,0.91400,0.22368,0.90664,0.21235,0.88653,0.46268
2,0,nominal_known_constraints_2_0_0,nominal_known_constraints,probe_01,0,1,none,71,0.96480,0.00000,0,0.07000,0.84870,0.93000,0.83565,0.92894,0.83673,0.80431,-0.59421
2,0,nominal_known_constraints_2_0_0,nominal_known_constraints,probe_02,0,1,none,78,1.01102,0.00000,0,0.12000,0.14000,0.88000,0.50000,0.88308,0.50936,0.92013,0.39160
2,0,nominal_known_constraints_2_0_0,nominal_known_constraints,probe_03,0,1,none,93,1.18224,0.00000,0,0.10000,0.86000,0.91000,0.16000,0.91000,0.15955,0.99605,0.08881
2,0,nominal_known_constraints_2_0_0,nominal_known_constraints,probe_04,1,0,visible_collision,62,0.83716,1.00000,1,0.16000,0.33000,0.86000,0.76471,0.75215,0.68294,-0.18860,0.98205
2,1,nominal_known_constraints_2_1_0,nominal_known_constraints,probe_00,0,1,none,73,1.02427,0.00000,0,0.08045,0.73711,0.92126,0.63356,0.90906,0.63877,0.54988,0.83524
2,1,nominal_known_constraints_2_1_0,nominal_known_constraints,probe_01,0,1,none,72,0.97241,0.00000,0,0.07000,0.14495,0.93000,0.16752,0.93281,0.16771,0.69472,0.71928
2,1,nominal_known_constraints_2_1_0,nominal_known_constraints,probe_02,0,1,none,71,0.94580,0.00000,0,0.12000,0.14000,0.88000,0.33000,0.88261,0.34006,0.73379,0.67937
2,1,nominal_known_constraints_2_1_0,nominal_known_constraints,probe_03,0,1,none,73,0.97402,0.00000,0,0.10000,0.86000,0.91000,0.67000,0.90768,0.66355,0.19722,-0.98036
2,1,nominal_known_constraints_2_1_0,nominal_known_constraints,probe_04,0,1,none,57,0.78874,0.00000,0,0.16000,0.50000,0.86000,0.50543,0.86293,0.50898,0.84212,0.53929
2,2,nominal_known_constraints_2_2_0,nominal_known_constraints,probe_00,0,1,none,69,0.93592,0.00000,0,0.07118,0.39312,0.92131,0.39006,0.90692,0.38426,0.97942,0.20184
2,2,nominal_known_constraints_2_2_0,nominal_known_constraints,probe_01,0,1,none,75,1.01726,0.00000,0,0.07000,0.19514,0.93000,0.14243,0.94232,0.13467,0.62574,0.78003
2,2,nominal_known_constraints_2_2_0,nominal_known_constraints,probe_02,0,1,none,71,0.98248,0.00000,0,0.12000,0.14000,0.88000,0.33000,0.88890,0.33791,0.67110,0.74137
2,2,nominal_known_constraints_2_2_0,nominal_known_constraints,probe_03,0,1,none,79,1.06993,0.00000,0,0.10000,0.86000,0.91000,0.50000,0.91370,0.52025,0.99142,0.13072
2,2,nominal_known_constraints_2_2_0,nominal_known_constraints,probe_04,0,1,none,87,1.15519,0.00000,0,0.16000,0.84000,0.86000,0.12000,0.85697,0.11610,-0.00260,-1.00000
2,3,nominal_known_constraints_2_3_0,nominal_known_constraints,probe_00,0,1,none,67,0.92473,0.00000,0,0.07581,0.64873,0.91779,0.62937,0.91200,0.63914,0.99983,0.01848
2,3,nominal_known_constraints_2_3_0,nominal_known_constraints,probe_01,0,1,none,72,0.97521,0.00000,0,0.07000,0.65193,0.93000,0.67904,0.93935,0.69180,0.70233,0.71186
2,3,nominal_known_constraints_2_3_0,nominal_known_constraints,probe_02,0,1,none,71,0.95634,0.00000,0,0.12000,0.14000,0.88000,0.33000,0.89611,0.34087,0.39780,0.91747
2,3,nominal_known_constraints_2_3_0,nominal_known_constraints,probe_03,0,1,none,79,1.05594,0.00000,0,0.10000,0.86000,0.91000,0.50000,0.90958,0.50953,0.99710,0.07607
2,3,nominal_known_constraints_2_3_0,nominal_known_constraints,probe_04,0,1,none,83,1.08875,0.00000,0,0.16000,0.84000,0.86000,0.18246,0.86249,0.18375,0.95671,-0.29104
2,4,nominal_known_constraints_2_4_0,nominal_known_constraints,probe_00,0,1,none,75,1.00880,0.00000,0,0.06645,0.27748,0.91199,0.28253,0.91480,0.28440,0.30426,0.95259
2,4,nominal_known_constraints_2_4_0,nominal_known_constraints,probe_01,0,1,none,76,1.00075,0.00000,0,0.07000,0.24619,0.93000,0.37190,0.93188,0.35628,0.91042,0.41369
2,4,nominal_known_constraints_2_4_0,nominal_known_constraints,probe_02,0,1,none,64,0.85307,0.00000,0,0.12000,0.14000,0.88000,0.16000,0.89037,0.16048,0.35602,0.93448
2,4,nominal_known_constraints_2_4_0,nominal_known_constraints,probe_03,0,1,none,66,0.91828,0.00000,0,0.10000,0.86000,0.91000,0.84000,0.91359,0.83757,0.89760,-0.44082
2,4,nominal_known_constraints_2_4_0,nominal_known_constraints,probe_04,0,1,none,57,0.76427,0.00000,0,0.16000,0.50000,0.86000,0.50312,0.86167,0.51023,0.95804,0.28663
2,5,nominal_known_constraints_2_5_0,nominal_known_constraints,probe_00,0,1,none,68,0.94564,0.00000,0,0.07608,0.62488,0.91743,0.57519,0.91903,0.58686,0.90792,-0.41914
2,5,nominal_known_constraints_2_5_0,nominal_known_constraints,probe_01,0,1,none,71,0.97824,0.00000,0,0.07000,0.33103,0.93000,0.32948,0.93531,0.33859,0.99943,-0.03379
2,5,nominal_known_constraints_2_5_0,nominal_known_constraints,probe_02,0,1,none,91,1.20073,0.00000,0,0.12000,0.14000,0.88000,0.84000,0.88346,0.84318,0.88028,0.47446
2,5,nominal_known_constraints_2_5_0,nominal_known_constraints,probe_03,0,1,none,73,0.98501,0.00000,0,0.10000,0.86000,0.91000,0.67000,0.90855,0.66406,0.61233,-0.79060
2,5,nominal_known_constraints_2_5_0,nominal_known_constraints,probe_04,0,1,none,59,0.76894,0.00000,0,0.16000,0.50000,0.86000,0.46690,0.86120,0.46417,0.98973,0.14295
2,6,nominal_known_constraints_2_6_0,nominal_known_constraints,probe_00,0,1,none,71,0.95215,0.00000,0,0.07624,0.54709,0.91640,0.62811,0.90764,0.63554,0.67641,0.73652
2,6,nominal_known_constraints_2_6_0,nominal_known_constraints,probe_01,0,1,none,71,1.00558,0.00000,0,0.07000,0.32504,0.93000,0.33248,0.93883,0.34613,0.95063,0.31032
2,6,nominal_known_constraints_2_6_0,nominal_known_constraints,probe_02,0,1,none,91,1.18363,0.00000,0,0.12000,0.14000,0.88000,0.84000,0.88890,0.83771,0.69135,0.72252
2,6,nominal_known_constraints_2_6_0,nominal_known_constraints,probe_03,0,1,none,79,1.07046,0.00000,0,0.10000,0.86000,0.91000,0.50000,0.91045,0.51109,0.99525,0.09731
2,6,nominal_known_constraints_2_6_0,nominal_known_constraints,probe_04,0,1,none,69,0.92376,0.00000,0,0.16000,0.67000,0.86000,0.35894,0.85836,0.36668,0.04621,-0.99893
2,7,nominal_known_constraints_2_7_0,nominal_known_constraints,probe_00,0,1,none,70,0.97818,0.00000,0,0.06574,0.82000,0.92401,0.84000,0.91189,0.83867,0.98617,0.16572
2,7,nominal_known_constraints_2_7_0,nominal_known_constraints,probe_01,0,1,none,71,0.98202,0.00000,0,0.07000,0.66212,0.93000,0.67394,0.94564,0.65856,0.99763,-0.06877
2,7,nominal_known_constraints_2_7_0,nominal_known_constraints,probe_02,0,1,none,91,1.25083,0.00000,0,0.12000,0.14000,0.88000,0.84000,0.88844,0.83705,0.42297,0.90614
2,7,nominal_known_constraints_2_7_0,nominal_known_constraints,probe_03,0,1,none,93,1.23747,0.00000,0,0.10000,0.86000,0.91000,0.16000,0.91883,0.15931,0.95351,-0.30135
2,7,nominal_known_constraints_2_7_0,nominal_known_constraints,probe_04,0,1,none,70,0.94982,0.00000,0,0.16000,0.33000,0.86000,0.65134,0.85785,0.66950,0.68038,0.73286
2,8,nominal_known_constraints_2_8_0,nominal_known_constraints,probe_00,0,1,none,69,0.94342,0.00000,0,0.07929,0.29432,0.91756,0.34421,0.91634,0.34204,0.97397,0.22669
2,8,nominal_known_constraints_2_8_0,nominal_known_constraints,probe_01,0,1,none,73,0.97831,0.00000,0,0.07000,0.19364,0.93000,0.14318,0.93904,0.13982,0.94949,0.31380
2,8,nominal_known_constraints_2_8_0,nominal_known_constraints,probe_02,0,1,none,71,0.91607,0.00000,0,0.12000,0.14000,0.88000,0.33000,0.88835,0.33228,0.41631,0.90922
2,8,nominal_known_constraints_2_8_0,nominal_known_constraints,probe_03,0,1,none,79,1.05636,0.00000,0,0.10000,0.86000,0.91000,0.50000,0.90906,0.52099,0.93615,0.35160
2,8,nominal_known_constraints_2_8_0,nominal_known_constraints,probe_04,0,1,none,82,1.08068,0.00000,0,0.16000,0.84000,0.86000,0.20623,0.86544,0.21341,0.98736,0.15851
2,9,nominal_known_constraints_2_9_0,nominal_known_constraints,probe_00,0,1,none,70,0.97217,0.00000,0,0.07906,0.50171,0.92255,0.59037,0.90839,0.58892,0.54966,0.83539
2,9,nominal_known_constraints_2_9_0,nominal_known_constraints,probe_01,0,1,none,72,0.94919,0.00000,0,0.07000,0.13534,0.93000,0.17233,0.93710,0.15533,0.80583,0.59214
2,9,nominal_known_constraints_2_9_0,nominal_known_constraints,probe_02,0,1,none,71,0.93896,0.00000,0,0.12000,0.14000,0.88000,0.33000,0.88146,0.33166,0.40452,0.91453
2,9,nominal_known_constraints_2_9_0,nominal_known_constraints,probe_03,0,1,none,66,0.90584,0.00000,0,0.10000,0.86000,0.91000,0.84000,0.90938,0.84117,0.98009,0.19856
2,9,nominal_known_constraints_2_9_0,nominal_known_constraints,probe_04,0,1,none,69,0.87906,0.00000,0,0.16000,0.67000,0.86000,0.36739,0.85399,0.36249,0.52370,-0.85190
2,10,nominal_known_constraints_2_10_0,nominal_known_constraints,probe_00,0,1,none,72,1.01913,0.00000,0,0.06530,0.18000,0.90869,0.25285,0.91469,0.25777,0.23038,0.97310
2,10,nominal_known_constraints_2_10_0,nominal_known_constraints,probe_01,0,1,none,77,1.01455,0.00000,0,0.07000,0.84826,0.93000,0.83587,0.93672,0.83180,0.82346,0.56737
2,10,nominal_known_constraints_2_10_0,nominal_known_constraints,probe_02,0,1,none,78,1.00885,0.00000,0,0.12000,0.14000,0.88000,0.50000,0.88226,0.51148,0.59373,0.80467
2,10,nominal_known_constraints_2_10_0,nominal_known_constraints,probe_03,0,1,none,93,1.18482,0.00000,0,0.10000,0.86000,0.91000,0.16000,0.90431,0.16130,0.99757,0.06968
2,10,nominal_known_constraints_2_10_0,nominal_known_constraints,probe_04,0,1,none,69,0.91833,0.00000,0,0.16000,0.67000,0.86000,0.35007,0.86512,0.36796,0.62630,-0.77958
2,11,nominal_known_constraints_2_11_0,nominal_known_constraints,probe_00,0,1,none,67,0.91313,0.00000,0,0.07838,0.40568,0.90811,0.40651,0.90841,0.41689,0.98443,-0.17575
2,11,nominal_known_constraints_2_11_0,nominal_known_constraints,probe_01,0,1,none,71,0.97746,0.00000,0,0.07000,0.66184,0.93000,0.67408,0.93890,0.65682,0.97518,0.22142
2,11,nominal_known_constraints_2_11_0,nominal_known_constraints,probe_02,0,1,none,71,0.94811,0.00000,0,0.12000,0.14000,0.88000,0.33000,0.88968,0.33437,0.60407,0.79693
2,11,nominal_known_constraints_2_11_0,nominal_known_constraints,probe_03,0,1,none,70,0.94844,0.00000,0,0.10000,0.86000,0.91000,0.84000,0.91163,0.84202,0.58248,0.81284
2,11,nominal_known_constraints_2_11_0,nominal_known_constraints,probe_04,0,1,none,57,0.78371,0.00000,0,0.16000,0.50000,0.86000,0.50868,0.86297,0.50860,0.89766,-0.44069
2,12,nominal_known_constraints_2_12_0,nominal_known_constraints,probe_00,0,1,none,70,0.93231,0.00000,0,0.07363,0.39097,0.91480,0.36495,0.91348,0.35878,0.89673,-0.44257
2,12,nominal_known_constraints_2_12_0,nominal_known_constraints,probe_01,0,1,none,75,0.99182,0.00000,0,0.07000,0.55234,0.93000,0.47383,0.93771,0.45697,0.47772,-0.87851
2,12,nominal_known_constraints_2_12_0,nominal_known_constraints,probe_02,0,1,none,71,0.96784,0.00000,0,0.12000,0.14000,0.88000,0.33000,0.88556,0.33512,0.60660,0.79501
2,12,nominal_known_constraints_2_12_0,nominal_known_constraints,probe_03,0,1,none,66,0.90468,0.00000,0,0.10000,0.86000,0.91000,0.84000,0.91605,0.82748,0.98721,0.15941
2,12,nominal_known_constraints_2_12_0,nominal_known_constraints,probe_04,0,1,none,71,0.98579,0.00000,0,0.16000,0.67000,0.86000,0.30522,0.86247,0.31221,0.99184,0.12749
2,13,nominal_known_constraints_2_13_0,nominal_known_constraints,probe_00,0,1,none,70,0.95420,0.00000,0,0.08149,0.18000,0.92009,0.20448,0.91480,0.21316,0.96415,0.26535
2,13,nominal_known_constraints_2_13_0,nominal_known_constraints,probe_01,0,1,none,73,0.99519,0.00000,0,0.07000,0.70910,0.93000,0.65045,0.93911,0.66057,0.90637,0.42248
2,13,nominal_known_constraints_2_13_0,nominal_known_constraints,probe_02,0,1,none,64,0.84600,0.00000,0,0.12000,0.14000,0.88000,0.16000,0.87967,0.16266,0.80126,0.59832
2,13,nominal_known_constraints_2_13_0,nominal_known_constraints,probe_03,0,1,none,66,0.88043,0.00000,0,0.10000,0.86000,0.91000,0.84000,0.91725,0.82985,0.99952,-0.03097
2,13,nominal_known_constraints_2_13_0,nominal_known_constraints,probe_04,0,1,none,69,0.91533,0.00000,0,0.16000,0.33000,0.86000,0.62805,0.85728,0.63620,0.56678,0.82387
2,1000,hidden_wall_abort_2_1000_0,hidden_wall_abort,probe_00,1,0,visible_collision,51,0.83447,1.00000,1,0.07227,0.69582,0.92005,0.73252,0.68553,0.67936,-0.98668,-0.16265
2,1000,hidden_wall_abort_2_1000_0,hidden_wall_abort,probe_01,1,0,collision_margin,34,0.53339,1.10654,0,0.07000,0.36866,0.93000,0.49282,0.44592,0.41944,0.86936,0.49418
2,1000,hidden_wall_abort_2_1000_0,hidden_wall_abort,probe_02,1,0,collision_margin,34,0.49546,1.32595,1,0.12000,0.14000,0.88000,0.64571,0.44927,0.29645,0.98629,0.16502
2,1000,hidden_wall_abort_2_1000_0,hidden_wall_abort,probe_03,1,0,fixture_snag,27,0.43284,1.51070,1,0.10000,0.86000,0.91000,0.84000,0.43914,0.86019,1.00000,-0.00085
2,1000,hidden_wall_abort_2_1000_0,hidden_wall_abort,probe_04,1,0,collision_margin,35,0.49167,1.18097,1,0.16000,0.25714,0.86000,0.72678,0.45137,0.54169,0.57206,0.82021
2,1000,hidden_wall_abort_2_1000_0,hidden_wall_abort,probe_05,1,0,fixture_snag,32,0.51140,1.42012,1,0.07000,0.78850,0.93000,0.72003,0.45066,0.79476,0.92227,0.38656
2,1000,hidden_wall_abort_2_1000_0,hidden_wall_abort,probe_06,1,0,collision_margin,34,0.54176,1.08342,0,0.12000,0.14000,0.88000,0.54857,0.44208,0.29981,0.84239,0.53887
2,1000,hidden_wall_abort_2_1000_0,hidden_wall_abort,probe_07,1,0,collision_margin,41,0.65499,1.00963,0,0.10000,0.86000,0.91000,0.16000,0.44579,0.52505,0.99687,-0.07908
2,1001,hidden_wall_abort_2_1001_0,hidden_wall_abort,probe_00,1,0,collision_margin,39,0.59540,1.22694,1,0.06659,0.51920,0.91155,0.57288,0.54038,0.49787,0.49793,-0.86721
2,1001,hidden_wall_abort_2_1001_0,hidden_wall_abort,probe_01,1,0,collision_margin,40,0.62818,1.22384,1,0.07000,0.60757,0.93000,0.66479,0.54977,0.61548,0.96672,-0.25583
2,1001,hidden_wall_abort_2_1001_0,hidden_wall_abort,probe_02,1,0,collision_margin,33,0.50630,1.61480,1,0.12000,0.14000,0.88000,0.25714,0.52289,0.13618,0.97566,0.21930
2,1001,hidden_wall_abort_2_1001_0,hidden_wall_abort,probe_03,1,0,fixture_snag,39,0.57813,1.11994,0,0.10000,0.86000,0.91000,0.74286,0.55267,0.78890,0.93491,0.35488
2,1001,hidden_wall_abort_2_1001_0,hidden_wall_abort,probe_04,1,0,collision_margin,47,0.74547,1.55561,1,0.16000,0.84000,0.86000,0.16223,0.54764,0.46524,0.86071,-0.50910
2,1001,hidden_wall_abort_2_1001_0,hidden_wall_abort,probe_05,1,0,collision_margin,36,0.55699,1.16687,1,0.07000,0.13998,0.93000,0.17001,0.51020,0.14584,0.99999,-0.00506
2,1001,hidden_wall_abort_2_1001_0,hidden_wall_abort,probe_06,1,0,visible_collision,14,0.23649,1.00000,1,0.12000,0.14000,0.88000,0.35429,0.24190,0.23920,0.99871,0.05074
2,1001,hidden_wall_abort_2_1001_0,hidden_wall_abort,probe_07,0,1,none,78,1.17277,0.00000,0,0.10000,0.86000,0.91000,0.54857,0.90608,0.54016,0.58746,0.80925
2,1002,hidden_wall_abort_2_1002_0,hidden_wall_abort,probe_00,1,0,fixture_snag,31,0.46474,1.08482,0,0.07288,0.70724,0.91212,0.79644,0.43966,0.71081,0.68196,0.73139
2,1002,hidden_wall_abort_2_1002_0,hidden_wall_abort,probe_01,1,0,fixture_snag,31,0.45453,0.96148,0,0.07000,0.73560,0.93000,0.74648,0.43552,0.73006,0.94410,0.32965
2,1002,hidden_wall_abort_2_1002_0,hidden_wall_abort,probe_02,1,0,collision_margin,26,0.43265,1.11363,0,0.12000,0.14000,0.88000,0.16000,0.43484,0.13623,0.99367,0.11236
2,1002,hidden_wall_abort_2_1002_0,hidden_wall_abort,probe_03,1,0,fixture_snag,32,0.49520,1.62656,1,0.10000,0.86000,0.91000,0.54857,0.45462,0.75547,0.57957,-0.81492
2,1002,hidden_wall_abort_2_1002_0,hidden_wall_abort,probe_04,1,0,fixture_snag,35,0.54353,1.26142,1,0.16000,0.84000,0.86000,0.13548,0.44877,0.55478,0.87032,-0.49249
2,1002,hidden_wall_abort_2_1002_0,hidden_wall_abort,probe_05,1,0,collision_margin,33,0.47888,1.03250,0,0.07000,0.30392,0.93000,0.23375,0.44673,0.34212,0.92463,-0.38086
2,1002,hidden_wall_abort_2_1002_0,hidden_wall_abort,probe_06,1,0,collision_margin,29,0.41909,1.44188,1,0.12000,0.14000,0.88000,0.35429,0.44409,0.18299,0.87397,-0.48598
2,1002,hidden_wall_abort_2_1002_0,hidden_wall_abort,probe_07,1,0,fixture_snag,29,0.40614,1.18819,1,0.10000,0.86000,0.91000,0.64571,0.44025,0.81039,0.98994,0.14147
2,1003,hidden_wall_abort_2_1003_0,hidden_wall_abort,probe_00,1,0,fixture_snag,37,0.53656,1.00651,0,0.07395,0.34597,0.92466,0.45121,0.47022,0.41069,0.96514,0.26173
2,1003,hidden_wall_abort_2_1003_0,hidden_wall_abort,probe_01,1,0,fixture_snag,34,0.49592,1.47580,1,0.07000,0.75178,0.93000,0.73840,0.47962,0.75725,0.90401,0.42752
2,1003,hidden_wall_abort_2_1003_0,hidden_wall_abort,probe_02,1,0,collision_margin,31,0.49239,1.00255,0,0.12000,0.14000,0.88000,0.25714,0.46232,0.18583,0.77398,-0.63321
2,1003,hidden_wall_abort_2_1003_0,hidden_wall_abort,probe_03,1,0,fixture_snag,42,0.62107,1.25515,1,0.10000,0.86000,0.91000,0.35429,0.47573,0.55382,0.89350,0.44906
2,1003,hidden_wall_abort_2_1003_0,hidden_wall_abort,probe_04,1,0,fixture_snag,36,0.54544,1.34577,1,0.16000,0.16000,0.86000,0.82493,0.48023,0.41493,0.56976,0.82181
2,1003,hidden_wall_abort_2_1003_0,hidden_wall_abort,probe_05,1,0,fixture_snag,33,0.51838,1.04518,0,0.07000,0.81873,0.93000,0.85064,0.46602,0.82012,-0.12890,-0.99166
2,1003,hidden_wall_abort_2_1003_0,hidden_wall_abort,probe_06,0,1,none,79,1.23316,0.00000,0,0.12000,0.14000,0.88000,0.54857,0.88861,0.54124,0.78748,0.61635
2,1003,hidden_wall_abort_2_1003_0,hidden_wall_abort,probe_07,1,0,fixture_snag,31,0.46740,1.68778,1,0.10000,0.86000,0.91000,0.64571,0.48476,0.84454,0.99967,0.02571
2,1004,hidden_wall_abort_2_1004_0,hidden_wall_abort,probe_00,1,0,fixture_snag,36,0.51852,1.15858,0,0.08144,0.31234,0.92433,0.43109,0.48794,0.38595,0.82221,0.56919
2,1004,hidden_wall_abort_2_1004_0,hidden_wall_abort,probe_01,0,1,none,75,1.13122,0.00000,0,0.07000,0.29098,0.93000,0.38594,0.93297,0.38974,0.83042,0.55714
2,1004,hidden_wall_abort_2_1004_0,hidden_wall_abort,probe_02,1,0,collision_margin,28,0.43484,0.95154,0,0.12000,0.14000,0.88000,0.16000,0.45800,0.15292,0.08236,0.99660
2,1004,hidden_wall_abort_2_1004_0,hidden_wall_abort,probe_03,1,0,fixture_snag,37,0.59240,1.06231,0,0.10000,0.86000,0.91000,0.45143,0.46207,0.65509,0.78652,-0.61756
2,1004,hidden_wall_abort_2_1004_0,hidden_wall_abort,probe_04,1,0,fixture_snag,35,0.54208,1.10154,0,0.16000,0.25714,0.86000,0.71874,0.46320,0.52777,0.83529,-0.54981
2,1004,hidden_wall_abort_2_1004_0,hidden_wall_abort,probe_05,1,0,fixture_snag,34,0.50148,1.42469,1,0.07000,0.73440,0.93000,0.74709,0.47284,0.73805,0.99671,0.08111
2,1004,hidden_wall_abort_2_1004_0,hidden_wall_abort,probe_06,1,0,visible_collision,15,0.22265,1.00000,1,0.12000,0.14000,0.88000,0.54857,0.24657,0.23057,0.63865,0.76950
2,1004,hidden_wall_abort_2_1004_0,hidden_wall_abort,probe_07,1,0,fixture_snag,30,0.45908,1.06633,0,0.10000,0.86000,0.91000,0.84000,0.46224,0.85614,0.97309,0.23042
2,1005,hidden_wall_abort_2_1005_0,hidden_wall_abort,probe_00,1,0,collision_margin,40,0.60774,1.38350,1,0.06857,0.28338,0.90767,0.16901,0.50694,0.19081,0.96687,0.25528
2,1005,hidden_wall_abort_2_1005_0,hidden_wall_abort,probe_01,1,0,fixture_snag,37,0.61167,1.22831,1,0.07000,0.83982,0.93000,0.84009,0.52387,0.83481,0.91690,0.39912
2,1005,hidden_wall_abort_2_1005_0,hidden_wall_abort,probe_02,1,0,collision_margin,33,0.49307,1.01922,0,0.12000,0.14000,0.88000,0.25714,0.49609,0.18883,0.99826,-0.05901
2,1005,hidden_wall_abort_2_1005_0,hidden_wall_abort,probe_03,1,0,fixture_snag,37,0.59249,1.00886,0,0.10000,0.86000,0.91000,0.64571,0.52694,0.78248,0.45541,-0.89028
2,1005,hidden_wall_abort_2_1005_0,hidden_wall_abort,probe_04,1,0,collision_margin,35,0.53171,1.30570,1,0.16000,0.16000,0.86000,0.78518,0.49683,0.35865,0.97459,0.22402
2,1005,hidden_wall_abort_2_1005_0,hidden_wall_abort,probe_05,1,0,collision_margin,35,0.53387,1.18699,1,0.07000,0.53843,0.93000,0.55364,0.48522,0.53265,0.99146,0.13039
2,1005,hidden_wall_abort_2_1005_0,hidden_wall_abort,probe_06,1,0,collision_margin,38,0.54328,1.09147,0,0.12000,0.14000,0.88000,0.45143,0.49395,0.28212,0.87164,-0.49014
2,1005,hidden_wall_abort_2_1005_0,hidden_wall_abort,probe_07,1,0,fixture_snag,37,0.59814,1.40726,1,0.10000,0.86000,0.91000,0.74286,0.53854,0.78478,0.75261,0.65847
2,1006,hidden_wall_abort_2_1006_0,hidden_wall_abort,probe_00,1,0,collision_margin,41,0.59798,1.44663,1,0.07738,0.31659,0.92276,0.32087,0.56191,0.34315,1.00000,0.00173
2,1006,hidden_wall_abort_2_1006_0,hidden_wall_abort,probe_01,1,0,fixture_snag,38,0.60297,1.07326,0,0.07000,0.81281,0.93000,0.85359,0.53008,0.81667,0.77461,0.63244
2,1006,hidden_wall_abort_2_1006_0,hidden_wall_abort,probe_02,0,1,none,87,1.31065,0.00000,0,0.12000,0.14000,0.88000,0.74286,0.88417,0.74486,0.51966,0.85437
2,1006,hidden_wall_abort_2_1006_0,hidden_wall_abort,probe_03,1,0,fixture_snag,44,0.65638,1.10815,0,0.10000,0.86000,0.91000,0.45143,0.52947,0.64121,0.78537,-0.61903
2,1006,hidden_wall_abort_2_1006_0,hidden_wall_abort,probe_04,0,1,none,86,1.28311,0.00000,0,0.16000,0.16000,0.86000,0.83798,0.85538,0.83714,0.38316,0.92368
2,1006,hidden_wall_abort_2_1006_0,hidden_wall_abort,probe_05,0,1,none,71,1.06382,0.00000,0,0.07000,0.54580,0.93000,0.54996,0.93743,0.54203,0.97033,0.24177
2,1006,hidden_wall_abort_2_1006_0,hidden_wall_abort,probe_06,1,0,collision_margin,39,0.59644,1.56981,1,0.12000,0.14000,0.88000,0.25714,0.55617,0.21917,0.89322,-0.44962
2,1006,hidden_wall_abort_2_1006_0,hidden_wall_abort,probe_07,0,1,none,85,1.26087,0.00000,0,0.10000,0.86000,0.91000,0.35429,0.90977,0.36603,0.90063,-0.43458
2,1007,hidden_wall_abort_2_1007_0,hidden_wall_abort,probe_00,1,0,fixture_snag,31,0.47591,1.08830,0,0.07666,0.60872,0.91221,0.49894,0.43035,0.56348,0.98111,-0.19346
2,1007,hidden_wall_abort_2_1007_0,hidden_wall_abort,probe_01,1,0,fixture_snag,30,0.46429,1.12983,0,0.07000,0.84284,0.93000,0.83858,0.41911,0.83834,0.99450,-0.10477
2,1007,hidden_wall_abort_2_1007_0,hidden_wall_abort,probe_02,1,0,collision_margin,28,0.40953,1.04021,0,0.12000,0.14000,0.88000,0.45143,0.40367,0.23714,0.81853,0.57447
2,1007,hidden_wall_abort_2_1007_0,hidden_wall_abort,probe_03,1,0,fixture_snag,26,0.42994,1.69913,1,0.10000,0.86000,0.91000,0.74286,0.43433,0.87555,0.89007,-0.45582
2,1007,hidden_wall_abort_2_1007_0,hidden_wall_abort,probe_04,1,0,fixture_snag,26,0.37560,1.26416,1,0.16000,0.35429,0.86000,0.57917,0.44123,0.43886,0.95704,0.28995
2,1007,hidden_wall_abort_2_1007_0,hidden_wall_abort,probe_05,1,0,fixture_snag,31,0.48935,1.49029,1,0.07000,0.57618,0.93000,0.53477,0.44089,0.59446,0.98736,0.15852
2,1007,hidden_wall_abort_2_1007_0,hidden_wall_abort,probe_06,1,0,collision_margin,27,0.37471,1.13216,0,0.12000,0.14000,0.88000,0.25714,0.40924,0.19095,0.99826,-0.05902
2,1007,hidden_wall_abort_2_1007_0,hidden_wall_abort,probe_07,1,0,fixture_snag,29,0.44371,1.85667,1,0.10000,0.86000,0.91000,0.64571,0.44581,0.80861,0.98541,0.17021
2,1008,hidden_wall_abort_2_1008_0,hidden_wall_abort,probe_00,1,0,fixture_snag,32,0.51507,1.64260,1,0.06556,0.75257,0.91817,0.84000,0.46094,0.77312,0.97748,0.21103
2,1008,hidden_wall_abort_2_1008_0,hidden_wall_abort,probe_01,1,0,collision_margin,32,0.47879,1.23262,1,0.07000,0.20293,0.93000,0.13853,0.44915,0.21576,0.92913,0.36976
2,1008,hidden_wall_abort_2_1008_0,hidden_wall_abort,probe_02,1,0,visible_collision,22,0.33676,1.00000,1,0.12000,0.14000,0.88000,0.84000,0.31094,0.24676,0.53968,0.84187
2,1008,hidden_wall_abort_2_1008_0,hidden_wall_abort,probe_03,1,0,fixture_snag,29,0.45902,1.20045,1,0.10000,0.86000,0.91000,0.64571,0.44746,0.80839,0.94108,0.33819
2,1008,hidden_wall_abort_2_1008_0,hidden_wall_abort,probe_04,1,0,collision_margin,35,0.57244,1.31869,1,0.16000,0.74286,0.86000,0.26753,0.45457,0.44087,0.96874,0.24808
2,1008,hidden_wall_abort_2_1008_0,hidden_wall_abort,probe_05,1,0,collision_margin,32,0.47766,0.98225,0,0.07000,0.36567,0.93000,0.34859,0.44357,0.36847,0.99774,0.06712
2,1008,hidden_wall_abort_2_1008_0,hidden_wall_abort,probe_06,1,0,visible_collision,21,0.31411,1.00000,1,0.12000,0.14000,0.88000,0.54857,0.31019,0.24279,0.68272,0.73068
2,1008,hidden_wall_abort_2_1008_0,hidden_wall_abort,probe_07,1,0,fixture_snag,34,0.52553,0.98737,0,0.10000,0.86000,0.91000,0.45143,0.44236,0.68805,0.51312,-0.85832
2,1009,hidden_wall_abort_2_1009_0,hidden_wall_abort,probe_00,1,0,visible_collision,15,0.20570,1.00000,1,0.06987,0.19560,0.91796,0.16000,0.23179,0.17798,0.68898,-0.72478
2,1009,hidden_wall_abort_2_1009_0,hidden_wall_abort,probe_01,1,0,visible_collision,21,0.28708,1.00000,1,0.07000,0.16303,0.93000,0.15848,0.30199,0.15381,0.99986,-0.01664
2,1009,hidden_wall_abort_2_1009_0,hidden_wall_abort,probe_02,1,0,fixture_snag,46,0.69838,1.63063,1,0.12000,0.14000,0.88000,0.84000,0.49876,0.51877,0.93720,0.34879
2,1009,hidden_wall_abort_2_1009_0,hidden_wall_abort,probe_03,1,0,fixture_snag,36,0.53752,1.25669,1,0.10000,0.86000,0.91000,0.54857,0.48844,0.74141,0.95586,0.29382
2,1009,hidden_wall_abort_2_1009_0,hidden_wall_abort,probe_04,1,0,fixture_snag,33,0.45508,1.32210,1,0.16000,0.35429,0.86000,0.69415,0.48958,0.50832,0.86728,0.49782
2,1009,hidden_wall_abort_2_1009_0,hidden_wall_abort,probe_05,1,0,fixture_snag,38,0.59324,1.35645,1,0.07000,0.78153,0.93000,0.72352,0.49131,0.71629,0.99763,-0.06884
2,1009,hidden_wall_abort_2_1009_0,hidden_wall_abort,probe_06,0,1,none,76,1.19935,0.00000,0,0.12000,0.14000,0.88000,0.45143,0.88704,0.46201,0.57754,0.81636
2,1009,hidden_wall_abort_2_1009_0,hidden_wall_abort,probe_07,1,0,fixture_snag,46,0.66207,1.19236,1,0.10000,0.86000,0.91000,0.25714,0.48563,0.48128,0.56720,-0.82358
2,1010,hidden_wall_abort_2_1010_0,hidden_wall_abort,probe_00,1,0,fixture_snag,31,0.44770,1.49257,1,0.07769,0.82000,0.91364,0.68327,0.44099,0.77068,0.94651,0.32266
2,1010,hidden_wall_abort_2_1010_0,hidden_wall_abort,probe_01,1,0,collision_margin,33,0.52683,1.43766,1,0.07000,0.10069,0.93000,0.18966,0.45607,0.13521,0.98012,-0.19838
2,1010,hidden_wall_abort_2_1010_0,hidden_wall_abort,probe_02,1,0,collision_margin,40,0.60753,1.49105,1,0.12000,0.14000,0.88000,0.64571,0.46005,0.43290,0.99282,-0.11959
2,1010,hidden_wall_abort_2_1010_0,hidden_wall_abort,probe_03,1,0,collision_margin,41,0.60643,1.05176,0,0.10000,0.86000,0.91000,0.25714,0.44775,0.54174,0.98633,0.16476
2,1010,hidden_wall_abort_2_1010_0,hidden_wall_abort,probe_04,1,0,collision_margin,35,0.55734,1.08565,0,0.16000,0.84000,0.86000,0.16731,0.44913,0.55223,0.98970,-0.14313
2,1010,hidden_wall_abort_2_1010_0,hidden_wall_abort,probe_05,1,0,collision_margin,31,0.47042,1.00392,0,0.07000,0.37232,0.93000,0.34527,0.44487,0.36041,0.95667,0.29117
2,1010,hidden_wall_abort_2_1010_0,hidden_wall_abort,probe_06,1,0,collision_margin,36,0.53292,1.02251,0,0.12000,0.14000,0.88000,0.54857,0.44532,0.34762,0.98695,0.16103
2,1010,hidden_wall_abort_2_1010_0,hidden_wall_abort,probe_07,1,0,fixture_snag,29,0.48319,1.64990,1,0.10000,0.86000,0.91000,0.74286,0.44953,0.80944,0.87965,0.47563
2,1011,hidden_wall_abort_2_1011_0,hidden_wall_abort,probe_00,1,0,collision_margin,29,0.41949,1.35389,1,0.08111,0.47179,0.91354,0.54306,0.43388,0.46671,0.99401,-0.10930
2,1011,hidden_wall_abort_2_1011_0,hidden_wall_abort,probe_01,1,0,visible_collision,50,0.73477,1.00000,1,0.07000,0.70196,0.93000,0.76331,0.66904,0.72747,0.99960,0.02823
2,1011,hidden_wall_abort_2_1011_0,hidden_wall_abort,probe_02,1,0,collision_margin,25,0.35450,1.27378,1,0.12000,0.14000,0.88000,0.16000,0.40985,0.13704,0.92696,-0.37516
2,1011,hidden_wall_abort_2_1011_0,hidden_wall_abort,probe_03,1,0,collision_margin,38,0.60214,1.54844,1,0.10000,0.86000,0.91000,0.35429,0.44773,0.58874,0.92524,0.37939
2,1011,hidden_wall_abort_2_1011_0,hidden_wall_abort,probe_04,1,0,collision_margin,24,0.36009,1.21403,1,0.16000,0.54857,0.86000,0.41899,0.43083,0.48435,0.96722,0.25392
2,1011,hidden_wall_abort_2_1011_0,hidden_wall_abort,probe_05,1,0,fixture_snag,28,0.41512,1.61727,1,0.07000,0.83058,0.93000,0.84471,0.40974,0.84173,0.93896,0.34402
2,1011,hidden_wall_abort_2_1011_0,hidden_wall_abort,probe_06,1,0,collision_margin,33,0.47377,1.13877,0,0.12000,0.14000,0.88000,0.64571,0.41826,0.32709,0.74833,0.66332
2,1011,hidden_wall_abort_2_1011_0,hidden_wall_abort,probe_07,1,0,collision_margin,39,0.56881,1.01865,0,0.10000,0.86000,0.91000,0.25714,0.42925,0.54970,0.55800,-0.82984
2,1012,hidden_wall_abort_2_1012_0,hidden_wall_abort,probe_00,1,0,fixture_snag,35,0.54184,1.18899,1,0.06851,0.42574,0.90952,0.34152,0.48211,0.43941,0.99515,-0.09835
2,1012,hidden_wall_abort_2_1012_0,hidden_wall_abort,probe_01,1,0,collision_margin,35,0.51455,1.03151,0,0.07000,0.13526,0.93000,0.17237,0.48063,0.13969,0.89753,-0.44095
2,1012,hidden_wall_abort_2_1012_0,hidden_wall_abort,probe_02,1,0,collision_margin,33,0.47631,1.49497,1,0.12000,0.14000,0.88000,0.35429,0.49907,0.19380,0.86533,0.50120
2,1012,hidden_wall_abort_2_1012_0,hidden_wall_abort,probe_03,1,0,fixture_snag,30,0.41923,1.17974,1,0.10000,0.86000,0.91000,0.74286,0.48080,0.87102,0.64625,0.76313
2,1012,hidden_wall_abort_2_1012_0,hidden_wall_abort,probe_04,1,0,fixture_snag,29,0.49609,1.64606,1,0.16000,0.54857,0.86000,0.45700,0.49557,0.48390,0.93947,0.34262
2,1012,hidden_wall_abort_2_1012_0,hidden_wall_abort,probe_05,1,0,fixture_snag,35,0.56641,1.61485,1,0.07000,0.84809,0.93000,0.83596,0.49380,0.83543,0.83281,0.55355
2,1012,hidden_wall_abort_2_1012_0,hidden_wall_abort,probe_06,1,0,collision_margin,39,0.60667,1.05938,0,0.12000,0.14000,0.88000,0.45143,0.52095,0.28019,0.79249,-0.60988
2,1012,hidden_wall_abort_2_1012_0,hidden_wall_abort,probe_07,1,0,fixture_snag,31,0.49691,0.97619,0,0.10000,0.86000,0.91000,0.64571,0.47484,0.84007,0.98619,-0.16565
2,1013,hidden_wall_abort_2_1013_0,hidden_wall_abort,probe_00,1,0,fixture_snag,29,0.50178,1.09534,0,0.07974,0.82000,0.91870,0.82237,0.43896,0.79965,0.71210,-0.70208
2,1013,hidden_wall_abort_2_1013_0,hidden_wall_abort,probe_01,0,1,none,77,1.13597,0.00000,0,0.07000,0.73312,0.93000,0.74773,0.92368,0.73992,0.96176,0.27390
2,1013,hidden_wall_abort_2_1013_0,hidden_wall_abort,probe_02,1,0,collision_margin,29,0.45053,1.36414,1,0.12000,0.14000,0.88000,0.16000,0.46642,0.14091,0.94699,-0.32126
2,1013,hidden_wall_abort_2_1013_0,hidden_wall_abort,probe_03,1,0,collision_margin,43,0.60276,1.32739,1,0.10000,0.86000,0.91000,0.25714,0.47039,0.51149,0.61919,-0.78524
2,1013,hidden_wall_abort_2_1013_0,hidden_wall_abort,probe_04,1,0,collision_margin,37,0.59409,1.09034,0,0.16000,0.84000,0.86000,0.14041,0.46356,0.53166,0.96151,-0.27478
2,1013,hidden_wall_abort_2_1013_0,hidden_wall_abort,probe_05,0,1,none,72,1.14069,0.00000,0,0.07000,0.62563,0.93000,0.65576,0.93812,0.65946,-0.56028,0.82831
2,1013,hidden_wall_abort_2_1013_0,hidden_wall_abort,probe_06,1,0,collision_margin,31,0.46370,1.46682,1,0.12000,0.14000,0.88000,0.35429,0.47011,0.18552,0.99905,0.04358
2,1013,hidden_wall_abort_2_1013_0,hidden_wall_abort,probe_07,1,0,fixture_snag,32,0.46105,1.23028,1,0.10000,0.86000,0.91000,0.54857,0.45113,0.75485,0.98100,-0.19400
2,2000,force_limit_abort_2_2000_0,force_limit_abort,probe_00,0,1,none,76,1.28209,0.00000,0,0.06811,0.65218,0.91947,0.84000,0.91543,0.84122,0.81490,0.57961
2,2000,force_limit_abort_2_2000_0,force_limit_abort,probe_01,0,1,none,73,1.22724,0.00000,0,0.07000,0.61130,0.93000,0.66292,0.93410,0.65738,0.90168,0.43241
2,2000,force_limit_abort_2_2000_0,force_limit_abort,probe_02,1,0,force_limit,30,0.45692,1.39459,1,0.12000,0.14000,0.88000,0.45143,0.42469,0.24331,0.45074,0.89265
2,2000,force_limit_abort_2_2000_0,force_limit_abort,probe_03,0,1,none,93,1.56883,0.00000,0,0.10000,0.86000,0.91000,0.16000,0.90199,0.16040,0.99575,0.09215
2,2000,force_limit_abort_2_2000_0,force_limit_abort,probe_04,0,1,none,68,1.12719,0.00000,0,0.16000,0.35429,0.86000,0.64114,0.85693,0.63903,0.75726,0.65311
2,2000,force_limit_abort_2_2000_0,force_limit_abort,probe_05,1,0,force_limit,34,0.55744,1.68608,1,0.07000,0.30262,0.93000,0.23441,0.48927,0.31134,0.99747,-0.07108
2,2000,force_limit_abort_2_2000_0,force_limit_abort,probe_06,0,1,none,79,1.25159,0.00000,0,0.12000,0.14000,0.88000,0.54857,0.88139,0.53152,0.99859,-0.05313
2,2000,force_limit_abort_2_2000_0,force_limit_abort,probe_07,0,1,none,66,1.11604,0.00000,0,0.10000,0.86000,0.91000,0.84000,0.92432,0.81987,0.96721,0.25398
2,2001,force_limit_abort_2_2001_0,force_limit_abort,probe_00,0,1,none,70,1.16281,0.00000,0,0.06903,0.82000,0.92316,0.84000,0.91614,0.83929,0.86565,-0.50066
2,2001,force_limit_abort_2_2001_0,force_limit_abort,probe_01,1,0,force_limit,31,0.46518,1.70748,1,0.07000,0.55561,0.93000,0.54505,0.43720,0.57171,0.95314,-0.30252
2,2001,force_limit_abort_2_2001_0,force_limit_abort,probe_02,1,0,visible_collision,16,0.21296,1.00000,1,0.12000,0.14000,0.88000,0.74286,0.26327,0.22119,0.98483,0.17352
2,2001,force_limit_abort_2_2001_0,force_limit_abort,probe_03,0,1,none,66,1.04676,0.00000,0,0.10000,0.86000,0.91000,0.84000,0.91798,0.85016,0.91913,0.39396
2,2001,force_limit_abort_2_2001_0,force_limit_abort,probe_04,1,0,force_limit,43,0.71939,1.64710,1,0.16000,0.16000,0.86000,0.88000,0.53244,0.46426,0.99960,0.02832
2,2001,force_limit_abort_2_2001_0,force_limit_abort,probe_05,0,1,none,74,1.18915,0.00000,0,0.07000,0.41060,0.93000,0.32613,0.93272,0.33793,0.95205,-0.30593
2,2001,force_limit_abort_2_2001_0,force_limit_abort,probe_06,0,1,none,68,1.10947,0.00000,0,0.12000,0.14000,0.88000,0.25714,0.88608,0.24523,-0.05760,0.99834
2,2001,force_limit_abort_2_2001_0,force_limit_abort,probe_07,1,0,visible_collision,52,0.86358,1.00000,1,0.10000,0.86000,0.91000,0.64571,0.66781,0.71764,0.87123,-0.49088
2,2002,force_limit_abort_2_2002_0,force_limit_abort,probe_00,1,0,force_limit,25,0.41638,1.90012,1,0.08286,0.44019,0.92338,0.36801,0.39181,0.45826,0.76129,0.64841
2,2002,force_limit_abort_2_2002_0,force_limit_abort,probe_01,0,1,none,76,1.22855,0.00000,0,0.07000,0.24367,0.93000,0.26388,0.92739,0.24822,0.18280,0.98315
2,2002,force_limit_abort_2_2002_0,force_limit_abort,probe_02,0,1,none,76,1.22903,0.00000,0,0.12000,0.14000,0.88000,0.45143,0.88375,0.46124,0.99598,-0.08956
2,2002,force_limit_abort_2_2002_0,force_limit_abort,probe_03,1,0,force_limit,38,0.58649,1.59773,1,0.10000,0.86000,0.91000,0.16000,0.41999,0.56091,0.92875,-0.37071
2,2002,force_limit_abort_2_2002_0,force_limit_abort,probe_04,1,0,force_limit,24,0.46928,1.35969,1,0.16000,0.64571,0.86000,0.34823,0.41114,0.55343,0.72688,-0.68676
2,2002,force_limit_abort_2_2002_0,force_limit_abort,probe_05,0,1,none,72,1.16171,0.00000,0,0.07000,0.32865,0.93000,0.36710,0.93575,0.35785,0.70701,0.70720
2,2002,force_limit_abort_2_2002_0,force_limit_abort,probe_06,1,0,visible_collision,24,0.37693,1.00000,1,0.12000,0.14000,0.88000,0.54857,0.33025,0.25825,0.36767,0.92996
2,2002,force_limit_abort_2_2002_0,force_limit_abort,probe_07,0,1,none,70,1.17174,0.00000,0,0.10000,0.86000,0.91000,0.74286,0.91715,0.74667,0.30974,0.95082
2,2003,force_limit_abort_2_2003_0,force_limit_abort,probe_00,0,1,none,72,1.22807,0.00000,0,0.08016,0.19107,0.92365,0.16000,0.90700,0.15139,0.88135,0.47247
2,2003,force_limit_abort_2_2003_0,force_limit_abort,probe_01,0,1,none,74,1.22256,0.00000,0,0.07000,0.58937,0.93000,0.67388,0.93636,0.65521,0.24594,0.96929
2,2003,force_limit_abort_2_2003_0,force_limit_abort,probe_02,0,1,none,66,1.08603,0.00000,0,0.12000,0.14000,0.88000,0.16000,0.88858,0.16820,0.51409,0.85774
2,2003,force_limit_abort_2_2003_0,force_limit_abort,probe_03,0,1,none,78,1.30595,0.00000,0,0.10000,0.86000,0.91000,0.54857,0.90961,0.54018,0.95949,-0.28174
2,2003,force_limit_abort_2_2003_0,force_limit_abort,probe_04,0,1,none,61,0.97437,0.00000,0,0.16000,0.45143,0.86000,0.55558,0.85682,0.55660,0.72816,0.68541
2,2003,force_limit_abort_2_2003_0,force_limit_abort,probe_05,0,1,none,73,1.19611,0.00000,0,0.07000,0.70552,0.93000,0.76153,0.94559,0.77458,-0.29928,0.95417
2,2003,force_limit_abort_2_2003_0,force_limit_abort,probe_06,1,0,force_limit,23,0.37080,1.56552,1,0.12000,0.14000,0.88000,0.84000,0.30771,0.31903,0.96415,0.26534
2,2003,force_limit_abort_2_2003_0,force_limit_abort,probe_07,0,1,none,85,1.31396,0.00000,0,0.10000,0.86000,0.91000,0.35429,0.90315,0.34930,0.95769,-0.28780
2,2004,force_limit_abort_2_2004_0,force_limit_abort,probe_00,0,1,none,71,1.20077,0.00000,0,0.07459,0.78444,0.91249,0.84000,0.90717,0.83730,0.67682,0.73615
2,2004,force_limit_abort_2_2004_0,force_limit_abort,probe_01,0,1,none,73,1.18959,0.00000,0,0.07000,0.22179,0.93000,0.27482,0.92469,0.28256,0.28907,0.95731
2,2004,force_limit_abort_2_2004_0,force_limit_abort,probe_02,1,0,visible_collision,22,0.32270,1.00000,1,0.12000,0.14000,0.88000,0.84000,0.31411,0.27451,0.78713,0.61679
2,2004,force_limit_abort_2_2004_0,force_limit_abort,probe_03,0,1,none,70,1.13449,0.00000,0,0.10000,0.86000,0.91000,0.74286,0.91262,0.74231,0.98128,0.19260
2,2004,force_limit_abort_2_2004_0,force_limit_abort,probe_04,1,0,visible_collision,18,0.31155,1.00000,1,0.16000,0.16000,0.86000,0.85078,0.30598,0.28112,0.70159,0.71258
2,2004,force_limit_abort_2_2004_0,force_limit_abort,probe_05,0,1,none,75,1.29816,0.00000,0,0.07000,0.72048,0.93000,0.60833,0.94615,0.61202,0.86294,0.50531
2,2004,force_limit_abort_2_2004_0,force_limit_abort,probe_06,0,1,none,72,1.21919,0.00000,0,0.12000,0.14000,0.88000,0.35429,0.88456,0.36461,0.65784,0.75316
2,2004,force_limit_abort_2_2004_0,force_limit_abort,probe_07,1,0,visible_collision,53,0.83152,1.00000,1,0.10000,0.86000,0.91000,0.54857,0.66865,0.66909,0.87606,0.48221
2,2005,force_limit_abort_2_2005_0,force_limit_abort,probe_00,1,0,force_limit,42,0.69904,1.57961,1,0.06532,0.56968,0.91892,0.50687,0.58463,0.56750,0.96677,-0.25566
2,2005,force_limit_abort_2_2005_0,force_limit_abort,probe_01,1,0,force_limit,41,0.64521,1.65118,1,0.07000,0.46829,0.93000,0.44300,0.54980,0.46879,0.99369,0.11215
2,2005,force_limit_abort_2_2005_0,force_limit_abort,probe_02,1,0,visible_collision,22,0.35775,1.00000,1,0.12000,0.14000,0.88000,0.54857,0.31226,0.27257,0.93933,0.34302
2,2005,force_limit_abort_2_2005_0,force_limit_abort,probe_03,0,1,none,66,1.06947,0.00000,0,0.10000,0.86000,0.91000,0.84000,0.91132,0.82042,0.92592,0.37771
2,2005,force_limit_abort_2_2005_0,force_limit_abort,probe_04,1,0,force_limit,45,0.74401,1.69797,1,0.16000,0.16000,0.86000,0.85096,0.55717,0.49459,0.98585,-0.16766
2,2005,force_limit_abort_2_2005_0,force_limit_abort,probe_05,0,1,none,76,1.24360,0.00000,0,0.07000,0.76082,0.93000,0.73387,0.93810,0.73016,0.99624,0.08669
2,2005,force_limit_abort_2_2005_0,force_limit_abort,probe_06,0,1,none,68,1.14397,0.00000,0,0.12000,0.14000,0.88000,0.25714,0.89380,0.26266,0.54638,0.83754
2,2005,force_limit_abort_2_2005_0,force_limit_abort,probe_07,0,1,none,74,1.26266,0.00000,0,0.10000,0.86000,0.91000,0.64571,0.91041,0.64264,0.67096,-0.74149
2,2006,force_limit_abort_2_2006_0,force_limit_abort,probe_00,0,1,none,70,1.16058,0.00000,0,0.06813,0.55570,0.92499,0.53053,0.91624,0.52981,0.97957,0.20109
2,2006,force_limit_abort_2_2006_0,force_limit_abort,probe_01,0,1,none,73,1.17696,0.00000,0,0.07000,0.50798,0.93000,0.56887,0.93645,0.56659,0.48059,0.87695
2,2006,force_limit_abort_2_2006_0,force_limit_abort,probe_02,1,0,visible_collision,17,0.26575,1.00000,1,0.12000,0.14000,0.88000,0.45143,0.28126,0.22581,0.96386,-0.26642
2,2006,force_limit_abort_2_2006_0,force_limit_abort,probe_03,0,1,none,85,1.50117,0.00000,0,0.10000,0.86000,0.91000,0.35429,0.90964,0.36685,0.97268,0.23216
2,2006,force_limit_abort_2_2006_0,force_limit_abort,probe_04,0,1,none,75,1.23989,0.00000,0,0.16000,0.25714,0.86000,0.70867,0.86413,0.70987,0.83000,0.55776
2,2006,force_limit_abort_2_2006_0,force_limit_abort,probe_05,0,1,none,72,1.22041,0.00000,0,0.07000,0.62555,0.93000,0.65580,0.95410,0.65769,0.23857,0.97113
2,2006,force_limit_abort_2_2006_0,force_limit_abort,probe_06,0,1,none,64,1.10819,0.00000,0,0.12000,0.14000,0.88000,0.16000,0.89161,0.16484,0.96248,0.27135
2,2006,force_limit_abort_2_2006_0,force_limit_abort,probe_07,0,1,none,66,1.08940,0.00000,0,0.10000,0.86000,0.91000,0.84000,0.90303,0.83396,0.73829,-0.67448
2,2007,force_limit_abort_2_2007_0,force_limit_abort,probe_00,1,0,force_limit,45,0.69306,1.51121,1,0.07087,0.45941,0.91760,0.60263,0.57451,0.54872,0.97766,-0.21021
2,2007,force_limit_abort_2_2007_0,force_limit_abort,probe_01,1,0,force_limit,48,0.77896,1.46135,1,0.07000,0.59158,0.93000,0.67278,0.65600,0.58688,0.83517,-0.54999
2,2007,force_limit_abort_2_2007_0,force_limit_abort,probe_02,1,0,force_limit,45,0.73298,1.36209,1,0.12000,0.14000,0.88000,0.74286,0.53249,0.41751,-0.15513,0.98789
2,2007,force_limit_abort_2_2007_0,force_limit_abort,probe_03,1,0,human_stop,54,0.86140,0.25000,0,0.10000,0.86000,0.91000,0.54857,0.66912,0.65503,0.97989,0.19952
2,2007,force_limit_abort_2_2007_0,force_limit_abort,probe_04,0,1,none,77,1.22374,0.00000,0,0.16000,0.25714,0.86000,0.77141,0.84750,0.75120,0.82732,0.56173
2,2007,force_limit_abort_2_2007_0,force_limit_abort,probe_05,0,1,none,76,1.31902,0.00000,0,0.07000,0.26904,0.93000,0.39691,0.93431,0.38928,0.54456,0.83872
2,2007,force_limit_abort_2_2007_0,force_limit_abort,probe_06,1,0,visible_collision,82,1.24233,1.00000,1,0.12000,0.14000,0.88000,0.84000,0.75542,0.80041,0.99377,0.11144
2,2007,force_limit_abort_2_2007_0,force_limit_abort,probe_07,1,0,force_limit,52,0.87923,1.16197,1,0.10000,0.86000,0.91000,0.45143,0.61534,0.57658,0.46325,-0.88623
2,2008,force_limit_abort_2_2008_0,force_limit_abort,probe_00,1,0,force_limit,27,0.42366,1.67775,1,0.07189,0.53972,0.91463,0.60688,0.37617,0.53983,0.98129,0.19252
2,2008,force_limit_abort_2_2008_0,force_limit_abort,probe_01,1,0,force_limit,26,0.39263,1.20280,1,0.07000,0.55453,0.93000,0.54559,0.37876,0.55176,0.22956,0.97329
2,2008,force_limit_abort_2_2008_0,force_limit_abort,probe_02,1,0,visible_collision,13,0.19680,1.00000,1,0.12000,0.14000,0.88000,0.16000,0.25578,0.12422,0.80134,0.59821
2,2008,force_limit_abort_2_2008_0,force_limit_abort,probe_03,0,1,none,74,1.24548,0.00000,0,0.10000,0.86000,0.91000,0.64571,0.92194,0.64113,0.72086,-0.69308
2,2008,force_limit_abort_2_2008_0,force_limit_abort,probe_04,1,0,force_limit,31,0.46113,1.63460,1,0.16000,0.84000,0.86000,0.21027,0.41475,0.57906,0.71065,-0.70354
2,2008,force_limit_abort_2_2008_0,force_limit_abort,probe_05,0,1,none,72,1.15270,0.00000,0,0.07000,0.33536,0.93000,0.36375,0.93672,0.36087,0.90648,0.42225
2,2008,force_limit_abort_2_2008_0,force_limit_abort,probe_06,1,0,force_limit,41,0.61337,1.57920,1,0.12000,0.14000,0.88000,0.74286,0.44387,0.47454,0.74747,0.66429
2,2008,force_limit_abort_2_2008_0,force_limit_abort,probe_07,1,0,force_limit,51,0.79592,1.54108,1,0.10000,0.86000,0.91000,0.45143,0.60202,0.60204,0.77282,-0.63463
2,2009,force_limit_abort_2_2009_0,force_limit_abort,probe_00,0,1,none,67,1.10096,0.00000,0,0.07566,0.58126,0.91645,0.58228,0.89986,0.58780,0.65595,-0.75480
2,2009,force_limit_abort_2_2009_0,force_limit_abort,probe_01,1,0,visible_collision,15,0.23837,1.00000,1,0.07000,0.29351,0.93000,0.23896,0.23679,0.29933,0.99521,0.09777
2,2009,force_limit_abort_2_2009_0,force_limit_abort,probe_02,0,1,none,79,1.27348,0.00000,0,0.12000,0.14000,0.88000,0.54857,0.88844,0.53679,0.21829,0.97588
2,2009,force_limit_abort_2_2009_0,force_limit_abort,probe_03,0,1,none,85,1.38075,0.00000,0,0.10000,0.86000,0.91000,0.35429,0.91301,0.36481,0.81077,-0.58537
2,2009,force_limit_abort_2_2009_0,force_limit_abort,probe_04,0,1,none,70,1.18479,0.00000,0,0.16000,0.64571,0.86000,0.30723,0.87002,0.29996,0.23283,-0.97252
2,2009,force_limit_abort_2_2009_0,force_limit_abort,probe_05,0,1,none,73,1.23277,0.00000,0,0.07000,0.19073,0.93000,0.14463,0.93707,0.13737,0.82332,-0.56757
2,2009,force_limit_abort_2_2009_0,force_limit_abort,probe_06,0,1,none,76,1.23393,0.00000,0,0.12000,0.14000,0.88000,0.45143,0.89374,0.45734,0.77118,-0.63661
2,2009,force_limit_abort_2_2009_0,force_limit_abort,probe_07,1,0,force_limit,46,0.79884,1.30945,1,0.10000,0.86000,0.91000,0.74286,0.66183,0.84909,0.18152,-0.98339
2,2010,force_limit_abort_2_2010_0,force_limit_abort,probe_00,0,1,none,73,1.17989,0.00000,0,0.07330,0.78170,0.90994,0.84000,0.89986,0.83405,0.70804,-0.70618
2,2010,force_limit_abort_2_2010_0,force_limit_abort,probe_01,1,0,force_limit,47,0.71147,1.85871,1,0.07000,0.46870,0.93000,0.44279,0.64477,0.45640,0.99991,0.01375
2,2010,force_limit_abort_2_2010_0,force_limit_abort,probe_02,0,1,none,93,1.55558,0.00000,0,0.12000,0.14000,0.88000,0.84000,0.88259,0.83550,0.91450,0.40458
2,2010,force_limit_abort_2_2010_0,force_limit_abort,probe_03,0,1,none,78,1.35177,0.00000,0,0.10000,0.86000,0.91000,0.54857,0.90586,0.53980,0.99998,0.00594
2,2010,force_limit_abort_2_2010_0,force_limit_abort,probe_04,1,0,visible_collision,15,0.24738,1.00000,1,0.16000,0.16000,0.86000,0.83188,0.29330,0.20996,0.62427,0.78121
2,2010,force_limit_abort_2_2010_0,force_limit_abort,probe_05,0,1,none,73,1.27166,0.00000,0,0.07000,0.74102,0.93000,0.74377,0.95009,0.73149,0.79459,0.60714
2,2010,force_limit_abort_2_2010_0,force_limit_abort,probe_06,1,0,visible_collision,19,0.32577,1.00000,1,0.12000,0.14000,0.88000,0.64571,0.30019,0.21203,0.56552,0.82474
2,2010,force_limit_abort_2_2010_0,force_limit_abort,probe_07,1,0,force_limit,56,0.83968,1.90075,1,0.10000,0.86000,0.91000,0.25714,0.58508,0.40867,0.84248,0.53873
2,2011,force_limit_abort_2_2011_0,force_limit_abort,probe_00,0,1,none,75,1.23419,0.00000,0,0.06800,0.58232,0.90717,0.73434,0.90631,0.73464,0.71334,0.70082
2,2011,force_limit_abort_2_2011_0,force_limit_abort,probe_01,0,1,none,72,1.22876,0.00000,0,0.07000,0.43561,0.93000,0.45934,0.93499,0.46864,-0.03992,0.99920
2,2011,force_limit_abort_2_2011_0,force_limit_abort,probe_02,0,1,none,64,1.06412,0.00000,0,0.12000,0.14000,0.88000,0.16000,0.88590,0.14300,0.81103,0.58501
2,2011,force_limit_abort_2_2011_0,force_limit_abort,probe_03,0,1,none,66,1.07452,0.00000,0,0.10000,0.86000,0.91000,0.84000,0.90985,0.84434,0.69264,-0.72128
2,2011,force_limit_abort_2_2011_0,force_limit_abort,probe_04,0,1,none,61,1.04263,0.00000,0,0.16000,0.54857,0.86000,0.42997,0.86715,0.42503,0.94645,0.32286
2,2011,force_limit_abort_2_2011_0,force_limit_abort,probe_05,0,1,none,71,1.23815,0.00000,0,0.07000,0.35684,0.93000,0.35301,0.93796,0.35491,0.93466,0.35554
2,2011,force_limit_abort_2_2011_0,force_limit_abort,probe_06,1,0,force_limit,22,0.37203,1.69127,1,0.12000,0.14000,0.88000,0.25714,0.35364,0.19277,0.99673,0.08085
2,2011,force_limit_abort_2_2011_0,force_limit_abort,probe_07,1,0,visible_collision,53,0.79568,1.00000,1,0.10000,0.86000,0.91000,0.64571,0.71910,0.80182,0.79262,0.60971
2,2012,force_limit_abort_2_2012_0,force_limit_abort,probe_00,0,1,none,70,1.19771,0.00000,0,0.06605,0.70670,0.91223,0.73746,0.90696,0.72848,0.43886,0.89856
2,2012,force_limit_abort_2_2012_0,force_limit_abort,probe_01,0,1,none,74,1.28340,0.00000,0,0.07000,0.12124,0.93000,0.17938,0.93154,0.17974,0.53299,0.84612
2,2012,force_limit_abort_2_2012_0,force_limit_abort,probe_02,1,0,force_limit,39,0.57976,1.50752,1,0.12000,0.14000,0.88000,0.64571,0.46289,0.39352,-0.07876,0.99689
2,2012,force_limit_abort_2_2012_0,force_limit_abort,probe_03,1,0,force_limit,46,0.76994,1.36395,1,0.10000,0.86000,0.91000,0.35429,0.51885,0.53516,0.30460,-0.95248
2,2012,force_limit_abort_2_2012_0,force_limit_abort,probe_04,1,0,force_limit,23,0.36548,1.70845,1,0.16000,0.45143,0.86000,0.50371,0.44085,0.46722,0.96282,0.27014
2,2012,force_limit_abort_2_2012_0,force_limit_abort,probe_05,0,1,none,74,1.24962,0.00000,0,0.07000,0.24098,0.93000,0.26522,0.95120,0.25398,-0.56896,-0.82237
2,2012,force_limit_abort_2_2012_0,force_limit_abort,probe_06,1,0,visible_collision,23,0.34194,1.00000,1,0.12000,0.14000,0.88000,0.74286,0.31358,0.25982,0.73298,0.68024
2,2012,force_limit_abort_2_2012_0,force_limit_abort,probe_07,0,1,none,78,1.35138,0.00000,0,0.10000,0.86000,0.91000,0.54857,0.92120,0.53790,0.90455,0.42636
2,2013,force_limit_abort_2_2013_0,force_limit_abort,probe_00,0,1,none,73,1.19307,0.00000,0,0.06698,0.73396,0.90926,0.84000,0.91091,0.83479,0.73294,-0.68030
2,2013,force_limit_abort_2_2013_0,force_limit_abort,probe_01,0,1,none,72,1.18905,0.00000,0,0.07000,0.17949,0.93000,0.15026,0.92597,0.16802,0.90644,-0.42234
2,2013,force_limit_abort_2_2013_0,force_limit_abort,probe_02,1,0,force_limit,53,0.93945,1.78479,1,0.12000,0.14000,0.88000,0.35429,0.70346,0.27325,0.87104,0.49122
2,2013,force_limit_abort_2_2013_0,force_limit_abort,probe_03,0,1,none,74,1.24291,0.00000,0,0.10000,0.86000,0.91000,0.64571,0.92180,0.64553,0.99357,0.11326
2,2013,force_limit_abort_2_2013_0,force_limit_abort,probe_04,0,1,none,60,1.02645,0.00000,0,0.16000,0.45143,0.86000,0.54018,0.86322,0.52986,0.97829,0.20725
2,2013,force_limit_abort_2_2013_0,force_limit_abort,probe_05,1,0,human_stop,12,0.18854,0.25000,0,0.07000,0.25897,0.93000,0.25623,0.20784,0.26801,0.94792,-0.31852
2,2013,force_limit_abort_2_2013_0,force_limit_abort,probe_06,1,0,visible_collision,22,0.36260,1.00000,1,0.12000,0.14000,0.88000,0.84000,0.28982,0.29680,-0.01096,0.99994
2,2013,force_limit_abort_2_2013_0,force_limit_abort,probe_07,0,1,none,78,1.24402,0.00000,0,0.10000,0.86000,0.91000,0.54857,0.91220,0.54700,0.81515,-0.57926
2,3000,human_stop_constraint_2_3000_0,human_stop_constraint,probe_00,1,0,visible_collision,18,0.30272,1.00000,1,0.07840,0.18000,0.92465,0.28070,0.29643,0.19788,0.47124,0.88200
2,3000,human_stop_constraint_2_3000_0,human_stop_constraint,probe_01,0,1,none,75,1.37072,0.00000,0,0.07000,0.33979,0.93000,0.24011,0.94396,0.23761,0.93014,-0.36719
2,3000,human_stop_constraint_2_3000_0,human_stop_constraint,probe_02,0,1,none,64,1.15009,0.00000,0,0.12000,0.14000,0.88000,0.16000,0.88626,0.16016,1.00000,0.00041
2,3000,human_stop_constraint_2_3000_0,human_stop_constraint,probe_03,1,0,visible_collision,47,0.82282,1.00000,1,0.10000,0.86000,0.91000,0.84000,0.68008,0.87890,0.39099,0.92040
2,3000,human_stop_constraint_2_3000_0,human_stop_constraint,probe_04,1,0,human_stop,30,0.48265,1.01000,0,0.16000,0.61333,0.86000,0.37540,0.48490,0.52122,0.81500,0.57946
2,3000,human_stop_constraint_2_3000_0,human_stop_constraint,probe_05,1,0,human_stop,41,0.73532,1.01000,0,0.07000,0.69227,0.93000,0.74387,0.55882,0.67029,0.75337,-0.65760
2,3000,human_stop_constraint_2_3000_0,human_stop_constraint,probe_06,1,0,visible_collision,16,0.29526,1.00000,1,0.12000,0.14000,0.88000,0.50000,0.28496,0.20526,0.89844,-0.43909
2,3001,human_stop_constraint_2_3001_0,human_stop_constraint,probe_00,1,0,human_stop,40,0.70812,1.01000,0,0.07420,0.40340,0.90989,0.26227,0.51778,0.33996,0.99570,0.09264
2,3001,human_stop_constraint_2_3001_0,human_stop_constraint,probe_01,1,0,human_stop,37,0.64824,1.01000,0,0.07000,0.53626,0.93000,0.48187,0.51510,0.53025,0.99983,0.01846
2,3001,human_stop_constraint_2_3001_0,human_stop_constraint,probe_02,1,0,human_stop,15,0.29488,0.25000,0,0.12000,0.14000,0.88000,0.38667,0.28873,0.16235,0.52453,0.85139
2,3001,human_stop_constraint_2_3001_0,human_stop_constraint,probe_03,1,0,visible_collision,53,0.90890,1.00000,1,0.10000,0.86000,0.91000,0.72667,0.71036,0.77841,0.99971,0.02413
2,3001,human_stop_constraint_2_3001_0,human_stop_constraint,probe_04,1,0,human_stop,32,0.57322,1.01000,0,0.16000,0.61333,0.86000,0.35674,0.51054,0.52217,0.54479,-0.83857
2,3001,human_stop_constraint_2_3001_0,human_stop_constraint,probe_05,0,1,none,72,1.27731,0.00000,0,0.07000,0.17807,0.93000,0.15096,0.94695,0.14204,0.99729,0.07350
2,3001,human_stop_constraint_2_3001_0,human_stop_constraint,probe_06,1,0,visible_collision,16,0.25377,1.00000,1,0.12000,0.14000,0.88000,0.84000,0.24068,0.26338,0.29861,0.95438
2,3002,human_stop_constraint_2_3002_0,human_stop_constraint,probe_00,0,1,none,75,1.42753,0.00000,0,0.07239,0.55263,0.90945,0.71325,0.92339,0.69911,0.99901,0.04458
2,3002,human_stop_constraint_2_3002_0,human_stop_constraint,probe_01,0,1,none,72,1.23216,0.00000,0,0.07000,0.13556,0.93000,0.17222,0.92952,0.15583,0.52455,0.85138
2,3002,human_stop_constraint_2_3002_0,human_stop_constraint,probe_02,1,0,human_stop,40,0.72093,1.01000,0,0.12000,0.14000,0.88000,0.38667,0.56283,0.24417,0.97852,-0.20615
2,3002,human_stop_constraint_2_3002_0,human_stop_constraint,probe_03,1,0,human_stop,37,0.63088,1.01000,0,0.10000,0.86000,0.91000,0.27333,0.42649,0.56552,0.90679,-0.42159
2,3002,human_stop_constraint_2_3002_0,human_stop_constraint,probe_04,1,0,human_stop,26,0.43079,1.01000,0,0.16000,0.72667,0.86000,0.26748,0.37847,0.52199,0.78862,-0.61488
2,3002,human_stop_constraint_2_3002_0,human_stop_constraint,probe_05,1,0,human_stop,27,0.52274,1.01000,0,0.07000,0.46738,0.93000,0.51631,0.39864,0.46568,0.85206,0.52344
2,3002,human_stop_constraint_2_3002_0,human_stop_constraint,probe_06,1,0,visible_collision,23,0.40991,1.00000,1,0.12000,0.14000,0.88000,0.84000,0.31176,0.25795,0.34755,0.93766
2,3003,human_stop_constraint_2_3003_0,human_stop_constraint,probe_00,1,0,human_stop,25,0.45415,1.01000,0,0.07135,0.54987,0.92436,0.64311,0.36372,0.54013,0.99792,0.06446
2,3003,human_stop_constraint_2_3003_0,human_stop_constraint,probe_01,1,0,human_stop,33,0.58295,1.01000,0,0.07000,0.58554,0.93000,0.62723,0.46395,0.57643,0.19633,-0.98054
2,3003,human_stop_constraint_2_3003_0,human_stop_constraint,probe_02,0,1,none,73,1.27847,0.00000,0,0.12000,0.14000,0.88000,0.38667,0.89061,0.39444,0.67249,-0.74011
2,3003,human_stop_constraint_2_3003_0,human_stop_constraint,probe_03,1,0,human_stop,37,0.62930,1.01000,0,0.10000,0.86000,0.91000,0.16000,0.40592,0.55106,0.68803,-0.72568
2,3003,human_stop_constraint_2_3003_0,human_stop_constraint,probe_04,1,0,human_stop,24,0.40879,1.01000,0,0.16000,0.27333,0.86000,0.75844,0.35490,0.45973,0.92530,-0.37925
2,3003,human_stop_constraint_2_3003_0,human_stop_constraint,probe_05,0,1,none,76,1.31269,0.00000,0,0.07000,0.71423,0.93000,0.73288,0.93817,0.73228,0.90924,-0.41627
2,3003,human_stop_constraint_2_3003_0,human_stop_constraint,probe_06,1,0,visible_collision,18,0.29860,1.00000,1,0.12000,0.14000,0.88000,0.84000,0.27277,0.21823,0.79028,0.61275
2,3004,human_stop_constraint_2_3004_0,human_stop_constraint,probe_00,0,1,none,76,1.40381,0.00000,0,0.06741,0.65221,0.92412,0.49539,0.91060,0.48667,0.93828,0.34588
2,3004,human_stop_constraint_2_3004_0,human_stop_constraint,probe_01,0,1,none,71,1.25358,0.00000,0,0.07000,0.15687,0.93000,0.16157,0.92819,0.16417,0.93812,-0.34632
2,3004,human_stop_constraint_2_3004_0,human_stop_constraint,probe_02,1,0,human_stop,44,0.79136,1.01000,0,0.12000,0.14000,0.88000,0.38667,0.57767,0.27751,0.88798,0.45988
2,3004,human_stop_constraint_2_3004_0,human_stop_constraint,probe_03,0,1,none,79,1.23006,0.00000,0,0.10000,0.86000,0.91000,0.50000,0.90663,0.52439,0.99312,-0.11708
2,3004,human_stop_constraint_2_3004_0,human_stop_constraint,probe_04,1,0,human_stop,35,0.55536,1.01000,0,0.16000,0.72667,0.86000,0.23610,0.46373,0.45712,0.51174,-0.85914
2,3004,human_stop_constraint_2_3004_0,human_stop_constraint,probe_05,0,1,none,76,1.43767,0.00000,0,0.07000,0.22321,0.93000,0.29840,0.93416,0.28510,0.28872,0.95741
2,3004,human_stop_constraint_2_3004_0,human_stop_constraint,probe_06,1,0,visible_collision,16,0.31468,1.00000,1,0.12000,0.14000,0.88000,0.61333,0.27836,0.19342,0.98617,0.16574
2,3005,human_stop_constraint_2_3005_0,human_stop_constraint,probe_00,1,0,human_stop,32,0.56435,1.01000,0,0.07011,0.32738,0.91922,0.41301,0.45311,0.33040,0.99952,-0.03101
2,3005,human_stop_constraint_2_3005_0,human_stop_constraint,probe_01,1,0,human_stop,39,0.72907,1.01000,0,0.07000,0.74070,0.93000,0.71965,0.53827,0.73879,0.71748,-0.69658
2,3005,human_stop_constraint_2_3005_0,human_stop_constraint,probe_02,1,0,human_stop,35,0.65777,1.01000,0,0.12000,0.14000,0.88000,0.50000,0.45196,0.30099,0.57377,0.81902
2,3005,human_stop_constraint_2_3005_0,human_stop_constraint,probe_03,1,0,human_stop,55,1.01488,1.01000,0,0.10000,0.86000,0.91000,0.16000,0.55917,0.41150,0.99300,-0.11815
2,3005,human_stop_constraint_2_3005_0,human_stop_constraint,probe_04,1,0,human_stop,52,0.87465,1.01000,0,0.16000,0.27333,0.86000,0.69851,0.62630,0.58753,0.79493,0.60671
2,3005,human_stop_constraint_2_3005_0,human_stop_constraint,probe_05,1,0,human_stop,39,0.67958,1.01000,0,0.07000,0.40771,0.93000,0.37615,0.54209,0.40823,0.98260,0.18575
2,3005,human_stop_constraint_2_3005_0,human_stop_constraint,probe_06,1,0,human_stop,35,0.61270,1.01000,0,0.12000,0.14000,0.88000,0.61333,0.45249,0.29715,0.45199,-0.89202
2,3006,human_stop_constraint_2_3006_0,human_stop_constraint,probe_00,0,1,none,69,1.34211,0.00000,0,0.07579,0.57332,0.90920,0.60271,0.91591,0.60219,0.92242,0.38618
2,3006,human_stop_constraint_2_3006_0,human_stop_constraint,probe_01,1,0,human_stop,40,0.66586,1.01000,0,0.07000,0.36647,0.93000,0.39677,0.50086,0.42992,0.94291,0.33304
2,3006,human_stop_constraint_2_3006_0,human_stop_constraint,probe_02,0,1,none,68,1.23700,0.00000,0,0.12000,0.14000,0.88000,0.27333,0.88142,0.26436,0.47765,0.87855
2,3006,human_stop_constraint_2_3006_0,human_stop_constraint,probe_03,1,0,human_stop,42,0.74351,1.01000,0,0.10000,0.86000,0.91000,0.84000,0.62585,0.85242,0.98602,0.16661
2,3006,human_stop_constraint_2_3006_0,human_stop_constraint,probe_04,1,0,human_stop,33,0.60015,1.01000,0,0.16000,0.50000,0.86000,0.52402,0.56204,0.49988,0.72184,-0.69206
2,3006,human_stop_constraint_2_3006_0,human_stop_constraint,probe_05,0,1,none,72,1.30211,0.00000,0,0.07000,0.13001,0.93000,0.17499,0.93141,0.17216,0.41231,0.91104
2,3006,human_stop_constraint_2_3006_0,human_stop_constraint,probe_06,0,1,none,87,1.56400,0.00000,0,0.12000,0.14000,0.88000,0.72667,0.89030,0.72710,0.98772,-0.15626
2,3007,human_stop_constraint_2_3007_0,human_stop_constraint,probe_00,1,0,human_stop,32,0.56157,1.01000,0,0.07782,0.67557,0.91676,0.55510,0.44696,0.66486,0.60734,0.79444
2,3007,human_stop_constraint_2_3007_0,human_stop_constraint,probe_01,1,0,human_stop,28,0.50162,1.01000,0,0.07000,0.40808,0.93000,0.37596,0.39885,0.41699,0.98580,0.16794
2,3007,human_stop_constraint_2_3007_0,human_stop_constraint,probe_02,1,0,human_stop,37,0.75712,1.01000,0,0.12000,0.14000,0.88000,0.61333,0.42624,0.41217,0.53332,0.84591
2,3007,human_stop_constraint_2_3007_0,human_stop_constraint,probe_03,0,1,none,66,1.11862,0.00000,0,0.10000,0.86000,0.91000,0.84000,0.90743,0.84133,0.80931,-0.58738
2,3007,human_stop_constraint_2_3007_0,human_stop_constraint,probe_04,1,0,human_stop,18,0.34315,1.01000,0,0.16000,0.50000,0.86000,0.50661,0.39850,0.52364,0.91799,0.39660
2,3007,human_stop_constraint_2_3007_0,human_stop_constraint,probe_05,1,0,human_stop,28,0.53930,1.01000,0,0.07000,0.77884,0.93000,0.70058,0.38013,0.72781,0.99968,-0.02518
2,3007,human_stop_constraint_2_3007_0,human_stop_constraint,probe_06,1,0,visible_collision,14,0.31298,1.00000,1,0.12000,0.14000,0.88000,0.16000,0.27394,0.12937,0.85819,-0.51334
2,3008,human_stop_constraint_2_3008_0,human_stop_constraint,probe_00,1,0,visible_collision,51,0.89840,1.00000,1,0.06790,0.82000,0.92289,0.84000,0.68899,0.80277,0.82786,0.56093
2,3008,human_stop_constraint_2_3008_0,human_stop_constraint,probe_01,1,0,visible_collision,51,0.92217,1.00000,1,0.07000,0.74632,0.93000,0.71684,0.67500,0.70793,0.98836,-0.15211
2,3008,human_stop_constraint_2_3008_0,human_stop_constraint,probe_02,1,0,visible_collision,15,0.29196,1.00000,1,0.12000,0.14000,0.88000,0.50000,0.24730,0.20591,0.88719,0.46140
2,3008,human_stop_constraint_2_3008_0,human_stop_constraint,probe_03,1,0,visible_collision,49,0.79935,1.00000,1,0.10000,0.86000,0.91000,0.61333,0.65619,0.73516,0.98019,0.19804
2,3008,human_stop_constraint_2_3008_0,human_stop_constraint,probe_04,1,0,human_stop,30,0.55031,1.01000,0,0.16000,0.84000,0.86000,0.18762,0.41882,0.59384,0.54984,-0.83527
2,3008,human_stop_constraint_2_3008_0,human_stop_constraint,probe_05,1,0,visible_collision,17,0.30698,1.00000,1,0.07000,0.18854,0.93000,0.14573,0.26520,0.19673,0.70791,-0.70630
2,3008,human_stop_constraint_2_3008_0,human_stop_constraint,probe_06,1,0,human_stop,36,0.62695,1.01000,0,0.12000,0.14000,0.88000,0.38667,0.51925,0.20664,0.93572,0.35275
2,3009,human_stop_constraint_2_3009_0,human_stop_constraint,probe_00,0,1,none,72,1.20227,0.00000,0,0.06752,0.82000,0.91909,0.74236,0.90799,0.74744,0.32850,-0.94450
2,3009,human_stop_constraint_2_3009_0,human_stop_constraint,probe_01,0,1,none,76,1.39978,0.00000,0,0.07000,0.75420,0.93000,0.88290,0.93532,0.89410,0.20716,0.97831
2,3009,human_stop_constraint_2_3009_0,human_stop_constraint,probe_02,1,0,visible_collision,14,0.27344,1.00000,1,0.12000,0.14000,0.88000,0.61333,0.25729,0.22424,0.99741,-0.07192
2,3009,human_stop_constraint_2_3009_0,human_stop_constraint,probe_03,1,0,human_stop,27,0.47948,1.01000,0,0.10000,0.86000,0.91000,0.27333,0.32103,0.64229,0.77368,0.63358
2,3009,human_stop_constraint_2_3009_0,human_stop_constraint,probe_04,1,0,human_stop,24,0.38865,1.01000,0,0.16000,0.50000,0.86000,0.46756,0.45351,0.50140,0.81441,-0.58029
2,3009,human_stop_constraint_2_3009_0,human_stop_constraint,probe_05,1,0,human_stop,32,0.54734,1.01000,0,0.07000,0.37248,0.93000,0.39376,0.44308,0.35502,0.89125,0.45350
2,3009,human_stop_constraint_2_3009_0,human_stop_constraint,probe_06,1,0,human_stop,36,0.62700,1.01000,0,0.12000,0.14000,0.88000,0.72667,0.44149,0.35222,-0.14849,0.98891
2,3010,human_stop_constraint_2_3010_0,human_stop_constraint,probe_00,1,0,human_stop,33,0.52340,1.01000,0,0.08284,0.45843,0.90928,0.77285,0.45655,0.54210,-0.19584,0.98064
2,3010,human_stop_constraint_2_3010_0,human_stop_constraint,probe_01,0,1,none,71,1.24767,0.00000,0,0.07000,0.15735,0.93000,0.16133,0.91841,0.16039,-0.57460,0.81843
2,3010,human_stop_constraint_2_3010_0,human_stop_constraint,probe_02,1,0,human_stop,39,0.75883,1.01000,0,0.12000,0.14000,0.88000,0.38667,0.54167,0.24109,-0.18506,0.98273
2,3010,human_stop_constraint_2_3010_0,human_stop_constraint,probe_03,1,0,human_stop,28,0.47915,1.01000,0,0.10000,0.86000,0.91000,0.27333,0.33903,0.63553,0.65808,-0.75295
2,3010,human_stop_constraint_2_3010_0,human_stop_constraint,probe_04,1,0,human_stop,38,0.65375,1.01000,0,0.16000,0.61333,0.86000,0.32165,0.53519,0.43334,0.64198,-0.76673
2,3010,human_stop_constraint_2_3010_0,human_stop_constraint,probe_05,1,0,human_stop,25,0.41643,1.01000,0,0.07000,0.56196,0.93000,0.46902,0.37382,0.55636,0.99833,-0.05776
2,3010,human_stop_constraint_2_3010_0,human_stop_constraint,probe_06,1,0,visible_collision,16,0.28614,1.00000,1,0.12000,0.14000,0.88000,0.72667,0.25860,0.23509,0.99196,0.12651
2,3011,human_stop_constraint_2_3011_0,human_stop_constraint,probe_00,1,0,human_stop,42,0.71655,1.01000,0,0.07788,0.46630,0.90967,0.29972,0.55947,0.38320,0.99002,-0.14091
2,3011,human_stop_constraint_2_3011_0,human_stop_constraint,probe_01,0,1,none,73,1.32361,0.00000,0,0.07000,0.81000,0.93000,0.85500,0.94668,0.87662,0.48157,0.87641
2,3011,human_stop_constraint_2_3011_0,human_stop_constraint,probe_02,1,0,human_stop,38,0.69727,1.01000,0,0.12000,0.14000,0.88000,0.38667,0.54274,0.22871,0.97141,0.23741
2,3011,human_stop_constraint_2_3011_0,human_stop_constraint,probe_03,1,0,human_stop,32,0.54134,1.01000,0,0.10000,0.86000,0.91000,0.27333,0.37398,0.58837,0.86961,-0.49374
2,3011,human_stop_constraint_2_3011_0,human_stop_constraint,probe_04,1,0,human_stop,14,0.23056,1.01000,0,0.16000,0.50000,0.86000,0.50751,0.33249,0.51013,0.80760,0.58973
2,3011,human_stop_constraint_2_3011_0,human_stop_constraint,probe_05,0,1,none,73,1.28344,0.00000,0,0.07000,0.19776,0.93000,0.14112,0.94100,0.14232,0.83904,0.54407
2,3011,human_stop_constraint_2_3011_0,human_stop_constraint,probe_06,1,0,visible_collision,21,0.40418,1.00000,1,0.12000,0.14000,0.88000,0.72667,0.29862,0.19985,0.49222,0.87047
2,3012,human_stop_constraint_2_3012_0,human_stop_constraint,probe_00,1,0,human_stop,30,0.55275,1.01000,0,0.07578,0.77974,0.92160,0.75949,0.44533,0.78838,0.80678,-0.59085
2,3012,human_stop_constraint_2_3012_0,human_stop_constraint,probe_01,1,0,human_stop,33,0.56209,1.01000,0,0.07000,0.71335,0.93000,0.73332,0.46669,0.70111,0.98511,-0.17190
2,3012,human_stop_constraint_2_3012_0,human_stop_constraint,probe_02,1,0,human_stop,40,0.72010,1.01000,0,0.12000,0.14000,0.88000,0.61333,0.46475,0.39914,0.60546,-0.79588
2,3012,human_stop_constraint_2_3012_0,human_stop_constraint,probe_03,0,1,none,93,1.71795,0.00000,0,0.10000,0.86000,0.91000,0.16000,0.90927,0.16654,0.90738,0.42032
2,3012,human_stop_constraint_2_3012_0,human_stop_constraint,probe_04,0,1,none,59,1.13892,0.00000,0,0.16000,0.50000,0.86000,0.46773,0.85279,0.46404,0.98848,-0.15135
2,3012,human_stop_constraint_2_3012_0,human_stop_constraint,probe_05,1,0,human_stop,32,0.55561,1.01000,0,0.07000,0.76745,0.93000,0.87627,0.44865,0.76709,0.99339,-0.11476
2,3012,human_stop_constraint_2_3012_0,human_stop_constraint,probe_06,0,1,none,68,1.26229,0.00000,0,0.12000,0.14000,0.88000,0.27333,0.89515,0.27077,0.11951,0.99283
2,3013,human_stop_constraint_2_3013_0,human_stop_constraint,probe_00,1,0,human_stop,41,0.77699,1.01000,0,0.06938,0.29625,0.90823,0.31993,0.57417,0.28945,0.91429,-0.40506
2,3013,human_stop_constraint_2_3013_0,human_stop_constraint,probe_01,0,1,none,76,1.28665,0.00000,0,0.07000,0.74017,0.93000,0.71992,0.93656,0.72005,0.99128,0.13176
2,3013,human_stop_constraint_2_3013_0,human_stop_constraint,probe_02,1,0,human_stop,51,0.88551,1.01000,0,0.12000,0.14000,0.88000,0.50000,0.61101,0.39617,0.81430,-0.58045
2,3013,human_stop_constraint_2_3013_0,human_stop_constraint,probe_03,0,1,none,75,1.28458,0.00000,0,0.10000,0.86000,0.91000,0.61333,0.92094,0.62001,0.84379,-0.53667
2,3013,human_stop_constraint_2_3013_0,human_stop_constraint,probe_04,1,0,human_stop,43,0.77831,1.01000,0,0.16000,0.27333,0.86000,0.76174,0.51970,0.62003,0.59882,0.80088
2,3013,human_stop_constraint_2_3013_0,human_stop_constraint,probe_05,0,1,none,72,1.21739,0.00000,0,0.07000,0.14288,0.93000,0.16856,0.92837,0.15668,-0.33224,0.94319
2,3013,human_stop_constraint_2_3013_0,human_stop_constraint,probe_06,1,0,human_stop,44,0.74832,1.01000,0,0.12000,0.14000,0.88000,0.38667,0.57524,0.28293,0.99996,0.00894
2,4000,combined_abort_stress_2_4000_0,combined_abort_stress,probe_00,1,0,visible_collision,17,0.38254,1.00000,1,0.08219,0.18000,0.92463,0.16589,0.29656,0.17011,0.85214,0.52331
2,4000,combined_abort_stress_2_4000_0,combined_abort_stress,probe_01,1,0,fixture_snag,31,0.72005,1.72135,1,0.07000,0.79282,0.93000,0.86359,0.45260,0.76932,0.95935,0.28222
2,4000,combined_abort_stress_2_4000_0,combined_abort_stress,probe_02,1,0,human_stop,36,0.82029,0.94500,0,0.12000,0.14000,0.88000,0.56800,0.43757,0.35726,0.61497,0.78855
2,4000,combined_abort_stress_2_4000_0,combined_abort_stress,probe_03,1,0,fixture_snag,40,0.84903,1.72010,1,0.10000,0.86000,0.91000,0.36400,0.46991,0.56553,0.85519,-0.51832
2,4000,combined_abort_stress_2_4000_0,combined_abort_stress,probe_04,1,0,fixture_snag,26,0.58949,1.02623,0,0.16000,0.63600,0.86000,0.34436,0.44959,0.55682,0.99321,0.11636
2,4000,combined_abort_stress_2_4000_0,combined_abort_stress,probe_05,1,0,fixture_snag,31,0.63083,1.10111,0,0.07000,0.74293,0.93000,0.78653,0.43701,0.73126,0.99970,0.02462
2,4000,combined_abort_stress_2_4000_0,combined_abort_stress,probe_06,1,0,collision_margin,29,0.65157,1.01807,0,0.12000,0.14000,0.88000,0.43200,0.43123,0.23234,0.98380,0.17925
2,4000,combined_abort_stress_2_4000_0,combined_abort_stress,probe_07,1,0,fixture_snag,32,0.78184,1.17265,1,0.10000,0.86000,0.91000,0.50000,0.43726,0.75378,0.85358,0.52097
2,4000,combined_abort_stress_2_4000_0,combined_abort_stress,probe_08,1,0,fixture_snag,37,0.79997,1.42789,1,0.16000,0.22800,0.86000,0.83495,0.46378,0.54011,0.97271,0.23202
2,4000,combined_abort_stress_2_4000_0,combined_abort_stress,probe_09,1,0,visible_collision,17,0.27861,1.00000,1,0.07000,0.17036,0.93000,0.15482,0.27032,0.17144,0.67910,0.73405
2,4000,combined_abort_stress_2_4000_0,combined_abort_stress,probe_10,1,0,fixture_snag,45,0.92139,1.09218,0,0.12000,0.14000,0.88000,0.70400,0.47951,0.52042,0.92028,0.39127
2,4001,combined_abort_stress_2_4001_0,combined_abort_stress,probe_00,1,0,human_stop,35,0.69827,0.94500,0,0.07124,0.56234,0.90886,0.74495,0.49722,0.57427,0.80072,-0.59904
2,4001,combined_abort_stress_2_4001_0,combined_abort_stress,probe_01,1,0,visible_collision,17,0.35136,1.00000,1,0.07000,0.22774,0.93000,0.22813,0.25810,0.21755,-0.69270,-0.72122
2,4001,combined_abort_stress_2_4001_0,combined_abort_stress,probe_02,1,0,visible_collision,19,0.51858,1.00000,1,0.12000,0.14000,0.88000,0.29600,0.30741,0.21391,0.95860,0.28476
2,4001,combined_abort_stress_2_4001_0,combined_abort_stress,probe_03,1,0,fixture_snag,32,0.72395,1.57975,1,0.10000,0.86000,0.91000,0.63600,0.51236,0.83240,0.96104,0.27642
2,4001,combined_abort_stress_2_4001_0,combined_abort_stress,probe_04,1,0,fixture_snag,35,0.76166,1.49737,1,0.16000,0.36400,0.86000,0.65988,0.52181,0.53145,0.99862,0.05243
2,4001,combined_abort_stress_2_4001_0,combined_abort_stress,probe_05,1,0,unstable_slip,55,1.19242,1.46142,1,0.07000,0.41703,0.93000,0.43948,0.74037,0.41001,0.98232,0.18723
2,4001,combined_abort_stress_2_4001_0,combined_abort_stress,probe_06,1,0,collision_margin,32,0.61454,1.70319,1,0.12000,0.14000,0.88000,0.16000,0.52220,0.12374,0.70938,0.70482
2,4001,combined_abort_stress_2_4001_0,combined_abort_stress,probe_07,1,0,human_stop,19,0.44023,0.25000,0,0.10000,0.86000,0.91000,0.50000,0.29881,0.79125,0.99855,-0.05387
2,4001,combined_abort_stress_2_4001_0,combined_abort_stress,probe_08,0,1,none,73,1.52816,0.00000,0,0.16000,0.70400,0.86000,0.32298,0.86377,0.32601,0.37342,-0.92766
2,4001,combined_abort_stress_2_4001_0,combined_abort_stress,probe_09,1,0,human_stop,35,0.73036,0.94500,0,0.07000,0.57670,0.93000,0.56365,0.48558,0.57701,0.84539,0.53415
2,4001,combined_abort_stress_2_4001_0,combined_abort_stress,probe_10,1,0,human_stop,50,1.07980,0.94500,0,0.12000,0.14000,0.88000,0.84000,0.49835,0.55671,-0.30950,0.95090
2,4002,combined_abort_stress_2_4002_0,combined_abort_stress,probe_00,1,0,collision_margin,32,0.89422,1.04245,0,0.08286,0.39288,0.91102,0.19613,0.45572,0.35177,0.84006,-0.54249
2,4002,combined_abort_stress_2_4002_0,combined_abort_stress,probe_01,1,0,visible_collision,22,0.41961,1.00000,1,0.07000,0.24548,0.93000,0.32126,0.27839,0.29529,0.99855,0.05377
2,4002,combined_abort_stress_2_4002_0,combined_abort_stress,probe_02,1,0,collision_margin,35,0.75547,1.19760,1,0.12000,0.14000,0.88000,0.56800,0.45978,0.31801,0.99156,-0.12962
2,4002,combined_abort_stress_2_4002_0,combined_abort_stress,probe_03,1,0,unstable_slip,37,0.77430,1.41215,1,0.10000,0.86000,0.91000,0.36400,0.42297,0.59382,0.90985,-0.41493
2,4002,combined_abort_stress_2_4002_0,combined_abort_stress,probe_04,1,0,unstable_slip,26,0.60414,1.00888,0,0.16000,0.70400,0.86000,0.31844,0.39919,0.54900,0.99931,0.03703
2,4002,combined_abort_stress_2_4002_0,combined_abort_stress,probe_05,1,0,fixture_snag,34,0.70806,1.59173,1,0.07000,0.77111,0.93000,0.77245,0.48202,0.74971,0.94811,0.31793
2,4002,combined_abort_stress_2_4002_0,combined_abort_stress,probe_06,1,0,collision_margin,28,0.68625,1.52454,1,0.12000,0.14000,0.88000,0.16000,0.46591,0.12481,0.60878,-0.79334
2,4002,combined_abort_stress_2_4002_0,combined_abort_stress,probe_07,1,0,force_limit,41,0.95004,1.63707,1,0.10000,0.86000,0.91000,0.43200,0.50058,0.62321,0.66357,-0.74811
2,4002,combined_abort_stress_2_4002_0,combined_abort_stress,probe_08,1,0,unstable_slip,22,0.45637,0.95631,0,0.16000,0.63600,0.86000,0.35608,0.39697,0.56098,0.71602,0.69808
2,4002,combined_abort_stress_2_4002_0,combined_abort_stress,probe_09,1,0,collision_margin,33,0.65074,1.18106,1,0.07000,0.45429,0.93000,0.52286,0.46217,0.46239,0.70855,-0.70566
2,4002,combined_abort_stress_2_4002_0,combined_abort_stress,probe_10,1,0,collision_margin,45,0.82666,1.12509,0,0.12000,0.14000,0.88000,0.84000,0.46185,0.53187,0.88611,-0.46347
2,4003,combined_abort_stress_2_4003_0,combined_abort_stress,probe_00,1,0,fixture_snag,32,0.73355,1.22892,1,0.07043,0.78743,0.91046,0.84000,0.45928,0.78595,0.58156,0.81350
2,4003,combined_abort_stress_2_4003_0,combined_abort_stress,probe_01,1,0,fixture_snag,32,0.66164,1.16936,1,0.07000,0.73648,0.93000,0.68776,0.45549,0.75728,0.76125,0.64846
2,4003,combined_abort_stress_2_4003_0,combined_abort_stress,probe_02,1,0,human_stop,42,1.02864,0.94500,0,0.12000,0.14000,0.88000,0.77200,0.47211,0.44872,0.91426,0.40514
2,4003,combined_abort_stress_2_4003_0,combined_abort_stress,probe_03,1,0,unstable_slip,37,0.84298,1.57286,1,0.10000,0.86000,0.91000,0.36400,0.43805,0.56714,0.57830,0.81582
2,4003,combined_abort_stress_2_4003_0,combined_abort_stress,probe_04,1,0,human_stop,27,0.54043,0.94500,0,0.16000,0.43200,0.86000,0.57771,0.46327,0.50411,0.99734,-0.07288
2,4003,combined_abort_stress_2_4003_0,combined_abort_stress,probe_05,1,0,collision_margin,32,0.66831,1.28727,1,0.07000,0.16264,0.93000,0.26068,0.47425,0.15569,0.97743,0.21124
2,4003,combined_abort_stress_2_4003_0,combined_abort_stress,probe_06,1,0,collision_margin,38,0.72806,1.49685,1,0.12000,0.14000,0.88000,0.50000,0.48818,0.33102,0.74341,0.66883
2,4003,combined_abort_stress_2_4003_0,combined_abort_stress,probe_07,1,0,human_stop,41,0.89514,0.94500,0,0.10000,0.86000,0.91000,0.16000,0.47793,0.54615,0.15522,-0.98788
2,4003,combined_abort_stress_2_4003_0,combined_abort_stress,probe_08,1,0,unstable_slip,36,0.66220,1.60870,1,0.16000,0.84000,0.86000,0.15445,0.45497,0.55581,0.98633,0.16477
2,4003,combined_abort_stress_2_4003_0,combined_abort_stress,probe_09,1,0,visible_collision,19,0.37073,1.00000,1,0.07000,0.35633,0.93000,0.26584,0.25381,0.29713,0.99527,0.09715
2,4003,combined_abort_stress_2_4003_0,combined_abort_stress,probe_10,1,0,visible_collision,25,0.59944,1.00000,1,0.12000,0.14000,0.88000,0.56800,0.31625,0.31711,-0.06845,0.99765
2,4004,combined_abort_stress_2_4004_0,combined_abort_stress,probe_00,1,0,force_limit,28,0.56720,1.62231,1,0.06890,0.44070,0.91960,0.54780,0.39025,0.42579,0.95420,0.29917
2,4004,combined_abort_stress_2_4004_0,combined_abort_stress,probe_01,1,0,visible_collision,20,0.37376,1.00000,1,0.07000,0.40182,0.93000,0.44709,0.28825,0.40184,0.53693,-0.84363
2,4004,combined_abort_stress_2_4004_0,combined_abort_stress,probe_02,1,0,collision_margin,39,0.81931,1.25817,1,0.12000,0.14000,0.88000,0.36400,0.54388,0.21135,0.86448,-0.50267
2,4004,combined_abort_stress_2_4004_0,combined_abort_stress,probe_03,1,0,fixture_snag,39,0.84088,1.38726,1,0.10000,0.86000,0.91000,0.56800,0.54106,0.74435,0.82629,-0.56325
2,4004,combined_abort_stress_2_4004_0,combined_abort_stress,probe_04,1,0,force_limit,36,0.80916,1.64583,1,0.16000,0.77200,0.86000,0.26546,0.44949,0.46053,-0.41063,-0.91180
2,4004,combined_abort_stress_2_4004_0,combined_abort_stress,probe_05,1,0,human_stop,37,0.81635,0.94500,0,0.07000,0.69785,0.93000,0.70707,0.51983,0.68051,0.98683,0.16178
2,4004,combined_abort_stress_2_4004_0,combined_abort_stress,probe_06,1,0,collision_margin,39,0.85114,1.13110,0,0.12000,0.14000,0.88000,0.29600,0.53985,0.21899,0.88765,-0.46051
2,4004,combined_abort_stress_2_4004_0,combined_abort_stress,probe_07,1,0,fixture_snag,39,0.81513,0.96519,0,0.10000,0.86000,0.91000,0.50000,0.52627,0.70056,0.62227,-0.78280
2,4004,combined_abort_stress_2_4004_0,combined_abort_stress,probe_08,1,0,fixture_snag,34,0.78972,1.44953,1,0.16000,0.63600,0.86000,0.38890,0.53361,0.54157,0.96421,0.26515
2,4004,combined_abort_stress_2_4004_0,combined_abort_stress,probe_09,1,0,visible_collision,42,0.88124,1.00000,1,0.07000,0.10000,0.93000,0.20010,0.53297,0.11034,0.96931,-0.24583
2,4004,combined_abort_stress_2_4004_0,combined_abort_stress,probe_10,1,0,force_limit,27,0.44528,1.37819,1,0.12000,0.14000,0.88000,0.84000,0.35677,0.32135,0.03729,0.99930
2,4005,combined_abort_stress_2_4005_0,combined_abort_stress,probe_00,1,0,human_stop,27,0.65801,0.94500,0,0.06530,0.41469,0.91510,0.23768,0.37256,0.37226,0.01261,-0.99992
2,4005,combined_abort_stress_2_4005_0,combined_abort_stress,probe_01,1,0,fixture_snag,32,0.69863,1.39503,1,0.07000,0.78791,0.93000,0.76404,0.45666,0.79816,0.99564,-0.09333
2,4005,combined_abort_stress_2_4005_0,combined_abort_stress,probe_02,1,0,human_stop,27,0.46757,0.94500,0,0.12000,0.14000,0.88000,0.63600,0.36921,0.28044,0.92147,0.38845
2,4005,combined_abort_stress_2_4005_0,combined_abort_stress,probe_03,1,0,fixture_snag,29,0.68138,1.13223,0,0.10000,0.86000,0.91000,0.70400,0.44829,0.82250,0.94949,-0.31380
2,4005,combined_abort_stress_2_4005_0,combined_abort_stress,probe_04,1,0,fixture_snag,24,0.53583,1.85383,1,0.16000,0.50000,0.86000,0.46360,0.47547,0.51043,0.98929,-0.14593
2,4005,combined_abort_stress_2_4005_0,combined_abort_stress,probe_05,1,0,visible_collision,14,0.37973,1.00000,1,0.07000,0.34115,0.93000,0.27342,0.25190,0.33435,0.99932,-0.03678
2,4005,combined_abort_stress_2_4005_0,combined_abort_stress,probe_06,1,0,human_stop,29,0.59364,0.94500,0,0.12000,0.14000,0.88000,0.43200,0.42271,0.23423,0.67311,0.73954
2,4005,combined_abort_stress_2_4005_0,combined_abort_stress,probe_07,1,0,fixture_snag,38,0.75318,1.17078,1,0.10000,0.86000,0.91000,0.36400,0.45350,0.58688,0.41743,-0.90871
2,4005,combined_abort_stress_2_4005_0,combined_abort_stress,probe_08,1,0,visible_collision,16,0.35854,1.00000,1,0.16000,0.16000,0.86000,0.84135,0.30449,0.25292,-0.90751,-0.42004
2,4005,combined_abort_stress_2_4005_0,combined_abort_stress,probe_09,1,0,fixture_snag,32,0.68224,1.15438,0,0.07000,0.88716,0.93000,0.81642,0.44806,0.87471,0.91693,0.39904
2,4005,combined_abort_stress_2_4005_0,combined_abort_stress,probe_10,1,0,human_stop,28,0.55567,0.94500,0,0.12000,0.14000,0.88000,0.56800,0.38067,0.30231,0.28018,0.95995
2,4006,combined_abort_stress_2_4006_0,combined_abort_stress,probe_00,1,0,force_limit,30,0.68256,1.60835,1,0.08017,0.48695,0.90898,0.31305,0.41112,0.44472,0.91562,0.40205
2,4006,combined_abort_stress_2_4006_0,combined_abort_stress,probe_01,1,0,fixture_snag,36,0.85188,1.41335,1,0.07000,0.73535,0.93000,0.68832,0.49839,0.71796,0.46424,-0.88571
2,4006,combined_abort_stress_2_4006_0,combined_abort_stress,probe_02,1,0,visible_collision,12,0.25419,1.00000,1,0.12000,0.14000,0.88000,0.16000,0.24217,0.15160,0.96272,0.27048
2,4006,combined_abort_stress_2_4006_0,combined_abort_stress,probe_03,1,0,fixture_snag,34,0.77354,1.10376,0,0.10000,0.86000,0.91000,0.63600,0.49358,0.80446,0.57259,-0.81984
2,4006,combined_abort_stress_2_4006_0,combined_abort_stress,probe_04,1,0,force_limit,29,0.61266,1.64472,1,0.16000,0.22800,0.86000,0.77687,0.40502,0.47163,0.85064,0.52575
2,4006,combined_abort_stress_2_4006_0,combined_abort_stress,probe_05,1,0,human_stop,26,0.57040,0.94500,0,0.07000,0.30219,0.93000,0.29291,0.37428,0.31785,0.87565,0.48295
2,4006,combined_abort_stress_2_4006_0,combined_abort_stress,probe_06,1,0,human_stop,30,0.68250,0.94500,0,0.12000,0.14000,0.88000,0.77200,0.36527,0.37628,0.96840,0.24939
2,4006,combined_abort_stress_2_4006_0,combined_abort_stress,probe_07,1,0,force_limit,41,0.92612,1.91868,1,0.10000,0.86000,0.91000,0.36400,0.46593,0.54488,-0.24818,-0.96871
2,4006,combined_abort_stress_2_4006_0,combined_abort_stress,probe_08,1,0,force_limit,23,0.41527,1.56151,1,0.16000,0.50000,0.86000,0.50800,0.43017,0.50997,0.93212,-0.36215
2,4006,combined_abort_stress_2_4006_0,combined_abort_stress,probe_09,1,0,force_limit,30,0.59644,1.65161,1,0.07000,0.43708,0.93000,0.42946,0.43205,0.44148,0.99883,0.04828
2,4006,combined_abort_stress_2_4006_0,combined_abort_stress,probe_10,1,0,human_stop,28,0.60807,0.94500,0,0.12000,0.14000,0.88000,0.56800,0.37950,0.30319,0.92700,0.37506
2,4007,combined_abort_stress_2_4007_0,combined_abort_stress,probe_00,1,0,human_stop,33,0.55783,0.94500,0,0.06887,0.71795,0.91903,0.84000,0.47288,0.70825,0.91250,-0.40907
2,4007,combined_abort_stress_2_4007_0,combined_abort_stress,probe_01,1,0,visible_collision,17,0.38427,1.00000,1,0.07000,0.23108,0.93000,0.22646,0.28571,0.23245,0.94876,-0.31601
2,4007,combined_abort_stress_2_4007_0,combined_abort_stress,probe_02,1,0,visible_collision,17,0.33332,1.00000,1,0.12000,0.14000,0.88000,0.50000,0.27431,0.22263,-0.83470,0.55071
2,4007,combined_abort_stress_2_4007_0,combined_abort_stress,probe_03,1,0,fixture_snag,29,0.68250,1.17836,1,0.10000,0.86000,0.91000,0.63600,0.45213,0.78874,0.98057,-0.19617
2,4007,combined_abort_stress_2_4007_0,combined_abort_stress,probe_04,1,0,collision_margin,37,0.84250,1.35733,1,0.16000,0.84000,0.86000,0.19544,0.47539,0.53470,0.43915,-0.89841
2,4007,combined_abort_stress_2_4007_0,combined_abort_stress,probe_05,1,0,human_stop,32,0.72348,0.94500,0,0.07000,0.70480,0.93000,0.70360,0.46935,0.70265,0.99060,0.13678
2,4007,combined_abort_stress_2_4007_0,combined_abort_stress,probe_06,1,0,visible_collision,11,0.23838,1.00000,1,0.12000,0.14000,0.88000,0.16000,0.24939,0.14512,0.67564,0.73723
2,4007,combined_abort_stress_2_4007_0,combined_abort_stress,probe_07,1,0,collision_margin,43,0.85000,1.22667,1,0.10000,0.86000,0.91000,0.29600,0.47024,0.51779,0.96758,-0.25255
2,4007,combined_abort_stress_2_4007_0,combined_abort_stress,probe_08,1,0,collision_margin,25,0.56533,0.99343,0,0.16000,0.56800,0.86000,0.47397,0.46281,0.51351,0.76648,-0.64227
2,4007,combined_abort_stress_2_4007_0,combined_abort_stress,probe_09,1,0,collision_margin,33,0.63004,1.20243,1,0.07000,0.41779,0.93000,0.43910,0.46297,0.42113,0.99998,-0.00602
2,4007,combined_abort_stress_2_4007_0,combined_abort_stress,probe_10,1,0,visible_collision,18,0.41915,1.00000,1,0.12000,0.14000,0.88000,0.36400,0.28709,0.22701,0.93510,0.35438
2,4008,combined_abort_stress_2_4008_0,combined_abort_stress,probe_00,1,0,force_limit,26,0.46525,2.03316,1,0.08187,0.41510,0.90773,0.55828,0.38556,0.44918,0.90939,0.41595
2,4008,combined_abort_stress_2_4008_0,combined_abort_stress,probe_01,1,0,fixture_snag,30,0.58404,1.15000,0,0.07000,0.82308,0.93000,0.84846,0.42087,0.82091,0.97306,-0.23056
2,4008,combined_abort_stress_2_4008_0,combined_abort_stress,probe_02,1,0,visible_collision,18,0.34228,1.00000,1,0.12000,0.14000,0.88000,0.63600,0.26074,0.21461,0.98393,-0.17855
2,4008,combined_abort_stress_2_4008_0,combined_abort_stress,probe_03,1,0,fixture_snag,36,0.75317,1.24787,1,0.10000,0.86000,0.91000,0.29600,0.42118,0.57520,0.97641,-0.21591
2,4008,combined_abort_stress_2_4008_0,combined_abort_stress,probe_04,1,0,fixture_snag,23,0.43250,1.12582,0,0.16000,0.56800,0.86000,0.38489,0.41677,0.50876,0.36022,-0.93287
2,4008,combined_abort_stress_2_4008_0,combined_abort_stress,probe_05,1,0,fixture_snag,29,0.63650,1.05872,0,0.07000,0.70669,0.93000,0.70266,0.41677,0.69716,0.65548,-0.75521
2,4008,combined_abort_stress_2_4008_0,combined_abort_stress,probe_06,1,0,visible_collision,16,0.32232,1.00000,1,0.12000,0.14000,0.88000,0.50000,0.28142,0.21581,0.22988,-0.97322
2,4008,combined_abort_stress_2_4008_0,combined_abort_stress,probe_07,1,0,fixture_snag,28,0.67681,1.32210,1,0.10000,0.86000,0.91000,0.77200,0.42601,0.81515,0.90474,0.42596
2,4008,combined_abort_stress_2_4008_0,combined_abort_stress,probe_08,1,0,visible_collision,9,0.18482,1.00000,1,0.16000,0.22800,0.86000,0.77987,0.24030,0.28360,0.78703,0.61691
2,4008,combined_abort_stress_2_4008_0,combined_abort_stress,probe_09,1,0,force_limit,24,0.49510,1.96234,1,0.07000,0.41891,0.93000,0.43855,0.36694,0.39466,0.86861,0.49550
2,4008,combined_abort_stress_2_4008_0,combined_abort_stress,probe_10,1,0,collision_margin,26,0.48163,1.32029,1,0.12000,0.14000,0.88000,0.16000,0.43294,0.13335,0.93184,-0.36288
2,4009,combined_abort_stress_2_4009_0,combined_abort_stress,probe_00,1,0,human_stop,24,0.46429,0.94500,0,0.07868,0.36399,0.90866,0.35750,0.37621,0.35622,0.62749,0.77863
2,4009,combined_abort_stress_2_4009_0,combined_abort_stress,probe_01,1,0,fixture_snag,33,0.69285,1.03939,0,0.07000,0.73038,0.93000,0.79281,0.44607,0.76698,0.31977,-0.94750
2,4009,combined_abort_stress_2_4009_0,combined_abort_stress,probe_02,1,0,visible_collision,20,0.51513,1.00000,1,0.12000,0.14000,0.88000,0.56800,0.29842,0.20174,0.32109,0.94705
2,4009,combined_abort_stress_2_4009_0,combined_abort_stress,probe_03,1,0,fixture_snag,33,0.73721,1.49112,1,0.10000,0.86000,0.91000,0.50000,0.45957,0.73253,0.32544,-0.94556
2,4009,combined_abort_stress_2_4009_0,combined_abort_stress,probe_04,1,0,fixture_snag,29,0.68820,1.03295,0,0.16000,0.63600,0.86000,0.28749,0.44463,0.49906,-0.16252,0.98671
2,4009,combined_abort_stress_2_4009_0,combined_abort_stress,probe_05,1,0,collision_margin,33,0.74762,1.26389,1,0.07000,0.11493,0.93000,0.18253,0.44310,0.13821,0.98505,0.17226
2,4009,combined_abort_stress_2_4009_0,combined_abort_stress,probe_06,1,0,collision_margin,28,0.50649,1.30933,1,0.12000,0.14000,0.88000,0.29600,0.43088,0.20103,0.93777,0.34725
2,4009,combined_abort_stress_2_4009_0,combined_abort_stress,probe_07,1,0,fixture_snag,41,0.95935,1.05262,0,0.10000,0.86000,0.91000,0.22800,0.44540,0.53650,0.24371,-0.96985
2,4009,combined_abort_stress_2_4009_0,combined_abort_stress,probe_08,1,0,fixture_snag,32,0.68481,1.81307,1,0.16000,0.70400,0.86000,0.32941,0.46831,0.51674,0.83696,-0.54727
2,4009,combined_abort_stress_2_4009_0,combined_abort_stress,probe_09,1,0,fixture_snag,33,0.67109,1.48075,1,0.07000,0.86934,0.93000,0.82533,0.45982,0.85329,0.99759,-0.06932
2,4009,combined_abort_stress_2_4009_0,combined_abort_stress,probe_10,1,0,collision_margin,28,0.59324,1.52053,1,0.12000,0.14000,0.88000,0.43200,0.43307,0.22137,0.99099,0.13393
2,4010,combined_abort_stress_2_4010_0,combined_abort_stress,probe_00,1,0,collision_margin,32,0.72074,1.40595,1,0.07201,0.45577,0.91953,0.56969,0.45823,0.45367,0.85587,-0.51720
2,4010,combined_abort_stress_2_4010_0,combined_abort_stress,probe_01,1,0,fixture_snag,34,0.76358,1.46669,1,0.07000,0.71495,0.93000,0.69853,0.49081,0.71193,0.98237,-0.18696
2,4010,combined_abort_stress_2_4010_0,combined_abort_stress,probe_02,1,0,visible_collision,15,0.34323,1.00000,1,0.12000,0.14000,0.88000,0.36400,0.23192,0.24053,0.90665,0.42187
2,4010,combined_abort_stress_2_4010_0,combined_abort_stress,probe_03,1,0,fixture_snag,29,0.58751,1.36057,1,0.10000,0.86000,0.91000,0.84000,0.47760,0.87251,0.81594,0.57814
2,4010,combined_abort_stress_2_4010_0,combined_abort_stress,probe_04,1,0,collision_margin,32,0.63442,1.18118,1,0.16000,0.29600,0.86000,0.69853,0.45046,0.49336,0.81919,0.57352
2,4010,combined_abort_stress_2_4010_0,combined_abort_stress,probe_05,1,0,unstable_slip,24,0.43153,1.64625,1,0.07000,0.40047,0.93000,0.44777,0.35468,0.40235,0.04913,-0.99879
2,4010,combined_abort_stress_2_4010_0,combined_abort_stress,probe_06,1,0,collision_margin,29,0.71793,1.17093,1,0.12000,0.14000,0.88000,0.22800,0.46620,0.14073,0.99851,0.05457
2,4010,combined_abort_stress_2_4010_0,combined_abort_stress,probe_07,1,0,fixture_snag,32,0.72284,1.04838,0,0.10000,0.86000,0.91000,0.63600,0.47143,0.81960,0.90487,-0.42569
2,4010,combined_abort_stress_2_4010_0,combined_abort_stress,probe_08,1,0,collision_margin,36,0.93225,1.22300,1,0.16000,0.77200,0.86000,0.22315,0.45173,0.47228,0.96737,-0.25337
2,4010,combined_abort_stress_2_4010_0,combined_abort_stress,probe_09,1,0,visible_collision,18,0.35800,1.00000,1,0.07000,0.15445,0.93000,0.16278,0.27938,0.18134,-0.42129,0.90692
2,4010,combined_abort_stress_2_4010_0,combined_abort_stress,probe_10,1,0,visible_collision,15,0.37065,1.00000,1,0.12000,0.14000,0.88000,0.56800,0.24408,0.25003,0.79136,0.61135
2,4011,combined_abort_stress_2_4011_0,combined_abort_stress,probe_00,1,0,unstable_slip,25,0.69896,1.50359,1,0.06876,0.69428,0.91383,0.68427,0.35643,0.67663,-0.27674,0.96095
2,4011,combined_abort_stress_2_4011_0,combined_abort_stress,probe_01,1,0,unstable_slip,24,0.52702,0.97502,0,0.07000,0.62313,0.93000,0.54043,0.33711,0.63435,0.99754,0.07016
2,4011,combined_abort_stress_2_4011_0,combined_abort_stress,probe_02,1,0,force_limit,42,1.01454,1.70841,1,0.12000,0.14000,0.88000,0.77200,0.45192,0.48139,0.99146,-0.13039
2,4011,combined_abort_stress_2_4011_0,combined_abort_stress,probe_03,1,0,unstable_slip,26,0.63573,1.21513,1,0.10000,0.86000,0.91000,0.29600,0.31564,0.65999,0.94852,0.31672
2,4011,combined_abort_stress_2_4011_0,combined_abort_stress,probe_04,1,0,fixture_snag,30,0.58338,0.99678,0,0.16000,0.36400,0.86000,0.68143,0.46925,0.50120,0.54701,0.83713
2,4011,combined_abort_stress_2_4011_0,combined_abort_stress,probe_05,1,0,fixture_snag,33,0.74796,1.40038,1,0.07000,0.54112,0.93000,0.47944,0.46705,0.51948,0.79195,0.61058
2,4011,combined_abort_stress_2_4011_0,combined_abort_stress,probe_06,1,0,collision_margin,34,0.65959,0.98782,0,0.12000,0.14000,0.88000,0.43200,0.46970,0.21705,0.51470,0.85737
2,4011,combined_abort_stress_2_4011_0,combined_abort_stress,probe_07,1,0,unstable_slip,25,0.49058,1.25072,1,0.10000,0.86000,0.91000,0.16000,0.31190,0.65990,0.58730,-0.80937
2,4011,combined_abort_stress_2_4011_0,combined_abort_stress,probe_08,1,0,fixture_snag,31,0.61833,0.97612,0,0.16000,0.70400,0.86000,0.32812,0.45352,0.54239,0.55601,-0.83118
2,4011,combined_abort_stress_2_4011_0,combined_abort_stress,probe_09,1,0,visible_collision,15,0.29435,1.00000,1,0.07000,0.16867,0.93000,0.25767,0.24880,0.18211,0.83748,-0.54647
2,4011,combined_abort_stress_2_4011_0,combined_abort_stress,probe_10,1,0,force_limit,41,0.84723,1.84331,1,0.12000,0.14000,0.88000,0.63600,0.46783,0.46116,0.99241,0.12300
2,4012,combined_abort_stress_2_4012_0,combined_abort_stress,probe_00,1,0,human_stop,31,0.65041,0.94500,0,0.08143,0.46071,0.92109,0.30952,0.44119,0.42198,0.94337,0.33174
2,4012,combined_abort_stress_2_4012_0,combined_abort_stress,probe_01,1,0,fixture_snag,33,0.65472,0.97355,0,0.07000,0.59698,0.93000,0.65551,0.46745,0.57714,0.04369,-0.99905
2,4012,combined_abort_stress_2_4012_0,combined_abort_stress,probe_02,1,0,visible_collision,15,0.40069,1.00000,1,0.12000,0.14000,0.88000,0.84000,0.24224,0.24061,0.56977,-0.82180
2,4012,combined_abort_stress_2_4012_0,combined_abort_stress,probe_03,1,0,unstable_slip,24,0.53479,1.35236,1,0.10000,0.86000,0.91000,0.70400,0.40478,0.87902,0.98433,0.17634
2,4012,combined_abort_stress_2_4012_0,combined_abort_stress,probe_04,1,0,human_stop,32,0.73945,0.94500,0,0.16000,0.22800,0.86000,0.74850,0.43620,0.49057,0.78223,-0.62299
2,4012,combined_abort_stress_2_4012_0,combined_abort_stress,probe_05,1,0,force_limit,34,0.78063,1.62393,1,0.07000,0.27932,0.93000,0.30434,0.48638,0.28146,0.99983,0.01832
2,4012,combined_abort_stress_2_4012_0,combined_abort_stress,probe_06,1,0,visible_collision,16,0.26389,1.00000,1,0.12000,0.14000,0.88000,0.50000,0.24488,0.25807,0.30936,0.95094
2,4012,combined_abort_stress_2_4012_0,combined_abort_stress,probe_07,1,0,unstable_slip,24,0.52805,1.51155,1,0.10000,0.86000,0.91000,0.77200,0.40031,0.85940,0.91565,0.40198
2,4012,combined_abort_stress_2_4012_0,combined_abort_stress,probe_08,1,0,human_stop,34,0.68551,0.94500,0,0.16000,0.16000,0.86000,0.86795,0.41728,0.45040,0.72004,0.69393
2,4012,combined_abort_stress_2_4012_0,combined_abort_stress,probe_09,1,0,force_limit,33,0.71394,1.69727,1,0.07000,0.37970,0.93000,0.35615,0.46865,0.38221,0.98913,0.14703
2,4012,combined_abort_stress_2_4012_0,combined_abort_stress,probe_10,1,0,visible_collision,15,0.32057,1.00000,1,0.12000,0.14000,0.88000,0.43200,0.23579,0.24231,0.59514,0.80362
2,4013,combined_abort_stress_2_4013_0,combined_abort_stress,probe_00,1,0,fixture_snag,32,0.75041,1.01769,0,0.07786,0.82000,0.91395,0.84000,0.47779,0.79831,0.08505,0.99638
2,4013,combined_abort_stress_2_4013_0,combined_abort_stress,probe_01,1,0,force_limit,30,0.71095,1.28262,1,0.07000,0.59492,0.93000,0.55454,0.44239,0.58797,0.88417,0.46717
2,4013,combined_abort_stress_2_4013_0,combined_abort_stress,probe_02,1,0,collision_margin,38,0.83802,1.30138,1,0.12000,0.14000,0.88000,0.63600,0.47000,0.37179,0.86788,0.49677
2,4013,combined_abort_stress_2_4013_0,combined_abort_stress,probe_03,1,0,fixture_snag,30,0.70945,1.20714,1,0.10000,0.86000,0.91000,0.84000,0.48063,0.86528,0.98217,0.18800
2,4013,combined_abort_stress_2_4013_0,combined_abort_stress,probe_04,1,0,force_limit,34,0.70340,1.46792,1,0.16000,0.29600,0.86000,0.73149,0.45213,0.54893,0.97130,0.23786
2,4013,combined_abort_stress_2_4013_0,combined_abort_stress,probe_05,1,0,collision_margin,32,0.63197,0.95370,0,0.07000,0.52229,0.93000,0.38685,0.45566,0.46572,-0.80384,0.59484
2,4013,combined_abort_stress_2_4013_0,combined_abort_stress,probe_06,1,0,collision_margin,32,0.65610,1.16908,1,0.12000,0.14000,0.88000,0.36400,0.47276,0.19888,0.96691,0.25511
2,4013,combined_abort_stress_2_4013_0,combined_abort_stress,probe_07,1,0,fixture_snag,37,0.82964,1.55896,1,0.10000,0.86000,0.91000,0.50000,0.51882,0.72029,0.88044,-0.47415
2,4013,combined_abort_stress_2_4013_0,combined_abort_stress,probe_08,1,0,visible_collision,13,0.30191,1.00000,1,0.16000,0.22800,0.86000,0.78920,0.25676,0.33074,0.86894,0.49491
2,4013,combined_abort_stress_2_4013_0,combined_abort_stress,probe_09,1,0,fixture_snag,36,0.84350,1.68046,1,0.07000,0.71594,0.93000,0.69803,0.50320,0.71829,0.99589,0.09054
2,4013,combined_abort_stress_2_4013_0,combined_abort_stress,probe_10,1,0,collision_margin,29,0.68685,1.43211,1,0.12000,0.14000,0.88000,0.16000,0.48347,0.13141,0.91722,0.39839
3,0,nominal_known_constraints_3_0_0,nominal_known_constraints,probe_00,0,1,none,69,0.92379,0.00000,0,0.07436,0.45340,0.91335,0.45982,0.90119,0.45654,0.98893,-0.14837
3,0,nominal_known_constraints_3_0_0,nominal_known_constraints,probe_01,0,1,none,73,0.99518,0.00000,0,0.07000,0.53138,0.93000,0.48431,0.94303,0.48710,0.99999,-0.00361
3,0,nominal_known_constraints_3_0_0,nominal_known_constraints,probe_02,0,1,none,71,0.93086,0.00000,0,0.12000,0.14000,0.88000,0.33000,0.88324,0.33799,0.73794,0.67486
3,0,nominal_known_constraints_3_0_0,nominal_known_constraints,probe_03,1,0,visible_collision,51,0.67517,1.00000,1,0.10000,0.86000,0.91000,0.67000,0.70401,0.78083,0.73776,0.67506
3,0,nominal_known_constraints_3_0_0,nominal_known_constraints,probe_04,0,1,none,84,1.09763,0.00000,0,0.16000,0.16000,0.86000,0.80045,0.86478,0.81029,0.70007,0.71408
3,1,nominal_known_constraints_3_1_0,nominal_known_constraints,probe_00,1,0,visible_collision,49,0.65009,1.00000,1,0.08071,0.74045,0.91098,0.74084,0.69094,0.73977,0.81220,-0.58338
3,1,nominal_known_constraints_3_1_0,nominal_known_constraints,probe_01,0,1,none,74,1.03952,0.00000,0,0.07000,0.34199,0.93000,0.32400,0.94093,0.31480,0.88424,0.46703
3,1,nominal_known_constraints_3_1_0,nominal_known_constraints,probe_02,0,1,none,91,1.18191,0.00000,0,0.12000,0.14000,0.88000,0.84000,0.88152,0.84191,0.78675,0.61727
3,1,nominal_known_constraints_3_1_0,nominal_known_constraints,probe_03,0,1,none,73,0.98280,0.00000,0,0.10000,0.86000,0.91000,0.67000,0.91990,0.65855,0.90296,-0.42972
3,1,nominal_known_constraints_3_1_0,nominal_known_constraints,probe_04,0,1,none,84,1.09303,0.00000,0,0.16000,0.16000,0.86000,0.84455,0.85530,0.83419,-0.36965,0.92917
3,2,nominal_known_constraints_3_2_0,nominal_known_constraints,probe_00,0,1,none,71,0.96957,0.00000,0,0.08076,0.73191,0.91436,0.78745,0.90690,0.78822,-0.34269,0.93945
3,2,nominal_known_constraints_3_2_0,nominal_known_constraints,probe_01,0,1,none,72,0.98889,0.00000,0,0.07000,0.17743,0.93000,0.15128,0.93780,0.15966,0.59813,-0.80140
3,2,nominal_known_constraints_3_2_0,nominal_known_constraints,probe_02,0,1,none,71,0.95712,0.00000,0,0.12000,0.14000,0.88000,0.33000,0.89155,0.33210,0.60125,0.79906
3,2,nominal_known_constraints_3_2_0,nominal_known_constraints,probe_03,0,1,none,79,1.05457,0.00000,0,0.10000,0.86000,0.91000,0.50000,0.91087,0.51659,0.99395,0.10980
3,2,nominal_known_constraints_3_2_0,nominal_known_constraints,probe_04,0,1,none,83,1.13604,0.00000,0,0.16000,0.84000,0.86000,0.17952,0.86435,0.19038,0.89109,-0.45383
3,3,nominal_known_constraints_3_3_0,nominal_known_constraints,probe_00,0,1,none,70,0.95965,0.00000,0,0.07788,0.18000,0.91973,0.26838,0.91524,0.26397,0.70372,0.71048
3,3,nominal_known_constraints_3_3_0,nominal_known_constraints,probe_01,0,1,none,72,0.99945,0.00000,0,0.07000,0.85601,0.93000,0.83199,0.94189,0.84108,0.89428,-0.44750
3,3,nominal_known_constraints_3_3_0,nominal_known_constraints,probe_02,0,1,none,84,1.09449,0.00000,0,0.12000,0.14000,0.88000,0.67000,0.89004,0.66801,0.45546,0.89026
3,3,nominal_known_constraints_3_3_0,nominal_known_constraints,probe_03,0,1,none,79,1.04416,0.00000,0,0.10000,0.86000,0.91000,0.50000,0.90609,0.51758,0.98239,0.18686
3,3,nominal_known_constraints_3_3_0,nominal_known_constraints,probe_04,0,1,none,89,1.18386,0.00000,0,0.16000,0.16000,0.86000,0.86765,0.85950,0.86799,0.65861,0.75248
3,4,nominal_known_constraints_3_4_0,nominal_known_constraints,probe_00,0,1,none,73,0.97267,0.00000,0,0.07077,0.18000,0.92011,0.29602,0.91568,0.28673,0.59150,0.80630
3,4,nominal_known_constraints_3_4_0,nominal_known_constraints,probe_01,1,0,visible_collision,16,0.21473,1.00000,1,0.07000,0.31178,0.93000,0.33911,0.24255,0.32869,0.62607,0.77976
3,4,nominal_known_constraints_3_4_0,nominal_known_constraints,probe_02,0,1,none,92,1.24217,0.00000,0,0.12000,0.14000,0.88000,0.84000,0.88304,0.84432,0.91869,0.39498
3,4,nominal_known_constraints_3_4_0,nominal_known_constraints,probe_03,0,1,none,79,1.05979,0.00000,0,0.10000,0.86000,0.91000,0.50000,0.91282,0.51571,0.99911,-0.04225
3,4,nominal_known_constraints_3_4_0,nominal_known_constraints,probe_04,0,1,none,88,1.17062,0.00000,0,0.16000,0.16000,0.86000,0.87224,0.86891,0.86527,0.99994,0.01122
3,5,nominal_known_constraints_3_5_0,nominal_known_constraints,probe_00,0,1,none,67,0.89378,0.00000,0,0.08077,0.63610,0.92326,0.64774,0.91297,0.63868,0.99969,-0.02504
3,5,nominal_known_constraints_3_5_0,nominal_known_constraints,probe_01,0,1,none,72,0.98484,0.00000,0,0.07000,0.13933,0.93000,0.17033,0.93158,0.16580,0.92747,0.37390
3,5,nominal_known_constraints_3_5_0,nominal_known_constraints,probe_02,0,1,none,85,1.15509,0.00000,0,0.12000,0.14000,0.88000,0.67000,0.88380,0.66917,0.52433,0.85152
3,5,nominal_known_constraints_3_5_0,nominal_known_constraints,probe_03,0,1,none,66,0.90487,0.00000,0,0.10000,0.86000,0.91000,0.84000,0.91048,0.83786,0.96139,-0.27519
3,5,nominal_known_constraints_3_5_0,nominal_known_constraints,probe_04,0,1,none,68,0.93034,0.00000,0,0.16000,0.33000,0.86000,0.61107,0.85976,0.61282,0.70026,0.71389
3,6,nominal_known_constraints_3_6_0,nominal_known_constraints,probe_00,0,1,none,71,0.93680,0.00000,0,0.07811,0.63364,0.91000,0.74960,0.91844,0.73562,0.75970,0.65027
3,6,nominal_known_constraints_3_6_0,nominal_known_constraints,probe_01,0,1,none,73,0.97652,0.00000,0,0.07000,0.64674,0.93000,0.68163,0.93966,0.68786,0.62182,0.78316
3,6,nominal_known_constraints_3_6_0,nominal_known_constraints,probe_02,0,1,none,64,0.91269,0.00000,0,0.12000,0.14000,0.88000,0.16000,0.88994,0.16504,0.49263,0.87024
3,6,nominal_known_constraints_3_6_0,nominal_known_constraints,probe_03,0,1,none,66,0.90278,0.00000,0,0.10000,0.86000,0.91000,0.84000,0.90191,0.83223,0.91365,0.40651
3,6,nominal_known_constraints_3_6_0,nominal_known_constraints,probe_04,0,1,none,58,0.79085,0.00000,0,0.16000,0.50000,0.86000,0.48234,0.86372,0.48974,0.97482,0.22299
3,7,nominal_known_constraints_3_7_0,nominal_known_constraints,probe_00,0,1,none,69,0.93826,0.00000,0,0.07088,0.41278,0.90807,0.41283,0.91424,0.40947,0.97673,-0.21445
3,7,nominal_known_constraints_3_7_0,nominal_known_constraints,probe_01,0,1,none,76,1.01164,0.00000,0,0.07000,0.86300,0.93000,0.82850,0.93876,0.83328,0.95968,-0.28109
3,7,nominal_known_constraints_3_7_0,nominal_known_constraints,probe_02,0,1,none,71,0.91957,0.00000,0,0.12000,0.14000,0.88000,0.33000,0.88507,0.33802,0.82741,0.56159
3,7,nominal_known_constraints_3_7_0,nominal_known_constraints,probe_03,0,1,none,93,1.24125,0.00000,0,0.10000,0.86000,0.91000,0.16000,0.91491,0.15707,0.94983,0.31276
3,7,nominal_known_constraints_3_7_0,nominal_known_constraints,probe_04,0,1,none,70,0.94181,0.00000,0,0.16000,0.67000,0.86000,0.33169,0.86622,0.33453,0.91676,-0.39943
3,8,nominal_known_constraints_3_8_0,nominal_known_constraints,probe_00,0,1,none,72,0.96765,0.00000,0,0.07040,0.55055,0.91107,0.49207,0.90037,0.49307,0.72241,-0.69147
3,8,nominal_known_constraints_3_8_0,nominal_known_constraints,probe_01,0,1,none,75,1.00733,0.00000,0,0.07000,0.60966,0.93000,0.70017,0.93593,0.70617,0.66702,0.74504
3,8,nominal_known_constraints_3_8_0,nominal_known_constraints,probe_02,0,1,none,92,1.20163,0.00000,0,0.12000,0.14000,0.88000,0.84000,0.88294,0.83264,0.49289,0.87009
3,8,nominal_known_constraints_3_8_0,nominal_known_constraints,probe_03,0,1,none,93,1.21810,0.00000,0,0.10000,0.86000,0.91000,0.16000,0.91380,0.16302,0.82120,-0.57064
3,8,nominal_known_constraints_3_8_0,nominal_known_constraints,probe_04,0,1,none,57,0.77437,0.00000,0,0.16000,0.50000,0.86000,0.51833,0.86192,0.52415,0.94015,-0.34076
3,9,nominal_known_constraints_3_9_0,nominal_known_constraints,probe_00,0,1,none,68,0.93447,0.00000,0,0.08191,0.18000,0.90948,0.16000,0.90887,0.16109,0.90322,-0.42917
3,9,nominal_known_constraints_3_9_0,nominal_known_constraints,probe_01,0,1,none,72,0.97316,0.00000,0,0.07000,0.65934,0.93000,0.67533,0.93793,0.69041,0.67017,0.74221
3,9,nominal_known_constraints_3_9_0,nominal_known_constraints,probe_02,0,1,none,64,0.91308,0.00000,0,0.12000,0.14000,0.88000,0.16000,0.88681,0.16698,0.63014,0.77648
3,9,nominal_known_constraints_3_9_0,nominal_known_constraints,probe_03,0,1,none,66,0.91658,0.00000,0,0.10000,0.86000,0.91000,0.84000,0.91297,0.82738,0.96376,0.26677
3,9,nominal_known_constraints_3_9_0,nominal_known_constraints,probe_04,0,1,none,59,0.79004,0.00000,0,0.16000,0.50000,0.86000,0.46481,0.85687,0.46311,0.90121,0.43339
3,10,nominal_known_constraints_3_10_0,nominal_known_constraints,probe_00,0,1,none,74,1.01969,0.00000,0,0.06694,0.69407,0.91972,0.57482,0.91021,0.56438,0.66658,-0.74543
3,10,nominal_known_constraints_3_10_0,nominal_known_constraints,probe_01,0,1,none,73,0.98630,0.00000,0,0.07000,0.80340,0.93000,0.85830,0.94544,0.86902,0.55501,0.83184
3,10,nominal_known_constraints_3_10_0,nominal_known_constraints,probe_02,0,1,none,64,0.86452,0.00000,0,0.12000,0.14000,0.88000,0.16000,0.88044,0.17136,0.72915,0.68435
3,10,nominal_known_constraints_3_10_0,nominal_known_constraints,probe_03,1,0,visible_collision,54,0.69770,1.00000,1,0.10000,0.86000,0.91000,0.67000,0.69459,0.71267,0.79276,-0.60953
3,10,nominal_known_constraints_3_10_0,nominal_known_constraints,probe_04,0,1,none,59,0.81750,0.00000,0,0.16000,0.50000,0.86000,0.56753,0.86398,0.56783,0.97617,0.21699
3,11,nominal_known_constraints_3_11_0,nominal_known_constraints,probe_00,0,1,none,68,0.91058,0.00000,0,0.07881,0.43749,0.91589,0.46038,0.91368,0.45412,0.82407,0.56649
3,11,nominal_known_constraints_3_11_0,nominal_known_constraints,probe_01,0,1,none,72,0.95824,0.00000,0,0.07000,0.65507,0.93000,0.67747,0.93683,0.68626,0.97464,0.22377
3,11,nominal_known_constraints_3_11_0,nominal_known_constraints,probe_02,0,1,none,78,1.03571,0.00000,0,0.12000,0.14000,0.88000,0.50000,0.88582,0.51249,0.99742,0.07178
3,11,nominal_known_constraints_3_11_0,nominal_known_constraints,probe_03,0,1,none,93,1.21258,0.00000,0,0.10000,0.86000,0.91000,0.16000,0.90845,0.15711,0.95438,-0.29858
3,11,nominal_known_constraints_3_11_0,nominal_known_constraints,probe_04,0,1,none,83,1.09175,0.00000,0,0.16000,0.84000,0.86000,0.18356,0.86178,0.19324,0.67067,-0.74176
3,12,nominal_known_constraints_3_12_0,nominal_known_constraints,probe_00,0,1,none,70,0.95406,0.00000,0,0.06856,0.80519,0.90881,0.84000,0.91716,0.83666,0.32685,0.94507
3,12,nominal_known_constraints_3_12_0,nominal_known_constraints,probe_01,0,1,none,73,0.97574,0.00000,0,0.07000,0.18465,0.93000,0.14767,0.93280,0.13155,0.91368,-0.40643
3,12,nominal_known_constraints_3_12_0,nominal_known_constraints,probe_02,0,1,none,84,1.09280,0.00000,0,0.12000,0.14000,0.88000,0.67000,0.88514,0.65628,0.58133,0.81367
3,12,nominal_known_constraints_3_12_0,nominal_known_constraints,probe_03,0,1,none,79,1.05837,0.00000,0,0.10000,0.86000,0.91000,0.50000,0.91499,0.51409,0.99243,0.12281
3,12,nominal_known_constraints_3_12_0,nominal_known_constraints,probe_04,0,1,none,72,0.96857,0.00000,0,0.16000,0.33000,0.86000,0.71261,0.86402,0.71735,0.58199,0.81319
3,13,nominal_known_constraints_3_13_0,nominal_known_constraints,probe_00,0,1,none,71,0.97326,0.00000,0,0.06744,0.46189,0.92049,0.42335,0.91629,0.40966,0.97320,0.22997
3,13,nominal_known_constraints_3_13_0,nominal_known_constraints,probe_01,0,1,none,71,0.96928,0.00000,0,0.07000,0.33427,0.93000,0.32787,0.93907,0.33450,0.95965,0.28121
3,13,nominal_known_constraints_3_13_0,nominal_known_constraints,probe_02,0,1,none,78,1.04138,0.00000,0,0.12000,0.14000,0.88000,0.50000,0.89009,0.51847,0.47406,0.88049
3,13,nominal_known_constraints_3_13_0,nominal_known_constraints,probe_03,0,1,none,66,0.88275,0.00000,0,0.10000,0.86000,0.91000,0.84000,0.90863,0.83678,0.99138,0.13102
3,13,nominal_known_constraints_3_13_0,nominal_known_constraints,probe_04,0,1,none,90,1.20347,0.00000,0,0.16000,0.16000,0.86000,0.87825,0.86502,0.89421,0.83784,0.54592
3,1000,hidden_wall_abort_3_1000_0,hidden_wall_abort,probe_00,0,1,none,75,1.15291,0.00000,0,0.07121,0.67526,0.91367,0.54063,0.90610,0.52573,0.99911,0.04212
3,1000,hidden_wall_abort_3_1000_0,hidden_wall_abort,probe_01,1,0,collision_margin,31,0.45984,1.05585,0,0.07000,0.28356,0.93000,0.24393,0.43451,0.31102,0.86482,-0.50208
3,1000,hidden_wall_abort_3_1000_0,hidden_wall_abort,probe_02,1,0,collision_margin,34,0.51302,1.07360,0,0.12000,0.14000,0.88000,0.74286,0.43499,0.31138,0.31434,0.94931
3,1000,hidden_wall_abort_3_1000_0,hidden_wall_abort,probe_03,1,0,fixture_snag,31,0.51607,1.26855,1,0.10000,0.86000,0.91000,0.64571,0.48228,0.83333,0.95538,0.29538
3,1000,hidden_wall_abort_3_1000_0,hidden_wall_abort,probe_04,1,0,collision_margin,36,0.53655,1.27758,1,0.16000,0.16000,0.86000,0.82961,0.41906,0.47067,0.99724,0.07423
3,1000,hidden_wall_abort_3_1000_0,hidden_wall_abort,probe_05,1,0,collision_margin,32,0.49351,1.63274,1,0.07000,0.36964,0.93000,0.34661,0.46087,0.36346,0.96798,0.25104
3,1000,hidden_wall_abort_3_1000_0,hidden_wall_abort,probe_06,1,0,visible_collision,20,0.27512,1.00000,1,0.12000,0.14000,0.88000,0.45143,0.31764,0.20223,0.24456,0.96963
3,1000,hidden_wall_abort_3_1000_0,hidden_wall_abort,probe_07,1,0,fixture_snag,35,0.60798,0.98611,0,0.10000,0.86000,0.91000,0.54857,0.48488,0.73649,0.79078,0.61210
3,1001,hidden_wall_abort_3_1001_0,hidden_wall_abort,probe_00,1,0,collision_margin,30,0.45062,1.00273,0,0.06889,0.63928,0.91869,0.67745,0.42598,0.63136,0.34550,-0.93842
3,1001,hidden_wall_abort_3_1001_0,hidden_wall_abort,probe_01,1,0,collision_margin,32,0.51425,1.47861,1,0.07000,0.42135,0.93000,0.46647,0.45599,0.41439,0.83885,-0.54436
3,1001,hidden_wall_abort_3_1001_0,hidden_wall_abort,probe_02,1,0,collision_margin,40,0.64726,1.16748,1,0.12000,0.14000,0.88000,0.74286,0.44216,0.46576,0.92218,0.38675
3,1001,hidden_wall_abort_3_1001_0,hidden_wall_abort,probe_03,1,0,fixture_snag,30,0.43445,1.10108,0,0.10000,0.86000,0.91000,0.84000,0.48555,0.87015,0.98931,-0.14585
3,1001,hidden_wall_abort_3_1001_0,hidden_wall_abort,probe_04,1,0,collision_margin,27,0.37685,1.30473,1,0.16000,0.35429,0.86000,0.66581,0.44657,0.46250,0.87296,0.48778
3,1001,hidden_wall_abort_3_1001_0,hidden_wall_abort,probe_05,1,0,collision_margin,30,0.42045,1.12929,0,0.07000,0.57925,0.93000,0.53323,0.42926,0.60095,0.98102,0.19392
3,1001,hidden_wall_abort_3_1001_0,hidden_wall_abort,probe_06,1,0,collision_margin,32,0.49918,1.26775,1,0.12000,0.14000,0.88000,0.16000,0.47376,0.13692,0.76462,0.64448
3,1001,hidden_wall_abort_3_1001_0,hidden_wall_abort,probe_07,1,0,fixture_snag,35,0.54185,1.06067,0,0.10000,0.86000,0.91000,0.64571,0.50462,0.80058,0.83054,-0.55696
3,1002,hidden_wall_abort_3_1002_0,hidden_wall_abort,probe_00,1,0,collision_margin,29,0.42531,1.74318,1,0.06743,0.35184,0.91225,0.44382,0.42239,0.36191,0.99996,-0.00869
3,1002,hidden_wall_abort_3_1002_0,hidden_wall_abort,probe_01,1,0,collision_margin,29,0.42577,1.01286,0,0.07000,0.52668,0.93000,0.55952,0.40159,0.53663,0.81258,-0.58285
3,1002,hidden_wall_abort_3_1002_0,hidden_wall_abort,probe_02,1,0,collision_margin,27,0.36141,1.31615,1,0.12000,0.14000,0.88000,0.16000,0.40819,0.13716,0.95198,-0.30616
3,1002,hidden_wall_abort_3_1002_0,hidden_wall_abort,probe_03,1,0,fixture_snag,31,0.48903,1.44377,1,0.10000,0.86000,0.91000,0.64571,0.47397,0.81375,0.98285,0.18441
3,1002,hidden_wall_abort_3_1002_0,hidden_wall_abort,probe_04,1,0,collision_margin,26,0.36553,1.01264,0,0.16000,0.35429,0.86000,0.71429,0.40137,0.50235,0.99302,0.11797
3,1002,hidden_wall_abort_3_1002_0,hidden_wall_abort,probe_05,1,0,collision_margin,29,0.45252,1.03666,0,0.07000,0.23495,0.93000,0.26824,0.40055,0.25499,0.88100,0.47311
3,1002,hidden_wall_abort_3_1002_0,hidden_wall_abort,probe_06,1,0,collision_margin,36,0.57247,1.06175,0,0.12000,0.14000,0.88000,0.74286,0.40247,0.44250,0.77090,0.63696
3,1002,hidden_wall_abort_3_1002_0,hidden_wall_abort,probe_07,1,0,fixture_snag,27,0.39840,1.46241,1,0.10000,0.86000,0.91000,0.84000,0.43687,0.87060,0.97435,0.22504
3,1003,hidden_wall_abort_3_1003_0,hidden_wall_abort,probe_00,1,0,collision_margin,30,0.42777,0.99761,0,0.07791,0.18000,0.91373,0.16000,0.43830,0.16867,0.95603,-0.29327
3,1003,hidden_wall_abort_3_1003_0,hidden_wall_abort,probe_01,1,0,fixture_snag,31,0.48503,1.46516,1,0.07000,0.56318,0.93000,0.54127,0.44061,0.55473,0.96527,-0.26127
3,1003,hidden_wall_abort_3_1003_0,hidden_wall_abort,probe_02,1,0,collision_margin,29,0.41674,1.13270,0,0.12000,0.14000,0.88000,0.35429,0.44258,0.16098,0.95034,0.31122
3,1003,hidden_wall_abort_3_1003_0,hidden_wall_abort,probe_03,1,0,fixture_snag,39,0.57922,1.15859,0,0.10000,0.86000,0.91000,0.25714,0.43136,0.55050,0.64195,-0.76675
3,1003,hidden_wall_abort_3_1003_0,hidden_wall_abort,probe_04,1,0,fixture_snag,24,0.35848,1.04484,0,0.16000,0.45143,0.86000,0.58521,0.42664,0.51348,0.29175,-0.95650
3,1003,hidden_wall_abort_3_1003_0,hidden_wall_abort,probe_05,1,0,fixture_snag,32,0.46862,1.45101,1,0.07000,0.78426,0.93000,0.86787,0.44847,0.78346,0.99647,-0.08400
3,1003,hidden_wall_abort_3_1003_0,hidden_wall_abort,probe_06,1,0,collision_margin,33,0.52638,1.39044,1,0.12000,0.14000,0.88000,0.74286,0.44672,0.28224,1.00000,-0.00233
3,1003,hidden_wall_abort_3_1003_0,hidden_wall_abort,probe_07,1,0,fixture_snag,40,0.60167,1.27254,1,0.10000,0.86000,0.91000,0.16000,0.43426,0.53715,0.86327,-0.50474
3,1004,hidden_wall_abort_3_1004_0,hidden_wall_abort,probe_00,1,0,fixture_snag,37,0.56857,1.50060,1,0.06751,0.57971,0.91132,0.54118,0.51473,0.58430,0.99031,0.13886
3,1004,hidden_wall_abort_3_1004_0,hidden_wall_abort,probe_01,1,0,collision_margin,43,0.66171,1.45070,1,0.07000,0.16980,0.93000,0.15510,0.56340,0.23587,0.84861,-0.52903
3,1004,hidden_wall_abort_3_1004_0,hidden_wall_abort,probe_02,0,1,none,79,1.14051,0.00000,0,0.12000,0.14000,0.88000,0.54857,0.89013,0.54864,0.99958,-0.02914
3,1004,hidden_wall_abort_3_1004_0,hidden_wall_abort,probe_03,1,0,fixture_snag,32,0.47010,1.03808,0,0.10000,0.86000,0.91000,0.84000,0.50457,0.87704,0.99143,0.13067
3,1004,hidden_wall_abort_3_1004_0,hidden_wall_abort,probe_04,1,0,fixture_snag,35,0.50405,1.24198,1,0.16000,0.64571,0.86000,0.32000,0.50572,0.47364,0.97944,-0.20175
3,1004,hidden_wall_abort_3_1004_0,hidden_wall_abort,probe_05,0,1,none,74,1.13051,0.00000,0,0.07000,0.30028,0.93000,0.23557,0.92682,0.24041,1.00000,0.00059
3,1004,hidden_wall_abort_3_1004_0,hidden_wall_abort,probe_06,1,0,fixture_snag,47,0.67381,0.99191,0,0.12000,0.14000,0.88000,0.74286,0.49884,0.51857,0.67767,0.73537
3,1004,hidden_wall_abort_3_1004_0,hidden_wall_abort,probe_07,1,0,fixture_snag,41,0.59670,1.27530,1,0.10000,0.86000,0.91000,0.45143,0.50887,0.65159,0.99886,-0.04765
3,1005,hidden_wall_abort_3_1005_0,hidden_wall_abort,probe_00,1,0,fixture_snag,37,0.58565,1.05820,0,0.07621,0.40977,0.91526,0.54716,0.50938,0.49283,0.99782,-0.06604
3,1005,hidden_wall_abort_3_1005_0,hidden_wall_abort,probe_01,1,0,collision_margin,38,0.61374,1.21587,1,0.07000,0.25678,0.93000,0.25733,0.52409,0.27124,0.94015,-0.34076
3,1005,hidden_wall_abort_3_1005_0,hidden_wall_abort,probe_02,1,0,collision_margin,40,0.63715,1.23637,1,0.12000,0.14000,0.88000,0.45143,0.52720,0.29141,0.87362,0.48661
3,1005,hidden_wall_abort_3_1005_0,hidden_wall_abort,probe_03,0,1,none,93,1.31681,0.00000,0,0.10000,0.86000,0.91000,0.16000,0.90771,0.17059,0.96910,0.24667
3,1005,hidden_wall_abort_3_1005_0,hidden_wall_abort,probe_04,1,0,fixture_snag,40,0.56400,1.46362,1,0.16000,0.84000,0.86000,0.21182,0.49775,0.51543,0.99786,-0.06539
3,1005,hidden_wall_abort_3_1005_0,hidden_wall_abort,probe_05,1,0,fixture_snag,36,0.55949,1.58763,1,0.07000,0.59008,0.93000,0.67353,0.50297,0.58541,0.95082,-0.30974
3,1005,hidden_wall_abort_3_1005_0,hidden_wall_abort,probe_06,1,0,fixture_snag,46,0.64514,1.09199,0,0.12000,0.14000,0.88000,0.74286,0.48644,0.51973,0.62388,0.78152
3,1005,hidden_wall_abort_3_1005_0,hidden_wall_abort,probe_07,1,0,fixture_snag,44,0.65277,1.22977,1,0.10000,0.86000,0.91000,0.35429,0.49154,0.55626,0.83705,-0.54712
3,1006,hidden_wall_abort_3_1006_0,hidden_wall_abort,probe_00,0,1,none,71,1.07390,0.00000,0,0.06825,0.31290,0.91198,0.35185,0.91900,0.36269,0.14430,0.98953
3,1006,hidden_wall_abort_3_1006_0,hidden_wall_abort,probe_01,1,0,fixture_snag,31,0.47171,1.08329,0,0.07000,0.62778,0.93000,0.65468,0.44288,0.63380,0.94750,-0.31976
3,1006,hidden_wall_abort_3_1006_0,hidden_wall_abort,probe_02,1,0,fixture_snag,39,0.59932,1.35262,1,0.12000,0.14000,0.88000,0.84000,0.44919,0.43922,0.90150,0.43277
3,1006,hidden_wall_abort_3_1006_0,hidden_wall_abort,probe_03,1,0,fixture_snag,39,0.57597,1.39741,1,0.10000,0.86000,0.91000,0.35429,0.45178,0.58537,0.85122,-0.52482
3,1006,hidden_wall_abort_3_1006_0,hidden_wall_abort,probe_04,1,0,fixture_snag,24,0.33325,1.31543,1,0.16000,0.54857,0.86000,0.49087,0.44889,0.53218,0.99966,-0.02595
3,1006,hidden_wall_abort_3_1006_0,hidden_wall_abort,probe_05,1,0,collision_margin,32,0.43384,1.11950,0,0.07000,0.29563,0.93000,0.23790,0.45034,0.28215,0.95844,0.28531
3,1006,hidden_wall_abort_3_1006_0,hidden_wall_abort,probe_06,1,0,collision_margin,28,0.43676,1.19347,1,0.12000,0.14000,0.88000,0.16000,0.44802,0.13434,0.99971,-0.02408
3,1006,hidden_wall_abort_3_1006_0,hidden_wall_abort,probe_07,1,0,fixture_snag,35,0.53504,1.14684,0,0.10000,0.86000,0.91000,0.45143,0.44517,0.68030,0.90385,-0.42785
3,1007,hidden_wall_abort_3_1007_0,hidden_wall_abort,probe_00,1,0,collision_margin,28,0.44129,0.96798,0,0.06921,0.39048,0.91770,0.45706,0.40335,0.37771,0.84633,-0.53266
3,1007,hidden_wall_abort_3_1007_0,hidden_wall_abort,probe_01,1,0,fixture_snag,27,0.46068,1.22793,1,0.07000,0.65870,0.93000,0.63922,0.39744,0.65829,0.98110,-0.19352
3,1007,hidden_wall_abort_3_1007_0,hidden_wall_abort,probe_02,1,0,collision_margin,30,0.48102,1.65087,1,0.12000,0.14000,0.88000,0.45143,0.42351,0.24514,0.97714,0.21260
3,1007,hidden_wall_abort_3_1007_0,hidden_wall_abort,probe_03,1,0,collision_margin,41,0.64036,0.96294,0,0.10000,0.86000,0.91000,0.25714,0.44829,0.53272,0.67096,-0.74149
3,1007,hidden_wall_abort_3_1007_0,hidden_wall_abort,probe_04,1,0,collision_margin,28,0.41525,1.14496,0,0.16000,0.16000,0.86000,0.85442,0.40860,0.35342,0.81026,0.58608
3,1007,hidden_wall_abort_3_1007_0,hidden_wall_abort,probe_05,1,0,fixture_snag,28,0.44444,1.07139,0,0.07000,0.83555,0.93000,0.84222,0.39829,0.83023,0.90572,-0.42387
3,1007,hidden_wall_abort_3_1007_0,hidden_wall_abort,probe_06,1,0,collision_margin,26,0.40669,1.10331,0,0.12000,0.14000,0.88000,0.35429,0.40693,0.17607,0.95463,0.29780
3,1007,hidden_wall_abort_3_1007_0,hidden_wall_abort,probe_07,1,0,fixture_snag,26,0.37439,1.33063,1,0.10000,0.86000,0.91000,0.74286,0.40409,0.80318,0.99995,0.01034
3,1008,hidden_wall_abort_3_1008_0,hidden_wall_abort,probe_00,1,0,fixture_snag,30,0.48051,1.73299,1,0.06987,0.47061,0.91953,0.50356,0.43375,0.46617,0.99432,0.10646
3,1008,hidden_wall_abort_3_1008_0,hidden_wall_abort,probe_01,1,0,fixture_snag,30,0.46981,1.15785,0,0.07000,0.45657,0.93000,0.44886,0.41663,0.46300,0.99795,-0.06401
3,1008,hidden_wall_abort_3_1008_0,hidden_wall_abort,probe_02,0,1,none,87,1.27595,0.00000,0,0.12000,0.14000,0.88000,0.74286,0.87668,0.74487,0.83073,0.55668
3,1008,hidden_wall_abort_3_1008_0,hidden_wall_abort,probe_03,1,0,fixture_snag,38,0.56101,1.48273,1,0.10000,0.86000,0.91000,0.25714,0.42757,0.55134,0.99864,-0.05221
3,1008,hidden_wall_abort_3_1008_0,hidden_wall_abort,probe_04,1,0,fixture_snag,32,0.48683,1.58011,1,0.16000,0.84000,0.86000,0.15514,0.43076,0.57194,0.58526,-0.81084
3,1008,hidden_wall_abort_3_1008_0,hidden_wall_abort,probe_05,1,0,collision_margin,29,0.49472,1.57218,1,0.07000,0.14007,0.93000,0.16996,0.42679,0.13783,0.85677,0.51570
3,1008,hidden_wall_abort_3_1008_0,hidden_wall_abort,probe_06,1,0,collision_margin,26,0.38860,1.14333,0,0.12000,0.14000,0.88000,0.35429,0.40332,0.19130,0.98207,0.18851
3,1008,hidden_wall_abort_3_1008_0,hidden_wall_abort,probe_07,1,0,fixture_snag,27,0.37222,1.06002,0,0.10000,0.86000,0.91000,0.64571,0.41893,0.81752,-0.44263,0.89670
3,1009,hidden_wall_abort_3_1009_0,hidden_wall_abort,probe_00,1,0,fixture_snag,36,0.54920,1.68680,1,0.07280,0.65048,0.92475,0.74557,0.50869,0.66520,0.98172,-0.19031
3,1009,hidden_wall_abort_3_1009_0,hidden_wall_abort,probe_01,1,0,fixture_snag,38,0.55187,1.10074,0,0.07000,0.70006,0.93000,0.76426,0.48420,0.78270,0.99863,-0.05232
3,1009,hidden_wall_abort_3_1009_0,hidden_wall_abort,probe_02,1,0,visible_collision,15,0.22769,1.00000,1,0.12000,0.14000,0.88000,0.16000,0.27688,0.14438,0.93177,0.36306
3,1009,hidden_wall_abort_3_1009_0,hidden_wall_abort,probe_03,1,0,collision_margin,47,0.69540,1.02232,0,0.10000,0.86000,0.91000,0.25714,0.49760,0.47980,0.99573,-0.09232
3,1009,hidden_wall_abort_3_1009_0,hidden_wall_abort,probe_04,1,0,collision_margin,26,0.42229,0.96282,0,0.16000,0.45143,0.86000,0.51618,0.47968,0.45787,0.99144,0.13054
3,1009,hidden_wall_abort_3_1009_0,hidden_wall_abort,probe_05,1,0,fixture_snag,36,0.53391,1.14352,0,0.07000,0.61683,0.93000,0.66016,0.49653,0.61854,0.93452,-0.35591
3,1009,hidden_wall_abort_3_1009_0,hidden_wall_abort,probe_06,1,0,visible_collision,15,0.23953,1.00000,1,0.12000,0.14000,0.88000,0.35429,0.25093,0.23894,0.90432,0.42685
3,1009,hidden_wall_abort_3_1009_0,hidden_wall_abort,probe_07,1,0,fixture_snag,31,0.44627,1.28880,1,0.10000,0.86000,0.91000,0.84000,0.48435,0.87320,0.83128,-0.55586
3,1010,hidden_wall_abort_3_1010_0,hidden_wall_abort,probe_00,1,0,fixture_snag,34,0.51735,1.66560,1,0.07518,0.68315,0.90821,0.71070,0.50834,0.68922,0.98380,0.17924
3,1010,hidden_wall_abort_3_1010_0,hidden_wall_abort,probe_01,1,0,collision_margin,38,0.55641,1.14239,0,0.07000,0.15569,0.93000,0.16216,0.48433,0.13817,0.98595,0.16705
3,1010,hidden_wall_abort_3_1010_0,hidden_wall_abort,probe_02,0,1,none,79,1.18162,0.00000,0,0.12000,0.14000,0.88000,0.54857,0.89104,0.54947,0.51847,0.85509
3,1010,hidden_wall_abort_3_1010_0,hidden_wall_abort,probe_03,1,0,fixture_snag,32,0.47549,0.96013,0,0.10000,0.86000,0.91000,0.74286,0.48698,0.81122,0.99994,-0.01077
3,1010,hidden_wall_abort_3_1010_0,hidden_wall_abort,probe_04,1,0,fixture_snag,32,0.45717,1.66438,1,0.16000,0.64571,0.86000,0.39733,0.50879,0.55278,0.91750,-0.39773
3,1010,hidden_wall_abort_3_1010_0,hidden_wall_abort,probe_05,0,1,none,73,1.14020,0.00000,0,0.07000,0.37960,0.93000,0.34163,0.93902,0.33982,0.75423,0.65661
3,1010,hidden_wall_abort_3_1010_0,hidden_wall_abort,probe_06,1,0,collision_margin,34,0.50193,1.12468,0,0.12000,0.14000,0.88000,0.45143,0.46451,0.25860,0.91100,0.41242
3,1010,hidden_wall_abort_3_1010_0,hidden_wall_abort,probe_07,1,0,fixture_snag,47,0.69825,1.29862,1,0.10000,0.86000,0.91000,0.25714,0.49821,0.47502,0.59845,-0.80116
3,1011,hidden_wall_abort_3_1011_0,hidden_wall_abort,probe_00,1,0,fixture_snag,33,0.46646,1.13012,0,0.07121,0.67530,0.91284,0.66664,0.45451,0.68978,0.99669,-0.08136
3,1011,hidden_wall_abort_3_1011_0,hidden_wall_abort,probe_01,1,0,fixture_snag,32,0.47330,1.09732,0,0.07000,0.74051,0.93000,0.74403,0.45544,0.74448,0.99551,-0.09464
3,1011,hidden_wall_abort_3_1011_0,hidden_wall_abort,probe_02,1,0,visible_collision,17,0.24926,1.00000,1,0.12000,0.14000,0.88000,0.64571,0.27550,0.21896,0.94087,-0.33876
3,1011,hidden_wall_abort_3_1011_0,hidden_wall_abort,probe_03,1,0,fixture_snag,33,0.49548,1.25704,1,0.10000,0.86000,0.91000,0.54857,0.46021,0.74546,0.62530,-0.78039
3,1011,hidden_wall_abort_3_1011_0,hidden_wall_abort,probe_04,1,0,fixture_snag,36,0.59314,1.51600,1,0.16000,0.84000,0.86000,0.14317,0.46055,0.53437,0.88656,-0.46261
3,1011,hidden_wall_abort_3_1011_0,hidden_wall_abort,probe_05,1,0,visible_collision,15,0.23328,1.00000,1,0.07000,0.30422,0.93000,0.37932,0.24274,0.30435,0.99999,-0.00327
3,1011,hidden_wall_abort_3_1011_0,hidden_wall_abort,probe_06,1,0,collision_margin,29,0.42945,1.17566,1,0.12000,0.14000,0.88000,0.16000,0.46188,0.13347,0.96768,-0.25218
3,1011,hidden_wall_abort_3_1011_0,hidden_wall_abort,probe_07,1,0,fixture_snag,36,0.56462,1.15309,0,0.10000,0.86000,0.91000,0.45143,0.45512,0.68765,0.99371,0.11199
3,1012,hidden_wall_abort_3_1012_0,hidden_wall_abort,probe_00,1,0,fixture_snag,34,0.50946,1.08110,0,0.07438,0.70790,0.91114,0.61354,0.48602,0.72188,0.91710,-0.39865
3,1012,hidden_wall_abort_3_1012_0,hidden_wall_abort,probe_01,1,0,fixture_snag,36,0.51827,1.59482,1,0.07000,0.85874,0.93000,0.83063,0.50820,0.85503,0.99699,-0.07749
3,1012,hidden_wall_abort_3_1012_0,hidden_wall_abort,probe_02,1,0,collision_margin,34,0.54558,1.17829,1,0.12000,0.14000,0.88000,0.35429,0.49884,0.19950,0.69825,0.71586
3,1012,hidden_wall_abort_3_1012_0,hidden_wall_abort,probe_03,1,0,collision_margin,51,0.72501,1.12786,0,0.10000,0.86000,0.91000,0.16000,0.52896,0.44424,0.74458,-0.66754
3,1012,hidden_wall_abort_3_1012_0,hidden_wall_abort,probe_04,0,1,none,62,0.87250,0.00000,0,0.16000,0.45143,0.86000,0.59791,0.86293,0.58437,0.16245,0.98672
3,1012,hidden_wall_abort_3_1012_0,hidden_wall_abort,probe_05,1,0,fixture_snag,35,0.53765,1.47539,1,0.07000,0.66046,0.93000,0.63834,0.49442,0.65823,0.97526,-0.22106
3,1012,hidden_wall_abort_3_1012_0,hidden_wall_abort,probe_06,1,0,collision_margin,35,0.61713,1.73177,1,0.12000,0.14000,0.88000,0.25714,0.51546,0.19723,0.96264,0.27077
3,1012,hidden_wall_abort_3_1012_0,hidden_wall_abort,probe_07,1,0,fixture_snag,32,0.46850,1.21506,1,0.10000,0.86000,0.91000,0.74286,0.49697,0.85588,0.74098,0.67153
3,1013,hidden_wall_abort_3_1013_0,hidden_wall_abort,probe_00,1,0,fixture_snag,28,0.41131,1.37064,1,0.07305,0.71548,0.91729,0.84000,0.40922,0.71344,0.94864,-0.31636
3,1013,hidden_wall_abort_3_1013_0,hidden_wall_abort,probe_01,0,1,none,72,1.12274,0.00000,0,0.07000,0.44585,0.93000,0.45422,0.93417,0.46220,0.45194,0.89205
3,1013,hidden_wall_abort_3_1013_0,hidden_wall_abort,probe_02,1,0,collision_margin,28,0.38228,1.52664,1,0.12000,0.14000,0.88000,0.35429,0.40963,0.21496,0.93889,-0.34422
3,1013,hidden_wall_abort_3_1013_0,hidden_wall_abort,probe_03,1,0,fixture_snag,36,0.57137,1.26383,1,0.10000,0.86000,0.91000,0.25714,0.41230,0.57707,0.49161,-0.87082
3,1013,hidden_wall_abort_3_1013_0,hidden_wall_abort,probe_04,0,1,none,61,0.89566,0.00000,0,0.16000,0.54857,0.86000,0.42500,0.85687,0.44112,0.92749,-0.37386
3,1013,hidden_wall_abort_3_1013_0,hidden_wall_abort,probe_05,1,0,fixture_snag,29,0.42137,1.76581,1,0.07000,0.85386,0.93000,0.83307,0.41379,0.86992,0.96849,0.24907
3,1013,hidden_wall_abort_3_1013_0,hidden_wall_abort,probe_06,1,0,collision_margin,26,0.36873,1.01691,0,0.12000,0.14000,0.88000,0.16000,0.38999,0.11074,0.90459,0.42627
3,1013,hidden_wall_abort_3_1013_0,hidden_wall_abort,probe_07,1,0,fixture_snag,26,0.37848,1.19027,1,0.10000,0.86000,0.91000,0.64571,0.39890,0.82197,0.94031,-0.34031
3,2000,force_limit_abort_3_2000_0,force_limit_abort,probe_00,0,1,none,71,1.08009,0.00000,0,0.06903,0.58213,0.91052,0.53245,0.90954,0.53846,0.98863,-0.15039
3,2000,force_limit_abort_3_2000_0,force_limit_abort,probe_01,1,0,force_limit,47,0.72172,1.63925,1,0.07000,0.33524,0.93000,0.21810,0.59712,0.26747,0.82297,-0.56808
3,2000,force_limit_abort_3_2000_0,force_limit_abort,probe_02,0,1,none,79,1.30677,0.00000,0,0.12000,0.14000,0.88000,0.54857,0.89096,0.54054,0.76262,0.64685
3,2000,force_limit_abort_3_2000_0,force_limit_abort,probe_03,1,0,force_limit,62,0.98130,1.74294,1,0.10000,0.86000,0.91000,0.16000,0.61123,0.35041,0.99937,0.03549
3,2000,force_limit_abort_3_2000_0,force_limit_abort,probe_04,0,1,none,67,1.06187,0.00000,0,0.16000,0.35429,0.86000,0.60006,0.85136,0.60993,0.68293,0.73049
3,2000,force_limit_abort_3_2000_0,force_limit_abort,probe_05,0,1,none,73,1.13331,0.00000,0,0.07000,0.71023,0.93000,0.75917,0.93179,0.75799,0.10854,0.99409
3,2000,force_limit_abort_3_2000_0,force_limit_abort,probe_06,0,1,none,91,1.45180,0.00000,0,0.12000,0.14000,0.88000,0.84000,0.88788,0.84744,0.97128,0.23796
3,2000,force_limit_abort_3_2000_0,force_limit_abort,probe_07,0,1,none,74,1.24487,0.00000,0,0.10000,0.86000,0.91000,0.64571,0.90519,0.62840,0.85421,-0.51993
3,2001,force_limit_abort_3_2001_0,force_limit_abort,probe_00,1,0,visible_collision,21,0.34634,1.00000,1,0.07176,0.33946,0.91821,0.31967,0.30337,0.34932,0.29110,-0.95669
3,2001,force_limit_abort_3_2001_0,force_limit_abort,probe_01,0,1,none,72,1.25088,0.00000,0,0.07000,0.14304,0.93000,0.16848,0.92020,0.16057,0.94478,0.32770
3,2001,force_limit_abort_3_2001_0,force_limit_abort,probe_02,0,1,none,83,1.25502,0.00000,0,0.12000,0.14000,0.88000,0.64571,0.87177,0.65422,0.95452,0.29815
3,2001,force_limit_abort_3_2001_0,force_limit_abort,probe_03,0,1,none,78,1.21400,0.00000,0,0.10000,0.86000,0.91000,0.54857,0.91543,0.53230,0.78973,-0.61345
3,2001,force_limit_abort_3_2001_0,force_limit_abort,probe_04,0,1,none,76,1.21387,0.00000,0,0.16000,0.25714,0.86000,0.71267,0.87308,0.70512,0.98654,-0.16354
3,2001,force_limit_abort_3_2001_0,force_limit_abort,probe_05,1,0,visible_collision,53,0.86689,1.00000,1,0.07000,0.73792,0.93000,0.74532,0.68533,0.77240,0.58346,0.81214
3,2001,force_limit_abort_3_2001_0,force_limit_abort,probe_06,1,0,force_limit,37,0.59746,1.68606,1,0.12000,0.14000,0.88000,0.35429,0.51629,0.21159,0.96328,0.26850
3,2001,force_limit_abort_3_2001_0,force_limit_abort,probe_07,0,1,none,81,1.31299,0.00000,0,0.10000,0.86000,0.91000,0.45143,0.90841,0.46388,0.08484,-0.99639
3,2002,force_limit_abort_3_2002_0,force_limit_abort,probe_00,0,1,none,70,1.19097,0.00000,0,0.07687,0.18000,0.91932,0.25844,0.91254,0.26161,0.63747,0.77047
3,2002,force_limit_abort_3_2002_0,force_limit_abort,probe_01,0,1,none,74,1.24375,0.00000,0,0.07000,0.87512,0.93000,0.82244,0.94047,0.82420,0.98057,0.19618
3,2002,force_limit_abort_3_2002_0,force_limit_abort,probe_02,1,0,visible_collision,17,0.26139,1.00000,1,0.12000,0.14000,0.88000,0.74286,0.28300,0.19889,0.98915,0.14694
3,2002,force_limit_abort_3_2002_0,force_limit_abort,probe_03,0,1,none,81,1.41356,0.00000,0,0.10000,0.86000,0.91000,0.45143,0.90341,0.46760,0.93449,0.35598
3,2002,force_limit_abort_3_2002_0,force_limit_abort,probe_04,1,0,visible_collision,72,1.15255,1.00000,1,0.16000,0.16000,0.86000,0.83936,0.72804,0.73870,0.44897,0.89355
3,2002,force_limit_abort_3_2002_0,force_limit_abort,probe_05,1,0,force_limit,35,0.52568,1.94188,1,0.07000,0.35885,0.93000,0.35200,0.48638,0.37865,0.96394,0.26612
3,2002,force_limit_abort_3_2002_0,force_limit_abort,probe_06,0,1,none,68,1.15083,0.00000,0,0.12000,0.14000,0.88000,0.25714,0.88940,0.26576,0.86001,0.51027
3,2002,force_limit_abort_3_2002_0,force_limit_abort,probe_07,0,1,none,78,1.42909,0.00000,0,0.10000,0.86000,0.91000,0.54857,0.91378,0.52679,0.99953,-0.03065
3,2003,force_limit_abort_3_2003_0,force_limit_abort,probe_00,1,0,force_limit,32,0.58760,1.47766,1,0.07809,0.36945,0.91725,0.35586,0.47238,0.36602,0.76788,0.64059
3,2003,force_limit_abort_3_2003_0,force_limit_abort,probe_01,0,1,none,72,1.23485,0.00000,0,0.07000,0.65576,0.93000,0.64069,0.93873,0.63570,0.91043,0.41367
3,2003,force_limit_abort_3_2003_0,force_limit_abort,probe_02,1,0,visible_collision,14,0.23782,1.00000,1,0.12000,0.14000,0.88000,0.35429,0.25545,0.18578,0.69803,0.71606
3,2003,force_limit_abort_3_2003_0,force_limit_abort,probe_03,1,0,force_limit,50,0.74757,1.50079,1,0.10000,0.86000,0.91000,0.16000,0.51313,0.45251,0.58840,-0.80857
3,2003,force_limit_abort_3_2003_0,force_limit_abort,probe_04,1,0,force_limit,47,0.71792,1.52281,1,0.16000,0.84000,0.86000,0.20513,0.54039,0.45053,0.38879,-0.92132
3,2003,force_limit_abort_3_2003_0,force_limit_abort,probe_05,1,0,force_limit,39,0.62889,1.69458,1,0.07000,0.30061,0.93000,0.23541,0.54512,0.32293,0.94339,0.33169
3,2003,force_limit_abort_3_2003_0,force_limit_abort,probe_06,1,0,force_limit,39,0.67297,1.67410,1,0.12000,0.14000,0.88000,0.54857,0.48766,0.35910,0.89561,0.44484
3,2003,force_limit_abort_3_2003_0,force_limit_abort,probe_07,0,1,none,70,1.14728,0.00000,0,0.10000,0.86000,0.91000,0.74286,0.90567,0.74230,0.14780,-0.98902
3,2004,force_limit_abort_3_2004_0,force_limit_abort,probe_00,0,1,none,72,1.24480,0.00000,0,0.07653,0.40139,0.92022,0.54977,0.91897,0.53599,0.79176,0.61084
3,2004,force_limit_abort_3_2004_0,force_limit_abort,probe_01,1,0,force_limit,43,0.67887,1.93166,1,0.07000,0.69733,0.93000,0.76562,0.56170,0.75634,0.94651,0.32268
3,2004,force_limit_abort_3_2004_0,force_limit_abort,probe_02,0,1,none,68,1.22165,0.00000,0,0.12000,0.14000,0.88000,0.25714,0.89663,0.26816,0.45389,0.89106
3,2004,force_limit_abort_3_2004_0,force_limit_abort,probe_03,0,1,none,81,1.37977,0.00000,0,0.10000,0.86000,0.91000,0.45143,0.91667,0.47880,0.93910,0.34363
3,2004,force_limit_abort_3_2004_0,force_limit_abort,probe_04,0,1,none,84,1.47880,0.00000,0,0.16000,0.16000,0.86000,0.78863,0.85073,0.79488,-0.27057,0.96270
3,2004,force_limit_abort_3_2004_0,force_limit_abort,probe_05,0,1,none,72,1.17322,0.00000,0,0.07000,0.52883,0.93000,0.55844,0.92670,0.55949,0.74855,-0.66308
3,2004,force_limit_abort_3_2004_0,force_limit_abort,probe_06,0,1,none,83,1.37133,0.00000,0,0.12000,0.14000,0.88000,0.64571,0.89307,0.65044,0.53592,-0.84427
3,2004,force_limit_abort_3_2004_0,force_limit_abort,probe_07,0,1,none,66,1.00431,0.00000,0,0.10000,0.86000,0.91000,0.84000,0.90087,0.82746,0.90757,0.41991
3,2005,force_limit_abort_3_2005_0,force_limit_abort,probe_00,0,1,none,74,1.20540,0.00000,0,0.06637,0.69902,0.92496,0.56891,0.91751,0.56207,0.83416,0.55152
3,2005,force_limit_abort_3_2005_0,force_limit_abort,probe_01,1,0,force_limit,41,0.67204,1.65102,1,0.07000,0.47177,0.93000,0.44126,0.55696,0.44786,0.87708,-0.48035
3,2005,force_limit_abort_3_2005_0,force_limit_abort,probe_02,1,0,visible_collision,16,0.24228,1.00000,1,0.12000,0.14000,0.88000,0.84000,0.24445,0.25747,0.63910,0.76913
3,2005,force_limit_abort_3_2005_0,force_limit_abort,probe_03,1,0,force_limit,54,0.87319,1.82519,1,0.10000,0.86000,0.91000,0.25714,0.56261,0.41946,0.87052,-0.49213
3,2005,force_limit_abort_3_2005_0,force_limit_abort,probe_04,1,0,visible_collision,12,0.16814,1.00000,1,0.16000,0.16000,0.86000,0.80142,0.23426,0.25013,0.62577,0.78001
3,2005,force_limit_abort_3_2005_0,force_limit_abort,probe_05,0,1,none,74,1.18412,0.00000,0,0.07000,0.68744,0.93000,0.62485,0.93236,0.61357,0.93900,0.34391
3,2005,force_limit_abort_3_2005_0,force_limit_abort,probe_06,1,0,visible_collision,16,0.24012,1.00000,1,0.12000,0.14000,0.88000,0.35429,0.24784,0.25770,0.46241,0.88667
3,2005,force_limit_abort_3_2005_0,force_limit_abort,probe_07,0,1,none,70,1.13351,0.00000,0,0.10000,0.86000,0.91000,0.74286,0.91176,0.73715,0.40078,0.91618
3,2006,force_limit_abort_3_2006_0,force_limit_abort,probe_00,1,0,force_limit,37,0.57522,1.71928,1,0.06540,0.45729,0.92213,0.45502,0.51406,0.46708,0.95121,0.30855
3,2006,force_limit_abort_3_2006_0,force_limit_abort,probe_01,1,0,force_limit,33,0.53825,1.83591,1,0.07000,0.52873,0.93000,0.55849,0.46767,0.53165,0.97658,0.21514
3,2006,force_limit_abort_3_2006_0,force_limit_abort,probe_02,0,1,none,76,1.35798,0.00000,0,0.12000,0.14000,0.88000,0.45143,0.89138,0.45596,0.93317,0.35944
3,2006,force_limit_abort_3_2006_0,force_limit_abort,probe_03,1,0,force_limit,42,0.71673,1.66785,1,0.10000,0.86000,0.91000,0.35429,0.48773,0.55340,0.80414,-0.59444
3,2006,force_limit_abort_3_2006_0,force_limit_abort,probe_04,1,0,force_limit,43,0.65341,1.67696,1,0.16000,0.16000,0.86000,0.82938,0.45650,0.53539,0.89893,0.43810
3,2006,force_limit_abort_3_2006_0,force_limit_abort,probe_05,0,1,none,71,1.18617,0.00000,0,0.07000,0.73070,0.93000,0.74893,0.94742,0.74752,0.98976,0.14271
3,2006,force_limit_abort_3_2006_0,force_limit_abort,probe_06,1,0,force_limit,52,0.86740,1.72364,1,0.12000,0.14000,0.88000,0.64571,0.58724,0.46811,0.91832,0.39584
3,2006,force_limit_abort_3_2006_0,force_limit_abort,probe_07,0,1,none,70,1.13949,0.00000,0,0.10000,0.86000,0.91000,0.84000,0.90442,0.82798,0.42332,-0.90598
3,2007,force_limit_abort_3_2007_0,force_limit_abort,probe_00,0,1,none,70,1.19445,0.00000,0,0.07403,0.18000,0.91935,0.16000,0.90264,0.16805,0.98851,0.15114
3,2007,force_limit_abort_3_2007_0,force_limit_abort,probe_01,1,0,visible_collision,19,0.30703,1.00000,1,0.07000,0.29020,0.93000,0.24062,0.27295,0.29500,0.93694,-0.34949
3,2007,force_limit_abort_3_2007_0,force_limit_abort,probe_02,1,0,visible_collision,71,1.16836,1.00000,1,0.12000,0.14000,0.88000,0.74286,0.74631,0.62305,0.78784,0.61587
3,2007,force_limit_abort_3_2007_0,force_limit_abort,probe_03,1,0,force_limit,26,0.41670,1.68161,1,0.10000,0.86000,0.91000,0.54857,0.38189,0.77401,0.98018,-0.19811
3,2007,force_limit_abort_3_2007_0,force_limit_abort,probe_04,1,0,force_limit,49,0.74691,1.21889,1,0.16000,0.16000,0.86000,0.84191,0.49834,0.59176,0.68944,0.72434
3,2007,force_limit_abort_3_2007_0,force_limit_abort,probe_05,0,1,none,73,1.21286,0.00000,0,0.07000,0.40706,0.93000,0.47361,0.93402,0.45633,0.40660,0.91361
3,2007,force_limit_abort_3_2007_0,force_limit_abort,probe_06,1,0,force_limit,53,0.86135,1.16732,1,0.12000,0.14000,0.88000,0.84000,0.50659,0.59158,0.38559,0.92267
3,2007,force_limit_abort_3_2007_0,force_limit_abort,probe_07,0,1,none,85,1.49128,0.00000,0,0.10000,0.86000,0.91000,0.35429,0.91776,0.36649,0.95702,-0.29004
3,2008,force_limit_abort_3_2008_0,force_limit_abort,probe_00,1,0,force_limit,27,0.42604,1.86304,1,0.06930,0.70118,0.92417,0.73613,0.39673,0.69828,0.99847,0.05538
3,2008,force_limit_abort_3_2008_0,force_limit_abort,probe_01,0,1,none,76,1.20369,0.00000,0,0.07000,0.78835,0.93000,0.86583,0.92925,0.86027,0.97841,-0.20669
3,2008,force_limit_abort_3_2008_0,force_limit_abort,probe_02,0,1,none,83,1.33999,0.00000,0,0.12000,0.14000,0.88000,0.64571,0.88727,0.64773,0.41414,0.91021
3,2008,force_limit_abort_3_2008_0,force_limit_abort,probe_03,1,0,force_limit,26,0.40249,1.40791,1,0.10000,0.86000,0.91000,0.35429,0.32352,0.64213,0.93454,-0.35585
3,2008,force_limit_abort_3_2008_0,force_limit_abort,probe_04,1,0,force_limit,37,0.58060,1.75317,1,0.16000,0.25714,0.86000,0.79385,0.45549,0.57116,0.68491,0.72863
3,2008,force_limit_abort_3_2008_0,force_limit_abort,probe_05,1,0,visible_collision,19,0.30456,1.00000,1,0.07000,0.17633,0.93000,0.15184,0.27407,0.17753,0.82773,0.56113
3,2008,force_limit_abort_3_2008_0,force_limit_abort,probe_06,0,1,none,76,1.30613,0.00000,0,0.12000,0.14000,0.88000,0.45143,0.87844,0.45781,0.09575,0.99541
3,2008,force_limit_abort_3_2008_0,force_limit_abort,probe_07,1,0,force_limit,32,0.51914,1.75703,1,0.10000,0.86000,0.91000,0.54857,0.44590,0.73594,0.86767,0.49715
3,2009,force_limit_abort_3_2009_0,force_limit_abort,probe_00,0,1,none,70,1.07439,0.00000,0,0.07236,0.49471,0.91268,0.50132,0.91062,0.52119,0.77148,0.63625
3,2009,force_limit_abort_3_2009_0,force_limit_abort,probe_01,0,1,none,73,1.12630,0.00000,0,0.07000,0.48643,0.93000,0.43393,0.92783,0.43637,0.93728,-0.34859
3,2009,force_limit_abort_3_2009_0,force_limit_abort,probe_02,0,1,none,87,1.45908,0.00000,0,0.12000,0.14000,0.88000,0.74286,0.88320,0.74946,-0.03071,0.99953
3,2009,force_limit_abort_3_2009_0,force_limit_abort,probe_03,1,0,visible_collision,51,0.77461,1.00000,1,0.10000,0.86000,0.91000,0.64571,0.68601,0.75683,0.64086,-0.76765
3,2009,force_limit_abort_3_2009_0,force_limit_abort,probe_04,0,1,none,68,1.07415,0.00000,0,0.16000,0.35429,0.86000,0.62519,0.86216,0.62719,0.25781,0.96620
3,2009,force_limit_abort_3_2009_0,force_limit_abort,probe_05,0,1,none,73,1.18486,0.00000,0,0.07000,0.52369,0.93000,0.56101,0.93979,0.55621,0.99042,0.13810
3,2009,force_limit_abort_3_2009_0,force_limit_abort,probe_06,1,0,visible_collision,14,0.22830,1.00000,1,0.12000,0.14000,0.88000,0.16000,0.26298,0.12104,0.95864,0.28464
3,2009,force_limit_abort_3_2009_0,force_limit_abort,probe_07,1,0,force_limit,52,0.81389,1.67704,1,0.10000,0.86000,0.91000,0.25714,0.53662,0.42650,0.94346,-0.33150
3,2010,force_limit_abort_3_2010_0,force_limit_abort,probe_00,0,1,none,74,1.22913,0.00000,0,0.07168,0.19111,0.92453,0.31182,0.92266,0.30148,0.82793,0.56083
3,2010,force_limit_abort_3_2010_0,force_limit_abort,probe_01,1,0,force_limit,31,0.46384,1.68014,1,0.07000,0.82259,0.93000,0.84870,0.44108,0.81676,0.90209,-0.43155
3,2010,force_limit_abort_3_2010_0,force_limit_abort,probe_02,0,1,none,64,0.99964,0.00000,0,0.12000,0.14000,0.88000,0.16000,0.88300,0.16960,0.61356,0.78964
3,2010,force_limit_abort_3_2010_0,force_limit_abort,probe_03,1,0,force_limit,32,0.50951,1.74287,1,0.10000,0.86000,0.91000,0.74286,0.50823,0.85871,0.96485,-0.26281
3,2010,force_limit_abort_3_2010_0,force_limit_abort,probe_04,0,1,none,68,1.14466,0.00000,0,0.16000,0.35429,0.86000,0.63767,0.86620,0.63019,0.90839,0.41813
3,2010,force_limit_abort_3_2010_0,force_limit_abort,probe_05,0,1,none,73,1.25866,0.00000,0,0.07000,0.50963,0.93000,0.56804,0.95410,0.56606,0.68161,0.73172
3,2010,force_limit_abort_3_2010_0,force_limit_abort,probe_06,0,1,none,76,1.18591,0.00000,0,0.12000,0.14000,0.88000,0.45143,0.87965,0.46908,0.85211,0.52336
3,2010,force_limit_abort_3_2010_0,force_limit_abort,probe_07,0,1,none,89,1.46337,0.00000,0,0.10000,0.86000,0.91000,0.25714,0.90961,0.26955,0.67864,0.73448
3,2011,force_limit_abort_3_2011_0,force_limit_abort,probe_00,0,1,none,68,1.17584,0.00000,0,0.08178,0.18000,0.91361,0.16000,0.90925,0.15736,0.78330,-0.62165
3,2011,force_limit_abort_3_2011_0,force_limit_abort,probe_01,1,0,force_limit,39,0.60365,1.84910,1,0.07000,0.59542,0.93000,0.67086,0.54342,0.57906,0.99991,-0.01362
3,2011,force_limit_abort_3_2011_0,force_limit_abort,probe_02,1,0,visible_collision,15,0.24876,1.00000,1,0.12000,0.14000,0.88000,0.16000,0.26866,0.15794,0.88615,-0.46340
3,2011,force_limit_abort_3_2011_0,force_limit_abort,probe_03,0,1,none,66,1.14381,0.00000,0,0.10000,0.86000,0.91000,0.84000,0.91213,0.83174,0.95571,0.29431
3,2011,force_limit_abort_3_2011_0,force_limit_abort,probe_04,1,0,force_limit,33,0.51614,1.89674,1,0.16000,0.35429,0.86000,0.65598,0.50072,0.50380,0.99996,-0.00856
3,2011,force_limit_abort_3_2011_0,force_limit_abort,probe_05,1,0,force_limit,39,0.65170,1.75065,1,0.07000,0.59936,0.93000,0.52318,0.53675,0.58019,0.92013,0.39161
3,2011,force_limit_abort_3_2011_0,force_limit_abort,probe_06,1,0,visible_collision,15,0.21544,1.00000,1,0.12000,0.14000,0.88000,0.25714,0.27378,0.15571,0.79925,-0.60100
3,2011,force_limit_abort_3_2011_0,force_limit_abort,probe_07,1,0,force_limit,50,0.92834,1.38992,1,0.10000,0.86000,0.91000,0.45143,0.58992,0.60191,-0.39768,-0.91752
3,2012,force_limit_abort_3_2012_0,force_limit_abort,probe_00,0,1,none,69,1.17068,0.00000,0,0.08040,0.53229,0.91764,0.49061,0.90682,0.48408,0.16023,-0.98708
3,2012,force_limit_abort_3_2012_0,force_limit_abort,probe_01,0,1,none,72,1.27486,0.00000,0,0.07000,0.53812,0.93000,0.55380,0.94210,0.57064,0.52356,0.85199
3,2012,force_limit_abort_3_2012_0,force_limit_abort,probe_02,0,1,none,91,1.47252,0.00000,0,0.12000,0.14000,0.88000,0.84000,0.88299,0.85546,0.73509,0.67797
3,2012,force_limit_abort_3_2012_0,force_limit_abort,probe_03,0,1,none,70,1.09510,0.00000,0,0.10000,0.86000,0.91000,0.74286,0.89685,0.73387,0.75810,0.65214
3,2012,force_limit_abort_3_2012_0,force_limit_abort,probe_04,0,1,none,58,0.92097,0.00000,0,0.16000,0.45143,0.86000,0.49689,0.85552,0.47670,0.79127,0.61146
3,2012,force_limit_abort_3_2012_0,force_limit_abort,probe_05,1,0,force_limit,37,0.58372,1.29292,1,0.07000,0.29029,0.93000,0.24057,0.52045,0.29034,0.78595,-0.61829
3,2012,force_limit_abort_3_2012_0,force_limit_abort,probe_06,0,1,none,83,1.26059,0.00000,0,0.12000,0.14000,0.88000,0.64571,0.87884,0.62895,0.64915,0.76066
3,2012,force_limit_abort_3_2012_0,force_limit_abort,probe_07,0,1,none,85,1.40047,0.00000,0,0.10000,0.86000,0.91000,0.35429,0.90536,0.36817,0.60610,0.79538
3,2013,force_limit_abort_3_2013_0,force_limit_abort,probe_00,0,1,none,78,1.33194,0.00000,0,0.06605,0.18000,0.91890,0.40065,0.92073,0.41268,0.98179,0.18996
3,2013,force_limit_abort_3_2013_0,force_limit_abort,probe_01,0,1,none,74,1.24030,0.00000,0,0.07000,0.21652,0.93000,0.27746,0.93507,0.27690,0.98328,-0.18210
3,2013,force_limit_abort_3_2013_0,force_limit_abort,probe_02,1,0,visible_collision,15,0.25726,1.00000,1,0.12000,0.14000,0.88000,0.84000,0.23495,0.24447,-0.53286,0.84620
3,2013,force_limit_abort_3_2013_0,force_limit_abort,probe_03,1,0,visible_collision,53,0.82442,1.00000,1,0.10000,0.86000,0.91000,0.74286,0.72833,0.77329,0.98174,0.19021
3,2013,force_limit_abort_3_2013_0,force_limit_abort,probe_04,0,1,none,67,1.18497,0.00000,0,0.16000,0.35429,0.86000,0.61056,0.87154,0.62334,0.48540,0.87429
3,2013,force_limit_abort_3_2013_0,force_limit_abort,probe_05,0,1,none,72,1.20572,0.00000,0,0.07000,0.56833,0.93000,0.53869,0.94944,0.54052,0.77223,0.63534
3,2013,force_limit_abort_3_2013_0,force_limit_abort,probe_06,0,1,none,64,1.02350,0.00000,0,0.12000,0.14000,0.88000,0.16000,0.89277,0.15217,0.80462,0.59379
3,2013,force_limit_abort_3_2013_0,force_limit_abort,probe_07,1,0,force_limit,30,0.44385,1.58331,1,0.10000,0.86000,0.91000,0.45143,0.39718,0.69481,0.61198,-0.79087
3,3000,human_stop_constraint_3_3000_0,human_stop_constraint,probe_00,1,0,human_stop,27,0.45093,1.01000,0,0.06600,0.77015,0.91680,0.73229,0.39052,0.77296,0.99993,0.01223
3,3000,human_stop_constraint_3_3000_0,human_stop_constraint,probe_01,0,1,none,71,1.40031,0.00000,0,0.07000,0.17348,0.93000,0.15326,0.94345,0.16313,0.94511,0.32676
3,3000,human_stop_constraint_3_3000_0,human_stop_constraint,probe_02,0,1,none,82,1.50467,0.00000,0,0.12000,0.14000,0.88000,0.61333,0.88599,0.60135,-0.39988,0.91657
3,3000,human_stop_constraint_3_3000_0,human_stop_constraint,probe_03,0,1,none,84,1.42148,0.00000,0,0.10000,0.86000,0.91000,0.38667,0.92107,0.38306,0.96984,0.24375
3,3000,human_stop_constraint_3_3000_0,human_stop_constraint,probe_04,0,1,none,76,1.25071,0.00000,0,0.16000,0.27333,0.86000,0.74641,0.87036,0.73605,0.74357,0.66865
3,3000,human_stop_constraint_3_3000_0,human_stop_constraint,probe_05,1,0,human_stop,27,0.59008,1.01000,0,0.07000,0.72180,0.93000,0.72910,0.40452,0.71903,0.87354,0.48675
3,3000,human_stop_constraint_3_3000_0,human_stop_constraint,probe_06,0,1,none,78,1.37219,0.00000,0,0.12000,0.14000,0.88000,0.50000,0.88604,0.49743,-0.37424,-0.92733
3,3001,human_stop_constraint_3_3001_0,human_stop_constraint,probe_00,1,0,human_stop,38,0.64525,1.01000,0,0.08164,0.38167,0.92282,0.29148,0.52618,0.31617,0.94527,-0.32628
3,3001,human_stop_constraint_3_3001_0,human_stop_constraint,probe_01,1,0,human_stop,39,0.66419,1.01000,0,0.07000,0.35290,0.93000,0.40355,0.53869,0.35797,0.97482,-0.22300
3,3001,human_stop_constraint_3_3001_0,human_stop_constraint,probe_02,0,1,none,68,1.14142,0.00000,0,0.12000,0.14000,0.88000,0.27333,0.88539,0.27269,0.93544,-0.35348
3,3001,human_stop_constraint_3_3001_0,human_stop_constraint,probe_03,1,0,human_stop,36,0.57987,1.01000,0,0.10000,0.86000,0.91000,0.61333,0.50724,0.78391,0.89981,-0.43627
3,3001,human_stop_constraint_3_3001_0,human_stop_constraint,probe_04,1,0,human_stop,52,0.82279,1.01000,0,0.16000,0.16000,0.86000,0.81052,0.55370,0.60860,0.92907,0.36990
3,3001,human_stop_constraint_3_3001_0,human_stop_constraint,probe_05,1,0,human_stop,37,0.73153,1.01000,0,0.07000,0.78899,0.93000,0.86550,0.51389,0.79078,0.99894,0.04614
3,3001,human_stop_constraint_3_3001_0,human_stop_constraint,probe_06,0,1,none,87,1.40872,0.00000,0,0.12000,0.14000,0.88000,0.72667,0.88416,0.72753,0.50744,0.86168
3,3002,human_stop_constraint_3_3002_0,human_stop_constraint,probe_00,0,1,none,68,1.20484,0.00000,0,0.07585,0.18000,0.91417,0.20524,0.92165,0.21067,0.97259,0.23255
3,3002,human_stop_constraint_3_3002_0,human_stop_constraint,probe_01,1,0,human_stop,30,0.48192,1.01000,0,0.07000,0.61320,0.93000,0.61340,0.42714,0.61407,0.98407,-0.17777
3,3002,human_stop_constraint_3_3002_0,human_stop_constraint,probe_02,0,1,none,78,1.37430,0.00000,0,0.12000,0.14000,0.88000,0.50000,0.87605,0.51164,0.83068,0.55675
3,3002,human_stop_constraint_3_3002_0,human_stop_constraint,probe_03,0,1,none,93,1.50644,0.00000,0,0.10000,0.86000,0.91000,0.16000,0.90843,0.16788,0.46034,-0.88774
3,3002,human_stop_constraint_3_3002_0,human_stop_constraint,probe_04,0,1,none,68,1.18560,0.00000,0,0.16000,0.38667,0.86000,0.65962,0.85228,0.66595,0.99904,0.04386
3,3002,human_stop_constraint_3_3002_0,human_stop_constraint,probe_05,1,0,visible_collision,17,0.26594,1.00000,1,0.07000,0.27521,0.93000,0.27240,0.26653,0.29576,0.57499,0.81816
3,3002,human_stop_constraint_3_3002_0,human_stop_constraint,probe_06,0,1,none,87,1.52019,0.00000,0,0.12000,0.14000,0.88000,0.72667,0.88021,0.73222,0.45174,0.89215
3,3003,human_stop_constraint_3_3003_0,human_stop_constraint,probe_00,0,1,none,69,1.20599,0.00000,0,0.08167,0.56492,0.91908,0.52454,0.90802,0.52093,0.29596,-0.95520
3,3003,human_stop_constraint_3_3003_0,human_stop_constraint,probe_01,0,1,none,71,1.17953,0.00000,0,0.07000,0.62204,0.93000,0.60898,0.93176,0.61392,0.69026,0.72356
3,3003,human_stop_constraint_3_3003_0,human_stop_constraint,probe_02,0,1,none,64,1.16346,0.00000,0,0.12000,0.14000,0.88000,0.16000,0.88584,0.16482,0.19368,0.98106
3,3003,human_stop_constraint_3_3003_0,human_stop_constraint,probe_03,1,0,visible_collision,48,0.88603,1.00000,1,0.10000,0.86000,0.91000,0.84000,0.70906,0.85679,0.96161,0.27442
3,3003,human_stop_constraint_3_3003_0,human_stop_constraint,probe_04,1,0,human_stop,22,0.43061,1.01000,0,0.16000,0.38667,0.86000,0.51703,0.40065,0.44742,0.99923,-0.03916
3,3003,human_stop_constraint_3_3003_0,human_stop_constraint,probe_05,1,0,visible_collision,50,0.80637,1.00000,1,0.07000,0.77819,0.93000,0.70091,0.66484,0.76883,0.77829,-0.62791
3,3003,human_stop_constraint_3_3003_0,human_stop_constraint,probe_06,0,1,none,68,1.28591,0.00000,0,0.12000,0.14000,0.88000,0.27333,0.89182,0.26740,0.98795,0.15475
3,3004,human_stop_constraint_3_3004_0,human_stop_constraint,probe_00,1,0,human_stop,30,0.49798,1.01000,0,0.06840,0.44022,0.92112,0.51323,0.43251,0.45558,0.84241,-0.53883
3,3004,human_stop_constraint_3_3004_0,human_stop_constraint,probe_01,0,1,none,73,1.34601,0.00000,0,0.07000,0.81258,0.93000,0.85371,0.93161,0.85902,0.87693,0.48062
3,3004,human_stop_constraint_3_3004_0,human_stop_constraint,probe_02,0,1,none,68,1.28054,0.00000,0,0.12000,0.14000,0.88000,0.27333,0.88530,0.26456,0.48031,0.87710
3,3004,human_stop_constraint_3_3004_0,human_stop_constraint,probe_03,1,0,human_stop,33,0.53130,1.01000,0,0.10000,0.86000,0.91000,0.38667,0.39781,0.62921,0.86199,-0.50692
3,3004,human_stop_constraint_3_3004_0,human_stop_constraint,probe_04,1,0,human_stop,17,0.27713,1.01000,0,0.16000,0.50000,0.86000,0.54155,0.37575,0.51710,0.72942,0.68406
3,3004,human_stop_constraint_3_3004_0,human_stop_constraint,probe_05,1,0,human_stop,27,0.43463,1.01000,0,0.07000,0.60331,0.93000,0.61834,0.38600,0.61362,0.99340,-0.11469
3,3004,human_stop_constraint_3_3004_0,human_stop_constraint,probe_06,1,0,human_stop,40,0.66077,1.01000,0,0.12000,0.14000,0.88000,0.72667,0.43476,0.46762,0.52694,0.84990
3,3005,human_stop_constraint_3_3005_0,human_stop_constraint,probe_00,0,1,none,74,1.32293,0.00000,0,0.06566,0.54861,0.91505,0.67224,0.92470,0.66058,0.63651,0.77127
3,3005,human_stop_constraint_3_3005_0,human_stop_constraint,probe_01,1,0,visible_collision,58,1.10785,1.00000,1,0.07000,0.74820,0.93000,0.71590,0.73649,0.70507,0.95037,0.31111
3,3005,human_stop_constraint_3_3005_0,human_stop_constraint,probe_02,1,0,human_stop,33,0.56704,1.01000,0,0.12000,0.14000,0.88000,0.50000,0.43843,0.30956,0.89995,0.43599
3,3005,human_stop_constraint_3_3005_0,human_stop_constraint,probe_03,1,0,human_stop,55,1.00250,1.01000,0,0.10000,0.86000,0.91000,0.38667,0.60777,0.49905,0.54522,-0.83830
3,3005,human_stop_constraint_3_3005_0,human_stop_constraint,probe_04,0,1,none,74,1.31263,0.00000,0,0.16000,0.27333,0.86000,0.69943,0.85913,0.70064,0.24458,0.96963
3,3005,human_stop_constraint_3_3005_0,human_stop_constraint,probe_05,0,1,none,74,1.36268,0.00000,0,0.07000,0.89682,0.93000,0.81159,0.93269,0.81292,0.98519,0.17146
3,3005,human_stop_constraint_3_3005_0,human_stop_constraint,probe_06,0,1,none,64,1.06616,0.00000,0,0.12000,0.14000,0.88000,0.16000,0.88472,0.16034,0.96919,0.24631
3,3006,human_stop_constraint_3_3006_0,human_stop_constraint,probe_00,1,0,human_stop,33,0.59895,1.01000,0,0.07527,0.67180,0.92146,0.54461,0.46657,0.62471,0.93003,0.36749
3,3006,human_stop_constraint_3_3006_0,human_stop_constraint,probe_01,1,0,visible_collision,16,0.29125,1.00000,1,0.07000,0.37272,0.93000,0.39364,0.24792,0.35911,0.99113,0.13293
3,3006,human_stop_constraint_3_3006_0,human_stop_constraint,probe_02,1,0,visible_collision,21,0.33181,1.00000,1,0.12000,0.14000,0.88000,0.61333,0.28578,0.27464,0.66991,0.74244
3,3006,human_stop_constraint_3_3006_0,human_stop_constraint,probe_03,1,0,visible_collision,46,0.79342,1.00000,1,0.10000,0.86000,0.91000,0.84000,0.67456,0.85128,0.83277,0.55362
3,3006,human_stop_constraint_3_3006_0,human_stop_constraint,probe_04,1,0,human_stop,29,0.54336,1.01000,0,0.16000,0.27333,0.86000,0.78512,0.45071,0.40039,0.97915,0.20314
3,3006,human_stop_constraint_3_3006_0,human_stop_constraint,probe_05,1,0,human_stop,30,0.52226,1.01000,0,0.07000,0.49753,0.93000,0.50124,0.43783,0.48626,0.99101,-0.13376
3,3006,human_stop_constraint_3_3006_0,human_stop_constraint,probe_06,1,0,visible_collision,18,0.27851,1.00000,1,0.12000,0.14000,0.88000,0.72667,0.27262,0.28275,0.68929,-0.72449
3,3007,human_stop_constraint_3_3007_0,human_stop_constraint,probe_00,1,0,human_stop,39,0.64603,1.01000,0,0.06751,0.40716,0.91417,0.22157,0.49774,0.34289,0.89404,0.44800
3,3007,human_stop_constraint_3_3007_0,human_stop_constraint,probe_01,0,1,none,74,1.27971,0.00000,0,0.07000,0.10438,0.93000,0.18781,0.93676,0.19331,0.70439,0.70982
3,3007,human_stop_constraint_3_3007_0,human_stop_constraint,probe_02,1,0,visible_collision,16,0.35437,1.00000,1,0.12000,0.14000,0.88000,0.61333,0.26781,0.21926,0.99998,-0.00694
3,3007,human_stop_constraint_3_3007_0,human_stop_constraint,probe_03,0,1,none,84,1.47030,0.00000,0,0.10000,0.86000,0.91000,0.38667,0.91256,0.39680,0.99617,0.08741
3,3007,human_stop_constraint_3_3007_0,human_stop_constraint,probe_04,0,1,none,59,1.01204,0.00000,0,0.16000,0.50000,0.86000,0.46629,0.84816,0.47594,0.85814,0.51342
3,3007,human_stop_constraint_3_3007_0,human_stop_constraint,probe_05,0,1,none,75,1.28933,0.00000,0,0.07000,0.79668,0.93000,0.69166,0.93716,0.70999,0.99271,-0.12050
3,3007,human_stop_constraint_3_3007_0,human_stop_constraint,probe_06,1,0,visible_collision,16,0.28435,1.00000,1,0.12000,0.14000,0.88000,0.84000,0.27066,0.22452,0.86553,-0.50086
3,3008,human_stop_constraint_3_3008_0,human_stop_constraint,probe_00,1,0,visible_collision,15,0.24129,1.00000,1,0.07597,0.27032,0.92180,0.16000,0.24324,0.19950,0.66181,-0.74967
3,3008,human_stop_constraint_3_3008_0,human_stop_constraint,probe_01,0,1,none,71,1.14268,0.00000,0,0.07000,0.83995,0.93000,0.84002,0.93520,0.84722,0.99869,0.05119
3,3008,human_stop_constraint_3_3008_0,human_stop_constraint,probe_02,0,1,none,64,1.17922,0.00000,0,0.12000,0.14000,0.88000,0.16000,0.89085,0.18066,0.19753,0.98030
3,3008,human_stop_constraint_3_3008_0,human_stop_constraint,probe_03,0,1,none,79,1.36755,0.00000,0,0.10000,0.86000,0.91000,0.50000,0.91681,0.53346,0.92454,-0.38109
3,3008,human_stop_constraint_3_3008_0,human_stop_constraint,probe_04,1,0,human_stop,28,0.51147,1.01000,0,0.16000,0.27333,0.86000,0.68064,0.41000,0.47450,-0.03727,-0.99931
3,3008,human_stop_constraint_3_3008_0,human_stop_constraint,probe_05,1,0,human_stop,24,0.40969,1.01000,0,0.07000,0.30549,0.93000,0.42725,0.34580,0.36713,0.84358,0.53701
3,3008,human_stop_constraint_3_3008_0,human_stop_constraint,probe_06,1,0,human_stop,25,0.44639,1.01000,0,0.12000,0.14000,0.88000,0.61333,0.32776,0.34129,0.28502,0.95852
3,3009,human_stop_constraint_3_3009_0,human_stop_constraint,probe_00,1,0,human_stop,39,0.75893,1.01000,0,0.07599,0.57013,0.90906,0.52051,0.57080,0.57083,0.80096,0.59872
3,3009,human_stop_constraint_3_3009_0,human_stop_constraint,probe_01,1,0,human_stop,40,0.66839,1.01000,0,0.07000,0.43331,0.93000,0.36334,0.54380,0.43004,0.94789,-0.31860
3,3009,human_stop_constraint_3_3009_0,human_stop_constraint,probe_02,1,0,visible_collision,17,0.28828,1.00000,1,0.12000,0.14000,0.88000,0.84000,0.27282,0.22821,0.75615,0.65439
3,3009,human_stop_constraint_3_3009_0,human_stop_constraint,probe_03,1,0,human_stop,53,0.96165,1.01000,0,0.10000,0.86000,0.91000,0.27333,0.55124,0.41666,0.07272,-0.99735
3,3009,human_stop_constraint_3_3009_0,human_stop_constraint,probe_04,1,0,human_stop,39,0.71722,1.01000,0,0.16000,0.61333,0.86000,0.37933,0.58850,0.51369,0.94618,0.32365
3,3009,human_stop_constraint_3_3009_0,human_stop_constraint,probe_05,0,1,none,71,1.24004,0.00000,0,0.07000,0.15563,0.93000,0.16218,0.93358,0.16001,0.97961,0.20093
3,3009,human_stop_constraint_3_3009_0,human_stop_constraint,probe_06,1,0,visible_collision,16,0.23444,1.00000,1,0.12000,0.14000,0.88000,0.72667,0.26178,0.22723,0.83947,0.54341
3,3010,human_stop_constraint_3_3010_0,human_stop_constraint,probe_00,0,1,none,72,1.30269,0.00000,0,0.07161,0.39717,0.91112,0.30135,0.91654,0.30764,0.99934,0.03627
3,3010,human_stop_constraint_3_3010_0,human_stop_constraint,probe_01,0,1,none,71,1.32600,0.00000,0,0.07000,0.38094,0.93000,0.38953,0.94188,0.39977,0.85428,-0.51982
3,3010,human_stop_constraint_3_3010_0,human_stop_constraint,probe_02,0,1,none,82,1.36517,0.00000,0,0.12000,0.14000,0.88000,0.61333,0.89075,0.61302,0.51335,0.85818
3,3010,human_stop_constraint_3_3010_0,human_stop_constraint,probe_03,1,0,human_stop,32,0.50042,1.01000,0,0.10000,0.86000,0.91000,0.27333,0.37058,0.60859,0.99995,-0.00986
3,3010,human_stop_constraint_3_3010_0,human_stop_constraint,probe_04,1,0,human_stop,37,0.55468,1.01000,0,0.16000,0.16000,0.86000,0.86932,0.41507,0.48616,0.91156,0.41116
3,3010,human_stop_constraint_3_3010_0,human_stop_constraint,probe_05,1,0,human_stop,35,0.62615,1.01000,0,0.07000,0.74918,0.93000,0.71541,0.49660,0.74387,0.92668,0.37584
3,3010,human_stop_constraint_3_3010_0,human_stop_constraint,probe_06,1,0,visible_collision,19,0.34802,1.00000,1,0.12000,0.14000,0.88000,0.84000,0.22900,0.28573,0.39104,0.92037
3,3011,human_stop_constraint_3_3011_0,human_stop_constraint,probe_00,0,1,none,73,1.28823,0.00000,0,0.06506,0.77646,0.92144,0.69826,0.90451,0.68464,0.85885,0.51223
3,3011,human_stop_constraint_3_3011_0,human_stop_constraint,probe_01,1,0,human_stop,24,0.38485,1.01000,0,0.07000,0.41257,0.93000,0.37371,0.35769,0.40498,0.54610,0.83772
3,3011,human_stop_constraint_3_3011_0,human_stop_constraint,probe_02,0,1,none,64,1.15689,0.00000,0,0.12000,0.14000,0.88000,0.16000,0.90937,0.17922,0.95580,-0.29402
3,3011,human_stop_constraint_3_3011_0,human_stop_constraint,probe_03,1,0,human_stop,45,0.81331,1.01000,0,0.10000,0.86000,0.91000,0.27333,0.47244,0.48128,0.08887,-0.99604
3,3011,human_stop_constraint_3_3011_0,human_stop_constraint,probe_04,0,1,none,65,1.25708,0.00000,0,0.16000,0.61333,0.86000,0.41155,0.86879,0.41370,0.97486,0.22280
3,3011,human_stop_constraint_3_3011_0,human_stop_constraint,probe_05,1,0,visible_collision,51,0.85715,1.00000,1,0.07000,0.76124,0.93000,0.70938,0.69517,0.77132,0.78588,0.61838
3,3011,human_stop_constraint_3_3011_0,human_stop_constraint,probe_06,1,0,human_stop,30,0.53362,1.01000,0,0.12000,0.14000,0.88000,0.84000,0.38913,0.33250,0.50552,0.86282
3,3012,human_stop_constraint_3_3012_0,human_stop_constraint,probe_00,1,0,human_stop,28,0.47003,1.01000,0,0.07813,0.51272,0.92211,0.65513,0.41610,0.57327,0.92576,-0.37810
3,3012,human_stop_constraint_3_3012_0,human_stop_constraint,probe_01,1,0,human_stop,33,0.57616,1.01000,0,0.07000,0.73227,0.93000,0.72387,0.43642,0.67639,0.82492,-0.56526
3,3012,human_stop_constraint_3_3012_0,human_stop_constraint,probe_02,0,1,none,64,1.21636,0.00000,0,0.12000,0.14000,0.88000,0.16000,0.89894,0.17011,-0.67582,0.73707
3,3012,human_stop_constraint_3_3012_0,human_stop_constraint,probe_03,1,0,visible_collision,51,0.86349,1.00000,1,0.10000,0.86000,0.91000,0.61333,0.69754,0.77556,0.93779,0.34720
3,3012,human_stop_constraint_3_3012_0,human_stop_constraint,probe_04,1,0,visible_collision,10,0.15447,1.00000,1,0.16000,0.27333,0.86000,0.67917,0.25104,0.32450,0.64383,0.76517
3,3012,human_stop_constraint_3_3012_0,human_stop_constraint,probe_05,0,1,none,71,1.32072,0.00000,0,0.07000,0.84309,0.93000,0.83846,0.93534,0.84236,0.99871,-0.05077
3,3012,human_stop_constraint_3_3012_0,human_stop_constraint,probe_06,1,0,human_stop,40,0.62796,1.01000,0,0.12000,0.14000,0.88000,0.50000,0.50634,0.34321,0.86722,-0.49793
3,3013,human_stop_constraint_3_3013_0,human_stop_constraint,probe_00,1,0,human_stop,40,0.64018,1.01000,0,0.06966,0.59871,0.92138,0.45003,0.50110,0.52663,0.99143,0.13063
3,3013,human_stop_constraint_3_3013_0,human_stop_constraint,probe_01,0,1,none,74,1.32166,0.00000,0,0.07000,0.11742,0.93000,0.18129,0.94776,0.17980,0.86541,0.50107
3,3013,human_stop_constraint_3_3013_0,human_stop_constraint,probe_02,1,0,human_stop,31,0.48574,1.01000,0,0.12000,0.14000,0.88000,0.50000,0.41827,0.29209,0.76686,0.64182
3,3013,human_stop_constraint_3_3013_0,human_stop_constraint,probe_03,1,0,human_stop,42,0.68054,1.01000,0,0.10000,0.86000,0.91000,0.27333,0.46168,0.53497,0.64985,-0.76006
3,3013,human_stop_constraint_3_3013_0,human_stop_constraint,probe_04,1,0,human_stop,37,0.64187,1.01000,0,0.16000,0.72667,0.86000,0.27418,0.46315,0.43965,0.59656,-0.80257
3,3013,human_stop_constraint_3_3013_0,human_stop_constraint,probe_05,0,1,none,73,1.32478,0.00000,0,0.07000,0.81763,0.93000,0.85119,0.93907,0.86488,0.96804,0.25081
3,3013,human_stop_constraint_3_3013_0,human_stop_constraint,probe_06,0,1,none,73,1.20835,0.00000,0,0.12000,0.14000,0.88000,0.38667,0.88813,0.39216,0.99968,0.02542
3,4000,combined_abort_stress_3_4000_0,combined_abort_stress,probe_00,1,0,fixture_snag,31,0.67465,1.11280,0,0.07316,0.63298,0.90997,0.60235,0.43378,0.62770,0.85590,-0.51714
3,4000,combined_abort_stress_3_4000_0,combined_abort_stress,probe_01,1,0,fixture_snag,30,0.62547,0.96704,0,0.07000,0.64315,0.93000,0.63243,0.42931,0.63496,0.37961,0.92514
3,4000,combined_abort_stress_3_4000_0,combined_abort_stress,probe_02,1,0,visible_collision,11,0.19083,1.00000,1,0.12000,0.14000,0.88000,0.16000,0.22950,0.15327,0.73814,0.67465
3,4000,combined_abort_stress_3_4000_0,combined_abort_stress,probe_03,1,0,fixture_snag,30,0.61958,1.32082,1,0.10000,0.86000,0.91000,0.56800,0.43855,0.80338,0.98263,-0.18557
3,4000,combined_abort_stress_3_4000_0,combined_abort_stress,probe_04,1,0,fixture_snag,28,0.56885,1.09897,0,0.16000,0.36400,0.86000,0.65566,0.44803,0.47703,-0.12417,0.99226
3,4000,combined_abort_stress_3_4000_0,combined_abort_stress,probe_05,1,0,fixture_snag,32,0.72232,1.18514,1,0.07000,0.70682,0.93000,0.80459,0.43490,0.75153,0.51170,0.85916
3,4000,combined_abort_stress_3_4000_0,combined_abort_stress,probe_06,1,0,fixture_snag,43,0.92769,1.22104,1,0.12000,0.14000,0.88000,0.84000,0.45520,0.47841,-0.62010,0.78452
3,4000,combined_abort_stress_3_4000_0,combined_abort_stress,probe_07,1,0,fixture_snag,26,0.46563,1.13918,0,0.10000,0.86000,0.91000,0.70400,0.43251,0.86647,0.98766,-0.15660
3,4000,combined_abort_stress_3_4000_0,combined_abort_stress,probe_08,1,0,fixture_snag,32,0.66086,0.99087,0,0.16000,0.29600,0.86000,0.74421,0.43087,0.53800,0.99904,0.04373
3,4000,combined_abort_stress_3_4000_0,combined_abort_stress,probe_09,1,0,collision_margin,31,0.61123,1.11769,0,0.07000,0.23866,0.93000,0.22267,0.43487,0.24148,0.74910,-0.66246
3,4000,combined_abort_stress_3_4000_0,combined_abort_stress,probe_10,1,0,collision_margin,29,0.61750,1.25624,1,0.12000,0.14000,0.88000,0.43200,0.43875,0.22457,0.27457,0.96157
3,4001,combined_abort_stress_3_4001_0,combined_abort_stress,probe_00,1,0,force_limit,28,0.49703,1.17713,1,0.07562,0.58780,0.92434,0.52859,0.43137,0.60675,0.75760,-0.65272
3,4001,combined_abort_stress_3_4001_0,combined_abort_stress,probe_01,1,0,visible_collision,19,0.32596,1.00000,1,0.07000,0.25824,0.93000,0.31488,0.26095,0.26146,0.99393,0.10998
3,4001,combined_abort_stress_3_4001_0,combined_abort_stress,probe_02,1,0,visible_collision,13,0.31921,1.00000,1,0.12000,0.14000,0.88000,0.77200,0.23361,0.22941,0.21168,-0.97734
3,4001,combined_abort_stress_3_4001_0,combined_abort_stress,probe_03,1,0,collision_margin,41,0.81828,1.42686,1,0.10000,0.86000,0.91000,0.16000,0.45774,0.52489,0.44590,-0.89508
3,4001,combined_abort_stress_3_4001_0,combined_abort_stress,probe_04,1,0,collision_margin,25,0.46168,1.59299,1,0.16000,0.50000,0.86000,0.54993,0.46281,0.52898,0.99294,0.11859
3,4001,combined_abort_stress_3_4001_0,combined_abort_stress,probe_05,1,0,force_limit,36,0.79337,1.62751,1,0.07000,0.77836,0.93000,0.66682,0.48623,0.71100,-0.99950,0.03156
3,4001,combined_abort_stress_3_4001_0,combined_abort_stress,probe_06,1,0,collision_margin,34,0.76309,1.22339,1,0.12000,0.14000,0.88000,0.43200,0.45165,0.27997,0.82538,-0.56458
3,4001,combined_abort_stress_3_4001_0,combined_abort_stress,probe_07,1,0,collision_margin,38,0.85960,1.02891,0,0.10000,0.86000,0.91000,0.36400,0.44554,0.58680,0.32541,0.94557
3,4001,combined_abort_stress_3_4001_0,combined_abort_stress,probe_08,1,0,collision_margin,35,0.68270,1.80599,1,0.16000,0.84000,0.86000,0.14305,0.46931,0.55731,0.75204,-0.65912
3,4001,combined_abort_stress_3_4001_0,combined_abort_stress,probe_09,1,0,collision_margin,31,0.71521,1.36054,1,0.07000,0.55730,0.93000,0.57335,0.45569,0.55394,0.13393,0.99099
3,4001,combined_abort_stress_3_4001_0,combined_abort_stress,probe_10,1,0,collision_margin,41,0.88722,1.43998,1,0.12000,0.14000,0.88000,0.63600,0.45818,0.44620,0.98483,0.17351
3,4002,combined_abort_stress_3_4002_0,combined_abort_stress,probe_00,1,0,visible_collision,21,0.39608,1.00000,1,0.06871,0.21399,0.91501,0.37136,0.29865,0.23924,0.99213,0.12522
3,4002,combined_abort_stress_3_4002_0,combined_abort_stress,probe_01,1,0,human_stop,34,0.80357,0.94500,0,0.07000,0.67281,0.93000,0.71959,0.47546,0.66480,0.95230,0.30515
3,4002,combined_abort_stress_3_4002_0,combined_abort_stress,probe_02,1,0,collision_margin,31,0.54766,1.02934,0,0.12000,0.14000,0.88000,0.16000,0.47621,0.14953,0.88160,-0.47199
3,4002,combined_abort_stress_3_4002_0,combined_abort_stress,probe_03,1,0,fixture_snag,32,0.71124,1.02652,0,0.10000,0.86000,0.91000,0.63600,0.47194,0.81238,0.93631,0.35117
3,4002,combined_abort_stress_3_4002_0,combined_abort_stress,probe_04,1,0,fixture_snag,34,0.70676,1.68379,1,0.16000,0.36400,0.86000,0.73127,0.50173,0.56660,0.95582,0.29395
3,4002,combined_abort_stress_3_4002_0,combined_abort_stress,probe_05,1,0,fixture_snag,34,0.65549,1.07049,0,0.07000,0.83802,0.93000,0.84099,0.47271,0.82623,0.99080,0.13530
3,4002,combined_abort_stress_3_4002_0,combined_abort_stress,probe_06,1,0,visible_collision,18,0.42532,1.00000,1,0.12000,0.14000,0.88000,0.43200,0.29215,0.22366,0.92785,0.37295
3,4002,combined_abort_stress_3_4002_0,combined_abort_stress,probe_07,1,0,fixture_snag,32,0.70004,1.31021,1,0.10000,0.86000,0.91000,0.56800,0.48285,0.75453,0.67103,-0.74143
3,4002,combined_abort_stress_3_4002_0,combined_abort_stress,probe_08,1,0,fixture_snag,34,0.76630,1.28399,1,0.16000,0.29600,0.86000,0.69411,0.49189,0.51060,-0.79489,0.60675
3,4002,combined_abort_stress_3_4002_0,combined_abort_stress,probe_09,1,0,visible_collision,14,0.27161,1.00000,1,0.07000,0.25133,0.93000,0.21634,0.24314,0.25780,0.77034,-0.63763
3,4002,combined_abort_stress_3_4002_0,combined_abort_stress,probe_10,1,0,fixture_snag,41,0.86914,1.28996,1,0.12000,0.14000,0.88000,0.77200,0.49984,0.39978,0.82826,0.56035
3,4003,combined_abort_stress_3_4003_0,combined_abort_stress,probe_00,1,0,collision_margin,28,0.65790,1.21824,1,0.06560,0.35172,0.92113,0.16000,0.37347,0.31956,0.67402,-0.73872
3,4003,combined_abort_stress_3_4003_0,combined_abort_stress,probe_01,1,0,fixture_snag,23,0.48695,1.41627,1,0.07000,0.82039,0.93000,0.84980,0.35797,0.79137,0.89250,-0.45104
3,4003,combined_abort_stress_3_4003_0,combined_abort_stress,probe_02,1,0,collision_margin,32,0.61803,1.39757,1,0.12000,0.14000,0.88000,0.70400,0.37583,0.40737,0.92564,0.37840
3,4003,combined_abort_stress_3_4003_0,combined_abort_stress,probe_03,1,0,force_limit,27,0.54739,1.71787,1,0.10000,0.86000,0.91000,0.16000,0.32307,0.63227,0.82558,0.56428
3,4003,combined_abort_stress_3_4003_0,combined_abort_stress,probe_04,1,0,collision_margin,22,0.52829,0.97303,0,0.16000,0.63600,0.86000,0.27475,0.35915,0.51112,0.99578,-0.09173
3,4003,combined_abort_stress_3_4003_0,combined_abort_stress,probe_05,1,0,collision_margin,25,0.52278,0.96870,0,0.07000,0.29761,0.93000,0.29519,0.36698,0.28745,0.94642,0.32293
3,4003,combined_abort_stress_3_4003_0,combined_abort_stress,probe_06,1,0,collision_margin,26,0.48884,1.53071,1,0.12000,0.14000,0.88000,0.43200,0.38780,0.18564,0.98933,-0.14571
3,4003,combined_abort_stress_3_4003_0,combined_abort_stress,probe_07,1,0,fixture_snag,24,0.51258,1.34683,1,0.10000,0.86000,0.91000,0.50000,0.36314,0.75828,0.99817,-0.06047
3,4003,combined_abort_stress_3_4003_0,combined_abort_stress,probe_08,1,0,force_limit,19,0.46237,1.19175,1,0.16000,0.77200,0.86000,0.22487,0.32375,0.62034,0.35296,-0.93564
3,4003,combined_abort_stress_3_4003_0,combined_abort_stress,probe_09,1,0,collision_margin,26,0.60062,1.03378,0,0.07000,0.32555,0.93000,0.38322,0.36767,0.32388,0.79245,0.60994
3,4003,combined_abort_stress_3_4003_0,combined_abort_stress,probe_10,1,0,collision_margin,29,0.59091,1.42819,1,0.12000,0.14000,0.88000,0.56800,0.38015,0.31235,0.99405,-0.10892
3,4004,combined_abort_stress_3_4004_0,combined_abort_stress,probe_00,1,0,fixture_snag,28,0.64064,1.06236,0,0.08188,0.82000,0.90976,0.79283,0.42607,0.81855,0.97867,-0.20545
3,4004,combined_abort_stress_3_4004_0,combined_abort_stress,probe_01,1,0,fixture_snag,30,0.60588,0.96771,0,0.07000,0.73055,0.93000,0.69073,0.42187,0.73337,0.96882,-0.24778
3,4004,combined_abort_stress_3_4004_0,combined_abort_stress,probe_02,1,0,visible_collision,20,0.42596,1.00000,1,0.12000,0.14000,0.88000,0.36400,0.27154,0.27327,-0.79722,-0.60369
3,4004,combined_abort_stress_3_4004_0,combined_abort_stress,probe_03,1,0,fixture_snag,27,0.60939,1.11312,0,0.10000,0.86000,0.91000,0.63600,0.42743,0.80757,0.38700,0.92208
3,4004,combined_abort_stress_3_4004_0,combined_abort_stress,probe_04,1,0,human_stop,21,0.45775,0.94500,0,0.16000,0.56800,0.86000,0.41136,0.37896,0.51564,0.92109,-0.38936
3,4004,combined_abort_stress_3_4004_0,combined_abort_stress,probe_05,1,0,fixture_snag,29,0.62206,1.11652,0,0.07000,0.78292,0.93000,0.86854,0.42709,0.77933,0.98827,0.15273
3,4004,combined_abort_stress_3_4004_0,combined_abort_stress,probe_06,1,0,collision_margin,26,0.56347,1.37704,1,0.12000,0.14000,0.88000,0.29600,0.41693,0.15110,0.98946,0.14484
3,4004,combined_abort_stress_3_4004_0,combined_abort_stress,probe_07,1,0,human_stop,34,0.75338,0.94500,0,0.10000,0.86000,0.91000,0.16000,0.40171,0.57924,-0.11662,-0.99318
3,4004,combined_abort_stress_3_4004_0,combined_abort_stress,probe_08,1,0,human_stop,18,0.38195,0.94500,0,0.16000,0.50000,0.86000,0.51124,0.38073,0.50971,0.97525,-0.22110
3,4004,combined_abort_stress_3_4004_0,combined_abort_stress,probe_09,0,1,none,75,1.51945,0.00000,0,0.07000,0.27136,0.93000,0.20632,0.94161,0.20180,1.00000,0.00092
3,4004,combined_abort_stress_3_4004_0,combined_abort_stress,probe_10,1,0,visible_collision,16,0.26943,1.00000,1,0.12000,0.14000,0.88000,0.77200,0.23554,0.24495,0.99964,0.02684
3,4005,combined_abort_stress_3_4005_0,combined_abort_stress,probe_00,1,0,force_limit,19,0.46337,1.76676,1,0.06719,0.53668,0.91250,0.47683,0.30412,0.54425,0.99664,-0.08188
3,4005,combined_abort_stress_3_4005_0,combined_abort_stress,probe_01,1,0,visible_collision,22,0.46419,1.00000,1,0.07000,0.15873,0.93000,0.16063,0.29478,0.14699,0.95073,0.31002
3,4005,combined_abort_stress_3_4005_0,combined_abort_stress,probe_02,1,0,collision_margin,33,0.68202,0.98038,0,0.12000,0.14000,0.88000,0.56800,0.40995,0.34026,0.81551,0.57875
3,4005,combined_abort_stress_3_4005_0,combined_abort_stress,probe_03,1,0,fixture_snag,27,0.50974,1.55980,1,0.10000,0.86000,0.91000,0.77200,0.42225,0.81490,0.96723,0.25389
3,4005,combined_abort_stress_3_4005_0,combined_abort_stress,probe_04,1,0,force_limit,21,0.40872,1.57011,1,0.16000,0.36400,0.86000,0.63982,0.37805,0.43837,0.96592,0.25885
3,4005,combined_abort_stress_3_4005_0,combined_abort_stress,probe_05,1,0,fixture_snag,30,0.62864,1.21683,1,0.07000,0.83161,0.93000,0.84420,0.41041,0.78663,-0.29033,0.95693
3,4005,combined_abort_stress_3_4005_0,combined_abort_stress,probe_06,1,0,visible_collision,17,0.39117,1.00000,1,0.12000,0.14000,0.88000,0.50000,0.26762,0.23633,-0.17522,0.98453
3,4005,combined_abort_stress_3_4005_0,combined_abort_stress,probe_07,1,0,force_limit,37,0.73499,1.38668,1,0.10000,0.86000,0.91000,0.22800,0.40282,0.56436,-0.11347,-0.99354
3,4005,combined_abort_stress_3_4005_0,combined_abort_stress,probe_08,1,0,force_limit,16,0.33134,1.68335,1,0.16000,0.63600,0.86000,0.37245,0.32102,0.55554,0.48486,-0.87459
3,4005,combined_abort_stress_3_4005_0,combined_abort_stress,probe_09,1,0,fixture_snag,28,0.60154,0.99158,0,0.07000,0.74561,0.93000,0.68320,0.40173,0.75039,0.98432,-0.17636
3,4005,combined_abort_stress_3_4005_0,combined_abort_stress,probe_10,1,0,visible_collision,12,0.27671,1.00000,1,0.12000,0.14000,0.88000,0.29600,0.22913,0.20251,0.85566,0.51753
3,4006,combined_abort_stress_3_4006_0,combined_abort_stress,probe_00,1,0,collision_margin,35,0.80024,1.27926,1,0.07297,0.22374,0.91003,0.27047,0.47438,0.20046,0.93837,-0.34564
3,4006,combined_abort_stress_3_4006_0,combined_abort_stress,probe_01,1,0,fixture_snag,32,0.64094,1.17151,1,0.07000,0.90000,0.93000,0.80369,0.47627,0.91930,0.99749,0.07078
3,4006,combined_abort_stress_3_4006_0,combined_abort_stress,probe_02,1,0,collision_margin,31,0.65754,1.20242,1,0.12000,0.14000,0.88000,0.22800,0.47218,0.19725,0.77157,-0.63615
3,4006,combined_abort_stress_3_4006_0,combined_abort_stress,probe_03,1,0,human_stop,32,0.69040,0.94500,0,0.10000,0.86000,0.91000,0.77200,0.46194,0.80236,0.94955,-0.31362
3,4006,combined_abort_stress_3_4006_0,combined_abort_stress,probe_04,1,0,fixture_snag,38,0.78227,1.81967,1,0.16000,0.70400,0.86000,0.28200,0.51394,0.45870,0.79046,0.61251
3,4006,combined_abort_stress_3_4006_0,combined_abort_stress,probe_05,1,0,collision_margin,36,0.68841,1.66531,1,0.07000,0.13088,0.93000,0.17456,0.50327,0.14207,0.84035,-0.54205
3,4006,combined_abort_stress_3_4006_0,combined_abort_stress,probe_06,1,0,visible_collision,14,0.32892,1.00000,1,0.12000,0.14000,0.88000,0.63600,0.26932,0.19961,0.96906,-0.24683
3,4006,combined_abort_stress_3_4006_0,combined_abort_stress,probe_07,1,0,human_stop,31,0.59965,0.94500,0,0.10000,0.86000,0.91000,0.50000,0.43344,0.73400,0.43043,0.90262
3,4006,combined_abort_stress_3_4006_0,combined_abort_stress,probe_08,0,1,none,65,1.38336,0.00000,0,0.16000,0.36400,0.86000,0.55936,0.85379,0.55591,0.97494,0.22247
3,4006,combined_abort_stress_3_4006_0,combined_abort_stress,probe_09,0,1,none,73,1.60874,0.00000,0,0.07000,0.32870,0.93000,0.27965,0.95283,0.30486,0.44413,0.89596
3,4006,combined_abort_stress_3_4006_0,combined_abort_stress,probe_10,1,0,visible_collision,19,0.33398,1.00000,1,0.12000,0.14000,0.88000,0.43200,0.29745,0.19752,0.94140,0.33728
3,4007,combined_abort_stress_3_4007_0,combined_abort_stress,probe_00,1,0,force_limit,28,0.62011,1.92575,1,0.08275,0.52402,0.90846,0.54739,0.40783,0.54409,0.62776,0.77841
3,4007,combined_abort_stress_3_4007_0,combined_abort_stress,probe_01,1,0,force_limit,27,0.63941,1.85495,1,0.07000,0.54550,0.93000,0.47725,0.38579,0.55322,0.97801,0.20857
3,4007,combined_abort_stress_3_4007_0,combined_abort_stress,probe_02,1,0,visible_collision,20,0.41658,1.00000,1,0.12000,0.14000,0.88000,0.84000,0.27642,0.24486,-0.53591,-0.84428
3,4007,combined_abort_stress_3_4007_0,combined_abort_stress,probe_03,1,0,force_limit,34,0.84279,1.21551,1,0.10000,0.86000,0.91000,0.36400,0.39587,0.59992,0.46815,-0.88365
3,4007,combined_abort_stress_3_4007_0,combined_abort_stress,probe_04,1,0,force_limit,20,0.45988,1.57980,1,0.16000,0.63600,0.86000,0.31951,0.37909,0.53354,-0.57591,-0.81751
3,4007,combined_abort_stress_3_4007_0,combined_abort_stress,probe_05,1,0,visible_collision,17,0.41809,1.00000,1,0.07000,0.22606,0.93000,0.22897,0.26412,0.25084,0.94048,-0.33985
3,4007,combined_abort_stress_3_4007_0,combined_abort_stress,probe_06,1,0,fixture_snag,52,1.11088,1.17408,1,0.12000,0.14000,0.88000,0.77200,0.55662,0.50522,-0.22901,0.97343
3,4007,combined_abort_stress_3_4007_0,combined_abort_stress,probe_07,1,0,force_limit,33,0.67057,1.48269,1,0.10000,0.86000,0.91000,0.29600,0.38602,0.59663,0.87429,-0.48541
3,4007,combined_abort_stress_3_4007_0,combined_abort_stress,probe_08,1,0,visible_collision,17,0.34133,1.00000,1,0.16000,0.16000,0.86000,0.81044,0.31006,0.25143,0.98202,-0.18875
3,4007,combined_abort_stress_3_4007_0,combined_abort_stress,probe_09,1,0,fixture_snag,39,0.84110,1.58561,1,0.07000,0.76260,0.93000,0.67470,0.54173,0.75640,0.98259,0.18578
3,4007,combined_abort_stress_3_4007_0,combined_abort_stress,probe_10,1,0,collision_margin,39,0.83439,1.67484,1,0.12000,0.14000,0.88000,0.43200,0.52777,0.26638,0.98772,-0.15624
3,4008,combined_abort_stress_3_4008_0,combined_abort_stress,probe_00,1,0,collision_margin,28,0.58076,1.03963,0,0.08275,0.51893,0.91830,0.34994,0.40253,0.46132,0.78947,-0.61379
3,4008,combined_abort_stress_3_4008_0,combined_abort_stress,probe_01,1,0,collision_margin,29,0.61774,1.32031,1,0.07000,0.49958,0.93000,0.50021,0.41160,0.47639,0.64369,-0.76529
3,4008,combined_abort_stress_3_4008_0,combined_abort_stress,probe_02,1,0,collision_margin,25,0.56251,1.04860,0,0.12000,0.14000,0.88000,0.22800,0.40781,0.18742,0.25969,0.96569
3,4008,combined_abort_stress_3_4008_0,combined_abort_stress,probe_03,1,0,human_stop,26,0.54030,0.94500,0,0.10000,0.86000,0.91000,0.56800,0.39173,0.79750,0.97239,0.23337
3,4008,combined_abort_stress_3_4008_0,combined_abort_stress,probe_04,1,0,collision_margin,33,0.68434,1.53597,1,0.16000,0.77200,0.86000,0.26719,0.43073,0.48247,0.88610,-0.46350
3,4008,combined_abort_stress_3_4008_0,combined_abort_stress,probe_05,1,0,fixture_snag,29,0.65379,1.45215,1,0.07000,0.85443,0.93000,0.83279,0.41595,0.86207,0.95790,0.28710
3,4008,combined_abort_stress_3_4008_0,combined_abort_stress,probe_06,1,0,collision_margin,27,0.45082,1.33640,1,0.12000,0.14000,0.88000,0.29600,0.41657,0.18961,0.96013,0.27956
3,4008,combined_abort_stress_3_4008_0,combined_abort_stress,probe_07,1,0,fixture_snag,30,0.63780,1.44099,1,0.10000,0.86000,0.91000,0.43200,0.40222,0.69596,0.72135,0.69257
3,4008,combined_abort_stress_3_4008_0,combined_abort_stress,probe_08,1,0,collision_margin,25,0.52655,1.58307,1,0.16000,0.36400,0.86000,0.62448,0.42000,0.41437,0.94209,-0.33536
3,4008,combined_abort_stress_3_4008_0,combined_abort_stress,probe_09,1,0,collision_margin,28,0.51866,1.06400,0,0.07000,0.12867,0.93000,0.17566,0.40919,0.13794,0.82523,-0.56479
3,4008,combined_abort_stress_3_4008_0,combined_abort_stress,probe_10,1,0,collision_margin,31,0.76136,1.25568,1,0.12000,0.14000,0.88000,0.63600,0.41179,0.31617,0.88932,0.45729
3,4009,combined_abort_stress_3_4009_0,combined_abort_stress,probe_00,1,0,fixture_snag,24,0.62215,0.98021,0,0.08031,0.79697,0.91820,0.83052,0.38402,0.81792,0.99095,-0.13422
3,4009,combined_abort_stress_3_4009_0,combined_abort_stress,probe_01,1,0,visible_collision,15,0.28122,1.00000,1,0.07000,0.28256,0.93000,0.30272,0.24804,0.30005,-0.83203,0.55474
3,4009,combined_abort_stress_3_4009_0,combined_abort_stress,probe_02,1,0,visible_collision,25,0.45590,1.00000,1,0.12000,0.14000,0.88000,0.50000,0.32982,0.25578,0.42500,0.90520
3,4009,combined_abort_stress_3_4009_0,combined_abort_stress,probe_03,1,0,fixture_snag,32,0.62065,0.97418,0,0.10000,0.86000,0.91000,0.16000,0.37000,0.59630,0.33462,-0.94235
3,4009,combined_abort_stress_3_4009_0,combined_abort_stress,probe_04,1,0,fixture_snag,27,0.50068,1.84372,1,0.16000,0.84000,0.86000,0.12000,0.40171,0.60798,0.94955,-0.31361
3,4009,combined_abort_stress_3_4009_0,combined_abort_stress,probe_05,1,0,collision_margin,29,0.58977,1.58601,1,0.07000,0.15847,0.93000,0.26276,0.41549,0.16057,0.87369,-0.48648
3,4009,combined_abort_stress_3_4009_0,combined_abort_stress,probe_06,1,0,visible_collision,19,0.29478,1.00000,1,0.12000,0.14000,0.88000,0.63600,0.29943,0.22356,0.99824,0.05932
3,4009,combined_abort_stress_3_4009_0,combined_abort_stress,probe_07,1,0,fixture_snag,26,0.52622,1.30992,1,0.10000,0.86000,0.91000,0.56800,0.39151,0.77794,0.95110,-0.30889
3,4009,combined_abort_stress_3_4009_0,combined_abort_stress,probe_08,1,0,fixture_snag,18,0.38099,1.11430,0,0.16000,0.43200,0.86000,0.51644,0.36708,0.48156,0.62754,0.77858
3,4009,combined_abort_stress_3_4009_0,combined_abort_stress,probe_09,1,0,force_limit,50,1.04861,1.72120,1,0.07000,0.39223,0.93000,0.34988,0.68193,0.38406,0.96384,0.26647
3,4009,combined_abort_stress_3_4009_0,combined_abort_stress,probe_10,1,0,visible_collision,19,0.32372,1.00000,1,0.12000,0.14000,0.88000,0.70400,0.29452,0.23228,0.80544,0.59268
3,4010,combined_abort_stress_3_4010_0,combined_abort_stress,probe_00,1,0,collision_margin,34,0.75555,1.18492,1,0.07718,0.18000,0.90896,0.16000,0.48882,0.16247,0.94992,-0.31250
3,4010,combined_abort_stress_3_4010_0,combined_abort_stress,probe_01,1,0,visible_collision,15,0.31140,1.00000,1,0.07000,0.27086,0.93000,0.20657,0.24889,0.26644,0.88877,-0.45835
3,4010,combined_abort_stress_3_4010_0,combined_abort_stress,probe_02,1,0,force_limit,39,0.93353,1.39061,1,0.12000,0.14000,0.88000,0.56800,0.48157,0.36893,0.81991,0.57250
3,4010,combined_abort_stress_3_4010_0,combined_abort_stress,probe_03,1,0,fixture_snag,30,0.62344,1.77283,1,0.10000,0.86000,0.91000,0.84000,0.49220,0.87269,0.85764,-0.51426
3,4010,combined_abort_stress_3_4010_0,combined_abort_stress,probe_04,1,0,force_limit,25,0.62231,1.69850,1,0.16000,0.50000,0.86000,0.44595,0.44260,0.44193,0.83088,-0.55646
3,4010,combined_abort_stress_3_4010_0,combined_abort_stress,probe_05,1,0,human_stop,29,0.64466,0.94500,0,0.07000,0.63958,0.93000,0.63421,0.41413,0.62066,0.99771,0.06762
3,4010,combined_abort_stress_3_4010_0,combined_abort_stress,probe_06,1,0,fixture_snag,39,0.81360,1.05906,0,0.12000,0.14000,0.88000,0.70400,0.48035,0.38181,0.69002,0.72379
3,4010,combined_abort_stress_3_4010_0,combined_abort_stress,probe_07,1,0,human_stop,35,0.76967,0.94500,0,0.10000,0.86000,0.91000,0.36400,0.41500,0.60829,-0.64264,0.76617
3,4010,combined_abort_stress_3_4010_0,combined_abort_stress,probe_08,1,0,fixture_snag,36,0.85669,0.96317,0,0.16000,0.77200,0.86000,0.23035,0.46104,0.46477,0.91537,-0.40261
3,4010,combined_abort_stress_3_4010_0,combined_abort_stress,probe_09,1,0,force_limit,30,0.61828,1.61593,1,0.07000,0.40517,0.93000,0.44542,0.44269,0.40968,0.90561,-0.42410
3,4010,combined_abort_stress_3_4010_0,combined_abort_stress,probe_10,1,0,collision_margin,30,0.65488,1.17066,1,0.12000,0.14000,0.88000,0.16000,0.48374,0.13755,0.36903,0.92942
3,4011,combined_abort_stress_3_4011_0,combined_abort_stress,probe_00,1,0,force_limit,26,0.53704,1.57075,1,0.06569,0.35058,0.91240,0.30189,0.38139,0.36491,0.99094,-0.13427
3,4011,combined_abort_stress_3_4011_0,combined_abort_stress,probe_01,1,0,fixture_snag,29,0.63245,1.38253,1,0.07000,0.68470,0.93000,0.81565,0.42118,0.68643,0.97877,0.20495
3,4011,combined_abort_stress_3_4011_0,combined_abort_stress,probe_02,1,0,collision_margin,31,0.66105,1.45204,1,0.12000,0.14000,0.88000,0.29600,0.46823,0.18538,0.97819,0.20771
3,4011,combined_abort_stress_3_4011_0,combined_abort_stress,probe_03,1,0,collision_margin,41,0.79713,1.38783,1,0.10000,0.86000,0.91000,0.36400,0.47143,0.54662,0.39734,-0.91767
3,4011,combined_abort_stress_3_4011_0,combined_abort_stress,probe_04,1,0,force_limit,22,0.48635,1.58718,1,0.16000,0.56800,0.86000,0.43215,0.41974,0.50072,0.28009,0.95997
3,4011,combined_abort_stress_3_4011_0,combined_abort_stress,probe_05,1,0,force_limit,26,0.54456,1.28968,1,0.07000,0.46156,0.93000,0.41722,0.37243,0.46113,0.86898,-0.49485
3,4011,combined_abort_stress_3_4011_0,combined_abort_stress,probe_06,1,0,visible_collision,19,0.36574,1.00000,1,0.12000,0.14000,0.88000,0.63600,0.28446,0.24872,0.38743,0.92190
3,4011,combined_abort_stress_3_4011_0,combined_abort_stress,probe_07,1,0,fixture_snag,30,0.65635,1.11120,0,0.10000,0.86000,0.91000,0.50000,0.41614,0.72403,0.97405,-0.22632
3,4011,combined_abort_stress_3_4011_0,combined_abort_stress,probe_08,1,0,visible_collision,14,0.34819,1.00000,1,0.16000,0.22800,0.86000,0.77205,0.32328,0.27152,0.04778,0.99886
3,4011,combined_abort_stress_3_4011_0,combined_abort_stress,probe_09,1,0,fixture_snag,29,0.61616,1.63627,1,0.07000,0.72080,0.93000,0.69560,0.43051,0.71497,0.41022,0.91199
3,4011,combined_abort_stress_3_4011_0,combined_abort_stress,probe_10,1,0,visible_collision,17,0.39176,1.00000,1,0.12000,0.14000,0.88000,0.84000,0.27000,0.24785,-0.42156,-0.90680
3,4012,combined_abort_stress_3_4012_0,combined_abort_stress,probe_00,1,0,fixture_snag,34,0.72808,1.62197,1,0.07012,0.82000,0.91630,0.84000,0.47657,0.81020,0.97271,-0.23203
3,4012,combined_abort_stress_3_4012_0,combined_abort_stress,probe_01,1,0,visible_collision,17,0.35827,1.00000,1,0.07000,0.13931,0.93000,0.17035,0.26734,0.14216,0.26128,0.96526
3,4012,combined_abort_stress_3_4012_0,combined_abort_stress,probe_02,1,0,fixture_snag,41,0.86504,1.07681,0,0.12000,0.14000,0.88000,0.56800,0.49857,0.39424,0.96805,-0.25076
3,4012,combined_abort_stress_3_4012_0,combined_abort_stress,probe_03,1,0,fixture_snag,31,0.68028,0.99320,0,0.10000,0.86000,0.91000,0.63600,0.45754,0.81166,0.97813,-0.20801
3,4012,combined_abort_stress_3_4012_0,combined_abort_stress,probe_04,1,0,fixture_snag,33,0.69894,1.13877,0,0.16000,0.70400,0.86000,0.31236,0.46422,0.51128,0.59058,-0.80698
3,4012,combined_abort_stress_3_4012_0,combined_abort_stress,probe_05,1,0,fixture_snag,33,0.68398,1.02451,0,0.07000,0.83325,0.93000,0.74137,0.45829,0.83668,0.99758,-0.06958
3,4012,combined_abort_stress_3_4012_0,combined_abort_stress,probe_06,1,0,visible_collision,12,0.23969,1.00000,1,0.12000,0.14000,0.88000,0.22800,0.26550,0.14696,0.98518,-0.17151
3,4012,combined_abort_stress_3_4012_0,combined_abort_stress,probe_07,1,0,fixture_snag,38,0.93540,1.31465,1,0.10000,0.86000,0.91000,0.43200,0.46872,0.61920,0.58891,-0.80820
3,4012,combined_abort_stress_3_4012_0,combined_abort_stress,probe_08,1,0,fixture_snag,28,0.49677,1.83771,1,0.16000,0.36400,0.86000,0.55901,0.48607,0.41899,0.99999,-0.00545
3,4012,combined_abort_stress_3_4012_0,combined_abort_stress,probe_09,1,0,force_limit,40,1.02143,1.17879,1,0.07000,0.30272,0.93000,0.29264,0.56880,0.31254,0.34111,0.94002
3,4012,combined_abort_stress_3_4012_0,combined_abort_stress,probe_10,1,0,fixture_snag,42,0.94662,1.49491,1,0.12000,0.14000,0.88000,0.84000,0.47525,0.47722,0.52613,0.85040
3,4013,combined_abort_stress_3_4013_0,combined_abort_stress,probe_00,1,0,visible_collision,15,0.28607,1.00000,1,0.06634,0.29228,0.90948,0.28506,0.24019,0.27166,0.13014,-0.99150
3,4013,combined_abort_stress_3_4013_0,combined_abort_stress,probe_01,1,0,collision_margin,37,0.77011,1.02918,0,0.07000,0.20416,0.93000,0.13792,0.52311,0.21787,0.99997,-0.00747
3,4013,combined_abort_stress_3_4013_0,combined_abort_stress,probe_02,1,0,collision_margin,38,0.88273,1.84478,1,0.12000,0.14000,0.88000,0.29600,0.55149,0.21891,0.78826,0.61534
3,4013,combined_abort_stress_3_4013_0,combined_abort_stress,probe_03,1,0,force_limit,32,0.67951,1.63242,1,0.10000,0.86000,0.91000,0.50000,0.44822,0.75482,0.88461,0.46632
3,4013,combined_abort_stress_3_4013_0,combined_abort_stress,probe_04,1,0,collision_margin,40,0.79237,1.03681,0,0.16000,0.84000,0.86000,0.14538,0.49457,0.49646,0.96299,-0.26955
3,4013,combined_abort_stress_3_4013_0,combined_abort_stress,probe_05,1,0,unstable_slip,50,1.16208,1.67326,1,0.07000,0.58989,0.93000,0.65906,0.67735,0.58244,0.77543,-0.63143
3,4013,combined_abort_stress_3_4013_0,combined_abort_stress,probe_06,1,0,visible_collision,17,0.35820,1.00000,1,0.12000,0.14000,0.88000,0.56800,0.27097,0.25286,0.97793,-0.20891
3,4013,combined_abort_stress_3_4013_0,combined_abort_stress,probe_07,1,0,unstable_slip,52,1.29536,1.37673,1,0.10000,0.86000,0.91000,0.36400,0.57612,0.50311,-0.07634,0.99708
3,4013,combined_abort_stress_3_4013_0,combined_abort_stress,probe_08,1,0,collision_margin,29,0.62354,1.21276,1,0.16000,0.43200,0.86000,0.54264,0.49871,0.47440,0.97068,-0.24036
3,4013,combined_abort_stress_3_4013_0,combined_abort_stress,probe_09,1,0,visible_collision,16,0.33355,1.00000,1,0.07000,0.27400,0.93000,0.20500,0.25282,0.26850,-0.50818,0.86125
3,4013,combined_abort_stress_3_4013_0,combined_abort_stress,probe_10,1,0,visible_collision,24,0.48515,1.00000,1,0.12000,0.14000,0.88000,0.77200,0.32660,0.27768,0.98199,0.18896
4,0,nominal_known_constraints_4_0_0,nominal_known_constraints,probe_00,0,1,none,67,0.90438,0.00000,0,0.08200,0.45304,0.91291,0.47010,0.91252,0.46307,0.87409,0.48577
4,0,nominal_known_constraints_4_0_0,nominal_known_constraints,probe_01,0,1,none,71,0.98196,0.00000,0,0.07000,0.84659,0.93000,0.83670,0.94156,0.83219,0.98677,-0.16214
4,0,nominal_known_constraints_4_0_0,nominal_known_constraints,probe_02,0,1,none,78,1.04877,0.00000,0,0.12000,0.14000,0.88000,0.50000,0.89043,0.51150,0.64268,0.76614
4,0,nominal_known_constraints_4_0_0,nominal_known_constraints,probe_03,0,1,none,93,1.19158,0.00000,0,0.10000,0.86000,0.91000,0.16000,0.91232,0.15824,0.98599,-0.16678
4,0,nominal_known_constraints_4_0_0,nominal_known_constraints,probe_04,0,1,none,70,0.94495,0.00000,0,0.16000,0.67000,0.86000,0.32712,0.86273,0.34436,0.99981,-0.01959
4,1,nominal_known_constraints_4_1_0,nominal_known_constraints,probe_00,0,1,none,71,0.97145,0.00000,0,0.08152,0.60716,0.91641,0.52311,0.91068,0.51612,0.85350,-0.52109
4,1,nominal_known_constraints_4_1_0,nominal_known_constraints,probe_01,0,1,none,73,1.03145,0.00000,0,0.07000,0.87394,0.93000,0.82303,0.94827,0.80629,0.67389,0.73883
4,1,nominal_known_constraints_4_1_0,nominal_known_constraints,probe_02,0,1,none,64,0.85584,0.00000,0,0.12000,0.14000,0.88000,0.16000,0.88345,0.15557,0.71436,0.69978
4,1,nominal_known_constraints_4_1_0,nominal_known_constraints,probe_03,0,1,none,73,1.00919,0.00000,0,0.10000,0.86000,0.91000,0.67000,0.91697,0.66492,0.99985,0.01752
4,1,nominal_known_constraints_4_1_0,nominal_known_constraints,probe_04,0,1,none,71,0.95462,0.00000,0,0.16000,0.33000,0.86000,0.68397,0.85955,0.68471,0.69568,0.71835
4,2,nominal_known_constraints_4_2_0,nominal_known_constraints,probe_00,0,1,none,71,1.01594,0.00000,0,0.07496,0.35253,0.91252,0.31228,0.90667,0.31956,0.99989,-0.01507
4,2,nominal_known_constraints_4_2_0,nominal_known_constraints,probe_01,0,1,none,72,0.98597,0.00000,0,0.07000,0.85999,0.93000,0.83001,0.93711,0.83033,0.99757,-0.06973
4,2,nominal_known_constraints_4_2_0,nominal_known_constraints,probe_02,0,1,none,84,1.08251,0.00000,0,0.12000,0.14000,0.88000,0.67000,0.88568,0.65874,0.55441,0.83225
4,2,nominal_known_constraints_4_2_0,nominal_known_constraints,probe_03,0,1,none,93,1.21180,0.00000,0,0.10000,0.86000,0.91000,0.16000,0.91234,0.15618,0.99552,-0.09454
4,2,nominal_known_constraints_4_2_0,nominal_known_constraints,probe_04,0,1,none,58,0.78812,0.00000,0,0.16000,0.50000,0.86000,0.48157,0.85808,0.48773,0.98884,-0.14899
4,3,nominal_known_constraints_4_3_0,nominal_known_constraints,probe_00,0,1,none,70,0.94587,0.00000,0,0.07677,0.37903,0.90954,0.30980,0.90813,0.31282,0.99876,-0.04970
4,3,nominal_known_constraints_4_3_0,nominal_known_constraints,probe_01,0,1,none,73,1.00467,0.00000,0,0.07000,0.35952,0.93000,0.31524,0.94261,0.31154,0.98134,-0.19230
4,3,nominal_known_constraints_4_3_0,nominal_known_constraints,probe_02,0,1,none,78,1.04659,0.00000,0,0.12000,0.14000,0.88000,0.50000,0.88454,0.51255,0.47779,0.87848
4,3,nominal_known_constraints_4_3_0,nominal_known_constraints,probe_03,0,1,none,93,1.17734,0.00000,0,0.10000,0.86000,0.91000,0.16000,0.90695,0.16724,0.99642,-0.08459
4,3,nominal_known_constraints_4_3_0,nominal_known_constraints,probe_04,0,1,none,70,0.92038,0.00000,0,0.16000,0.67000,0.86000,0.34166,0.86382,0.33165,0.83242,0.55414
4,4,nominal_known_constraints_4_4_0,nominal_known_constraints,probe_00,0,1,none,68,0.91022,0.00000,0,0.08040,0.38367,0.91569,0.36685,0.91881,0.35868,0.95783,-0.28735
4,4,nominal_known_constraints_4_4_0,nominal_known_constraints,probe_01,0,1,none,75,1.00371,0.00000,0,0.07000,0.63359,0.93000,0.68820,0.93953,0.68286,0.52177,0.85309
4,4,nominal_known_constraints_4_4_0,nominal_known_constraints,probe_02,0,1,none,71,0.94210,0.00000,0,0.12000,0.14000,0.88000,0.33000,0.88751,0.33645,0.31382,0.94948
4,4,nominal_known_constraints_4_4_0,nominal_known_constraints,probe_03,0,1,none,93,1.23146,0.00000,0,0.10000,0.86000,0.91000,0.16000,0.91116,0.16095,0.99620,0.08708
4,4,nominal_known_constraints_4_4_0,nominal_known_constraints,probe_04,0,1,none,58,0.79373,0.00000,0,0.16000,0.50000,0.86000,0.48604,0.86081,0.49163,0.97867,0.20543
4,5,nominal_known_constraints_4_5_0,nominal_known_constraints,probe_00,0,1,none,69,0.92716,0.00000,0,0.08122,0.21293,0.90918,0.16738,0.91314,0.17196,0.99515,-0.09833
4,5,nominal_known_constraints_4_5_0,nominal_known_constraints,probe_01,0,1,none,72,0.99407,0.00000,0,0.07000,0.68481,0.93000,0.66259,0.94128,0.66452,0.99429,-0.10672
4,5,nominal_known_constraints_4_5_0,nominal_known_constraints,probe_02,0,1,none,64,0.86094,0.00000,0,0.12000,0.14000,0.88000,0.16000,0.89484,0.16564,0.74247,0.66987
4,5,nominal_known_constraints_4_5_0,nominal_known_constraints,probe_03,0,1,none,86,1.14468,0.00000,0,0.10000,0.86000,0.91000,0.33000,0.91333,0.33200,0.91425,0.40515
4,5,nominal_known_constraints_4_5_0,nominal_known_constraints,probe_04,0,1,none,85,1.08899,0.00000,0,0.16000,0.84000,0.86000,0.14046,0.86130,0.12914,0.87222,-0.48912
4,6,nominal_known_constraints_4_6_0,nominal_known_constraints,probe_00,0,1,none,74,1.00990,0.00000,0,0.06794,0.82000,0.91665,0.84000,0.91133,0.83725,0.78658,0.61749
4,6,nominal_known_constraints_4_6_0,nominal_known_constraints,probe_01,0,1,none,73,1.03638,0.00000,0,0.07000,0.36111,0.93000,0.31444,0.93638,0.30928,0.99897,-0.04540
4,6,nominal_known_constraints_4_6_0,nominal_known_constraints,probe_02,0,1,none,84,1.07721,0.00000,0,0.12000,0.14000,0.88000,0.67000,0.88340,0.66390,0.87692,0.48065
4,6,nominal_known_constraints_4_6_0,nominal_known_constraints,probe_03,0,1,none,70,0.97342,0.00000,0,0.10000,0.86000,0.91000,0.84000,0.91005,0.83091,0.96285,-0.27005
4,6,nominal_known_constraints_4_6_0,nominal_known_constraints,probe_04,0,1,none,58,0.78942,0.00000,0,0.16000,0.50000,0.86000,0.48763,0.85925,0.49036,0.93216,0.36205
4,7,nominal_known_constraints_4_7_0,nominal_known_constraints,probe_00,0,1,none,70,0.94361,0.00000,0,0.07287,0.38228,0.91438,0.35312,0.91493,0.35391,0.99596,0.08985
4,7,nominal_known_constraints_4_7_0,nominal_known_constraints,probe_01,0,1,none,72,0.96958,0.00000,0,0.07000,0.50335,0.93000,0.49833,0.94161,0.48603,0.91617,0.40078
4,7,nominal_known_constraints_4_7_0,nominal_known_constraints,probe_02,0,1,none,64,0.88576,0.00000,0,0.12000,0.14000,0.88000,0.16000,0.88439,0.16522,0.31648,0.94860
4,7,nominal_known_constraints_4_7_0,nominal_known_constraints,probe_03,0,1,none,66,0.90057,0.00000,0,0.10000,0.86000,0.91000,0.84000,0.91506,0.83834,0.33046,0.94382
4,7,nominal_known_constraints_4_7_0,nominal_known_constraints,probe_04,0,1,none,69,0.92797,0.00000,0,0.16000,0.33000,0.86000,0.62967,0.87450,0.63113,0.48674,0.87355
4,8,nominal_known_constraints_4_8_0,nominal_known_constraints,probe_00,0,1,none,72,0.97001,0.00000,0,0.07936,0.30340,0.92351,0.23183,0.91528,0.23542,-0.02200,-0.99976
4,8,nominal_known_constraints_4_8_0,nominal_known_constraints,probe_01,0,1,none,72,0.96602,0.00000,0,0.07000,0.50771,0.93000,0.49615,0.93373,0.49228,0.99638,0.08499
4,8,nominal_known_constraints_4_8_0,nominal_known_constraints,probe_02,0,1,none,64,0.86646,0.00000,0,0.12000,0.14000,0.88000,0.16000,0.89306,0.16985,0.58563,0.81058
4,8,nominal_known_constraints_4_8_0,nominal_known_constraints,probe_03,0,1,none,73,1.00620,0.00000,0,0.10000,0.86000,0.91000,0.67000,0.92137,0.66178,0.96776,-0.25186
4,8,nominal_known_constraints_4_8_0,nominal_known_constraints,probe_04,0,1,none,83,1.05799,0.00000,0,0.16000,0.84000,0.86000,0.19095,0.86060,0.19163,0.98822,0.15305
4,9,nominal_known_constraints_4_9_0,nominal_known_constraints,probe_00,0,1,none,73,0.98756,0.00000,0,0.07982,0.60278,0.91636,0.47236,0.91446,0.46157,0.62294,-0.78227
4,9,nominal_known_constraints_4_9_0,nominal_known_constraints,probe_01,0,1,none,72,0.96140,0.00000,0,0.07000,0.34707,0.93000,0.32146,0.94049,0.31319,0.82329,0.56762
4,9,nominal_known_constraints_4_9_0,nominal_known_constraints,probe_02,0,1,none,78,1.05001,0.00000,0,0.12000,0.14000,0.88000,0.50000,0.88649,0.51164,0.53592,0.84427
4,9,nominal_known_constraints_4_9_0,nominal_known_constraints,probe_03,0,1,none,93,1.27663,0.00000,0,0.10000,0.86000,0.91000,0.16000,0.91463,0.16041,0.95696,-0.29024
4,9,nominal_known_constraints_4_9_0,nominal_known_constraints,probe_04,0,1,none,84,1.13155,0.00000,0,0.16000,0.84000,0.86000,0.17286,0.85957,0.16155,0.97178,-0.23587
4,10,nominal_known_constraints_4_10_0,nominal_known_constraints,probe_00,0,1,none,71,0.96302,0.00000,0,0.07880,0.37228,0.91990,0.26821,0.90895,0.26618,0.88847,0.45893
4,10,nominal_known_constraints_4_10_0,nominal_known_constraints,probe_01,0,1,none,71,0.94029,0.00000,0,0.07000,0.33086,0.93000,0.32957,0.93497,0.33330,0.97825,0.20742
4,10,nominal_known_constraints_4_10_0,nominal_known_constraints,probe_02,0,1,none,84,1.15203,0.00000,0,0.12000,0.14000,0.88000,0.67000,0.88929,0.67183,0.84097,0.54109
4,10,nominal_known_constraints_4_10_0,nominal_known_constraints,probe_03,0,1,none,79,1.05443,0.00000,0,0.10000,0.86000,0.91000,0.50000,0.91082,0.51298,0.88578,0.46410
4,10,nominal_known_constraints_4_10_0,nominal_known_constraints,probe_04,0,1,none,85,1.10265,0.00000,0,0.16000,0.84000,0.86000,0.12909,0.86210,0.14516,0.93698,-0.34938
4,11,nominal_known_constraints_4_11_0,nominal_known_constraints,probe_00,1,0,visible_collision,19,0.25373,1.00000,1,0.07108,0.26379,0.90747,0.23850,0.27724,0.24114,0.91132,-0.41169
4,11,nominal_known_constraints_4_11_0,nominal_known_constraints,probe_01,0,1,none,74,1.04421,0.00000,0,0.07000,0.62472,0.93000,0.69264,0.94336,0.68658,0.88365,0.46815
4,11,nominal_known_constraints_4_11_0,nominal_known_constraints,probe_02,0,1,none,78,1.01610,0.00000,0,0.12000,0.14000,0.88000,0.50000,0.88569,0.50823,0.61233,0.79060
4,11,nominal_known_constraints_4_11_0,nominal_known_constraints,probe_03,0,1,none,66,0.92927,0.00000,0,0.10000,0.86000,0.91000,0.84000,0.90934,0.83994,0.84332,0.53741
4,11,nominal_known_constraints_4_11_0,nominal_known_constraints,probe_04,0,1,none,89,1.17095,0.00000,0,0.16000,0.16000,0.86000,0.86695,0.86060,0.85984,0.92501,0.37994
4,12,nominal_known_constraints_4_12_0,nominal_known_constraints,probe_00,0,1,none,72,0.97888,0.00000,0,0.07130,0.82000,0.91281,0.77696,0.90387,0.78684,0.76345,0.64586
4,12,nominal_known_constraints_4_12_0,nominal_known_constraints,probe_01,0,1,none,77,0.99859,0.00000,0,0.07000,0.81399,0.93000,0.85300,0.93730,0.86071,0.64793,0.76170
4,12,nominal_known_constraints_4_12_0,nominal_known_constraints,probe_02,1,0,visible_collision,16,0.21086,1.00000,1,0.12000,0.14000,0.88000,0.33000,0.26153,0.20596,0.81345,-0.58164
4,12,nominal_known_constraints_4_12_0,nominal_known_constraints,probe_03,0,1,none,73,0.98890,0.00000,0,0.10000,0.86000,0.91000,0.67000,0.91396,0.66042,0.64960,-0.76028
4,12,nominal_known_constraints_4_12_0,nominal_known_constraints,probe_04,0,1,none,83,1.08782,0.00000,0,0.16000,0.16000,0.86000,0.81141,0.86627,0.81120,-0.20426,0.97892
4,13,nominal_known_constraints_4_13_0,nominal_known_constraints,probe_00,0,1,none,71,0.94716,0.00000,0,0.06880,0.57261,0.91394,0.61753,0.90296,0.61116,0.73064,0.68276
4,13,nominal_known_constraints_4_13_0,nominal_known_constraints,probe_01,0,1,none,74,0.96583,0.00000,0,0.07000,0.71307,0.93000,0.64847,0.93280,0.64237,0.97729,-0.21192
4,13,nominal_known_constraints_4_13_0,nominal_known_constraints,probe_02,0,1,none,78,1.05280,0.00000,0,0.12000,0.14000,0.88000,0.50000,0.88374,0.51327,0.56675,0.82389
4,13,nominal_known_constraints_4_13_0,nominal_known_constraints,probe_03,0,1,none,66,0.90982,0.00000,0,0.10000,0.86000,0.91000,0.84000,0.90854,0.83619,1.00000,0.00202
4,13,nominal_known_constraints_4_13_0,nominal_known_constraints,probe_04,0,1,none,69,0.92394,0.00000,0,0.16000,0.33000,0.86000,0.62780,0.86369,0.63086,0.83236,0.55424
4,1000,hidden_wall_abort_4_1000_0,hidden_wall_abort,probe_00,1,0,fixture_snag,35,0.54480,1.09953,0,0.08141,0.50568,0.91500,0.48655,0.51717,0.50613,0.99847,-0.05529
4,1000,hidden_wall_abort_4_1000_0,hidden_wall_abort,probe_01,1,0,fixture_snag,36,0.54497,1.19757,1,0.07000,0.81521,0.93000,0.85240,0.50314,0.80830,0.97063,0.24057
4,1000,hidden_wall_abort_4_1000_0,hidden_wall_abort,probe_02,1,0,visible_collision,17,0.23004,1.00000,1,0.12000,0.14000,0.88000,0.64571,0.26389,0.22053,0.99777,0.06669
4,1000,hidden_wall_abort_4_1000_0,hidden_wall_abort,probe_03,1,0,fixture_snag,50,0.80439,1.36855,1,0.10000,0.86000,0.91000,0.16000,0.53011,0.45225,0.57091,-0.82101
4,1000,hidden_wall_abort_4_1000_0,hidden_wall_abort,probe_04,1,0,fixture_snag,31,0.44619,0.96756,0,0.16000,0.54857,0.86000,0.42160,0.51422,0.48875,0.91207,-0.41002
4,1000,hidden_wall_abort_4_1000_0,hidden_wall_abort,probe_05,1,0,fixture_snag,37,0.61423,0.97576,0,0.07000,0.74146,0.93000,0.74355,0.50038,0.74009,0.97073,0.24019
4,1000,hidden_wall_abort_4_1000_0,hidden_wall_abort,probe_06,1,0,collision_margin,33,0.51456,1.09086,0,0.12000,0.14000,0.88000,0.35429,0.48719,0.18609,0.96826,0.24996
4,1000,hidden_wall_abort_4_1000_0,hidden_wall_abort,probe_07,1,0,fixture_snag,49,0.73328,1.11227,0,0.10000,0.86000,0.91000,0.25714,0.51968,0.46805,0.70253,-0.71166
4,1001,hidden_wall_abort_4_1001_0,hidden_wall_abort,probe_00,1,0,collision_margin,38,0.60563,1.37399,1,0.07901,0.41434,0.91448,0.28765,0.51779,0.34102,0.98535,-0.17054
4,1001,hidden_wall_abort_4_1001_0,hidden_wall_abort,probe_01,1,0,fixture_snag,35,0.53264,1.11932,0,0.07000,0.75155,0.93000,0.73851,0.49295,0.76200,0.94896,0.31540
4,1001,hidden_wall_abort_4_1001_0,hidden_wall_abort,probe_02,1,0,collision_margin,35,0.50900,1.34423,1,0.12000,0.14000,0.88000,0.35429,0.50888,0.20457,0.93750,0.34799
4,1001,hidden_wall_abort_4_1001_0,hidden_wall_abort,probe_03,1,0,collision_margin,49,0.74804,0.97385,0,0.10000,0.86000,0.91000,0.16000,0.51303,0.46462,0.99676,0.08046
4,1001,hidden_wall_abort_4_1001_0,hidden_wall_abort,probe_04,1,0,collision_margin,43,0.65366,1.23828,1,0.16000,0.84000,0.86000,0.13469,0.52503,0.48594,0.67258,-0.74003
4,1001,hidden_wall_abort_4_1001_0,hidden_wall_abort,probe_05,1,0,visible_collision,18,0.28165,1.00000,1,0.07000,0.30249,0.93000,0.23447,0.27822,0.30608,0.82580,-0.56397
4,1001,hidden_wall_abort_4_1001_0,hidden_wall_abort,probe_06,1,0,visible_collision,18,0.24241,1.00000,1,0.12000,0.14000,0.88000,0.64571,0.28824,0.20590,0.71542,0.69869
4,1001,hidden_wall_abort_4_1001_0,hidden_wall_abort,probe_07,1,0,fixture_snag,40,0.56923,0.96117,0,0.10000,0.86000,0.91000,0.45143,0.48692,0.65653,0.67027,-0.74212
4,1002,hidden_wall_abort_4_1002_0,hidden_wall_abort,probe_00,0,1,none,69,1.06268,0.00000,0,0.06764,0.28209,0.91720,0.28648,0.90688,0.28173,0.93114,-0.36466
4,1002,hidden_wall_abort_4_1002_0,hidden_wall_abort,probe_01,1,0,fixture_snag,38,0.61341,1.13045,0,0.07000,0.67241,0.93000,0.63237,0.52087,0.65806,0.96474,0.26320
4,1002,hidden_wall_abort_4_1002_0,hidden_wall_abort,probe_02,0,1,none,79,1.23763,0.00000,0,0.12000,0.14000,0.88000,0.54857,0.89050,0.54085,0.91077,-0.41291
4,1002,hidden_wall_abort_4_1002_0,hidden_wall_abort,probe_03,1,0,fixture_snag,45,0.62161,0.97911,0,0.10000,0.86000,0.91000,0.35429,0.51425,0.54776,0.99818,-0.06028
4,1002,hidden_wall_abort_4_1002_0,hidden_wall_abort,probe_04,1,0,fixture_snag,43,0.63172,1.15090,0,0.16000,0.25714,0.86000,0.72714,0.52008,0.58563,0.98426,0.17671
4,1002,hidden_wall_abort_4_1002_0,hidden_wall_abort,probe_05,1,0,collision_margin,37,0.61802,1.00327,0,0.07000,0.17987,0.93000,0.15007,0.51342,0.17412,0.99985,0.01745
4,1002,hidden_wall_abort_4_1002_0,hidden_wall_abort,probe_06,1,0,fixture_snag,49,0.68917,1.04446,0,0.12000,0.14000,0.88000,0.74286,0.51599,0.53726,0.74457,0.66755
4,1002,hidden_wall_abort_4_1002_0,hidden_wall_abort,probe_07,1,0,fixture_snag,42,0.59408,1.00517,0,0.10000,0.86000,0.91000,0.45143,0.51689,0.64440,0.60308,-0.79768
4,1003,hidden_wall_abort_4_1003_0,hidden_wall_abort,probe_00,1,0,collision_margin,38,0.52415,1.45678,1,0.07686,0.35982,0.91250,0.53036,0.51055,0.43959,0.99457,0.10408
4,1003,hidden_wall_abort_4_1003_0,hidden_wall_abort,probe_01,1,0,fixture_snag,35,0.54037,1.21442,1,0.07000,0.57942,0.93000,0.53315,0.48927,0.58727,0.84680,-0.53191
4,1003,hidden_wall_abort_4_1003_0,hidden_wall_abort,probe_02,1,0,collision_margin,35,0.55038,1.30938,1,0.12000,0.14000,0.88000,0.16000,0.49813,0.21332,0.92625,-0.37690
4,1003,hidden_wall_abort_4_1003_0,hidden_wall_abort,probe_03,1,0,collision_margin,50,0.69244,1.14415,0,0.10000,0.86000,0.91000,0.25714,0.52345,0.45426,0.09904,-0.99508
4,1003,hidden_wall_abort_4_1003_0,hidden_wall_abort,probe_04,0,1,none,68,1.03330,0.00000,0,0.16000,0.64571,0.86000,0.35772,0.87123,0.36108,0.94486,-0.32748
4,1003,hidden_wall_abort_4_1003_0,hidden_wall_abort,probe_05,0,1,none,73,1.10575,0.00000,0,0.07000,0.48667,0.93000,0.43381,0.93413,0.43129,0.98479,0.17376
4,1003,hidden_wall_abort_4_1003_0,hidden_wall_abort,probe_06,0,1,none,87,1.26734,0.00000,0,0.12000,0.14000,0.88000,0.74286,0.88837,0.72550,0.98339,-0.18148
4,1003,hidden_wall_abort_4_1003_0,hidden_wall_abort,probe_07,1,0,fixture_snag,31,0.48805,1.19561,1,0.10000,0.86000,0.91000,0.84000,0.49050,0.85658,0.91312,0.40770
4,1004,hidden_wall_abort_4_1004_0,hidden_wall_abort,probe_00,1,0,fixture_snag,38,0.55689,1.23257,1,0.07457,0.82000,0.91863,0.84000,0.52958,0.80547,0.89556,-0.44494
4,1004,hidden_wall_abort_4_1004_0,hidden_wall_abort,probe_01,1,0,collision_margin,38,0.56138,0.96382,0,0.07000,0.33366,0.93000,0.36460,0.50026,0.39418,0.80560,0.59246
4,1004,hidden_wall_abort_4_1004_0,hidden_wall_abort,probe_02,1,0,collision_margin,45,0.66202,1.11068,0,0.12000,0.14000,0.88000,0.64571,0.50389,0.45059,0.83923,0.54378
4,1004,hidden_wall_abort_4_1004_0,hidden_wall_abort,probe_03,1,0,collision_margin,48,0.70103,1.35153,1,0.10000,0.86000,0.91000,0.16000,0.51089,0.46707,0.53819,-0.84282
4,1004,hidden_wall_abort_4_1004_0,hidden_wall_abort,probe_04,1,0,collision_margin,30,0.43040,0.99430,0,0.16000,0.45143,0.86000,0.61383,0.49954,0.51441,0.98275,0.18495
4,1004,hidden_wall_abort_4_1004_0,hidden_wall_abort,probe_05,1,0,collision_margin,37,0.60250,1.60105,1,0.07000,0.20476,0.93000,0.28333,0.52189,0.20880,0.95149,-0.30768
4,1004,hidden_wall_abort_4_1004_0,hidden_wall_abort,probe_06,1,0,collision_margin,45,0.66918,1.15181,1,0.12000,0.14000,0.88000,0.74286,0.50504,0.45678,0.47451,0.88025
4,1004,hidden_wall_abort_4_1004_0,hidden_wall_abort,probe_07,1,0,fixture_snag,41,0.57413,1.16076,0,0.10000,0.86000,0.91000,0.54857,0.54082,0.71124,0.98578,-0.16806
4,1005,hidden_wall_abort_4_1005_0,hidden_wall_abort,probe_00,1,0,collision_margin,35,0.48372,0.99463,0,0.06991,0.58696,0.91166,0.47330,0.46030,0.51937,0.93500,-0.35465
4,1005,hidden_wall_abort_4_1005_0,hidden_wall_abort,probe_01,1,0,fixture_snag,36,0.52619,1.09961,0,0.07000,0.71407,0.93000,0.75725,0.46471,0.79215,0.91936,0.39341
4,1005,hidden_wall_abort_4_1005_0,hidden_wall_abort,probe_02,1,0,collision_margin,29,0.42203,1.61790,1,0.12000,0.14000,0.88000,0.16000,0.47393,0.14229,0.73315,0.68007
4,1005,hidden_wall_abort_4_1005_0,hidden_wall_abort,probe_03,1,0,fixture_snag,31,0.44693,1.30353,1,0.10000,0.86000,0.91000,0.64571,0.46996,0.80723,0.90425,0.42701
4,1005,hidden_wall_abort_4_1005_0,hidden_wall_abort,probe_04,1,0,collision_margin,29,0.44588,0.97454,0,0.16000,0.35429,0.86000,0.65510,0.45875,0.46899,0.98690,0.16134
4,1005,hidden_wall_abort_4_1005_0,hidden_wall_abort,probe_05,0,1,none,73,1.09993,0.00000,0,0.07000,0.58504,0.93000,0.53034,0.94013,0.53696,0.83089,0.55643
4,1005,hidden_wall_abort_4_1005_0,hidden_wall_abort,probe_06,1,0,collision_margin,44,0.73622,1.13039,0,0.12000,0.14000,0.88000,0.84000,0.46404,0.51631,0.84415,0.53611
4,1005,hidden_wall_abort_4_1005_0,hidden_wall_abort,probe_07,1,0,collision_margin,43,0.65574,1.13267,0,0.10000,0.86000,0.91000,0.25714,0.46440,0.51877,0.93889,-0.34421
4,1006,hidden_wall_abort_4_1006_0,hidden_wall_abort,probe_00,1,0,fixture_snag,36,0.49918,1.44201,1,0.06909,0.51098,0.92252,0.50501,0.50051,0.52517,0.99512,0.09867
4,1006,hidden_wall_abort_4_1006_0,hidden_wall_abort,probe_01,0,1,none,72,1.12837,0.00000,0,0.07000,0.32855,0.93000,0.36715,0.94612,0.36215,0.79177,0.61082
4,1006,hidden_wall_abort_4_1006_0,hidden_wall_abort,probe_02,1,0,collision_margin,34,0.54378,1.01113,0,0.12000,0.14000,0.88000,0.45143,0.45689,0.28330,0.98722,-0.15934
4,1006,hidden_wall_abort_4_1006_0,hidden_wall_abort,probe_03,1,0,fixture_snag,47,0.68706,1.49747,1,0.10000,0.86000,0.91000,0.25714,0.50299,0.47885,0.64708,-0.76242
4,1006,hidden_wall_abort_4_1006_0,hidden_wall_abort,probe_04,1,0,fixture_snag,31,0.47038,1.02023,0,0.16000,0.64571,0.86000,0.35193,0.48761,0.54608,0.97465,0.22374
4,1006,hidden_wall_abort_4_1006_0,hidden_wall_abort,probe_05,1,0,fixture_snag,36,0.55626,1.68198,1,0.07000,0.78551,0.93000,0.72153,0.50279,0.79219,0.95314,0.30252
4,1006,hidden_wall_abort_4_1006_0,hidden_wall_abort,probe_06,1,0,fixture_snag,46,0.69311,1.12699,0,0.12000,0.14000,0.88000,0.84000,0.49143,0.51042,0.29010,0.95700
4,1006,hidden_wall_abort_4_1006_0,hidden_wall_abort,probe_07,1,0,fixture_snag,46,0.70884,1.03516,0,0.10000,0.86000,0.91000,0.16000,0.48906,0.49056,0.38149,-0.92437
4,1007,hidden_wall_abort_4_1007_0,hidden_wall_abort,probe_00,1,0,fixture_snag,35,0.50782,1.33004,1,0.07445,0.82000,0.91703,0.84000,0.48987,0.80945,0.92777,0.37316
4,1007,hidden_wall_abort_4_1007_0,hidden_wall_abort,probe_01,1,0,collision_margin,39,0.57500,1.11217,0,0.07000,0.17407,0.93000,0.29868,0.51007,0.23725,0.92877,0.37066
4,1007,hidden_wall_abort_4_1007_0,hidden_wall_abort,probe_02,1,0,fixture_snag,48,0.71349,1.57857,1,0.12000,0.14000,0.88000,0.84000,0.51223,0.54503,0.99670,-0.08113
4,1007,hidden_wall_abort_4_1007_0,hidden_wall_abort,probe_03,1,0,fixture_snag,49,0.73379,1.20879,1,0.10000,0.86000,0.91000,0.16000,0.51512,0.46398,0.98543,-0.17006
4,1007,hidden_wall_abort_4_1007_0,hidden_wall_abort,probe_04,1,0,fixture_snag,33,0.47227,1.00817,0,0.16000,0.64571,0.86000,0.37221,0.49664,0.52099,0.99929,0.03780
4,1007,hidden_wall_abort_4_1007_0,hidden_wall_abort,probe_05,1,0,fixture_snag,34,0.49840,1.06408,0,0.07000,0.71186,0.93000,0.75836,0.48743,0.71302,0.61623,-0.78757
4,1007,hidden_wall_abort_4_1007_0,hidden_wall_abort,probe_06,1,0,collision_margin,37,0.59956,1.53548,1,0.12000,0.14000,0.88000,0.35429,0.52382,0.24047,0.97547,0.22011
4,1007,hidden_wall_abort_4_1007_0,hidden_wall_abort,probe_07,1,0,fixture_snag,39,0.55083,0.98976,0,0.10000,0.86000,0.91000,0.45143,0.48776,0.66827,0.97939,0.20196
4,1008,hidden_wall_abort_4_1008_0,hidden_wall_abort,probe_00,1,0,collision_margin,30,0.48897,1.32373,1,0.06536,0.48279,0.90928,0.46146,0.42645,0.48848,0.91022,-0.41412
4,1008,hidden_wall_abort_4_1008_0,hidden_wall_abort,probe_01,1,0,fixture_snag,30,0.50374,1.64372,1,0.07000,0.75181,0.93000,0.73838,0.43254,0.75854,0.84772,0.53045
4,1008,hidden_wall_abort_4_1008_0,hidden_wall_abort,probe_02,1,0,visible_collision,16,0.23232,1.00000,1,0.12000,0.14000,0.88000,0.25714,0.25377,0.23725,0.87844,0.47785
4,1008,hidden_wall_abort_4_1008_0,hidden_wall_abort,probe_03,1,0,collision_margin,37,0.53298,1.54597,1,0.10000,0.86000,0.91000,0.35429,0.43314,0.57918,0.47156,-0.88184
4,1008,hidden_wall_abort_4_1008_0,hidden_wall_abort,probe_04,1,0,collision_margin,31,0.45793,1.17430,1,0.16000,0.16000,0.86000,0.85962,0.42197,0.40365,0.90064,0.43456
4,1008,hidden_wall_abort_4_1008_0,hidden_wall_abort,probe_05,0,1,none,72,1.07967,0.00000,0,0.07000,0.66259,0.93000,0.63727,0.94075,0.63448,0.81913,-0.57361
4,1008,hidden_wall_abort_4_1008_0,hidden_wall_abort,probe_06,1,0,collision_margin,32,0.50398,0.98077,0,0.12000,0.14000,0.88000,0.54857,0.41617,0.31508,0.64085,0.76766
4,1008,hidden_wall_abort_4_1008_0,hidden_wall_abort,probe_07,1,0,fixture_snag,25,0.42073,1.08843,0,0.10000,0.86000,0.91000,0.84000,0.41791,0.86582,0.80850,0.58850
4,1009,hidden_wall_abort_4_1009_0,hidden_wall_abort,probe_00,1,0,collision_margin,39,0.57129,1.30924,1,0.08267,0.19542,0.91510,0.22888,0.52059,0.15588,0.98461,0.17478
4,1009,hidden_wall_abort_4_1009_0,hidden_wall_abort,probe_01,1,0,collision_margin,37,0.57359,0.99487,0,0.07000,0.36211,0.93000,0.35038,0.50486,0.35385,0.90461,0.42624
4,1009,hidden_wall_abort_4_1009_0,hidden_wall_abort,probe_02,1,0,collision_margin,43,0.65946,1.43133,1,0.12000,0.14000,0.88000,0.54857,0.51729,0.37449,0.96514,-0.26172
4,1009,hidden_wall_abort_4_1009_0,hidden_wall_abort,probe_03,1,0,fixture_snag,35,0.52376,1.05041,0,0.10000,0.86000,0.91000,0.64571,0.50814,0.79460,0.99030,0.13894
4,1009,hidden_wall_abort_4_1009_0,hidden_wall_abort,probe_04,1,0,collision_margin,41,0.59673,1.13392,0,0.16000,0.74286,0.86000,0.28920,0.50914,0.43838,0.37140,-0.92847
4,1009,hidden_wall_abort_4_1009_0,hidden_wall_abort,probe_05,1,0,collision_margin,40,0.61848,1.40183,1,0.07000,0.21268,0.93000,0.27938,0.51923,0.28567,0.92971,0.36828
4,1009,hidden_wall_abort_4_1009_0,hidden_wall_abort,probe_06,1,0,collision_margin,33,0.54463,1.56419,1,0.12000,0.14000,0.88000,0.16000,0.52865,0.14276,0.93766,0.34756
4,1009,hidden_wall_abort_4_1009_0,hidden_wall_abort,probe_07,1,0,fixture_snag,34,0.52406,1.59953,1,0.10000,0.86000,0.91000,0.84000,0.52714,0.85123,0.99473,-0.10257
4,1010,hidden_wall_abort_4_1010_0,hidden_wall_abort,probe_00,1,0,fixture_snag,32,0.47222,1.14940,0,0.06748,0.82000,0.90921,0.84000,0.45482,0.81590,0.99408,0.10866
4,1010,hidden_wall_abort_4_1010_0,hidden_wall_abort,probe_01,1,0,fixture_snag,32,0.45783,1.11764,0,0.07000,0.72944,0.93000,0.74957,0.45336,0.73394,0.78698,-0.61698
4,1010,hidden_wall_abort_4_1010_0,hidden_wall_abort,probe_02,1,0,fixture_snag,40,0.62265,1.13507,0,0.12000,0.14000,0.88000,0.64571,0.45201,0.43961,0.98757,0.15718
4,1010,hidden_wall_abort_4_1010_0,hidden_wall_abort,probe_03,1,0,fixture_snag,42,0.61756,1.29718,1,0.10000,0.86000,0.91000,0.25714,0.45739,0.52892,0.78102,-0.62451
4,1010,hidden_wall_abort_4_1010_0,hidden_wall_abort,probe_04,1,0,fixture_snag,26,0.41043,1.05177,0,0.16000,0.54857,0.86000,0.43061,0.44992,0.49988,0.99285,0.11935
4,1010,hidden_wall_abort_4_1010_0,hidden_wall_abort,probe_05,1,0,fixture_snag,33,0.48842,1.13208,0,0.07000,0.38179,0.93000,0.34054,0.47452,0.39230,0.99996,-0.00942
4,1010,hidden_wall_abort_4_1010_0,hidden_wall_abort,probe_06,1,0,fixture_snag,41,0.61014,1.52946,1,0.12000,0.14000,0.88000,0.84000,0.46388,0.46635,0.78047,0.62520
4,1010,hidden_wall_abort_4_1010_0,hidden_wall_abort,probe_07,1,0,fixture_snag,35,0.49116,1.00394,0,0.10000,0.86000,0.91000,0.45143,0.44964,0.67867,0.34338,-0.93920
4,1011,hidden_wall_abort_4_1011_0,hidden_wall_abort,probe_00,1,0,fixture_snag,32,0.46241,1.40259,1,0.06632,0.69013,0.90942,0.59864,0.45895,0.68997,0.88475,-0.46607
4,1011,hidden_wall_abort_4_1011_0,hidden_wall_abort,probe_01,1,0,collision_margin,35,0.49813,1.85856,1,0.07000,0.27562,0.93000,0.24790,0.47108,0.23546,0.98357,0.18051
4,1011,hidden_wall_abort_4_1011_0,hidden_wall_abort,probe_02,1,0,collision_margin,29,0.46586,1.05419,0,0.12000,0.14000,0.88000,0.35429,0.44873,0.19654,0.97243,-0.23318
4,1011,hidden_wall_abort_4_1011_0,hidden_wall_abort,probe_03,1,0,fixture_snag,28,0.47233,1.12667,0,0.10000,0.86000,0.91000,0.84000,0.45416,0.86355,0.91972,0.39258
4,1011,hidden_wall_abort_4_1011_0,hidden_wall_abort,probe_04,0,1,none,61,0.91184,0.00000,0,0.16000,0.45143,0.86000,0.55055,0.86437,0.57016,0.91273,0.40857
4,1011,hidden_wall_abort_4_1011_0,hidden_wall_abort,probe_05,1,0,fixture_snag,32,0.54012,1.20839,1,0.07000,0.64632,0.93000,0.64541,0.45197,0.62802,0.99996,0.00897
4,1011,hidden_wall_abort_4_1011_0,hidden_wall_abort,probe_06,1,0,collision_margin,36,0.50562,0.97457,0,0.12000,0.14000,0.88000,0.74286,0.43881,0.36074,0.37307,0.92780
4,1011,hidden_wall_abort_4_1011_0,hidden_wall_abort,probe_07,1,0,fixture_snag,33,0.50608,1.40395,1,0.10000,0.86000,0.91000,0.54857,0.45988,0.73565,0.99948,-0.03213
4,1012,hidden_wall_abort_4_1012_0,hidden_wall_abort,probe_00,1,0,fixture_snag,29,0.43670,1.12711,0,0.08037,0.62377,0.90769,0.56949,0.43491,0.62258,0.70998,0.70422
4,1012,hidden_wall_abort_4_1012_0,hidden_wall_abort,probe_01,0,1,none,72,1.16379,0.00000,0,0.07000,0.55104,0.93000,0.54734,0.93585,0.52594,0.97847,-0.20637
4,1012,hidden_wall_abort_4_1012_0,hidden_wall_abort,probe_02,0,1,none,92,1.38447,0.00000,0,0.12000,0.14000,0.88000,0.84000,0.88555,0.83923,0.98307,-0.18323
4,1012,hidden_wall_abort_4_1012_0,hidden_wall_abort,probe_03,0,1,none,89,1.31262,0.00000,0,0.10000,0.86000,0.91000,0.25714,0.92001,0.26350,0.87538,0.48344
4,1012,hidden_wall_abort_4_1012_0,hidden_wall_abort,probe_04,1,0,collision_margin,33,0.44280,1.13474,0,0.16000,0.74286,0.86000,0.18587,0.43127,0.46904,0.76057,-0.64926
4,1012,hidden_wall_abort_4_1012_0,hidden_wall_abort,probe_05,1,0,collision_margin,30,0.48689,1.23663,1,0.07000,0.38007,0.93000,0.34139,0.42713,0.38949,0.95394,0.30000
4,1012,hidden_wall_abort_4_1012_0,hidden_wall_abort,probe_06,1,0,visible_collision,18,0.24677,1.00000,1,0.12000,0.14000,0.88000,0.45143,0.30190,0.19860,0.99995,-0.01011
4,1012,hidden_wall_abort_4_1012_0,hidden_wall_abort,probe_07,1,0,fixture_snag,30,0.44352,1.34861,1,0.10000,0.86000,0.91000,0.64571,0.45159,0.81715,0.99735,-0.07277
4,1013,hidden_wall_abort_4_1013_0,hidden_wall_abort,probe_00,1,0,collision_margin,32,0.49584,1.62813,1,0.06796,0.41068,0.92204,0.26473,0.43663,0.36307,0.96316,-0.26892
4,1013,hidden_wall_abort_4_1013_0,hidden_wall_abort,probe_01,1,0,visible_collision,17,0.22904,1.00000,1,0.07000,0.26060,0.93000,0.25542,0.24375,0.28314,0.60051,0.79962
4,1013,hidden_wall_abort_4_1013_0,hidden_wall_abort,probe_02,1,0,collision_margin,31,0.43724,1.10624,0,0.12000,0.14000,0.88000,0.45143,0.42411,0.25370,0.66693,0.74512
4,1013,hidden_wall_abort_4_1013_0,hidden_wall_abort,probe_03,1,0,fixture_snag,31,0.46462,1.11524,0,0.10000,0.86000,0.91000,0.54857,0.44729,0.77000,0.99618,-0.08727
4,1013,hidden_wall_abort_4_1013_0,hidden_wall_abort,probe_04,1,0,collision_margin,24,0.36013,1.27188,1,0.16000,0.64571,0.86000,0.35701,0.42052,0.55260,0.95556,0.29479
4,1013,hidden_wall_abort_4_1013_0,hidden_wall_abort,probe_05,1,0,collision_margin,31,0.48981,1.70052,1,0.07000,0.36588,0.93000,0.34849,0.43888,0.36009,0.99599,-0.08950
4,1013,hidden_wall_abort_4_1013_0,hidden_wall_abort,probe_06,1,0,collision_margin,26,0.38914,1.19408,1,0.12000,0.14000,0.88000,0.16000,0.43008,0.13732,0.91219,-0.40976
4,1013,hidden_wall_abort_4_1013_0,hidden_wall_abort,probe_07,1,0,fixture_snag,27,0.39614,1.73308,1,0.10000,0.86000,0.91000,0.84000,0.44978,0.85985,0.98435,-0.17621
4,2000,force_limit_abort_4_2000_0,force_limit_abort,probe_00,0,1,none,72,1.29682,0.00000,0,0.08123,0.70584,0.90918,0.84000,0.91396,0.83294,-0.29126,0.95664
4,2000,force_limit_abort_4_2000_0,force_limit_abort,probe_01,0,1,none,73,1.32688,0.00000,0,0.07000,0.40619,0.93000,0.47405,0.92516,0.47053,0.14394,0.98959
4,2000,force_limit_abort_4_2000_0,force_limit_abort,probe_02,1,0,force_limit,48,0.72582,1.25794,1,0.12000,0.14000,0.88000,0.84000,0.51180,0.51954,-0.44975,0.89315
4,2000,force_limit_abort_4_2000_0,force_limit_abort,probe_03,0,1,none,93,1.43203,0.00000,0,0.10000,0.86000,0.91000,0.16000,0.90148,0.16163,0.29218,0.95636
4,2000,force_limit_abort_4_2000_0,force_limit_abort,probe_04,0,1,none,79,1.32256,0.00000,0,0.16000,0.25714,0.86000,0.82213,0.85317,0.81825,0.65161,0.75855
4,2000,force_limit_abort_4_2000_0,force_limit_abort,probe_05,0,1,none,76,1.31152,0.00000,0,0.07000,0.27044,0.93000,0.39621,0.94685,0.40081,0.85954,0.51107
4,2000,force_limit_abort_4_2000_0,force_limit_abort,probe_06,1,0,visible_collision,14,0.18691,1.00000,1,0.12000,0.14000,0.88000,0.54857,0.23304,0.21792,0.92510,0.37972
4,2000,force_limit_abort_4_2000_0,force_limit_abort,probe_07,1,0,visible_collision,55,0.91613,1.00000,1,0.10000,0.86000,0.91000,0.64571,0.73909,0.75534,0.69550,-0.71853
4,2001,force_limit_abort_4_2001_0,force_limit_abort,probe_00,0,1,none,70,1.12777,0.00000,0,0.06557,0.54542,0.91175,0.56262,0.91519,0.56184,-0.75248,0.65861
4,2001,force_limit_abort_4_2001_0,force_limit_abort,probe_01,0,1,none,74,1.29601,0.00000,0,0.07000,0.10027,0.93000,0.18986,0.93896,0.18671,0.97526,0.22107
4,2001,force_limit_abort_4_2001_0,force_limit_abort,probe_02,1,0,visible_collision,15,0.20890,1.00000,1,0.12000,0.14000,0.88000,0.45143,0.23891,0.22680,0.99479,-0.10198
4,2001,force_limit_abort_4_2001_0,force_limit_abort,probe_03,0,1,none,70,1.24409,0.00000,0,0.10000,0.86000,0.91000,0.74286,0.90335,0.73683,0.86934,-0.49421
4,2001,force_limit_abort_4_2001_0,force_limit_abort,probe_04,0,1,none,69,1.16243,0.00000,0,0.16000,0.35429,0.86000,0.66076,0.87487,0.65629,0.67312,0.73954
4,2001,force_limit_abort_4_2001_0,force_limit_abort,probe_05,0,1,none,72,1.20114,0.00000,0,0.07000,0.62592,0.93000,0.65561,0.93089,0.65493,0.28621,0.95817
4,2001,force_limit_abort_4_2001_0,force_limit_abort,probe_06,1,0,force_limit,50,0.85166,1.64689,1,0.12000,0.14000,0.88000,0.25714,0.70922,0.18985,0.69207,0.72183
4,2001,force_limit_abort_4_2001_0,force_limit_abort,probe_07,0,1,none,66,1.11220,0.00000,0,0.10000,0.86000,0.91000,0.84000,0.91629,0.83164,0.96059,-0.27799
4,2002,force_limit_abort_4_2002_0,force_limit_abort,probe_00,1,0,force_limit,37,0.60288,1.69068,1,0.08279,0.39682,0.91778,0.52867,0.49946,0.46197,0.99392,0.11013
4,2002,force_limit_abort_4_2002_0,force_limit_abort,probe_01,1,0,force_limit,46,0.76492,1.79746,1,0.07000,0.57353,0.93000,0.53609,0.63543,0.55296,0.99997,-0.00819
4,2002,force_limit_abort_4_2002_0,force_limit_abort,probe_02,0,1,none,68,1.18284,0.00000,0,0.12000,0.14000,0.88000,0.25714,0.89209,0.26580,0.29282,0.95617
4,2002,force_limit_abort_4_2002_0,force_limit_abort,probe_03,1,0,force_limit,59,0.96092,1.51418,1,0.10000,0.86000,0.91000,0.45143,0.68074,0.55283,-0.24513,-0.96949
4,2002,force_limit_abort_4_2002_0,force_limit_abort,probe_04,0,1,none,77,1.30258,0.00000,0,0.16000,0.74286,0.86000,0.24795,0.86970,0.24271,0.89388,-0.44831
4,2002,force_limit_abort_4_2002_0,force_limit_abort,probe_05,0,1,none,71,1.10817,0.00000,0,0.07000,0.35823,0.93000,0.35231,0.93827,0.36157,0.65153,-0.75862
4,2002,force_limit_abort_4_2002_0,force_limit_abort,probe_06,0,1,none,64,0.98702,0.00000,0,0.12000,0.14000,0.88000,0.16000,0.86776,0.15505,0.80942,0.58723
4,2002,force_limit_abort_4_2002_0,force_limit_abort,probe_07,0,1,none,66,1.08385,0.00000,0,0.10000,0.86000,0.91000,0.84000,0.91192,0.83849,0.52495,-0.85114
4,2003,force_limit_abort_4_2003_0,force_limit_abort,probe_00,1,0,visible_collision,52,0.88163,1.00000,1,0.07616,0.71097,0.91435,0.75837,0.72210,0.69357,0.76550,0.64343
4,2003,force_limit_abort_4_2003_0,force_limit_abort,probe_01,1,0,visible_collision,53,0.85742,1.00000,1,0.07000,0.68412,0.93000,0.77223,0.71538,0.69288,0.98923,0.14637
4,2003,force_limit_abort_4_2003_0,force_limit_abort,probe_02,1,0,visible_collision,11,0.16707,1.00000,1,0.12000,0.14000,0.88000,0.16000,0.24050,0.12873,0.98819,-0.15327
4,2003,force_limit_abort_4_2003_0,force_limit_abort,probe_03,1,0,force_limit,47,0.73138,1.57565,1,0.10000,0.86000,0.91000,0.35429,0.51791,0.53554,0.89007,-0.45582
4,2003,force_limit_abort_4_2003_0,force_limit_abort,probe_04,1,0,force_limit,24,0.39979,1.24740,1,0.16000,0.25714,0.86000,0.70750,0.36231,0.45732,0.09583,0.99540
4,2003,force_limit_abort_4_2003_0,force_limit_abort,probe_05,0,1,none,74,1.25285,0.00000,0,0.07000,0.89147,0.93000,0.81427,0.93864,0.80837,0.99782,0.06596
4,2003,force_limit_abort_4_2003_0,force_limit_abort,probe_06,0,1,none,76,1.20378,0.00000,0,0.12000,0.14000,0.88000,0.45143,0.88640,0.46111,0.90871,0.41743
4,2003,force_limit_abort_4_2003_0,force_limit_abort,probe_07,0,1,none,78,1.37347,0.00000,0,0.10000,0.86000,0.91000,0.54857,0.91023,0.54537,0.63412,0.77324
4,2004,force_limit_abort_4_2004_0,force_limit_abort,probe_00,0,1,none,68,1.05812,0.00000,0,0.07744,0.57963,0.91541,0.60442,0.91411,0.61751,0.98165,0.19067
4,2004,force_limit_abort_4_2004_0,force_limit_abort,probe_01,0,1,none,74,1.19180,0.00000,0,0.07000,0.12323,0.93000,0.17839,0.93823,0.18040,0.44380,0.89612
4,2004,force_limit_abort_4_2004_0,force_limit_abort,probe_02,0,1,none,68,1.13826,0.00000,0,0.12000,0.14000,0.88000,0.25714,0.89342,0.25465,0.27141,0.96247
4,2004,force_limit_abort_4_2004_0,force_limit_abort,probe_03,0,1,none,85,1.40645,0.00000,0,0.10000,0.86000,0.91000,0.35429,0.92159,0.36819,0.94363,0.33100
4,2004,force_limit_abort_4_2004_0,force_limit_abort,probe_04,0,1,none,71,1.22467,0.00000,0,0.16000,0.64571,0.86000,0.28475,0.85160,0.27658,0.99869,0.05119
4,2004,force_limit_abort_4_2004_0,force_limit_abort,probe_05,0,1,none,74,1.18701,0.00000,0,0.07000,0.50179,0.93000,0.42625,0.93907,0.44136,0.95006,-0.31206
4,2004,force_limit_abort_4_2004_0,force_limit_abort,probe_06,1,0,force_limit,29,0.48018,1.47372,1,0.12000,0.14000,0.88000,0.54857,0.38084,0.31389,0.46421,0.88573
4,2004,force_limit_abort_4_2004_0,force_limit_abort,probe_07,1,0,visible_collision,55,0.90078,1.00000,1,0.10000,0.86000,0.91000,0.74286,0.76167,0.81368,0.81468,-0.57991
4,2005,force_limit_abort_4_2005_0,force_limit_abort,probe_00,1,0,visible_collision,19,0.30245,1.00000,1,0.07513,0.22611,0.92401,0.31676,0.27749,0.30702,0.83359,0.55238
4,2005,force_limit_abort_4_2005_0,force_limit_abort,probe_01,0,1,none,72,1.20417,0.00000,0,0.07000,0.65004,0.93000,0.64355,0.94786,0.63933,0.99165,-0.12893
4,2005,force_limit_abort_4_2005_0,force_limit_abort,probe_02,0,1,none,64,1.04155,0.00000,0,0.12000,0.14000,0.88000,0.16000,0.88329,0.15955,0.67604,0.73686
4,2005,force_limit_abort_4_2005_0,force_limit_abort,probe_03,0,1,none,78,1.34794,0.00000,0,0.10000,0.86000,0.91000,0.54857,0.92106,0.53445,0.92357,0.38342
4,2005,force_limit_abort_4_2005_0,force_limit_abort,probe_04,0,1,none,62,1.13228,0.00000,0,0.16000,0.45143,0.86000,0.58175,0.86640,0.59439,-0.27928,0.96021
4,2005,force_limit_abort_4_2005_0,force_limit_abort,probe_05,0,1,none,72,1.19811,0.00000,0,0.07000,0.85572,0.93000,0.83214,0.93758,0.83909,0.98796,-0.15470
4,2005,force_limit_abort_4_2005_0,force_limit_abort,probe_06,0,1,none,68,1.17970,0.00000,0,0.12000,0.14000,0.88000,0.25714,0.88975,0.25792,0.28539,0.95841
4,2005,force_limit_abort_4_2005_0,force_limit_abort,probe_07,1,0,force_limit,55,0.82713,1.38121,1,0.10000,0.86000,0.91000,0.35429,0.60733,0.48887,0.73875,-0.67398
4,2006,force_limit_abort_4_2006_0,force_limit_abort,probe_00,0,1,none,71,1.34293,0.00000,0,0.07013,0.65304,0.91822,0.71528,0.90815,0.71512,0.38553,0.92269
4,2006,force_limit_abort_4_2006_0,force_limit_abort,probe_01,0,1,none,72,1.19415,0.00000,0,0.07000,0.57045,0.93000,0.53763,0.93800,0.54196,0.26695,-0.96371
4,2006,force_limit_abort_4_2006_0,force_limit_abort,probe_02,1,0,force_limit,44,0.75182,1.71522,1,0.12000,0.14000,0.88000,0.45143,0.56163,0.31333,0.99944,-0.03352
4,2006,force_limit_abort_4_2006_0,force_limit_abort,probe_03,0,1,none,85,1.32267,0.00000,0,0.10000,0.86000,0.91000,0.35429,0.90669,0.37429,0.90309,0.42946
4,2006,force_limit_abort_4_2006_0,force_limit_abort,probe_04,1,0,visible_collision,14,0.21528,1.00000,1,0.16000,0.16000,0.86000,0.82051,0.24299,0.27276,0.54036,0.84144
4,2006,force_limit_abort_4_2006_0,force_limit_abort,probe_05,0,1,none,71,1.20890,0.00000,0,0.07000,0.84300,0.93000,0.83850,0.93689,0.83477,0.86199,0.50692
4,2006,force_limit_abort_4_2006_0,force_limit_abort,probe_06,0,1,none,68,1.10274,0.00000,0,0.12000,0.14000,0.88000,0.25714,0.90554,0.25895,0.39086,0.92045
4,2006,force_limit_abort_4_2006_0,force_limit_abort,probe_07,0,1,none,70,1.22161,0.00000,0,0.10000,0.86000,0.91000,0.74286,0.90878,0.72217,0.98106,-0.19368
4,2007,force_limit_abort_4_2007_0,force_limit_abort,probe_00,0,1,none,72,1.24292,0.00000,0,0.07972,0.72076,0.91825,0.82532,0.91709,0.85006,0.89133,0.45336
4,2007,force_limit_abort_4_2007_0,force_limit_abort,probe_01,0,1,none,74,1.16564,0.00000,0,0.07000,0.21397,0.93000,0.13301,0.93102,0.13179,0.98137,0.19211
4,2007,force_limit_abort_4_2007_0,force_limit_abort,probe_02,1,0,force_limit,47,0.75798,1.71101,1,0.12000,0.14000,0.88000,0.84000,0.52416,0.46844,0.52420,0.85160
4,2007,force_limit_abort_4_2007_0,force_limit_abort,probe_03,0,1,none,74,1.16986,0.00000,0,0.10000,0.86000,0.91000,0.64571,0.91091,0.64283,0.96918,-0.24635
4,2007,force_limit_abort_4_2007_0,force_limit_abort,probe_04,1,0,force_limit,43,0.65816,1.15948,1,0.16000,0.74286,0.86000,0.18605,0.51696,0.38402,0.77538,-0.63149
4,2007,force_limit_abort_4_2007_0,force_limit_abort,probe_05,0,1,none,72,1.17471,0.00000,0,0.07000,0.22666,0.93000,0.27238,0.92837,0.25268,0.18876,0.98202
4,2007,force_limit_abort_4_2007_0,force_limit_abort,probe_06,0,1,none,72,1.20026,0.00000,0,0.12000,0.14000,0.88000,0.35429,0.89138,0.36375,0.90162,-0.43253
4,2007,force_limit_abort_4_2007_0,force_limit_abort,probe_07,1,0,force_limit,57,0.93504,1.51805,1,0.10000,0.86000,0.91000,0.45143,0.66868,0.56165,0.46302,-0.88635
4,2008,force_limit_abort_4_2008_0,force_limit_abort,probe_00,1,0,visible_collision,54,0.78666,1.00000,1,0.06908,0.81535,0.91000,0.76120,0.70592,0.83080,0.99013,0.14012
4,2008,force_limit_abort_4_2008_0,force_limit_abort,probe_01,0,1,none,73,1.23159,0.00000,0,0.07000,0.68684,0.93000,0.62515,0.94189,0.62787,0.20553,0.97865
4,2008,force_limit_abort_4_2008_0,force_limit_abort,probe_02,0,1,none,64,1.07462,0.00000,0,0.12000,0.14000,0.88000,0.16000,0.89094,0.16429,0.78203,0.62324
4,2008,force_limit_abort_4_2008_0,force_limit_abort,probe_03,1,0,force_limit,47,0.70818,1.23932,1,0.10000,0.86000,0.91000,0.25714,0.50138,0.48288,0.74830,-0.66336
4,2008,force_limit_abort_4_2008_0,force_limit_abort,probe_04,1,0,force_limit,44,0.71869,1.41940,1,0.16000,0.84000,0.86000,0.19112,0.51196,0.47579,0.76967,-0.63844
4,2008,force_limit_abort_4_2008_0,force_limit_abort,probe_05,1,0,force_limit,35,0.59429,1.70499,1,0.07000,0.46546,0.93000,0.44441,0.49806,0.46078,0.99960,-0.02822
4,2008,force_limit_abort_4_2008_0,force_limit_abort,probe_06,0,1,none,72,1.15253,0.00000,0,0.12000,0.14000,0.88000,0.35429,0.89132,0.36509,0.32604,0.94536
4,2008,force_limit_abort_4_2008_0,force_limit_abort,probe_07,1,0,visible_collision,49,0.80309,1.00000,1,0.10000,0.86000,0.91000,0.74286,0.70358,0.83333,0.97767,0.21015
4,2009,force_limit_abort_4_2009_0,force_limit_abort,probe_00,0,1,none,67,1.13446,0.00000,0,0.08145,0.41235,0.91380,0.40062,0.91180,0.41173,0.99221,0.12461
4,2009,force_limit_abort_4_2009_0,force_limit_abort,probe_01,1,0,visible_collision,19,0.28921,1.00000,1,0.07000,0.29803,0.93000,0.38241,0.26660,0.32703,0.97101,-0.23904
4,2009,force_limit_abort_4_2009_0,force_limit_abort,probe_02,1,0,force_limit,66,1.00132,1.71562,1,0.12000,0.14000,0.88000,0.74286,0.68974,0.59692,0.69929,0.71483
4,2009,force_limit_abort_4_2009_0,force_limit_abort,probe_03,0,1,none,89,1.40337,0.00000,0,0.10000,0.86000,0.91000,0.25714,0.90875,0.26645,0.90587,-0.42356
4,2009,force_limit_abort_4_2009_0,force_limit_abort,probe_04,0,1,none,57,0.95637,0.00000,0,0.16000,0.45143,0.86000,0.47096,0.84870,0.46743,0.52594,0.85052
4,2009,force_limit_abort_4_2009_0,force_limit_abort,probe_05,1,0,force_limit,50,0.81139,1.77067,1,0.07000,0.57927,0.93000,0.53322,0.66854,0.59686,0.99997,0.00767
4,2009,force_limit_abort_4_2009_0,force_limit_abort,probe_06,1,0,force_limit,65,1.07454,1.67995,1,0.12000,0.14000,0.88000,0.84000,0.68906,0.58837,0.91681,0.39932
4,2009,force_limit_abort_4_2009_0,force_limit_abort,probe_07,1,0,force_limit,52,0.83029,1.35579,1,0.10000,0.86000,0.91000,0.64571,0.67628,0.72114,0.50755,-0.86162
4,2010,force_limit_abort_4_2010_0,force_limit_abort,probe_00,0,1,none,69,1.23176,0.00000,0,0.07501,0.79454,0.92082,0.84000,0.91616,0.82713,0.76872,0.63958
4,2010,force_limit_abort_4_2010_0,force_limit_abort,probe_01,0,1,none,73,1.23951,0.00000,0,0.07000,0.29901,0.93000,0.23621,0.94712,0.23158,0.98771,-0.15630
4,2010,force_limit_abort_4_2010_0,force_limit_abort,probe_02,1,0,visible_collision,14,0.23841,1.00000,1,0.12000,0.14000,0.88000,0.45143,0.23939,0.22213,0.95258,0.30429
4,2010,force_limit_abort_4_2010_0,force_limit_abort,probe_03,0,1,none,74,1.24466,0.00000,0,0.10000,0.86000,0.91000,0.64571,0.91898,0.64129,0.92702,-0.37502
4,2010,force_limit_abort_4_2010_0,force_limit_abort,probe_04,0,1,none,76,1.31215,0.00000,0,0.16000,0.74286,0.86000,0.26155,0.85042,0.26387,0.98178,-0.19003
4,2010,force_limit_abort_4_2010_0,force_limit_abort,probe_05,0,1,none,74,1.20284,0.00000,0,0.07000,0.77899,0.93000,0.87050,0.92520,0.85810,0.35430,0.93513
4,2010,force_limit_abort_4_2010_0,force_limit_abort,probe_06,0,1,none,72,1.17683,0.00000,0,0.12000,0.14000,0.88000,0.35429,0.88956,0.36131,0.48078,0.87684
4,2010,force_limit_abort_4_2010_0,force_limit_abort,probe_07,0,1,none,93,1.56442,0.00000,0,0.10000,0.86000,0.91000,0.16000,0.91943,0.17073,0.96953,0.24499
4,2011,force_limit_abort_4_2011_0,force_limit_abort,probe_00,0,1,none,71,1.18038,0.00000,0,0.08251,0.73983,0.92213,0.84000,0.92580,0.82845,0.98504,0.17233
4,2011,force_limit_abort_4_2011_0,force_limit_abort,probe_01,0,1,none,75,1.31488,0.00000,0,0.07000,0.70894,0.93000,0.75982,0.93609,0.75366,-0.04224,0.99911
4,2011,force_limit_abort_4_2011_0,force_limit_abort,probe_02,1,0,force_limit,43,0.72152,1.17639,1,0.12000,0.14000,0.88000,0.64571,0.48666,0.45985,-0.02324,0.99973
4,2011,force_limit_abort_4_2011_0,force_limit_abort,probe_03,0,1,none,66,1.06188,0.00000,0,0.10000,0.86000,0.91000,0.84000,0.91674,0.82223,0.97992,-0.19937
4,2011,force_limit_abort_4_2011_0,force_limit_abort,probe_04,0,1,none,76,1.31541,0.00000,0,0.16000,0.25714,0.86000,0.72642,0.85470,0.73650,0.22656,0.97400
4,2011,force_limit_abort_4_2011_0,force_limit_abort,probe_05,1,0,force_limit,40,0.71431,1.36406,1,0.07000,0.55216,0.93000,0.54678,0.54666,0.55203,0.54664,-0.83737
4,2011,force_limit_abort_4_2011_0,force_limit_abort,probe_06,0,1,none,66,1.01329,0.00000,0,0.12000,0.14000,0.88000,0.16000,0.89736,0.15262,0.99557,-0.09401
4,2011,force_limit_abort_4_2011_0,force_limit_abort,probe_07,1,0,force_limit,53,0.85476,1.97366,1,0.10000,0.86000,0.91000,0.45143,0.62744,0.57009,0.98157,0.19110
4,2012,force_limit_abort_4_2012_0,force_limit_abort,probe_00,0,1,none,71,1.18500,0.00000,0,0.08052,0.69483,0.90972,0.58139,0.90266,0.58203,0.90188,-0.43198
4,2012,force_limit_abort_4_2012_0,force_limit_abort,probe_01,0,1,none,72,1.19366,0.00000,0,0.07000,0.27305,0.93000,0.24919,0.94053,0.24947,0.43081,0.90244
4,2012,force_limit_abort_4_2012_0,force_limit_abort,probe_02,1,0,force_limit,49,0.84221,1.33989,1,0.12000,0.14000,0.88000,0.54857,0.57344,0.41516,0.18203,0.98329
4,2012,force_limit_abort_4_2012_0,force_limit_abort,probe_03,0,1,none,70,1.28125,0.00000,0,0.10000,0.86000,0.91000,0.74286,0.92338,0.74487,0.19539,-0.98073
4,2012,force_limit_abort_4_2012_0,force_limit_abort,probe_04,1,0,visible_collision,12,0.18815,1.00000,1,0.16000,0.35429,0.86000,0.66277,0.28731,0.40098,0.77625,-0.63042
4,2012,force_limit_abort_4_2012_0,force_limit_abort,probe_05,1,0,visible_collision,49,0.76492,1.00000,1,0.07000,0.68947,0.93000,0.62383,0.66886,0.70397,0.96936,-0.24566
4,2012,force_limit_abort_4_2012_0,force_limit_abort,probe_06,1,0,force_limit,44,0.74400,1.54827,1,0.12000,0.14000,0.88000,0.84000,0.50145,0.45345,0.94290,0.33309
4,2012,force_limit_abort_4_2012_0,force_limit_abort,probe_07,0,1,none,81,1.38306,0.00000,0,0.10000,0.86000,0.91000,0.45143,0.90704,0.45804,0.99761,0.06910
4,2013,force_limit_abort_4_2013_0,force_limit_abort,probe_00,1,0,visible_collision,20,0.32768,1.00000,1,0.06566,0.42252,0.92378,0.47506,0.27572,0.42951,0.69759,-0.71650
4,2013,force_limit_abort_4_2013_0,force_limit_abort,probe_01,0,1,none,71,1.20801,0.00000,0,0.07000,0.16929,0.93000,0.15536,0.93742,0.16808,0.64485,-0.76431
4,2013,force_limit_abort_4_2013_0,force_limit_abort,probe_02,1,0,force_limit,49,0.86753,1.49956,1,0.12000,0.14000,0.88000,0.25714,0.67058,0.21046,0.92128,0.38889
4,2013,force_limit_abort_4_2013_0,force_limit_abort,probe_03,0,1,none,70,1.20072,0.00000,0,0.10000,0.86000,0.91000,0.74286,0.92413,0.73757,0.78473,-0.61984
4,2013,force_limit_abort_4_2013_0,force_limit_abort,probe_04,0,1,none,68,1.07894,0.00000,0,0.16000,0.64571,0.86000,0.36244,0.84890,0.35668,0.94612,0.32383
4,2013,force_limit_abort_4_2013_0,force_limit_abort,probe_05,0,1,none,73,1.11282,0.00000,0,0.07000,0.51848,0.93000,0.56362,0.93203,0.55298,0.87734,0.47988
4,2013,force_limit_abort_4_2013_0,force_limit_abort,probe_06,1,0,force_limit,43,0.63108,1.40683,1,0.12000,0.14000,0.88000,0.45143,0.55300,0.31128,0.77678,0.62978
4,2013,force_limit_abort_4_2013_0,force_limit_abort,probe_07,0,1,none,85,1.38641,0.00000,0,0.10000,0.86000,0.91000,0.35429,0.90569,0.35335,0.81199,0.58368
4,3000,human_stop_constraint_4_3000_0,human_stop_constraint,probe_00,1,0,human_stop,35,0.64059,1.01000,0,0.06879,0.42759,0.91300,0.59279,0.45743,0.51994,0.77081,0.63706
4,3000,human_stop_constraint_4_3000_0,human_stop_constraint,probe_01,1,0,human_stop,38,0.65581,1.01000,0,0.07000,0.64791,0.93000,0.59604,0.53147,0.62901,0.69271,0.72121
4,3000,human_stop_constraint_4_3000_0,human_stop_constraint,probe_02,0,1,none,64,1.08696,0.00000,0,0.12000,0.14000,0.88000,0.16000,0.87314,0.16316,0.93014,0.36720
4,3000,human_stop_constraint_4_3000_0,human_stop_constraint,probe_03,1,0,human_stop,40,0.70305,1.01000,0,0.10000,0.86000,0.91000,0.27333,0.45448,0.53850,0.53440,-0.84523
4,3000,human_stop_constraint_4_3000_0,human_stop_constraint,probe_04,1,0,human_stop,35,0.56944,1.01000,0,0.16000,0.84000,0.86000,0.19842,0.45510,0.56413,0.83900,-0.54414
4,3000,human_stop_constraint_4_3000_0,human_stop_constraint,probe_05,1,0,visible_collision,17,0.32721,1.00000,1,0.07000,0.35134,0.93000,0.40433,0.27840,0.35576,0.97261,0.23242
4,3000,human_stop_constraint_4_3000_0,human_stop_constraint,probe_06,1,0,visible_collision,22,0.37897,1.00000,1,0.12000,0.14000,0.88000,0.72667,0.30656,0.26816,-0.57314,0.81946
4,3001,human_stop_constraint_4_3001_0,human_stop_constraint,probe_00,0,1,none,69,1.23144,0.00000,0,0.08068,0.51555,0.90809,0.45550,0.90030,0.46186,0.24262,-0.97012
4,3001,human_stop_constraint_4_3001_0,human_stop_constraint,probe_01,0,1,none,72,1.22121,0.00000,0,0.07000,0.49484,0.93000,0.50258,0.92641,0.52073,0.84137,0.54046
4,3001,human_stop_constraint_4_3001_0,human_stop_constraint,probe_02,1,0,human_stop,32,0.51996,1.01000,0,0.12000,0.14000,0.88000,0.72667,0.40524,0.33096,-0.28132,0.95961
4,3001,human_stop_constraint_4_3001_0,human_stop_constraint,probe_03,1,0,human_stop,48,0.88988,1.01000,0,0.10000,0.86000,0.91000,0.27333,0.48321,0.47464,0.73772,-0.67511
4,3001,human_stop_constraint_4_3001_0,human_stop_constraint,probe_04,0,1,none,64,1.07492,0.00000,0,0.16000,0.61333,0.86000,0.43133,0.87230,0.44892,0.95572,-0.29426
4,3001,human_stop_constraint_4_3001_0,human_stop_constraint,probe_05,0,1,none,72,1.28643,0.00000,0,0.07000,0.13761,0.93000,0.17119,0.92589,0.15853,0.88688,0.46200
4,3001,human_stop_constraint_4_3001_0,human_stop_constraint,probe_06,1,0,human_stop,32,0.59829,1.01000,0,0.12000,0.14000,0.88000,0.84000,0.41322,0.33530,0.65577,0.75496
4,3002,human_stop_constraint_4_3002_0,human_stop_constraint,probe_00,0,1,none,76,1.34868,0.00000,0,0.06798,0.46885,0.91754,0.28833,0.91526,0.29134,0.99999,-0.00431
4,3002,human_stop_constraint_4_3002_0,human_stop_constraint,probe_01,1,0,visible_collision,17,0.26371,1.00000,1,0.07000,0.18926,0.93000,0.14537,0.26218,0.19691,0.99049,-0.13756
4,3002,human_stop_constraint_4_3002_0,human_stop_constraint,probe_02,0,1,none,73,1.34544,0.00000,0,0.12000,0.14000,0.88000,0.38667,0.89345,0.40138,-0.01583,0.99987
4,3002,human_stop_constraint_4_3002_0,human_stop_constraint,probe_03,1,0,human_stop,34,0.61646,1.01000,0,0.10000,0.86000,0.91000,0.72667,0.50775,0.80584,0.53783,-0.84306
4,3002,human_stop_constraint_4_3002_0,human_stop_constraint,probe_04,0,1,none,84,1.51227,0.00000,0,0.16000,0.84000,0.86000,0.15153,0.87137,0.16677,0.93835,-0.34568
4,3002,human_stop_constraint_4_3002_0,human_stop_constraint,probe_05,0,1,none,71,1.31140,0.00000,0,0.07000,0.61206,0.93000,0.61397,0.93899,0.60062,0.95252,0.30449
4,3002,human_stop_constraint_4_3002_0,human_stop_constraint,probe_06,0,1,none,68,1.14620,0.00000,0,0.12000,0.14000,0.88000,0.27333,0.88777,0.27310,0.48008,0.87722
4,3003,human_stop_constraint_4_3003_0,human_stop_constraint,probe_00,1,0,human_stop,32,0.46977,1.01000,0,0.06558,0.66195,0.90976,0.42777,0.42375,0.61079,0.98927,0.14607
4,3003,human_stop_constraint_4_3003_0,human_stop_constraint,probe_01,1,0,human_stop,30,0.47849,1.01000,0,0.07000,0.60202,0.93000,0.61899,0.42724,0.61592,0.97953,-0.20131
4,3003,human_stop_constraint_4_3003_0,human_stop_constraint,probe_02,0,1,none,64,1.21194,0.00000,0,0.12000,0.14000,0.88000,0.16000,0.88423,0.15477,0.68701,0.72665
4,3003,human_stop_constraint_4_3003_0,human_stop_constraint,probe_03,0,1,none,89,1.61764,0.00000,0,0.10000,0.86000,0.91000,0.27333,0.91372,0.25788,0.99497,-0.10021
4,3003,human_stop_constraint_4_3003_0,human_stop_constraint,probe_04,0,1,none,57,1.02655,0.00000,0,0.16000,0.50000,0.86000,0.51201,0.85877,0.52055,0.86869,0.49535
4,3003,human_stop_constraint_4_3003_0,human_stop_constraint,probe_05,1,0,visible_collision,51,0.93668,1.00000,1,0.07000,0.82920,0.93000,0.84540,0.67887,0.84599,0.82686,-0.56241
4,3003,human_stop_constraint_4_3003_0,human_stop_constraint,probe_06,0,1,none,87,1.43786,0.00000,0,0.12000,0.14000,0.88000,0.72667,0.87717,0.73220,0.53468,0.84506
4,3004,human_stop_constraint_4_3004_0,human_stop_constraint,probe_00,1,0,human_stop,34,0.60024,1.01000,0,0.08276,0.49264,0.92057,0.54154,0.49123,0.48526,0.99462,-0.10356
4,3004,human_stop_constraint_4_3004_0,human_stop_constraint,probe_01,0,1,none,75,1.34408,0.00000,0,0.07000,0.21823,0.93000,0.30088,0.93930,0.31206,0.60722,0.79453
4,3004,human_stop_constraint_4_3004_0,human_stop_constraint,probe_02,0,1,none,66,1.14345,0.00000,0,0.12000,0.14000,0.88000,0.16000,0.89239,0.17042,0.45076,0.89264
4,3004,human_stop_constraint_4_3004_0,human_stop_constraint,probe_03,1,0,visible_collision,45,0.83597,1.00000,1,0.10000,0.86000,0.91000,0.84000,0.66299,0.86172,0.42943,0.90310
4,3004,human_stop_constraint_4_3004_0,human_stop_constraint,probe_04,1,0,human_stop,31,0.49963,1.01000,0,0.16000,0.61333,0.86000,0.38016,0.51850,0.52458,0.96308,-0.26921
4,3004,human_stop_constraint_4_3004_0,human_stop_constraint,probe_05,1,0,human_stop,30,0.54850,1.01000,0,0.07000,0.33433,0.93000,0.41283,0.42355,0.35173,0.98479,0.17373
4,3004,human_stop_constraint_4_3004_0,human_stop_constraint,probe_06,1,0,human_stop,36,0.65841,1.01000,0,0.12000,0.14000,0.88000,0.50000,0.45758,0.32409,0.94840,0.31709
4,3005,human_stop_constraint_4_3005_0,human_stop_constraint,probe_00,0,1,none,72,1.24848,0.00000,0,0.07069,0.56075,0.91185,0.63125,0.90825,0.65292,0.93129,0.36427
4,3005,human_stop_constraint_4_3005_0,human_stop_constraint,probe_01,1,0,human_stop,26,0.43406,1.01000,0,0.07000,0.36748,0.93000,0.39626,0.39405,0.36063,0.86195,0.50700
4,3005,human_stop_constraint_4_3005_0,human_stop_constraint,probe_02,1,0,visible_collision,15,0.22860,1.00000,1,0.12000,0.14000,0.88000,0.50000,0.24104,0.25403,0.70658,0.70764
4,3005,human_stop_constraint_4_3005_0,human_stop_constraint,probe_03,0,1,none,66,1.22916,0.00000,0,0.10000,0.86000,0.91000,0.84000,0.91494,0.83271,0.85004,0.52672
4,3005,human_stop_constraint_4_3005_0,human_stop_constraint,probe_04,1,0,human_stop,29,0.50030,1.01000,0,0.16000,0.16000,0.86000,0.82384,0.38420,0.41933,0.57087,0.82104
4,3005,human_stop_constraint_4_3005_0,human_stop_constraint,probe_05,1,0,visible_collision,51,0.99149,1.00000,1,0.07000,0.71483,0.93000,0.73258,0.69302,0.72704,0.99643,0.08440
4,3005,human_stop_constraint_4_3005_0,human_stop_constraint,probe_06,0,1,none,68,1.34218,0.00000,0,0.12000,0.14000,0.88000,0.27333,0.88860,0.26879,0.66389,0.74783
4,3006,human_stop_constraint_4_3006_0,human_stop_constraint,probe_00,0,1,none,70,1.36455,0.00000,0,0.07528,0.23428,0.92388,0.22357,0.91682,0.21673,-0.81768,0.57568
4,3006,human_stop_constraint_4_3006_0,human_stop_constraint,probe_01,1,0,human_stop,40,0.70931,1.01000,0,0.07000,0.48690,0.93000,0.50655,0.55224,0.47556,0.95463,0.29779
4,3006,human_stop_constraint_4_3006_0,human_stop_constraint,probe_02,0,1,none,73,1.33237,0.00000,0,0.12000,0.14000,0.88000,0.38667,0.88480,0.39155,0.88420,0.46710
4,3006,human_stop_constraint_4_3006_0,human_stop_constraint,probe_03,1,0,human_stop,25,0.45058,1.01000,0,0.10000,0.86000,0.91000,0.84000,0.39634,0.81295,0.96300,0.26949
4,3006,human_stop_constraint_4_3006_0,human_stop_constraint,probe_04,1,0,human_stop,38,0.68792,1.01000,0,0.16000,0.72667,0.86000,0.26307,0.46532,0.42408,0.99367,-0.11233
4,3006,human_stop_constraint_4_3006_0,human_stop_constraint,probe_05,1,0,human_stop,37,0.63745,1.01000,0,0.07000,0.28058,0.93000,0.26971,0.47528,0.31524,0.81369,0.58130
4,3006,human_stop_constraint_4_3006_0,human_stop_constraint,probe_06,0,1,none,64,1.12722,0.00000,0,0.12000,0.14000,0.88000,0.16000,0.87762,0.15682,0.93787,0.34700
4,3007,human_stop_constraint_4_3007_0,human_stop_constraint,probe_00,0,1,none,69,1.19659,0.00000,0,0.06839,0.47214,0.91539,0.46652,0.91020,0.44617,0.99880,0.04889
4,3007,human_stop_constraint_4_3007_0,human_stop_constraint,probe_01,0,1,none,74,1.32116,0.00000,0,0.07000,0.32144,0.93000,0.24928,0.93657,0.23976,0.98980,0.14248
4,3007,human_stop_constraint_4_3007_0,human_stop_constraint,probe_02,1,0,visible_collision,26,0.41345,1.00000,1,0.12000,0.14000,0.88000,0.84000,0.32881,0.31818,0.67287,0.73976
4,3007,human_stop_constraint_4_3007_0,human_stop_constraint,probe_03,1,0,human_stop,45,0.71744,1.01000,0,0.10000,0.86000,0.91000,0.61333,0.60200,0.74310,0.81030,-0.58602
4,3007,human_stop_constraint_4_3007_0,human_stop_constraint,probe_04,1,0,visible_collision,18,0.29675,1.00000,1,0.16000,0.16000,0.86000,0.82291,0.30722,0.30098,-0.73177,0.68155
4,3007,human_stop_constraint_4_3007_0,human_stop_constraint,probe_05,0,1,none,73,1.28252,0.00000,0,0.07000,0.53883,0.93000,0.48058,0.92787,0.49664,0.99742,-0.07174
4,3007,human_stop_constraint_4_3007_0,human_stop_constraint,probe_06,1,0,visible_collision,19,0.28099,1.00000,1,0.12000,0.14000,0.88000,0.72667,0.28405,0.27969,-0.87945,-0.47599
4,3008,human_stop_constraint_4_3008_0,human_stop_constraint,probe_00,0,1,none,68,1.18972,0.00000,0,0.07867,0.18000,0.91500,0.16000,0.91451,0.15186,0.89762,-0.44078
4,3008,human_stop_constraint_4_3008_0,human_stop_constraint,probe_01,0,1,none,73,1.39402,0.00000,0,0.07000,0.82518,0.93000,0.84741,0.93951,0.82736,0.99746,-0.07117
4,3008,human_stop_constraint_4_3008_0,human_stop_constraint,probe_02,0,1,none,73,1.26764,0.00000,0,0.12000,0.14000,0.88000,0.38667,0.88329,0.38474,0.43698,0.89947
4,3008,human_stop_constraint_4_3008_0,human_stop_constraint,probe_03,1,0,human_stop,46,0.82101,1.01000,0,0.10000,0.86000,0.91000,0.16000,0.49117,0.48410,0.51098,-0.85959
4,3008,human_stop_constraint_4_3008_0,human_stop_constraint,probe_04,1,0,human_stop,37,0.62233,1.01000,0,0.16000,0.72667,0.86000,0.21725,0.46869,0.43312,0.85146,-0.52442
4,3008,human_stop_constraint_4_3008_0,human_stop_constraint,probe_05,0,1,none,75,1.32285,0.00000,0,0.07000,0.55988,0.93000,0.47006,0.94402,0.45155,0.54970,-0.83537
4,3008,human_stop_constraint_4_3008_0,human_stop_constraint,probe_06,0,1,none,68,1.17057,0.00000,0,0.12000,0.14000,0.88000,0.27333,0.88626,0.24749,0.40352,0.91497
4,3009,human_stop_constraint_4_3009_0,human_stop_constraint,probe_00,1,0,human_stop,37,0.60816,1.01000,0,0.07192,0.39410,0.91913,0.38389,0.51699,0.39189,0.74590,-0.66605
4,3009,human_stop_constraint_4_3009_0,human_stop_constraint,probe_01,0,1,none,77,1.40190,0.00000,0,0.07000,0.16012,0.93000,0.15994,0.93152,0.15531,-0.09016,0.99593
4,3009,human_stop_constraint_4_3009_0,human_stop_constraint,probe_02,1,0,visible_collision,17,0.27552,1.00000,1,0.12000,0.14000,0.88000,0.38667,0.26922,0.21029,0.98452,-0.17526
4,3009,human_stop_constraint_4_3009_0,human_stop_constraint,probe_03,1,0,human_stop,25,0.37524,1.01000,0,0.10000,0.86000,0.91000,0.27333,0.31995,0.65179,0.69058,-0.72326
4,3009,human_stop_constraint_4_3009_0,human_stop_constraint,probe_04,1,0,human_stop,22,0.34746,1.01000,0,0.16000,0.84000,0.86000,0.13412,0.34405,0.66291,0.98166,0.19066
4,3009,human_stop_constraint_4_3009_0,human_stop_constraint,probe_05,0,1,none,72,1.38947,0.00000,0,0.07000,0.47811,0.93000,0.51095,0.94014,0.52204,0.56758,0.82332
4,3009,human_stop_constraint_4_3009_0,human_stop_constraint,probe_06,0,1,none,87,1.57675,0.00000,0,0.12000,0.14000,0.88000,0.72667,0.88407,0.75191,0.69532,0.71870
4,3010,human_stop_constraint_4_3010_0,human_stop_constraint,probe_00,0,1,none,68,1.19320,0.00000,0,0.07671,0.31925,0.91888,0.34434,0.90696,0.33460,0.73663,0.67630
4,3010,human_stop_constraint_4_3010_0,human_stop_constraint,probe_01,0,1,none,73,1.32842,0.00000,0,0.07000,0.24257,0.93000,0.28872,0.93685,0.28261,0.98496,0.17276
4,3010,human_stop_constraint_4_3010_0,human_stop_constraint,probe_02,1,0,human_stop,48,0.84930,1.01000,0,0.12000,0.14000,0.88000,0.72667,0.57242,0.41243,0.88039,0.47425
4,3010,human_stop_constraint_4_3010_0,human_stop_constraint,probe_03,0,1,none,66,1.16330,0.00000,0,0.10000,0.86000,0.91000,0.84000,0.92906,0.84676,0.41221,0.91109
4,3010,human_stop_constraint_4_3010_0,human_stop_constraint,probe_04,1,0,human_stop,61,1.09911,1.01000,0,0.16000,0.16000,0.86000,0.81060,0.61036,0.68383,0.21465,0.97669
4,3010,human_stop_constraint_4_3010_0,human_stop_constraint,probe_05,1,0,human_stop,46,0.87873,1.01000,0,0.07000,0.60775,0.93000,0.61613,0.63432,0.59794,0.51394,-0.85782
4,3010,human_stop_constraint_4_3010_0,human_stop_constraint,probe_06,1,0,human_stop,55,0.90495,1.01000,0,0.12000,0.14000,0.88000,0.50000,0.65420,0.41085,0.75383,0.65706
4,3011,human_stop_constraint_4_3011_0,human_stop_constraint,probe_00,1,0,human_stop,26,0.41655,1.01000,0,0.07684,0.70654,0.90924,0.67371,0.40278,0.71548,0.84731,0.53109
4,3011,human_stop_constraint_4_3011_0,human_stop_constraint,probe_01,0,1,none,74,1.31876,0.00000,0,0.07000,0.34698,0.93000,0.40651,0.92554,0.41298,0.41939,0.90781
4,3011,human_stop_constraint_4_3011_0,human_stop_constraint,probe_02,1,0,visible_collision,15,0.27444,1.00000,1,0.12000,0.14000,0.88000,0.50000,0.26317,0.19766,0.85409,0.52012
4,3011,human_stop_constraint_4_3011_0,human_stop_constraint,probe_03,1,0,human_stop,34,0.55472,1.01000,0,0.10000,0.86000,0.91000,0.61333,0.49699,0.80779,0.71612,-0.69798
4,3011,human_stop_constraint_4_3011_0,human_stop_constraint,probe_04,1,0,visible_collision,15,0.25972,1.00000,1,0.16000,0.16000,0.86000,0.84432,0.24247,0.28249,0.47787,0.87843
4,3011,human_stop_constraint_4_3011_0,human_stop_constraint,probe_05,1,0,human_stop,33,0.58105,1.01000,0,0.07000,0.75543,0.93000,0.71228,0.46644,0.75911,0.99975,-0.02217
4,3011,human_stop_constraint_4_3011_0,human_stop_constraint,probe_06,0,1,none,68,1.24983,0.00000,0,0.12000,0.14000,0.88000,0.27333,0.89146,0.25441,0.97210,-0.23457
4,3012,human_stop_constraint_4_3012_0,human_stop_constraint,probe_00,0,1,none,75,1.36574,0.00000,0,0.07865,0.44294,0.90740,0.63820,0.90839,0.64216,0.86608,0.49991
4,3012,human_stop_constraint_4_3012_0,human_stop_constraint,probe_01,0,1,none,72,1.25439,0.00000,0,0.07000,0.51540,0.93000,0.49230,0.94457,0.47972,0.97426,0.22543
4,3012,human_stop_constraint_4_3012_0,human_stop_constraint,probe_02,1,0,visible_collision,18,0.29620,1.00000,1,0.12000,0.14000,0.88000,0.72667,0.29590,0.20519,0.91770,-0.39727
4,3012,human_stop_constraint_4_3012_0,human_stop_constraint,probe_03,0,1,none,93,1.56970,0.00000,0,0.10000,0.86000,0.91000,0.16000,0.90520,0.16129,0.92954,0.36871
4,3012,human_stop_constraint_4_3012_0,human_stop_constraint,probe_04,0,1,none,67,1.17853,0.00000,0,0.16000,0.38667,0.86000,0.62559,0.85995,0.63360,0.32809,0.94465
4,3012,human_stop_constraint_4_3012_0,human_stop_constraint,probe_05,1,0,human_stop,39,0.61656,1.01000,0,0.07000,0.69443,0.93000,0.57279,0.51317,0.62865,0.95900,0.28341
4,3012,human_stop_constraint_4_3012_0,human_stop_constraint,probe_06,1,0,visible_collision,19,0.28092,1.00000,1,0.12000,0.14000,0.88000,0.84000,0.25446,0.28980,0.79889,-0.60148
4,3013,human_stop_constraint_4_3013_0,human_stop_constraint,probe_00,0,1,none,72,1.35535,0.00000,0,0.07104,0.82000,0.92477,0.73164,0.92476,0.72762,0.99682,0.07971
4,3013,human_stop_constraint_4_3013_0,human_stop_constraint,probe_01,1,0,visible_collision,17,0.30337,1.00000,1,0.07000,0.41335,0.93000,0.37332,0.27544,0.40586,0.93636,-0.35105
4,3013,human_stop_constraint_4_3013_0,human_stop_constraint,probe_02,0,1,none,64,1.09418,0.00000,0,0.12000,0.14000,0.88000,0.16000,0.89607,0.16786,0.64266,0.76615
4,3013,human_stop_constraint_4_3013_0,human_stop_constraint,probe_03,1,0,human_stop,39,0.68584,1.01000,0,0.10000,0.86000,0.91000,0.27333,0.43175,0.56070,0.95609,0.29308
4,3013,human_stop_constraint_4_3013_0,human_stop_constraint,probe_04,1,0,human_stop,23,0.36114,1.01000,0,0.16000,0.50000,0.86000,0.48738,0.42368,0.50602,0.90183,0.43209
4,3013,human_stop_constraint_4_3013_0,human_stop_constraint,probe_05,0,1,none,71,1.34103,0.00000,0,0.07000,0.72684,0.93000,0.72658,0.93937,0.73177,0.94736,0.32017
4,3013,human_stop_constraint_4_3013_0,human_stop_constraint,probe_06,1,0,human_stop,45,0.71557,1.01000,0,0.12000,0.14000,0.88000,0.61333,0.52061,0.43000,0.97245,0.23310
4,4000,combined_abort_stress_4_4000_0,combined_abort_stress,probe_00,1,0,fixture_snag,34,0.74182,1.84119,1,0.06890,0.51540,0.91363,0.51962,0.49365,0.50196,0.99666,-0.08164
4,4000,combined_abort_stress_4_4000_0,combined_abort_stress,probe_01,1,0,fixture_snag,35,0.70876,1.28581,1,0.07000,0.85728,0.93000,0.83136,0.49991,0.85936,0.80661,-0.59108
4,4000,combined_abort_stress_4_4000_0,combined_abort_stress,probe_02,1,0,unstable_slip,38,0.76841,1.46800,1,0.12000,0.14000,0.88000,0.77200,0.41685,0.44346,0.97692,-0.21361
4,4000,combined_abort_stress_4_4000_0,combined_abort_stress,probe_03,1,0,fixture_snag,32,0.66071,1.16291,1,0.10000,0.86000,0.91000,0.63600,0.49100,0.77911,1.00000,-0.00110
4,4000,combined_abort_stress_4_4000_0,combined_abort_stress,probe_04,1,0,human_stop,24,0.45863,0.94500,0,0.16000,0.43200,0.86000,0.54255,0.44066,0.47823,0.71685,0.69723
4,4000,combined_abort_stress_4_4000_0,combined_abort_stress,probe_05,1,0,unstable_slip,33,0.69465,1.63744,1,0.07000,0.28200,0.93000,0.40500,0.43771,0.34713,0.98871,0.14981
4,4000,combined_abort_stress_4_4000_0,combined_abort_stress,probe_06,1,0,unstable_slip,37,0.78098,1.66379,1,0.12000,0.14000,0.88000,0.16000,0.53872,0.22857,0.96329,0.26847
4,4000,combined_abort_stress_4_4000_0,combined_abort_stress,probe_07,1,0,fixture_snag,44,0.94835,1.01664,0,0.10000,0.86000,0.91000,0.29600,0.46947,0.51461,0.96600,-0.25856
4,4000,combined_abort_stress_4_4000_0,combined_abort_stress,probe_08,1,0,unstable_slip,31,0.60236,1.52937,1,0.16000,0.70400,0.86000,0.26354,0.42559,0.45761,-0.59138,-0.80639
4,4000,combined_abort_stress_4_4000_0,combined_abort_stress,probe_09,1,0,fixture_snag,35,0.70703,1.32156,1,0.07000,0.55083,0.93000,0.57659,0.48068,0.54510,0.80687,-0.59073
4,4000,combined_abort_stress_4_4000_0,combined_abort_stress,probe_10,1,0,unstable_slip,36,0.81048,1.44165,1,0.12000,0.14000,0.88000,0.50000,0.47904,0.30200,0.96751,-0.25285
4,4001,combined_abort_stress_4_4001_0,combined_abort_stress,probe_00,1,0,fixture_snag,33,0.64511,1.11047,0,0.07230,0.70238,0.91721,0.61843,0.46456,0.70500,0.76796,-0.64050
4,4001,combined_abort_stress_4_4001_0,combined_abort_stress,probe_01,1,0,fixture_snag,34,0.72054,1.51061,1,0.07000,0.79866,0.93000,0.75867,0.47535,0.78641,0.86195,-0.50700
4,4001,combined_abort_stress_4_4001_0,combined_abort_stress,probe_02,1,0,fixture_snag,40,0.75504,1.67902,1,0.12000,0.14000,0.88000,0.56800,0.49452,0.39890,0.79480,0.60688
4,4001,combined_abort_stress_4_4001_0,combined_abort_stress,probe_03,1,0,fixture_snag,31,0.70622,1.56100,1,0.10000,0.86000,0.91000,0.70400,0.47588,0.84762,0.94396,-0.33007
4,4001,combined_abort_stress_4_4001_0,combined_abort_stress,probe_04,1,0,human_stop,25,0.43025,0.94500,0,0.16000,0.29600,0.86000,0.65436,0.38004,0.44349,0.92981,-0.36805
4,4001,combined_abort_stress_4_4001_0,combined_abort_stress,probe_05,1,0,fixture_snag,33,0.68981,1.26024,1,0.07000,0.89912,0.93000,0.81044,0.46601,0.89503,0.98412,-0.17751
4,4001,combined_abort_stress_4_4001_0,combined_abort_stress,probe_06,1,0,visible_collision,14,0.29913,1.00000,1,0.12000,0.14000,0.88000,0.43200,0.24854,0.23219,0.25826,-0.96607
4,4001,combined_abort_stress_4_4001_0,combined_abort_stress,probe_07,1,0,force_limit,36,0.79280,1.57402,1,0.10000,0.86000,0.91000,0.36400,0.42216,0.58702,0.74606,-0.66588
4,4001,combined_abort_stress_4_4001_0,combined_abort_stress,probe_08,1,0,human_stop,23,0.43836,0.94500,0,0.16000,0.63600,0.86000,0.38972,0.40391,0.55672,-0.99725,0.07410
4,4001,combined_abort_stress_4_4001_0,combined_abort_stress,probe_09,1,0,human_stop,25,0.50998,0.94500,0,0.07000,0.47169,0.93000,0.51416,0.38550,0.46600,0.99848,0.05506
4,4001,combined_abort_stress_4_4001_0,combined_abort_stress,probe_10,1,0,visible_collision,16,0.38739,1.00000,1,0.12000,0.14000,0.88000,0.16000,0.28974,0.15710,0.93001,-0.36754
4,4002,combined_abort_stress_4_4002_0,combined_abort_stress,probe_00,1,0,fixture_snag,26,0.60091,1.56807,1,0.07753,0.81186,0.91497,0.84000,0.40583,0.83608,0.99706,0.07668
4,4002,combined_abort_stress_4_4002_0,combined_abort_stress,probe_01,1,0,fixture_snag,26,0.51806,1.83256,1,0.07000,0.71514,0.93000,0.69843,0.40725,0.70165,0.98738,-0.15837
4,4002,combined_abort_stress_4_4002_0,combined_abort_stress,probe_02,1,0,collision_margin,27,0.56338,1.26568,1,0.12000,0.14000,0.88000,0.29600,0.41170,0.19057,0.94714,-0.32081
4,4002,combined_abort_stress_4_4002_0,combined_abort_stress,probe_03,1,0,fixture_snag,26,0.49010,1.67488,1,0.10000,0.86000,0.91000,0.63600,0.40765,0.82010,0.94204,-0.33549
4,4002,combined_abort_stress_4_4002_0,combined_abort_stress,probe_04,1,0,collision_margin,23,0.56336,1.22474,1,0.16000,0.56800,0.86000,0.40125,0.43025,0.50723,0.97754,-0.21076
4,4002,combined_abort_stress_4_4002_0,combined_abort_stress,probe_05,1,0,collision_margin,29,0.61930,1.21928,1,0.07000,0.19796,0.93000,0.14102,0.40914,0.17238,0.99504,0.09946
4,4002,combined_abort_stress_4_4002_0,combined_abort_stress,probe_06,1,0,visible_collision,20,0.47371,1.00000,1,0.12000,0.14000,0.88000,0.84000,0.28078,0.24329,0.49554,0.86859
4,4002,combined_abort_stress_4_4002_0,combined_abort_stress,probe_07,1,0,collision_margin,40,0.93865,1.30370,1,0.10000,0.86000,0.91000,0.22800,0.45019,0.52830,0.24792,-0.96878
4,4002,combined_abort_stress_4_4002_0,combined_abort_stress,probe_08,1,0,collision_margin,22,0.50892,1.23832,1,0.16000,0.50000,0.86000,0.47787,0.42995,0.49579,0.99651,-0.08351
4,4002,combined_abort_stress_4_4002_0,combined_abort_stress,probe_09,1,0,collision_margin,30,0.68063,0.99830,0,0.07000,0.38699,0.93000,0.35250,0.41751,0.41439,0.99706,-0.07658
4,4002,combined_abort_stress_4_4002_0,combined_abort_stress,probe_10,1,0,visible_collision,20,0.40232,1.00000,1,0.12000,0.14000,0.88000,0.77200,0.30805,0.25689,0.82415,0.56637
4,4003,combined_abort_stress_4_4003_0,combined_abort_stress,probe_00,1,0,force_limit,22,0.42761,1.72216,1,0.06508,0.46784,0.91095,0.38494,0.33127,0.45761,0.98808,-0.15391
4,4003,combined_abort_stress_4_4003_0,combined_abort_stress,probe_01,1,0,force_limit,36,0.72963,1.45191,1,0.07000,0.23941,0.93000,0.32429,0.46675,0.27797,0.93185,0.36283
4,4003,combined_abort_stress_4_4003_0,combined_abort_stress,probe_02,1,0,force_limit,34,0.68157,1.49432,1,0.12000,0.14000,0.88000,0.43200,0.45290,0.28046,0.95598,0.29345
4,4003,combined_abort_stress_4_4003_0,combined_abort_stress,probe_03,1,0,fixture_snag,36,0.72462,1.44665,1,0.10000,0.86000,0.91000,0.63600,0.52004,0.79676,0.68405,-0.72943
4,4003,combined_abort_stress_4_4003_0,combined_abort_stress,probe_04,1,0,human_stop,33,0.72877,0.94500,0,0.16000,0.77200,0.86000,0.28946,0.45390,0.49560,0.94158,-0.33679
4,4003,combined_abort_stress_4_4003_0,combined_abort_stress,probe_05,1,0,force_limit,25,0.44328,1.81003,1,0.07000,0.34496,0.93000,0.37352,0.37752,0.33815,0.99523,0.09752
4,4003,combined_abort_stress_4_4003_0,combined_abort_stress,probe_06,1,0,force_limit,26,0.60753,1.11622,1,0.12000,0.14000,0.88000,0.84000,0.33785,0.35540,0.75369,0.65723
4,4003,combined_abort_stress_4_4003_0,combined_abort_stress,probe_07,1,0,human_stop,45,0.91376,0.94500,0,0.10000,0.86000,0.91000,0.22800,0.46706,0.50250,0.48906,-0.87225
4,4003,combined_abort_stress_4_4003_0,combined_abort_stress,probe_08,1,0,human_stop,27,0.65868,0.94500,0,0.16000,0.50000,0.86000,0.53614,0.49265,0.50339,0.45358,-0.89121
4,4003,combined_abort_stress_4_4003_0,combined_abort_stress,probe_09,1,0,fixture_snag,37,0.74384,1.56211,1,0.07000,0.74689,0.93000,0.68255,0.51937,0.72971,0.99216,0.12496
4,4003,combined_abort_stress_4_4003_0,combined_abort_stress,probe_10,1,0,force_limit,29,0.61707,1.20903,1,0.12000,0.14000,0.88000,0.56800,0.36800,0.32584,0.80188,0.59749
4,4004,combined_abort_stress_4_4004_0,combined_abort_stress,probe_00,1,0,fixture_snag,32,0.59316,1.68553,1,0.07534,0.73428,0.90964,0.84000,0.46069,0.78434,0.97808,0.20822
4,4004,combined_abort_stress_4_4004_0,combined_abort_stress,probe_01,1,0,fixture_snag,30,0.60949,0.97206,0,0.07000,0.54886,0.93000,0.57757,0.43301,0.53994,0.86479,-0.50214
4,4004,combined_abort_stress_4_4004_0,combined_abort_stress,probe_02,1,0,fixture_snag,39,0.88680,1.03331,0,0.12000,0.14000,0.88000,0.63600,0.45045,0.45179,0.05204,0.99865
4,4004,combined_abort_stress_4_4004_0,combined_abort_stress,probe_03,1,0,fixture_snag,34,0.74563,1.04429,0,0.10000,0.86000,0.91000,0.43200,0.43776,0.64289,0.92550,-0.37876
4,4004,combined_abort_stress_4_4004_0,combined_abort_stress,probe_04,1,0,fixture_snag,34,0.73572,1.39779,1,0.16000,0.77200,0.86000,0.18072,0.44432,0.47656,0.90594,-0.42341
4,4004,combined_abort_stress_4_4004_0,combined_abort_stress,probe_05,1,0,force_limit,32,0.65565,1.62700,1,0.07000,0.36994,0.93000,0.36103,0.46960,0.36198,0.99970,-0.02442
4,4004,combined_abort_stress_4_4004_0,combined_abort_stress,probe_06,1,0,collision_margin,36,0.82034,1.52435,1,0.12000,0.14000,0.88000,0.50000,0.46664,0.31008,0.76266,-0.64680
4,4004,combined_abort_stress_4_4004_0,combined_abort_stress,probe_07,1,0,fixture_snag,27,0.67630,1.31162,1,0.10000,0.86000,0.91000,0.70400,0.45089,0.84512,0.91081,0.41284
4,4004,combined_abort_stress_4_4004_0,combined_abort_stress,probe_08,1,0,fixture_snag,33,0.86042,1.11333,0,0.16000,0.84000,0.86000,0.12000,0.43824,0.57860,0.80306,-0.59589
4,4004,combined_abort_stress_4_4004_0,combined_abort_stress,probe_09,1,0,collision_margin,31,0.73917,1.10908,0,0.07000,0.23978,0.93000,0.22211,0.44196,0.23887,0.99890,0.04700
4,4004,combined_abort_stress_4_4004_0,combined_abort_stress,probe_10,1,0,visible_collision,11,0.28704,1.00000,1,0.12000,0.14000,0.88000,0.29600,0.23428,0.16565,0.74520,0.66684
4,4005,combined_abort_stress_4_4005_0,combined_abort_stress,probe_00,1,0,collision_margin,31,0.69841,1.16810,1,0.06660,0.43875,0.92301,0.31037,0.41139,0.38550,0.85418,0.51997
4,4005,combined_abort_stress_4_4005_0,combined_abort_stress,probe_01,1,0,collision_margin,29,0.67434,1.59746,1,0.07000,0.44908,0.93000,0.42346,0.43691,0.43164,0.99028,-0.13905
4,4005,combined_abort_stress_4_4005_0,combined_abort_stress,probe_02,1,0,collision_margin,35,0.69082,1.11106,0,0.12000,0.14000,0.88000,0.84000,0.40386,0.42714,0.65115,0.75895
4,4005,combined_abort_stress_4_4005_0,combined_abort_stress,probe_03,1,0,fixture_snag,35,0.72153,1.87793,1,0.10000,0.86000,0.91000,0.56800,0.50195,0.76073,0.95844,-0.28530
4,4005,combined_abort_stress_4_4005_0,combined_abort_stress,probe_04,1,0,human_stop,26,0.52140,0.94500,0,0.16000,0.29600,0.86000,0.73174,0.37483,0.49296,-0.58135,0.81366
4,4005,combined_abort_stress_4_4005_0,combined_abort_stress,probe_05,1,0,human_stop,29,0.64226,0.94500,0,0.07000,0.63054,0.93000,0.63873,0.41424,0.62680,0.99968,-0.02533
4,4005,combined_abort_stress_4_4005_0,combined_abort_stress,probe_06,1,0,collision_margin,35,0.81232,1.01299,0,0.12000,0.14000,0.88000,0.70400,0.39978,0.43467,-0.14552,0.98936
4,4005,combined_abort_stress_4_4005_0,combined_abort_stress,probe_07,1,0,human_stop,32,0.77171,0.94500,0,0.10000,0.86000,0.91000,0.36400,0.39513,0.61001,0.43602,-0.89994
4,4005,combined_abort_stress_4_4005_0,combined_abort_stress,probe_08,1,0,visible_collision,9,0.16681,1.00000,1,0.16000,0.16000,0.86000,0.85293,0.23977,0.21255,0.14678,0.98917
4,4005,combined_abort_stress_4_4005_0,combined_abort_stress,probe_09,1,0,human_stop,25,0.49136,0.94500,0,0.07000,0.54820,0.93000,0.47590,0.35925,0.53803,0.60050,0.79963
4,4005,combined_abort_stress_4_4005_0,combined_abort_stress,probe_10,1,0,visible_collision,19,0.42472,1.00000,1,0.12000,0.14000,0.88000,0.22800,0.30144,0.14835,0.77215,0.63544
4,4006,combined_abort_stress_4_4006_0,combined_abort_stress,probe_00,1,0,fixture_snag,36,0.75497,1.20910,1,0.07457,0.79848,0.91254,0.78488,0.50296,0.78059,0.57459,-0.81844
4,4006,combined_abort_stress_4_4006_0,combined_abort_stress,probe_01,1,0,collision_margin,35,0.90375,0.99186,0,0.07000,0.29574,0.93000,0.29613,0.50149,0.26247,0.98185,-0.18967
4,4006,combined_abort_stress_4_4006_0,combined_abort_stress,probe_02,1,0,visible_collision,16,0.32711,1.00000,1,0.12000,0.14000,0.88000,0.36400,0.26193,0.23817,-0.06527,0.99787
4,4006,combined_abort_stress_4_4006_0,combined_abort_stress,probe_03,1,0,force_limit,32,0.69278,1.73529,1,0.10000,0.86000,0.91000,0.56800,0.46645,0.77709,0.92912,0.36977
4,4006,combined_abort_stress_4_4006_0,combined_abort_stress,probe_04,1,0,human_stop,33,0.68186,0.94500,0,0.16000,0.70400,0.86000,0.26306,0.43709,0.45183,0.94519,-0.32651
4,4006,combined_abort_stress_4_4006_0,combined_abort_stress,probe_05,1,0,collision_margin,39,0.80649,1.69825,1,0.07000,0.15779,0.93000,0.16110,0.50216,0.12808,0.97523,0.22120
4,4006,combined_abort_stress_4_4006_0,combined_abort_stress,probe_06,1,0,human_stop,38,0.84711,0.94500,0,0.12000,0.14000,0.88000,0.84000,0.44479,0.43884,0.05842,0.99829
4,4006,combined_abort_stress_4_4006_0,combined_abort_stress,probe_07,1,0,fixture_snag,33,0.78813,1.11822,0,0.10000,0.86000,0.91000,0.63600,0.49865,0.82042,0.99347,-0.11413
4,4006,combined_abort_stress_4_4006_0,combined_abort_stress,probe_08,1,0,unstable_slip,41,0.80070,1.16679,1,0.16000,0.22800,0.86000,0.75548,0.47592,0.57503,0.83739,0.54661
4,4006,combined_abort_stress_4_4006_0,combined_abort_stress,probe_09,1,0,force_limit,31,0.61612,1.40071,1,0.07000,0.77293,0.93000,0.77154,0.44461,0.76702,0.90013,-0.43563
4,4006,combined_abort_stress_4_4006_0,combined_abort_stress,probe_10,1,0,visible_collision,16,0.33785,1.00000,1,0.12000,0.14000,0.88000,0.43200,0.26619,0.23875,0.43788,0.89903
4,4007,combined_abort_stress_4_4007_0,combined_abort_stress,probe_00,1,0,visible_collision,19,0.39801,1.00000,1,0.07103,0.26225,0.91634,0.16000,0.26754,0.23544,0.92732,-0.37426
4,4007,combined_abort_stress_4_4007_0,combined_abort_stress,probe_01,1,0,collision_margin,34,0.70474,1.48750,1,0.07000,0.27498,0.93000,0.20451,0.45999,0.19974,0.85317,-0.52163
4,4007,combined_abort_stress_4_4007_0,combined_abort_stress,probe_02,1,0,collision_margin,28,0.64155,1.31641,1,0.12000,0.14000,0.88000,0.16000,0.45867,0.13398,0.51497,0.85721
4,4007,combined_abort_stress_4_4007_0,combined_abort_stress,probe_03,1,0,fixture_snag,29,0.56704,0.97630,0,0.10000,0.86000,0.91000,0.70400,0.44759,0.81902,0.40455,0.91452
4,4007,combined_abort_stress_4_4007_0,combined_abort_stress,probe_04,1,0,fixture_snag,33,0.69876,1.01169,0,0.16000,0.84000,0.86000,0.17755,0.44212,0.57838,0.85715,-0.51506
4,4007,combined_abort_stress_4_4007_0,combined_abort_stress,probe_05,1,0,fixture_snag,31,0.63846,1.10748,0,0.07000,0.56563,0.93000,0.56919,0.44475,0.56837,0.91529,-0.40280
4,4007,combined_abort_stress_4_4007_0,combined_abort_stress,probe_06,1,0,collision_margin,29,0.57010,0.97684,0,0.12000,0.14000,0.88000,0.29600,0.44542,0.18185,0.06970,0.99757
4,4007,combined_abort_stress_4_4007_0,combined_abort_stress,probe_07,1,0,fixture_snag,39,0.77910,1.21708,1,0.10000,0.86000,0.91000,0.36400,0.44806,0.56809,0.74313,-0.66914
4,4007,combined_abort_stress_4_4007_0,combined_abort_stress,probe_08,1,0,fixture_snag,22,0.50822,1.05907,0,0.16000,0.50000,0.86000,0.49745,0.44162,0.50696,0.85732,0.51478
4,4007,combined_abort_stress_4_4007_0,combined_abort_stress,probe_09,1,0,human_stop,34,0.82499,0.94500,0,0.07000,0.46912,0.93000,0.41344,0.50089,0.46182,0.94939,-0.31411
4,4007,combined_abort_stress_4_4007_0,combined_abort_stress,probe_10,1,0,visible_collision,21,0.54791,1.00000,1,0.12000,0.14000,0.88000,0.63600,0.27668,0.23593,-0.95836,-0.28556
4,4008,combined_abort_stress_4_4008_0,combined_abort_stress,probe_00,1,0,fixture_snag,31,0.62648,1.37942,1,0.07852,0.75035,0.92031,0.84000,0.46142,0.75352,0.80855,0.58843
4,4008,combined_abort_stress_4_4008_0,combined_abort_stress,probe_01,1,0,fixture_snag,33,0.82239,1.58609,1,0.07000,0.88893,0.93000,0.81553,0.47696,0.87145,0.89605,0.44396
4,4008,combined_abort_stress_4_4008_0,combined_abort_stress,probe_02,1,0,visible_collision,23,0.53813,1.00000,1,0.12000,0.14000,0.88000,0.63600,0.28212,0.32648,0.96139,0.27520
4,4008,combined_abort_stress_4_4008_0,combined_abort_stress,probe_03,1,0,fixture_snag,35,0.79369,1.00077,0,0.10000,0.86000,0.91000,0.36400,0.43798,0.60148,0.30417,-0.95262
4,4008,combined_abort_stress_4_4008_0,combined_abort_stress,probe_04,1,0,fixture_snag,30,0.65198,1.50520,1,0.16000,0.70400,0.86000,0.34853,0.44755,0.52848,0.98440,-0.17595
4,4008,combined_abort_stress_4_4008_0,combined_abort_stress,probe_05,1,0,collision_margin,36,0.69376,1.04702,0,0.07000,0.21125,0.93000,0.13437,0.49773,0.20058,0.69829,0.71582
4,4008,combined_abort_stress_4_4008_0,combined_abort_stress,probe_06,1,0,visible_collision,25,0.54673,1.00000,1,0.12000,0.14000,0.88000,0.56800,0.32217,0.32770,0.99296,0.11847
4,4008,combined_abort_stress_4_4008_0,combined_abort_stress,probe_07,1,0,fixture_snag,36,0.76256,1.25084,1,0.10000,0.86000,0.91000,0.43200,0.45023,0.66084,0.99626,0.08637
4,4008,combined_abort_stress_4_4008_0,combined_abort_stress,probe_08,1,0,visible_collision,15,0.29535,1.00000,1,0.16000,0.29600,0.86000,0.73774,0.30589,0.31687,-0.99758,0.06959
4,4008,combined_abort_stress_4_4008_0,combined_abort_stress,probe_09,1,0,fixture_snag,34,0.74709,1.60306,1,0.07000,0.82727,0.93000,0.74436,0.47029,0.78003,0.86541,-0.50106
4,4008,combined_abort_stress_4_4008_0,combined_abort_stress,probe_10,1,0,collision_margin,34,0.90464,1.20567,1,0.12000,0.14000,0.88000,0.22800,0.50221,0.19863,0.73028,-0.68315
4,4009,combined_abort_stress_4_4009_0,combined_abort_stress,probe_00,1,0,fixture_snag,34,0.79759,1.40851,1,0.07042,0.82000,0.92301,0.69822,0.48921,0.80787,0.53253,0.84641
4,4009,combined_abort_stress_4_4009_0,combined_abort_stress,probe_01,1,0,fixture_snag,34,0.72457,1.08706,0,0.07000,0.86167,0.93000,0.82917,0.46640,0.87625,0.99385,0.11076
4,4009,combined_abort_stress_4_4009_0,combined_abort_stress,probe_02,1,0,visible_collision,20,0.50108,1.00000,1,0.12000,0.14000,0.88000,0.56800,0.30924,0.21666,-0.20661,0.97842
4,4009,combined_abort_stress_4_4009_0,combined_abort_stress,probe_03,1,0,force_limit,34,0.62791,1.38622,1,0.10000,0.86000,0.91000,0.22800,0.36918,0.60204,0.37309,-0.92779
4,4009,combined_abort_stress_4_4009_0,combined_abort_stress,probe_04,1,0,visible_collision,15,0.28176,1.00000,1,0.16000,0.16000,0.86000,0.88000,0.24863,0.29964,-0.35258,-0.93578
4,4009,combined_abort_stress_4_4009_0,combined_abort_stress,probe_05,1,0,collision_margin,30,0.69801,1.07798,0,0.07000,0.37550,0.93000,0.35825,0.43758,0.38618,0.44226,0.89689
4,4009,combined_abort_stress_4_4009_0,combined_abort_stress,probe_06,1,0,visible_collision,20,0.38064,1.00000,1,0.12000,0.14000,0.88000,0.63600,0.30471,0.22932,0.59935,0.80049
4,4009,combined_abort_stress_4_4009_0,combined_abort_stress,probe_07,1,0,fixture_snag,30,0.66867,1.86983,1,0.10000,0.86000,0.91000,0.77200,0.49165,0.88653,0.95167,0.30714
4,4009,combined_abort_stress_4_4009_0,combined_abort_stress,probe_08,1,0,force_limit,12,0.27844,1.59445,1,0.16000,0.50000,0.86000,0.55145,0.29879,0.51379,0.69890,-0.71522
4,4009,combined_abort_stress_4_4009_0,combined_abort_stress,probe_09,1,0,visible_collision,17,0.39593,1.00000,1,0.07000,0.31810,0.93000,0.28495,0.25172,0.29763,0.99767,-0.06821
4,4009,combined_abort_stress_4_4009_0,combined_abort_stress,probe_10,1,0,collision_margin,30,0.74697,1.41170,1,0.12000,0.14000,0.88000,0.43200,0.45627,0.25509,0.85236,0.52295
4,4010,combined_abort_stress_4_4010_0,combined_abort_stress,probe_00,1,0,collision_margin,30,0.79009,0.98466,0,0.07084,0.18000,0.91262,0.16000,0.43573,0.17648,0.99039,-0.13832
4,4010,combined_abort_stress_4_4010_0,combined_abort_stress,probe_01,1,0,collision_margin,33,0.73394,1.29550,1,0.07000,0.10000,0.93000,0.20029,0.45092,0.14322,0.74012,0.67247
4,4010,combined_abort_stress_4_4010_0,combined_abort_stress,probe_02,1,0,collision_margin,29,0.61016,1.78034,1,0.12000,0.14000,0.88000,0.29600,0.45888,0.18552,0.95196,-0.30621
4,4010,combined_abort_stress_4_4010_0,combined_abort_stress,probe_03,1,0,fixture_snag,27,0.56204,1.24799,1,0.10000,0.86000,0.91000,0.84000,0.45654,0.86524,0.96304,0.26936
4,4010,combined_abort_stress_4_4010_0,combined_abort_stress,probe_04,1,0,unstable_slip,57,1.24254,1.51429,1,0.16000,0.70400,0.86000,0.33258,0.70205,0.41047,0.97253,0.23276
4,4010,combined_abort_stress_4_4010_0,combined_abort_stress,probe_05,1,0,force_limit,22,0.46101,1.63589,1,0.07000,0.44507,0.93000,0.42547,0.31810,0.43192,0.82639,-0.56310
4,4010,combined_abort_stress_4_4010_0,combined_abort_stress,probe_06,1,0,visible_collision,21,0.42706,1.00000,1,0.12000,0.14000,0.88000,0.63600,0.31135,0.26107,-0.97164,-0.23645
4,4010,combined_abort_stress_4_4010_0,combined_abort_stress,probe_07,1,0,fixture_snag,38,0.89558,0.98039,0,0.10000,0.86000,0.91000,0.36400,0.44189,0.61133,0.82054,0.57159
4,4010,combined_abort_stress_4_4010_0,combined_abort_stress,probe_08,1,0,visible_collision,12,0.26152,1.00000,1,0.16000,0.22800,0.86000,0.75176,0.30163,0.25744,0.96425,0.26498
4,4010,combined_abort_stress_4_4010_0,combined_abort_stress,probe_09,0,1,none,72,1.37802,0.00000,0,0.07000,0.55330,0.93000,0.57535,0.93672,0.57918,0.46878,0.88332
4,4010,combined_abort_stress_4_4010_0,combined_abort_stress,probe_10,1,0,visible_collision,22,0.49395,1.00000,1,0.12000,0.14000,0.88000,0.77200,0.30219,0.25513,0.82355,-0.56724
4,4011,combined_abort_stress_4_4011_0,combined_abort_stress,probe_00,1,0,fixture_snag,30,0.71528,1.41602,1,0.08210,0.72624,0.91013,0.84000,0.42895,0.77006,0.69471,-0.71929
4,4011,combined_abort_stress_4_4011_0,combined_abort_stress,probe_01,1,0,fixture_snag,28,0.75092,1.30505,1,0.07000,0.49793,0.93000,0.60304,0.41525,0.50237,0.90079,-0.43426
4,4011,combined_abort_stress_4_4011_0,combined_abort_stress,probe_02,1,0,collision_margin,28,0.60768,1.08117,0,0.12000,0.14000,0.88000,0.43200,0.42762,0.20228,0.91219,0.40977
4,4011,combined_abort_stress_4_4011_0,combined_abort_stress,probe_03,1,0,unstable_slip,28,0.60101,1.02634,0,0.10000,0.86000,0.91000,0.22800,0.35044,0.63323,0.84264,-0.53848
4,4011,combined_abort_stress_4_4011_0,combined_abort_stress,probe_04,1,0,unstable_slip,25,0.54254,1.55549,1,0.16000,0.84000,0.86000,0.12206,0.36414,0.62182,0.31160,-0.95021
4,4011,combined_abort_stress_4_4011_0,combined_abort_stress,probe_05,1,0,collision_margin,30,0.59572,1.02823,0,0.07000,0.25002,0.93000,0.31899,0.42713,0.25777,0.59478,-0.80389
4,4011,combined_abort_stress_4_4011_0,combined_abort_stress,probe_06,1,0,collision_margin,29,0.63628,1.37210,1,0.12000,0.14000,0.88000,0.16000,0.43615,0.18407,0.88665,-0.46245
4,4011,combined_abort_stress_4_4011_0,combined_abort_stress,probe_07,1,0,fixture_snag,28,0.71646,1.75472,1,0.10000,0.86000,0.91000,0.70400,0.44129,0.82396,0.88803,0.45979
4,4011,combined_abort_stress_4_4011_0,combined_abort_stress,probe_08,1,0,unstable_slip,19,0.37495,1.67403,1,0.16000,0.77200,0.86000,0.23017,0.31017,0.60512,-0.18917,-0.98194
4,4011,combined_abort_stress_4_4011_0,combined_abort_stress,probe_09,1,0,fixture_snag,31,0.74183,1.13256,0,0.07000,0.40707,0.93000,0.54647,0.41423,0.46470,0.76965,0.63846
4,4011,combined_abort_stress_4_4011_0,combined_abort_stress,probe_10,1,0,human_stop,39,0.86947,0.94500,0,0.12000,0.14000,0.88000,0.63600,0.46435,0.44382,0.98658,0.16327
4,4012,combined_abort_stress_4_4012_0,combined_abort_stress,probe_00,1,0,visible_collision,22,0.42548,1.00000,1,0.06857,0.38473,0.90826,0.23378,0.28845,0.32305,0.71495,-0.69918
4,4012,combined_abort_stress_4_4012_0,combined_abort_stress,probe_01,1,0,collision_margin,29,0.55574,1.88515,1,0.07000,0.18301,0.93000,0.14850,0.42763,0.18868,0.98792,0.15497
4,4012,combined_abort_stress_4_4012_0,combined_abort_stress,probe_02,1,0,collision_margin,27,0.59738,1.86795,1,0.12000,0.14000,0.88000,0.29600,0.42857,0.19707,0.88797,-0.45990
4,4012,combined_abort_stress_4_4012_0,combined_abort_stress,probe_03,1,0,force_limit,31,0.68330,1.72265,1,0.10000,0.86000,0.91000,0.36400,0.37490,0.59901,0.90671,0.42176
4,4012,combined_abort_stress_4_4012_0,combined_abort_stress,probe_04,1,0,collision_margin,24,0.50766,1.24826,1,0.16000,0.56800,0.86000,0.45332,0.42311,0.50748,0.99982,-0.01911
4,4012,combined_abort_stress_4_4012_0,combined_abort_stress,probe_05,1,0,force_limit,29,0.70901,1.60221,1,0.07000,0.63557,0.93000,0.63621,0.41578,0.62951,0.73973,-0.67290
4,4012,combined_abort_stress_4_4012_0,combined_abort_stress,probe_06,1,0,collision_margin,40,0.97674,1.05014,0,0.12000,0.14000,0.88000,0.84000,0.41612,0.48898,0.97243,0.23321
4,4012,combined_abort_stress_4_4012_0,combined_abort_stress,probe_07,1,0,force_limit,31,0.80426,1.82042,1,0.10000,0.86000,0.91000,0.22800,0.38745,0.60959,0.90387,0.42781
4,4012,combined_abort_stress_4_4012_0,combined_abort_stress,probe_08,1,0,collision_margin,23,0.47389,0.96730,0,0.16000,0.43200,0.86000,0.62225,0.41369,0.49112,0.92303,-0.38473
4,4012,combined_abort_stress_4_4012_0,combined_abort_stress,probe_09,1,0,collision_margin,30,0.62948,1.78789,1,0.07000,0.47808,0.93000,0.51096,0.43887,0.49245,0.94074,-0.33913
4,4012,combined_abort_stress_4_4012_0,combined_abort_stress,probe_10,1,0,visible_collision,19,0.40156,1.00000,1,0.12000,0.14000,0.88000,0.70400,0.29531,0.22606,0.99959,-0.02866
4,4013,combined_abort_stress_4_4013_0,combined_abort_stress,probe_00,1,0,unstable_slip,29,0.64023,1.26550,1,0.07518,0.53980,0.91794,0.70162,0.41641,0.56493,0.15199,-0.98838
4,4013,combined_abort_stress_4_4013_0,combined_abort_stress,probe_01,1,0,fixture_snag,32,0.61158,1.36755,1,0.07000,0.67341,0.93000,0.71930,0.47050,0.65476,0.98650,-0.16374
4,4013,combined_abort_stress_4_4013_0,combined_abort_stress,probe_02,1,0,collision_margin,32,0.68413,1.49573,1,0.12000,0.14000,0.88000,0.36400,0.49315,0.17610,0.79879,0.60161
4,4013,combined_abort_stress_4_4013_0,combined_abort_stress,probe_03,1,0,fixture_snag,33,0.79938,1.59715,1,0.10000,0.86000,0.91000,0.63600,0.48940,0.79288,0.91583,-0.40157
4,4013,combined_abort_stress_4_4013_0,combined_abort_stress,probe_04,1,0,human_stop,14,0.31497,0.94500,0,0.16000,0.43200,0.86000,0.58126,0.34171,0.44066,0.99309,0.11739
4,4013,combined_abort_stress_4_4013_0,combined_abort_stress,probe_05,1,0,human_stop,22,0.44181,0.94500,0,0.07000,0.32594,0.93000,0.28103,0.32601,0.34649,0.88537,0.46488
4,4013,combined_abort_stress_4_4013_0,combined_abort_stress,probe_06,1,0,collision_margin,32,0.66909,0.95824,0,0.12000,0.14000,0.88000,0.22800,0.47539,0.19640,0.36817,-0.92976
4,4013,combined_abort_stress_4_4013_0,combined_abort_stress,probe_07,1,0,fixture_snag,34,0.61159,1.00769,0,0.10000,0.86000,0.91000,0.56800,0.46878,0.76142,0.87312,0.48751
4,4013,combined_abort_stress_4_4013_0,combined_abort_stress,probe_08,1,0,visible_collision,14,0.27115,1.00000,1,0.16000,0.16000,0.86000,0.88000,0.28992,0.22070,0.99162,0.12922
4,4013,combined_abort_stress_4_4013_0,combined_abort_stress,probe_09,1,0,fixture_snag,34,0.78235,1.26653,1,0.07000,0.73209,0.93000,0.79196,0.47419,0.73309,0.97494,-0.22248
4,4013,combined_abort_stress_4_4013_0,combined_abort_stress,probe_10,1,0,human_stop,33,0.84320,0.94500,0,0.12000,0.14000,0.88000,0.50000,0.43789,0.33235,0.68732,0.72635
5,0,nominal_known_constraints_5_0_0,nominal_known_constraints,probe_00,0,1,none,70,0.94683,0.00000,0,0.07171,0.55941,0.91464,0.57533,0.91820,0.58887,0.60431,0.79675
5,0,nominal_known_constraints_5_0_0,nominal_known_constraints,probe_01,0,1,none,72,0.96328,0.00000,0,0.07000,0.67732,0.93000,0.66634,0.93479,0.65701,0.98160,0.19093
5,0,nominal_known_constraints_5_0_0,nominal_known_constraints,probe_02,0,1,none,71,0.96733,0.00000,0,0.12000,0.14000,0.88000,0.33000,0.88965,0.32683,0.75322,0.65777
5,0,nominal_known_constraints_5_0_0,nominal_known_constraints,probe_03,0,1,none,66,0.90421,0.00000,0,0.10000,0.86000,0.91000,0.84000,0.92209,0.83750,0.96948,0.24517
5,0,nominal_known_constraints_5_0_0,nominal_known_constraints,probe_04,0,1,none,58,0.79382,0.00000,0,0.16000,0.50000,0.86000,0.49415,0.86291,0.48423,0.95964,-0.28124
5,1,nominal_known_constraints_5_1_0,nominal_known_constraints,probe_00,0,1,none,79,1.06496,0.00000,0,0.06694,0.41876,0.91388,0.16000,0.91237,0.16063,0.75419,0.65666
5,1,nominal_known_constraints_5_1_0,nominal_known_constraints,probe_01,0,1,none,71,0.92464,0.00000,0,0.07000,0.17482,0.93000,0.15259,0.93441,0.16054,0.97356,-0.22845
5,1,nominal_known_constraints_5_1_0,nominal_known_constraints,probe_02,1,0,visible_collision,22,0.28098,1.00000,1,0.12000,0.14000,0.88000,0.84000,0.31663,0.24598,0.79810,0.60252
5,1,nominal_known_constraints_5_1_0,nominal_known_constraints,probe_03,0,1,none,79,1.05659,0.00000,0,0.10000,0.86000,0.91000,0.50000,0.91596,0.51690,0.98330,0.18201
5,1,nominal_known_constraints_5_1_0,nominal_known_constraints,probe_04,0,1,none,70,0.94848,0.00000,0,0.16000,0.67000,0.86000,0.33397,0.86668,0.33400,0.96199,0.27308
5,2,nominal_known_constraints_5_2_0,nominal_known_constraints,probe_00,0,1,none,75,1.01962,0.00000,0,0.07355,0.58679,0.91965,0.74496,0.90808,0.74431,0.59203,0.80592
5,2,nominal_known_constraints_5_2_0,nominal_known_constraints,probe_01,0,1,none,71,0.96984,0.00000,0,0.07000,0.33258,0.93000,0.32871,0.94190,0.33370,0.97274,-0.23191
5,2,nominal_known_constraints_5_2_0,nominal_known_constraints,probe_02,0,1,none,92,1.17242,0.00000,0,0.12000,0.14000,0.88000,0.84000,0.89301,0.84694,0.22972,0.97326
5,2,nominal_known_constraints_5_2_0,nominal_known_constraints,probe_03,0,1,none,73,1.00107,0.00000,0,0.10000,0.86000,0.91000,0.67000,0.91252,0.65555,0.90811,-0.41872
5,2,nominal_known_constraints_5_2_0,nominal_known_constraints,probe_04,0,1,none,58,0.80459,0.00000,0,0.16000,0.50000,0.86000,0.49464,0.86499,0.48449,0.99729,-0.07360
5,3,nominal_known_constraints_5_3_0,nominal_known_constraints,probe_00,0,1,none,76,1.00670,0.00000,0,0.06871,0.32098,0.91566,0.47682,0.90823,0.48566,0.47758,0.87859
5,3,nominal_known_constraints_5_3_0,nominal_known_constraints,probe_01,0,1,none,74,0.96108,0.00000,0,0.07000,0.32469,0.93000,0.33265,0.93388,0.33624,0.94900,0.31526
5,3,nominal_known_constraints_5_3_0,nominal_known_constraints,probe_02,1,0,visible_collision,74,0.99455,1.00000,1,0.12000,0.14000,0.88000,0.84000,0.75166,0.68177,0.50457,0.86337
5,3,nominal_known_constraints_5_3_0,nominal_known_constraints,probe_03,0,1,none,79,1.02889,0.00000,0,0.10000,0.86000,0.91000,0.50000,0.90402,0.51616,0.98560,0.16911
5,3,nominal_known_constraints_5_3_0,nominal_known_constraints,probe_04,1,0,visible_collision,69,0.91265,1.00000,1,0.16000,0.16000,0.86000,0.79175,0.75111,0.68375,0.77290,0.63452
5,4,nominal_known_constraints_5_4_0,nominal_known_constraints,probe_00,0,1,none,73,1.00919,0.00000,0,0.06741,0.25690,0.92137,0.16000,0.90952,0.16448,0.97184,0.23564
5,4,nominal_known_constraints_5_4_0,nominal_known_constraints,probe_01,1,0,visible_collision,54,0.73777,1.00000,1,0.07000,0.68174,0.93000,0.66413,0.72110,0.69361,0.99153,-0.12990
5,4,nominal_known_constraints_5_4_0,nominal_known_constraints,probe_02,0,1,none,78,1.02569,0.00000,0,0.12000,0.14000,0.88000,0.50000,0.88187,0.51686,0.22201,0.97504
5,4,nominal_known_constraints_5_4_0,nominal_known_constraints,probe_03,0,1,none,93,1.24784,0.00000,0,0.10000,0.86000,0.91000,0.16000,0.90635,0.16167,0.86017,0.51001
5,4,nominal_known_constraints_5_4_0,nominal_known_constraints,probe_04,0,1,none,85,1.12545,0.00000,0,0.16000,0.84000,0.86000,0.13348,0.85995,0.14240,0.87010,-0.49287
5,5,nominal_known_constraints_5_5_0,nominal_known_constraints,probe_00,0,1,none,74,0.99391,0.00000,0,0.07066,0.28454,0.91413,0.40240,0.91390,0.41908,0.92159,0.38817
5,5,nominal_known_constraints_5_5_0,nominal_known_constraints,probe_01,0,1,none,71,0.95532,0.00000,0,0.07000,0.83642,0.93000,0.84179,0.93520,0.84199,0.98418,0.17719
5,5,nominal_known_constraints_5_5_0,nominal_known_constraints,probe_02,0,1,none,71,0.98534,0.00000,0,0.12000,0.14000,0.88000,0.33000,0.88803,0.33789,0.42266,0.90629
5,5,nominal_known_constraints_5_5_0,nominal_known_constraints,probe_03,0,1,none,93,1.19945,0.00000,0,0.10000,0.86000,0.91000,0.16000,0.91658,0.16381,0.98068,-0.19560
5,5,nominal_known_constraints_5_5_0,nominal_known_constraints,probe_04,0,1,none,69,0.93304,0.00000,0,0.16000,0.67000,0.86000,0.35495,0.85927,0.35841,0.86080,-0.50894
5,6,nominal_known_constraints_5_6_0,nominal_known_constraints,probe_00,0,1,none,73,1.01081,0.00000,0,0.06937,0.59709,0.92420,0.48460,0.91599,0.48355,0.98688,0.16146
5,6,nominal_known_constraints_5_6_0,nominal_known_constraints,probe_01,0,1,none,74,1.00457,0.00000,0,0.07000,0.69644,0.93000,0.65678,0.93360,0.66054,0.98891,-0.14849
5,6,nominal_known_constraints_5_6_0,nominal_known_constraints,probe_02,0,1,none,64,0.86807,0.00000,0,0.12000,0.14000,0.88000,0.16000,0.88202,0.15977,0.98392,0.17863
5,6,nominal_known_constraints_5_6_0,nominal_known_constraints,probe_03,0,1,none,86,1.16741,0.00000,0,0.10000,0.86000,0.91000,0.33000,0.91357,0.33727,0.91819,-0.39614
5,6,nominal_known_constraints_5_6_0,nominal_known_constraints,probe_04,0,1,none,58,0.78099,0.00000,0,0.16000,0.50000,0.86000,0.49298,0.86444,0.49159,0.98142,0.19186
5,7,nominal_known_constraints_5_7_0,nominal_known_constraints,probe_00,0,1,none,76,1.00400,0.00000,0,0.07738,0.50865,0.92126,0.72861,0.91743,0.73875,0.86283,0.50550
5,7,nominal_known_constraints_5_7_0,nominal_known_constraints,probe_01,0,1,none,72,0.99510,0.00000,0,0.07000,0.49780,0.93000,0.50110,0.93361,0.51368,0.76400,0.64522
5,7,nominal_known_constraints_5_7_0,nominal_known_constraints,probe_02,0,1,none,71,0.97070,0.00000,0,0.12000,0.14000,0.88000,0.33000,0.88724,0.33362,0.99980,0.01989
5,7,nominal_known_constraints_5_7_0,nominal_known_constraints,probe_03,0,1,none,66,0.89823,0.00000,0,0.10000,0.86000,0.91000,0.84000,0.91479,0.83763,0.99056,0.13706
5,7,nominal_known_constraints_5_7_0,nominal_known_constraints,probe_04,0,1,none,90,1.18018,0.00000,0,0.16000,0.16000,0.86000,0.88000,0.85902,0.88995,0.65819,0.75285
5,8,nominal_known_constraints_5_8_0,nominal_known_constraints,probe_00,0,1,none,74,1.02416,0.00000,0,0.06614,0.41212,0.91065,0.29619,0.91146,0.28139,0.95957,-0.28145
5,8,nominal_known_constraints_5_8_0,nominal_known_constraints,probe_01,0,1,none,77,1.06804,0.00000,0,0.07000,0.23659,0.93000,0.37671,0.94221,0.38684,0.66387,0.74785
5,8,nominal_known_constraints_5_8_0,nominal_known_constraints,probe_02,0,1,none,78,1.06376,0.00000,0,0.12000,0.14000,0.88000,0.50000,0.89013,0.51205,0.51066,0.85978
5,8,nominal_known_constraints_5_8_0,nominal_known_constraints,probe_03,0,1,none,66,0.88849,0.00000,0,0.10000,0.86000,0.91000,0.84000,0.91324,0.83982,0.99719,0.07497
5,8,nominal_known_constraints_5_8_0,nominal_known_constraints,probe_04,1,0,visible_collision,67,0.84964,1.00000,1,0.16000,0.16000,0.86000,0.88000,0.66907,0.73286,0.60869,0.79341
5,9,nominal_known_constraints_5_9_0,nominal_known_constraints,probe_00,0,1,none,69,0.90865,0.00000,0,0.08081,0.39040,0.91366,0.34382,0.91336,0.33978,0.67624,-0.73668
5,9,nominal_known_constraints_5_9_0,nominal_known_constraints,probe_01,0,1,none,72,0.97524,0.00000,0,0.07000,0.85801,0.93000,0.83100,0.93044,0.83947,0.92112,0.38927
5,9,nominal_known_constraints_5_9_0,nominal_known_constraints,probe_02,0,1,none,71,0.95100,0.00000,0,0.12000,0.14000,0.88000,0.33000,0.88405,0.34327,0.72309,0.69075
5,9,nominal_known_constraints_5_9_0,nominal_known_constraints,probe_03,0,1,none,73,0.96936,0.00000,0,0.10000,0.86000,0.91000,0.67000,0.91923,0.66864,0.54716,-0.83703
5,9,nominal_known_constraints_5_9_0,nominal_known_constraints,probe_04,1,0,visible_collision,14,0.17169,1.00000,1,0.16000,0.16000,0.86000,0.84491,0.23623,0.28136,0.58403,0.81173
5,10,nominal_known_constraints_5_10_0,nominal_known_constraints,probe_00,0,1,none,68,0.89761,0.00000,0,0.07881,0.58849,0.91316,0.60622,0.91146,0.60878,0.45194,0.89205
5,10,nominal_known_constraints_5_10_0,nominal_known_constraints,probe_01,0,1,none,71,0.95799,0.00000,0,0.07000,0.67006,0.93000,0.66997,0.92730,0.66240,0.94408,0.32973
5,10,nominal_known_constraints_5_10_0,nominal_known_constraints,probe_02,0,1,none,71,0.95215,0.00000,0,0.12000,0.14000,0.88000,0.33000,0.88903,0.33601,0.27062,0.96268
5,10,nominal_known_constraints_5_10_0,nominal_known_constraints,probe_03,0,1,none,79,1.06951,0.00000,0,0.10000,0.86000,0.91000,0.50000,0.91560,0.51143,0.98434,0.17629
5,10,nominal_known_constraints_5_10_0,nominal_known_constraints,probe_04,0,1,none,87,1.13009,0.00000,0,0.16000,0.84000,0.86000,0.12175,0.86733,0.12042,0.78910,-0.61427
5,11,nominal_known_constraints_5_11_0,nominal_known_constraints,probe_00,0,1,none,72,0.98405,0.00000,0,0.06615,0.76581,0.91436,0.84000,0.90797,0.83350,0.88961,0.45673
5,11,nominal_known_constraints_5_11_0,nominal_known_constraints,probe_01,0,1,none,72,1.00315,0.00000,0,0.07000,0.51067,0.93000,0.49467,0.93863,0.48476,0.98912,-0.14708
5,11,nominal_known_constraints_5_11_0,nominal_known_constraints,probe_02,0,1,none,71,0.96709,0.00000,0,0.12000,0.14000,0.88000,0.33000,0.89143,0.34367,0.72150,0.69241
5,11,nominal_known_constraints_5_11_0,nominal_known_constraints,probe_03,0,1,none,93,1.23876,0.00000,0,0.10000,0.86000,0.91000,0.16000,0.91419,0.16068,0.92372,-0.38306
5,11,nominal_known_constraints_5_11_0,nominal_known_constraints,probe_04,0,1,none,72,0.90544,0.00000,0,0.16000,0.67000,0.86000,0.27546,0.85869,0.28941,0.82180,-0.56977
5,12,nominal_known_constraints_5_12_0,nominal_known_constraints,probe_00,0,1,none,69,0.91185,0.00000,0,0.07801,0.33768,0.91759,0.28820,0.90752,0.28753,0.75667,-0.65379
5,12,nominal_known_constraints_5_12_0,nominal_known_constraints,probe_01,1,0,visible_collision,17,0.21696,1.00000,1,0.07000,0.17806,0.93000,0.15097,0.26341,0.18982,0.99552,-0.09456
5,12,nominal_known_constraints_5_12_0,nominal_known_constraints,probe_02,0,1,none,84,1.15109,0.00000,0,0.12000,0.14000,0.88000,0.67000,0.88252,0.67127,0.94769,0.31920
5,12,nominal_known_constraints_5_12_0,nominal_known_constraints,probe_03,0,1,none,86,1.14378,0.00000,0,0.10000,0.86000,0.91000,0.33000,0.90644,0.34589,0.99555,-0.09428
5,12,nominal_known_constraints_5_12_0,nominal_known_constraints,probe_04,0,1,none,57,0.76134,0.00000,0,0.16000,0.50000,0.86000,0.50408,0.86558,0.51325,0.99745,0.07132
5,13,nominal_known_constraints_5_13_0,nominal_known_constraints,probe_00,0,1,none,70,0.98112,0.00000,0,0.08277,0.46858,0.91257,0.39600,0.91779,0.38994,0.99937,-0.03537
5,13,nominal_known_constraints_5_13_0,nominal_known_constraints,probe_01,0,1,none,74,1.02867,0.00000,0,0.07000,0.28369,0.93000,0.35316,0.94026,0.36775,0.54972,0.83535
5,13,nominal_known_constraints_5_13_0,nominal_known_constraints,probe_02,0,1,none,78,1.11443,0.00000,0,0.12000,0.14000,0.88000,0.50000,0.89558,0.51102,0.98240,0.18679
5,13,nominal_known_constraints_5_13_0,nominal_known_constraints,probe_03,0,1,none,66,0.88296,0.00000,0,0.10000,0.86000,0.91000,0.84000,0.91592,0.83996,0.95542,0.29525
5,13,nominal_known_constraints_5_13_0,nominal_known_constraints,probe_04,0,1,none,72,0.97048,0.00000,0,0.16000,0.67000,0.86000,0.29064,0.86633,0.28788,0.44125,-0.89739
5,1000,hidden_wall_abort_5_1000_0,hidden_wall_abort,probe_00,1,0,fixture_snag,36,0.58590,1.85028,1,0.07041,0.80503,0.92342,0.81563,0.51399,0.80707,0.76587,0.64300
5,1000,hidden_wall_abort_5_1000_0,hidden_wall_abort,probe_01,0,1,none,72,1.10279,0.00000,0,0.07000,0.46768,0.93000,0.44330,0.94079,0.44909,0.96138,0.27523
5,1000,hidden_wall_abort_5_1000_0,hidden_wall_abort,probe_02,1,0,collision_margin,30,0.48229,1.27212,1,0.12000,0.14000,0.88000,0.25714,0.47793,0.15280,0.99052,0.13736
5,1000,hidden_wall_abort_5_1000_0,hidden_wall_abort,probe_03,0,1,none,85,1.31287,0.00000,0,0.10000,0.86000,0.91000,0.35429,0.89945,0.35834,0.98672,0.16245
5,1000,hidden_wall_abort_5_1000_0,hidden_wall_abort,probe_04,0,1,none,76,1.14274,0.00000,0,0.16000,0.74286,0.86000,0.26838,0.85666,0.25400,0.99390,0.11031
5,1000,hidden_wall_abort_5_1000_0,hidden_wall_abort,probe_05,1,0,fixture_snag,36,0.53744,1.87316,1,0.07000,0.86870,0.93000,0.82565,0.51051,0.85764,0.99962,0.02752
5,1000,hidden_wall_abort_5_1000_0,hidden_wall_abort,probe_06,1,0,collision_margin,30,0.47198,1.33455,1,0.12000,0.14000,0.88000,0.16000,0.48274,0.13250,0.99023,0.13947
5,1000,hidden_wall_abort_5_1000_0,hidden_wall_abort,probe_07,1,0,fixture_snag,32,0.50401,1.03122,0,0.10000,0.86000,0.91000,0.64571,0.48731,0.83496,0.87966,-0.47561
5,1001,hidden_wall_abort_5_1001_0,hidden_wall_abort,probe_00,1,0,fixture_snag,35,0.51878,1.63634,1,0.06892,0.50105,0.91581,0.61913,0.48937,0.52262,1.00000,-0.00017
5,1001,hidden_wall_abort_5_1001_0,hidden_wall_abort,probe_01,1,0,fixture_snag,34,0.49351,1.15679,0,0.07000,0.57608,0.93000,0.53482,0.47099,0.58478,0.99979,0.02055
5,1001,hidden_wall_abort_5_1001_0,hidden_wall_abort,probe_02,1,0,collision_margin,38,0.57518,1.02208,0,0.12000,0.14000,0.88000,0.45143,0.49339,0.27939,0.99996,0.00840
5,1001,hidden_wall_abort_5_1001_0,hidden_wall_abort,probe_03,0,1,none,93,1.42895,0.00000,0,0.10000,0.86000,0.91000,0.16000,0.90984,0.17781,0.94258,0.33397
5,1001,hidden_wall_abort_5_1001_0,hidden_wall_abort,probe_04,0,1,none,70,1.06259,0.00000,0,0.16000,0.64571,0.86000,0.32167,0.86755,0.31877,0.95586,0.29382
5,1001,hidden_wall_abort_5_1001_0,hidden_wall_abort,probe_05,1,0,fixture_snag,33,0.47294,0.97632,0,0.07000,0.72060,0.93000,0.75399,0.45866,0.72292,0.98305,0.18332
5,1001,hidden_wall_abort_5_1001_0,hidden_wall_abort,probe_06,1,0,collision_margin,37,0.53991,1.12558,0,0.12000,0.14000,0.88000,0.35429,0.49182,0.25900,0.99301,-0.11802
5,1001,hidden_wall_abort_5_1001_0,hidden_wall_abort,probe_07,0,1,none,89,1.33975,0.00000,0,0.10000,0.86000,0.91000,0.25714,0.92493,0.26910,0.99698,0.07768
5,1002,hidden_wall_abort_5_1002_0,hidden_wall_abort,probe_00,1,0,fixture_snag,36,0.53392,1.60521,1,0.07489,0.82000,0.92287,0.66791,0.51564,0.81047,0.99666,-0.08170
5,1002,hidden_wall_abort_5_1002_0,hidden_wall_abort,probe_01,1,0,fixture_snag,40,0.66038,1.07822,0,0.07000,0.73080,0.93000,0.74888,0.49916,0.66171,0.98669,-0.16263
5,1002,hidden_wall_abort_5_1002_0,hidden_wall_abort,probe_02,1,0,collision_margin,38,0.55650,0.99020,0,0.12000,0.14000,0.88000,0.25714,0.53282,0.22034,0.97195,0.23518
5,1002,hidden_wall_abort_5_1002_0,hidden_wall_abort,probe_03,1,0,fixture_snag,45,0.65637,1.31313,1,0.10000,0.86000,0.91000,0.35429,0.50543,0.54027,0.64784,-0.76177
5,1002,hidden_wall_abort_5_1002_0,hidden_wall_abort,probe_04,1,0,fixture_snag,39,0.60605,0.96872,0,0.16000,0.16000,0.86000,0.78430,0.49474,0.45705,0.97641,0.21592
5,1002,hidden_wall_abort_5_1002_0,hidden_wall_abort,probe_05,1,0,fixture_snag,36,0.59492,1.34133,1,0.07000,0.42858,0.93000,0.46285,0.50564,0.43026,0.98987,0.14201
5,1002,hidden_wall_abort_5_1002_0,hidden_wall_abort,probe_06,1,0,fixture_snag,45,0.69905,1.11190,0,0.12000,0.14000,0.88000,0.84000,0.49905,0.46710,0.46228,0.88674
5,1002,hidden_wall_abort_5_1002_0,hidden_wall_abort,probe_07,1,0,fixture_snag,33,0.51745,1.09254,0,0.10000,0.86000,0.91000,0.64571,0.50053,0.82671,0.32007,-0.94739
5,1003,hidden_wall_abort_5_1003_0,hidden_wall_abort,probe_00,1,0,collision_margin,29,0.40398,1.50753,1,0.07796,0.23581,0.91074,0.16000,0.43070,0.25447,0.86770,0.49709
5,1003,hidden_wall_abort_5_1003_0,hidden_wall_abort,probe_01,1,0,collision_margin,28,0.41727,1.21498,1,0.07000,0.64250,0.93000,0.64732,0.41347,0.63741,0.99982,0.01902
5,1003,hidden_wall_abort_5_1003_0,hidden_wall_abort,probe_02,1,0,collision_margin,32,0.48606,1.09545,0,0.12000,0.14000,0.88000,0.54857,0.41681,0.30429,0.98163,0.19081
5,1003,hidden_wall_abort_5_1003_0,hidden_wall_abort,probe_03,0,1,none,81,1.20920,0.00000,0,0.10000,0.86000,0.91000,0.45143,0.92290,0.45696,0.86898,-0.49484
5,1003,hidden_wall_abort_5_1003_0,hidden_wall_abort,probe_04,1,0,visible_collision,9,0.15011,1.00000,1,0.16000,0.16000,0.86000,0.85913,0.23877,0.22129,0.73213,0.68117
5,1003,hidden_wall_abort_5_1003_0,hidden_wall_abort,probe_05,0,1,none,72,1.13649,0.00000,0,0.07000,0.72778,0.93000,0.75040,0.94696,0.76277,0.32552,0.94553
5,1003,hidden_wall_abort_5_1003_0,hidden_wall_abort,probe_06,1,0,collision_margin,36,0.53573,1.14947,0,0.12000,0.14000,0.88000,0.84000,0.41449,0.43330,0.47656,0.87914
5,1003,hidden_wall_abort_5_1003_0,hidden_wall_abort,probe_07,1,0,collision_margin,36,0.49501,1.25473,1,0.10000,0.86000,0.91000,0.25714,0.41351,0.56833,0.73225,-0.68104
5,1004,hidden_wall_abort_5_1004_0,hidden_wall_abort,probe_00,1,0,collision_margin,35,0.53574,1.01154,0,0.07437,0.39159,0.91892,0.46247,0.49551,0.38860,0.98506,-0.17220
5,1004,hidden_wall_abort_5_1004_0,hidden_wall_abort,probe_01,1,0,fixture_snag,39,0.60394,0.99861,0,0.07000,0.85070,0.93000,0.83465,0.53201,0.86704,0.95763,0.28799
5,1004,hidden_wall_abort_5_1004_0,hidden_wall_abort,probe_02,1,0,collision_margin,43,0.61729,1.35546,1,0.12000,0.14000,0.88000,0.74286,0.50358,0.42088,0.69087,0.72298
5,1004,hidden_wall_abort_5_1004_0,hidden_wall_abort,probe_03,1,0,collision_margin,40,0.66564,1.33808,1,0.10000,0.86000,0.91000,0.45143,0.48972,0.65141,0.93920,-0.34337
5,1004,hidden_wall_abort_5_1004_0,hidden_wall_abort,probe_04,1,0,visible_collision,12,0.16376,1.00000,1,0.16000,0.25714,0.86000,0.65302,0.26619,0.34336,0.99118,-0.13251
5,1004,hidden_wall_abort_5_1004_0,hidden_wall_abort,probe_05,1,0,collision_margin,38,0.57632,1.42791,1,0.07000,0.13183,0.93000,0.17408,0.52541,0.14026,0.94082,0.33890
5,1004,hidden_wall_abort_5_1004_0,hidden_wall_abort,probe_06,1,0,collision_margin,43,0.61255,1.20756,1,0.12000,0.14000,0.88000,0.64571,0.49873,0.42675,0.78497,0.61953
5,1004,hidden_wall_abort_5_1004_0,hidden_wall_abort,probe_07,1,0,collision_margin,44,0.63758,1.05137,0,0.10000,0.86000,0.91000,0.35429,0.48542,0.54975,0.89166,-0.45270
5,1005,hidden_wall_abort_5_1005_0,hidden_wall_abort,probe_00,1,0,collision_margin,37,0.54467,1.10110,0,0.06953,0.41555,0.91005,0.53190,0.47081,0.48570,0.88259,-0.47015
5,1005,hidden_wall_abort_5_1005_0,hidden_wall_abort,probe_01,1,0,collision_margin,33,0.54121,0.97973,0,0.07000,0.26836,0.93000,0.25154,0.45261,0.28440,0.97800,-0.20861
5,1005,hidden_wall_abort_5_1005_0,hidden_wall_abort,probe_02,1,0,collision_margin,35,0.48047,1.17728,1,0.12000,0.14000,0.88000,0.35429,0.45772,0.27299,0.93466,0.35554
5,1005,hidden_wall_abort_5_1005_0,hidden_wall_abort,probe_03,1,0,fixture_snag,29,0.40102,1.39112,1,0.10000,0.86000,0.91000,0.64571,0.43841,0.81434,0.91851,0.39539
5,1005,hidden_wall_abort_5_1005_0,hidden_wall_abort,probe_04,1,0,collision_margin,39,0.55989,1.26223,1,0.16000,0.84000,0.86000,0.13259,0.47798,0.51788,0.62577,-0.78001
5,1005,hidden_wall_abort_5_1005_0,hidden_wall_abort,probe_05,1,0,collision_margin,35,0.56665,1.00836,0,0.07000,0.54891,0.93000,0.54840,0.49637,0.54476,0.83220,-0.55448
5,1005,hidden_wall_abort_5_1005_0,hidden_wall_abort,probe_06,1,0,collision_margin,35,0.51368,1.59206,1,0.12000,0.14000,0.88000,0.45143,0.47126,0.28777,0.98657,-0.16336
5,1005,hidden_wall_abort_5_1005_0,hidden_wall_abort,probe_07,1,0,fixture_snag,29,0.45177,1.22649,1,0.10000,0.86000,0.91000,0.74286,0.43259,0.80564,0.96059,0.27797
5,1006,hidden_wall_abort_5_1006_0,hidden_wall_abort,probe_00,1,0,fixture_snag,37,0.55492,1.10648,0,0.07054,0.61286,0.90914,0.59246,0.51976,0.62090,0.74468,-0.66742
5,1006,hidden_wall_abort_5_1006_0,hidden_wall_abort,probe_01,1,0,visible_collision,15,0.22691,1.00000,1,0.07000,0.27367,0.93000,0.24888,0.24571,0.26329,0.98898,-0.14802
5,1006,hidden_wall_abort_5_1006_0,hidden_wall_abort,probe_02,0,1,none,83,1.16305,0.00000,0,0.12000,0.14000,0.88000,0.64571,0.88772,0.64100,0.80569,0.59234
5,1006,hidden_wall_abort_5_1006_0,hidden_wall_abort,probe_03,1,0,fixture_snag,39,0.55088,1.34659,1,0.10000,0.86000,0.91000,0.54857,0.52111,0.70850,0.87339,-0.48701
5,1006,hidden_wall_abort_5_1006_0,hidden_wall_abort,probe_04,0,1,none,75,1.03356,0.00000,0,0.16000,0.74286,0.86000,0.28908,0.85588,0.27897,0.88120,-0.47273
5,1006,hidden_wall_abort_5_1006_0,hidden_wall_abort,probe_05,1,0,fixture_snag,36,0.58820,1.00082,0,0.07000,0.80173,0.93000,0.85914,0.50447,0.80489,0.87255,-0.48852
5,1006,hidden_wall_abort_5_1006_0,hidden_wall_abort,probe_06,1,0,collision_margin,38,0.57916,0.97132,0,0.12000,0.14000,0.88000,0.45143,0.49563,0.28228,0.98339,0.18153
5,1006,hidden_wall_abort_5_1006_0,hidden_wall_abort,probe_07,1,0,fixture_snag,47,0.72836,1.04315,0,0.10000,0.86000,0.91000,0.35429,0.52312,0.54141,0.59765,0.80176
5,1007,hidden_wall_abort_5_1007_0,hidden_wall_abort,probe_00,0,1,none,71,1.07817,0.00000,0,0.07589,0.27365,0.91400,0.35387,0.91234,0.35297,0.38179,0.92425
5,1007,hidden_wall_abort_5_1007_0,hidden_wall_abort,probe_01,1,0,collision_margin,43,0.68514,1.50335,1,0.07000,0.27299,0.93000,0.24922,0.55369,0.17756,0.96928,-0.24595
5,1007,hidden_wall_abort_5_1007_0,hidden_wall_abort,probe_02,0,1,none,76,1.17599,0.00000,0,0.12000,0.14000,0.88000,0.45143,0.89877,0.46782,0.75588,0.65471
5,1007,hidden_wall_abort_5_1007_0,hidden_wall_abort,probe_03,1,0,fixture_snag,35,0.53593,1.04837,0,0.10000,0.86000,0.91000,0.74286,0.50096,0.79722,0.91863,-0.39512
5,1007,hidden_wall_abort_5_1007_0,hidden_wall_abort,probe_04,1,0,fixture_snag,45,0.63237,1.20818,1,0.16000,0.16000,0.86000,0.87073,0.49908,0.54483,0.90968,0.41531
5,1007,hidden_wall_abort_5_1007_0,hidden_wall_abort,probe_05,1,0,fixture_snag,36,0.53714,1.05308,0,0.07000,0.67354,0.93000,0.63180,0.49772,0.66823,0.96894,0.24730
5,1007,hidden_wall_abort_5_1007_0,hidden_wall_abort,probe_06,1,0,fixture_snag,50,0.73703,1.24110,1,0.12000,0.14000,0.88000,0.84000,0.50047,0.56059,0.94455,0.32837
5,1007,hidden_wall_abort_5_1007_0,hidden_wall_abort,probe_07,1,0,fixture_snag,43,0.61167,0.98264,0,0.10000,0.86000,0.91000,0.35429,0.49284,0.56225,0.99867,0.05152
5,1008,hidden_wall_abort_5_1008_0,hidden_wall_abort,probe_00,1,0,visible_collision,16,0.22520,1.00000,1,0.07615,0.36910,0.92468,0.37998,0.25333,0.37957,0.93867,-0.34480
5,1008,hidden_wall_abort_5_1008_0,hidden_wall_abort,probe_01,1,0,collision_margin,36,0.56419,1.18536,1,0.07000,0.63647,0.93000,0.65034,0.50531,0.62807,0.95216,0.30561
5,1008,hidden_wall_abort_5_1008_0,hidden_wall_abort,probe_02,1,0,collision_margin,35,0.53812,1.74895,1,0.12000,0.14000,0.88000,0.16000,0.54816,0.14101,0.94328,-0.33201
5,1008,hidden_wall_abort_5_1008_0,hidden_wall_abort,probe_03,0,1,none,78,1.12123,0.00000,0,0.10000,0.86000,0.91000,0.54857,0.91352,0.54022,0.84331,0.53743
5,1008,hidden_wall_abort_5_1008_0,hidden_wall_abort,probe_04,1,0,collision_margin,36,0.52789,1.07605,0,0.16000,0.35429,0.86000,0.68067,0.50780,0.51956,0.82823,0.56039
5,1008,hidden_wall_abort_5_1008_0,hidden_wall_abort,probe_05,1,0,collision_margin,38,0.58083,1.36322,1,0.07000,0.27037,0.93000,0.25053,0.53001,0.26427,0.97187,-0.23551
5,1008,hidden_wall_abort_5_1008_0,hidden_wall_abort,probe_06,1,0,visible_collision,26,0.35753,1.00000,1,0.12000,0.14000,0.88000,0.74286,0.32868,0.32046,0.51179,0.85911
5,1008,hidden_wall_abort_5_1008_0,hidden_wall_abort,probe_07,1,0,fixture_snag,35,0.56935,0.98706,0,0.10000,0.86000,0.91000,0.84000,0.53312,0.85634,0.99093,0.13439
5,1009,hidden_wall_abort_5_1009_0,hidden_wall_abort,probe_00,1,0,collision_margin,32,0.50731,1.42692,1,0.06925,0.18000,0.91568,0.16000,0.45373,0.18632,0.99994,-0.01057
5,1009,hidden_wall_abort_5_1009_0,hidden_wall_abort,probe_01,0,1,none,77,1.16647,0.00000,0,0.07000,0.53902,0.93000,0.69906,0.93344,0.68757,0.19137,0.98152
5,1009,hidden_wall_abort_5_1009_0,hidden_wall_abort,probe_02,1,0,visible_collision,22,0.33013,1.00000,1,0.12000,0.14000,0.88000,0.74286,0.31502,0.25691,0.53502,0.84484
5,1009,hidden_wall_abort_5_1009_0,hidden_wall_abort,probe_03,1,0,collision_margin,41,0.62275,1.04171,0,0.10000,0.86000,0.91000,0.16000,0.44290,0.52918,0.53973,-0.84184
5,1009,hidden_wall_abort_5_1009_0,hidden_wall_abort,probe_04,1,0,collision_margin,24,0.35222,1.17232,1,0.16000,0.54857,0.86000,0.39571,0.43390,0.48257,0.98766,-0.15659
5,1009,hidden_wall_abort_5_1009_0,hidden_wall_abort,probe_05,1,0,fixture_snag,33,0.51534,1.54725,1,0.07000,0.85604,0.93000,0.83198,0.46610,0.86251,0.99954,0.03048
5,1009,hidden_wall_abort_5_1009_0,hidden_wall_abort,probe_06,1,0,collision_margin,29,0.45794,1.01995,0,0.12000,0.14000,0.88000,0.25714,0.44111,0.19620,0.95473,0.29748
5,1009,hidden_wall_abort_5_1009_0,hidden_wall_abort,probe_07,0,1,none,85,1.35970,0.00000,0,0.10000,0.86000,0.91000,0.35429,0.90188,0.36756,0.32733,0.94491
5,1010,hidden_wall_abort_5_1010_0,hidden_wall_abort,probe_00,1,0,collision_margin,33,0.49500,1.10121,0,0.07646,0.32222,0.92252,0.51662,0.46087,0.35941,0.90638,0.42247
5,1010,hidden_wall_abort_5_1010_0,hidden_wall_abort,probe_01,1,0,fixture_snag,32,0.48552,1.24816,1,0.07000,0.75777,0.93000,0.73540,0.44392,0.77119,0.93324,-0.35924
5,1010,hidden_wall_abort_5_1010_0,hidden_wall_abort,probe_02,1,0,collision_margin,34,0.49788,1.34364,1,0.12000,0.14000,0.88000,0.35429,0.46342,0.27083,0.96840,-0.24940
5,1010,hidden_wall_abort_5_1010_0,hidden_wall_abort,probe_03,1,0,fixture_snag,32,0.47683,1.31626,1,0.10000,0.86000,0.91000,0.54857,0.44518,0.75286,0.87454,-0.48496
5,1010,hidden_wall_abort_5_1010_0,hidden_wall_abort,probe_04,1,0,collision_margin,42,0.65021,1.12613,0,0.16000,0.84000,0.86000,0.12000,0.50040,0.48913,-0.81076,-0.58538
5,1010,hidden_wall_abort_5_1010_0,hidden_wall_abort,probe_05,1,0,visible_collision,16,0.20425,1.00000,1,0.07000,0.16871,0.93000,0.15564,0.25040,0.15740,0.82082,-0.57119
5,1010,hidden_wall_abort_5_1010_0,hidden_wall_abort,probe_06,1,0,collision_margin,40,0.61327,1.00468,0,0.12000,0.14000,0.88000,0.64571,0.46269,0.44771,0.89074,-0.45452
5,1010,hidden_wall_abort_5_1010_0,hidden_wall_abort,probe_07,1,0,fixture_snag,34,0.48241,1.33804,1,0.10000,0.86000,0.91000,0.45143,0.44259,0.67481,0.85749,0.51449
5,1011,hidden_wall_abort_5_1011_0,hidden_wall_abort,probe_00,1,0,collision_margin,39,0.58634,1.68363,1,0.07430,0.38342,0.92334,0.54009,0.50654,0.45735,0.94200,-0.33562
5,1011,hidden_wall_abort_5_1011_0,hidden_wall_abort,probe_01,0,1,none,75,1.11609,0.00000,0,0.07000,0.57634,0.93000,0.68040,0.93226,0.68924,0.70438,0.70982
5,1011,hidden_wall_abort_5_1011_0,hidden_wall_abort,probe_02,1,0,collision_margin,32,0.47518,1.51935,1,0.12000,0.14000,0.88000,0.35429,0.48492,0.18656,0.99981,-0.01947
5,1011,hidden_wall_abort_5_1011_0,hidden_wall_abort,probe_03,1,0,fixture_snag,32,0.48371,1.35525,1,0.10000,0.86000,0.91000,0.74286,0.47914,0.82370,0.96128,0.27558
5,1011,hidden_wall_abort_5_1011_0,hidden_wall_abort,probe_04,1,0,collision_margin,27,0.43419,1.21991,1,0.16000,0.45143,0.86000,0.51810,0.49295,0.46290,0.97219,0.23418
5,1011,hidden_wall_abort_5_1011_0,hidden_wall_abort,probe_05,1,0,visible_collision,18,0.24309,1.00000,1,0.07000,0.31013,0.93000,0.23065,0.27873,0.31098,0.97174,-0.23604
5,1011,hidden_wall_abort_5_1011_0,hidden_wall_abort,probe_06,1,0,collision_margin,29,0.44381,1.09740,0,0.12000,0.14000,0.88000,0.16000,0.46910,0.13545,0.99988,0.01564
5,1011,hidden_wall_abort_5_1011_0,hidden_wall_abort,probe_07,1,0,fixture_snag,35,0.51464,0.96300,0,0.10000,0.86000,0.91000,0.54857,0.47170,0.74261,0.95500,0.29659
5,1012,hidden_wall_abort_5_1012_0,hidden_wall_abort,probe_00,1,0,fixture_snag,35,0.53143,1.00641,0,0.06830,0.81789,0.91422,0.84000,0.50100,0.80886,0.93255,-0.36103
5,1012,hidden_wall_abort_5_1012_0,hidden_wall_abort,probe_01,1,0,collision_margin,38,0.57408,1.35183,1,0.07000,0.46590,0.93000,0.44419,0.52726,0.46227,0.99175,0.12815
5,1012,hidden_wall_abort_5_1012_0,hidden_wall_abort,probe_02,1,0,collision_margin,34,0.49881,1.44685,1,0.12000,0.14000,0.88000,0.16000,0.52464,0.14188,0.99981,0.01966
5,1012,hidden_wall_abort_5_1012_0,hidden_wall_abort,probe_03,1,0,collision_margin,49,0.73085,1.00898,0,0.10000,0.86000,0.91000,0.25714,0.51708,0.46856,0.22457,-0.97446
5,1012,hidden_wall_abort_5_1012_0,hidden_wall_abort,probe_04,1,0,collision_margin,36,0.50894,1.06830,0,0.16000,0.64571,0.86000,0.38609,0.54630,0.52655,0.71175,-0.70243
5,1012,hidden_wall_abort_5_1012_0,hidden_wall_abort,probe_05,1,0,collision_margin,38,0.54200,1.14699,0,0.07000,0.39345,0.93000,0.33470,0.51977,0.38353,0.93182,0.36291
5,1012,hidden_wall_abort_5_1012_0,hidden_wall_abort,probe_06,1,0,collision_margin,41,0.61877,1.02732,0,0.12000,0.14000,0.88000,0.54857,0.51570,0.35530,0.44071,-0.89765
5,1012,hidden_wall_abort_5_1012_0,hidden_wall_abort,probe_07,1,0,fixture_snag,33,0.52695,1.32172,1,0.10000,0.86000,0.91000,0.84000,0.51392,0.85563,0.98781,0.15564
5,1013,hidden_wall_abort_5_1013_0,hidden_wall_abort,probe_00,1,0,collision_margin,33,0.47546,1.35748,1,0.07532,0.18000,0.91051,0.16000,0.48508,0.20361,0.98982,-0.14235
5,1013,hidden_wall_abort_5_1013_0,hidden_wall_abort,probe_01,1,0,collision_margin,34,0.53819,1.41653,1,0.07000,0.26410,0.93000,0.25366,0.48642,0.25307,0.97331,-0.22951
5,1013,hidden_wall_abort_5_1013_0,hidden_wall_abort,probe_02,1,0,visible_collision,23,0.33278,1.00000,1,0.12000,0.14000,0.88000,0.54857,0.30514,0.29425,0.10587,0.99438
5,1013,hidden_wall_abort_5_1013_0,hidden_wall_abort,probe_03,1,0,fixture_snag,30,0.43169,1.36376,1,0.10000,0.86000,0.91000,0.84000,0.47569,0.86678,0.97383,0.22729
5,1013,hidden_wall_abort_5_1013_0,hidden_wall_abort,probe_04,1,0,visible_collision,19,0.27348,1.00000,1,0.16000,0.16000,0.86000,0.82989,0.31613,0.30368,0.86517,0.50148
5,1013,hidden_wall_abort_5_1013_0,hidden_wall_abort,probe_05,1,0,collision_margin,34,0.47468,1.21897,1,0.07000,0.44902,0.93000,0.45263,0.47895,0.43389,0.99962,0.02762
5,1013,hidden_wall_abort_5_1013_0,hidden_wall_abort,probe_06,1,0,visible_collision,23,0.32761,1.00000,1,0.12000,0.14000,0.88000,0.64571,0.30874,0.29469,0.56769,0.82324
5,1013,hidden_wall_abort_5_1013_0,hidden_wall_abort,probe_07,1,0,fixture_snag,29,0.45817,1.08814,0,0.10000,0.86000,0.91000,0.74286,0.46826,0.87219,0.99813,0.06107
5,2000,force_limit_abort_5_2000_0,force_limit_abort,probe_00,0,1,none,69,1.04591,0.00000,0,0.06568,0.46078,0.91505,0.45267,0.92344,0.46472,-0.86753,-0.49738
5,2000,force_limit_abort_5_2000_0,force_limit_abort,probe_01,1,0,force_limit,47,0.82945,1.63010,1,0.07000,0.77381,0.93000,0.72738,0.63951,0.76231,0.96128,0.27558
5,2000,force_limit_abort_5_2000_0,force_limit_abort,probe_02,0,1,none,76,1.22898,0.00000,0,0.12000,0.14000,0.88000,0.45143,0.88240,0.45973,0.15798,0.98744
5,2000,force_limit_abort_5_2000_0,force_limit_abort,probe_03,0,1,none,66,1.10718,0.00000,0,0.10000,0.86000,0.91000,0.84000,0.90686,0.84226,-0.31935,-0.94764
5,2000,force_limit_abort_5_2000_0,force_limit_abort,probe_04,0,1,none,62,1.05492,0.00000,0,0.16000,0.54857,0.86000,0.42320,0.87297,0.41468,0.99993,0.01154
5,2000,force_limit_abort_5_2000_0,force_limit_abort,probe_05,0,1,none,71,1.27515,0.00000,0,0.07000,0.17264,0.93000,0.15368,0.92889,0.15986,0.99502,0.09965
5,2000,force_limit_abort_5_2000_0,force_limit_abort,probe_06,0,1,none,83,1.48352,0.00000,0,0.12000,0.14000,0.88000,0.64571,0.89249,0.63313,0.98076,0.19521
5,2000,force_limit_abort_5_2000_0,force_limit_abort,probe_07,0,1,none,89,1.50825,0.00000,0,0.10000,0.86000,0.91000,0.25714,0.90864,0.26314,0.98545,0.16995
5,2001,force_limit_abort_5_2001_0,force_limit_abort,probe_00,0,1,none,71,1.20730,0.00000,0,0.07875,0.73618,0.92378,0.64017,0.91502,0.63448,0.86677,0.49871
5,2001,force_limit_abort_5_2001_0,force_limit_abort,probe_01,0,1,none,73,1.12522,0.00000,0,0.07000,0.58923,0.93000,0.52824,0.94774,0.53984,0.99845,-0.05570
5,2001,force_limit_abort_5_2001_0,force_limit_abort,probe_02,1,0,force_limit,34,0.50801,1.76342,1,0.12000,0.14000,0.88000,0.35429,0.49518,0.20084,0.91345,0.40694
5,2001,force_limit_abort_5_2001_0,force_limit_abort,probe_03,0,1,none,70,1.25640,0.00000,0,0.10000,0.86000,0.91000,0.74286,0.91443,0.73700,0.77942,-0.62650
5,2001,force_limit_abort_5_2001_0,force_limit_abort,probe_04,1,0,visible_collision,14,0.21311,1.00000,1,0.16000,0.16000,0.86000,0.75857,0.29642,0.25129,0.99058,0.13697
5,2001,force_limit_abort_5_2001_0,force_limit_abort,probe_05,0,1,none,72,1.25830,0.00000,0,0.07000,0.63357,0.93000,0.65179,0.94164,0.66514,0.18054,0.98357
5,2001,force_limit_abort_5_2001_0,force_limit_abort,probe_06,1,0,visible_collision,18,0.28153,1.00000,1,0.12000,0.14000,0.88000,0.84000,0.27266,0.25195,0.93017,0.36714
5,2001,force_limit_abort_5_2001_0,force_limit_abort,probe_07,0,1,none,81,1.26341,0.00000,0,0.10000,0.86000,0.91000,0.45143,0.91108,0.45751,0.99901,-0.04448
5,2002,force_limit_abort_5_2002_0,force_limit_abort,probe_00,0,1,none,70,1.16101,0.00000,0,0.08045,0.41174,0.91626,0.33137,0.90476,0.34233,0.99874,-0.05028
5,2002,force_limit_abort_5_2002_0,force_limit_abort,probe_01,0,1,none,75,1.25605,0.00000,0,0.07000,0.35674,0.93000,0.35306,0.94921,0.36853,0.77224,-0.63533
5,2002,force_limit_abort_5_2002_0,force_limit_abort,probe_02,0,1,none,64,1.05936,0.00000,0,0.12000,0.14000,0.88000,0.16000,0.88996,0.15793,-0.23575,0.97181
5,2002,force_limit_abort_5_2002_0,force_limit_abort,probe_03,0,1,none,81,1.39215,0.00000,0,0.10000,0.86000,0.91000,0.45143,0.92512,0.46954,0.95932,0.28234
5,2002,force_limit_abort_5_2002_0,force_limit_abort,probe_04,0,1,none,85,1.35433,0.00000,0,0.16000,0.84000,0.86000,0.14850,0.85124,0.13828,0.15476,-0.98795
5,2002,force_limit_abort_5_2002_0,force_limit_abort,probe_05,0,1,none,72,1.26910,0.00000,0,0.07000,0.63462,0.93000,0.65126,0.94156,0.67452,0.75323,0.65776
5,2002,force_limit_abort_5_2002_0,force_limit_abort,probe_06,0,1,none,68,1.15925,0.00000,0,0.12000,0.14000,0.88000,0.25714,0.89016,0.26938,0.20224,0.97934
5,2002,force_limit_abort_5_2002_0,force_limit_abort,probe_07,1,0,visible_collision,53,0.85496,1.00000,1,0.10000,0.86000,0.91000,0.54857,0.66978,0.67349,0.91162,0.41103
5,2003,force_limit_abort_5_2003_0,force_limit_abort,probe_00,0,1,none,72,1.16889,0.00000,0,0.07140,0.37273,0.91364,0.28983,0.91648,0.28737,0.46975,-0.88280
5,2003,force_limit_abort_5_2003_0,force_limit_abort,probe_01,0,1,none,75,1.28863,0.00000,0,0.07000,0.19085,0.93000,0.29029,0.93112,0.28223,0.99788,-0.06512
5,2003,force_limit_abort_5_2003_0,force_limit_abort,probe_02,0,1,none,79,1.21678,0.00000,0,0.12000,0.14000,0.88000,0.54857,0.88340,0.54291,-0.90802,0.41893
5,2003,force_limit_abort_5_2003_0,force_limit_abort,probe_03,0,1,none,85,1.37775,0.00000,0,0.10000,0.86000,0.91000,0.35429,0.91665,0.36017,0.75751,-0.65283
5,2003,force_limit_abort_5_2003_0,force_limit_abort,probe_04,0,1,none,67,1.19550,0.00000,0,0.16000,0.64571,0.86000,0.37908,0.87185,0.40787,0.74157,-0.67088
5,2003,force_limit_abort_5_2003_0,force_limit_abort,probe_05,1,0,force_limit,27,0.41730,1.77669,1,0.07000,0.72306,0.93000,0.75276,0.39152,0.70458,0.97614,-0.21716
5,2003,force_limit_abort_5_2003_0,force_limit_abort,probe_06,1,0,visible_collision,74,1.29337,1.00000,1,0.12000,0.14000,0.88000,0.84000,0.74096,0.70203,0.95673,0.29098
5,2003,force_limit_abort_5_2003_0,force_limit_abort,probe_07,1,0,force_limit,27,0.50464,1.71804,1,0.10000,0.86000,0.91000,0.45143,0.36606,0.72505,0.88638,-0.46296
5,2004,force_limit_abort_5_2004_0,force_limit_abort,probe_00,1,0,force_limit,38,0.60563,1.96114,1,0.06703,0.46376,0.91177,0.50355,0.52579,0.47230,0.91642,-0.40022
5,2004,force_limit_abort_5_2004_0,force_limit_abort,probe_01,1,0,force_limit,39,0.62707,1.50491,1,0.07000,0.39886,0.93000,0.47771,0.53090,0.39539,0.91325,0.40740
5,2004,force_limit_abort_5_2004_0,force_limit_abort,probe_02,1,0,force_limit,45,0.71965,1.21516,1,0.12000,0.14000,0.88000,0.74286,0.52002,0.42033,0.55239,0.83358
5,2004,force_limit_abort_5_2004_0,force_limit_abort,probe_03,1,0,force_limit,49,0.75662,1.89847,1,0.10000,0.86000,0.91000,0.25714,0.51476,0.45117,0.75308,-0.65793
5,2004,force_limit_abort_5_2004_0,force_limit_abort,probe_04,1,0,force_limit,32,0.49656,1.69756,1,0.16000,0.54857,0.86000,0.44712,0.51734,0.49526,0.86708,-0.49816
5,2004,force_limit_abort_5_2004_0,force_limit_abort,probe_05,0,1,none,71,1.10687,0.00000,0,0.07000,0.15960,0.93000,0.16020,0.93787,0.15760,0.98818,0.15331
5,2004,force_limit_abort_5_2004_0,force_limit_abort,probe_06,0,1,none,72,1.22428,0.00000,0,0.12000,0.14000,0.88000,0.35429,0.88632,0.37165,0.43957,0.89821
5,2004,force_limit_abort_5_2004_0,force_limit_abort,probe_07,1,0,visible_collision,56,0.92290,1.00000,1,0.10000,0.86000,0.91000,0.64571,0.74558,0.72440,0.59335,-0.80495
5,2005,force_limit_abort_5_2005_0,force_limit_abort,probe_00,1,0,force_limit,24,0.40631,1.57109,1,0.06942,0.57802,0.90982,0.39121,0.33652,0.53607,0.78549,0.61888
5,2005,force_limit_abort_5_2005_0,force_limit_abort,probe_01,0,1,none,75,1.27577,0.00000,0,0.07000,0.90000,0.93000,0.80897,0.93794,0.81329,0.99691,-0.07857
5,2005,force_limit_abort_5_2005_0,force_limit_abort,probe_02,0,1,none,64,0.98015,0.00000,0,0.12000,0.14000,0.88000,0.16000,0.88649,0.16914,0.87531,0.48355
5,2005,force_limit_abort_5_2005_0,force_limit_abort,probe_03,1,0,force_limit,33,0.47510,1.68797,1,0.10000,0.86000,0.91000,0.25714,0.36967,0.59952,0.66620,-0.74577
5,2005,force_limit_abort_5_2005_0,force_limit_abort,probe_04,1,0,force_limit,20,0.30273,1.35522,1,0.16000,0.64571,0.86000,0.26717,0.34154,0.50641,0.04545,0.99897
5,2005,force_limit_abort_5_2005_0,force_limit_abort,probe_05,1,0,visible_collision,49,0.84418,1.00000,1,0.07000,0.79354,0.93000,0.71751,0.66406,0.78090,0.72204,0.69185
5,2005,force_limit_abort_5_2005_0,force_limit_abort,probe_06,1,0,visible_collision,17,0.23468,1.00000,1,0.12000,0.14000,0.88000,0.35429,0.26050,0.26870,0.77784,0.62846
5,2005,force_limit_abort_5_2005_0,force_limit_abort,probe_07,0,1,none,78,1.25493,0.00000,0,0.10000,0.86000,0.91000,0.54857,0.90388,0.54200,0.76395,0.64528
5,2006,force_limit_abort_5_2006_0,force_limit_abort,probe_00,0,1,none,70,1.11254,0.00000,0,0.07644,0.34822,0.91684,0.26843,0.91477,0.26795,0.86918,-0.49449
5,2006,force_limit_abort_5_2006_0,force_limit_abort,probe_01,0,1,none,73,1.24170,0.00000,0,0.07000,0.15790,0.93000,0.16105,0.93592,0.16061,0.61867,0.78565
5,2006,force_limit_abort_5_2006_0,force_limit_abort,probe_02,1,0,visible_collision,15,0.21249,1.00000,1,0.12000,0.14000,0.88000,0.45143,0.23710,0.24050,-0.02260,0.99974
5,2006,force_limit_abort_5_2006_0,force_limit_abort,probe_03,0,1,none,89,1.43782,0.00000,0,0.10000,0.86000,0.91000,0.25714,0.91300,0.27079,0.99856,0.05362
5,2006,force_limit_abort_5_2006_0,force_limit_abort,probe_04,0,1,none,68,1.08240,0.00000,0,0.16000,0.64571,0.86000,0.35341,0.86053,0.36447,-0.77043,0.63752
5,2006,force_limit_abort_5_2006_0,force_limit_abort,probe_05,0,1,none,73,1.20705,0.00000,0,0.07000,0.32445,0.93000,0.36921,0.94256,0.35530,0.07846,0.99692
5,2006,force_limit_abort_5_2006_0,force_limit_abort,probe_06,0,1,none,79,1.25327,0.00000,0,0.12000,0.14000,0.88000,0.54857,0.88393,0.54106,0.99384,0.11086
5,2006,force_limit_abort_5_2006_0,force_limit_abort,probe_07,1,0,force_limit,41,0.65330,1.70948,1,0.10000,0.86000,0.91000,0.84000,0.62142,0.83838,0.99165,-0.12897
5,2007,force_limit_abort_5_2007_0,force_limit_abort,probe_00,0,1,none,69,1.19797,0.00000,0,0.07537,0.62138,0.91300,0.66765,0.91416,0.65468,0.35717,0.93404
5,2007,force_limit_abort_5_2007_0,force_limit_abort,probe_01,0,1,none,71,1.14237,0.00000,0,0.07000,0.45220,0.93000,0.45104,0.93206,0.46670,0.75591,-0.65468
5,2007,force_limit_abort_5_2007_0,force_limit_abort,probe_02,0,1,none,68,1.09019,0.00000,0,0.12000,0.14000,0.88000,0.16000,0.89453,0.15366,-0.25579,0.96673
5,2007,force_limit_abort_5_2007_0,force_limit_abort,probe_03,1,0,force_limit,54,0.88662,1.19737,1,0.10000,0.86000,0.91000,0.25714,0.55653,0.41413,0.46787,-0.88380
5,2007,force_limit_abort_5_2007_0,force_limit_abort,probe_04,1,0,force_limit,52,0.91133,1.24765,1,0.16000,0.84000,0.86000,0.20345,0.58794,0.41727,0.60681,-0.79485
5,2007,force_limit_abort_5_2007_0,force_limit_abort,probe_05,0,1,none,75,1.20193,0.00000,0,0.07000,0.71496,0.93000,0.75680,0.94186,0.76068,0.98676,0.16221
5,2007,force_limit_abort_5_2007_0,force_limit_abort,probe_06,1,0,force_limit,29,0.49107,1.88448,1,0.12000,0.14000,0.88000,0.54857,0.39661,0.31000,0.99354,-0.11349
5,2007,force_limit_abort_5_2007_0,force_limit_abort,probe_07,1,0,visible_collision,57,1.03273,1.00000,1,0.10000,0.86000,0.91000,0.64571,0.75157,0.74506,0.97607,-0.21746
5,2008,force_limit_abort_5_2008_0,force_limit_abort,probe_00,1,0,force_limit,38,0.68254,1.71911,1,0.06592,0.20712,0.90866,0.21849,0.52488,0.22066,0.99486,0.10126
5,2008,force_limit_abort_5_2008_0,force_limit_abort,probe_01,0,1,none,73,1.20912,0.00000,0,0.07000,0.52275,0.93000,0.56148,0.93408,0.55430,-0.78661,0.61745
5,2008,force_limit_abort_5_2008_0,force_limit_abort,probe_02,1,0,force_limit,38,0.60036,1.81897,1,0.12000,0.14000,0.88000,0.25714,0.53459,0.21488,0.99805,-0.06237
5,2008,force_limit_abort_5_2008_0,force_limit_abort,probe_03,0,1,none,66,1.12446,0.00000,0,0.10000,0.86000,0.91000,0.84000,0.91544,0.83342,0.87377,0.48635
5,2008,force_limit_abort_5_2008_0,force_limit_abort,probe_04,0,1,none,70,1.20347,0.00000,0,0.16000,0.35429,0.86000,0.68935,0.86407,0.68333,0.70031,0.71384
5,2008,force_limit_abort_5_2008_0,force_limit_abort,probe_05,1,0,visible_collision,51,0.83019,1.00000,1,0.07000,0.77096,0.93000,0.72880,0.67733,0.79234,0.92125,0.38897
5,2008,force_limit_abort_5_2008_0,force_limit_abort,probe_06,1,0,visible_collision,20,0.29783,1.00000,1,0.12000,0.14000,0.88000,0.64571,0.30067,0.25620,0.99422,0.10733
5,2008,force_limit_abort_5_2008_0,force_limit_abort,probe_07,1,0,force_limit,67,1.07728,2.01517,1,0.10000,0.86000,0.91000,0.16000,0.64744,0.29509,0.97511,-0.22173
5,2009,force_limit_abort_5_2009_0,force_limit_abort,probe_00,1,0,force_limit,26,0.40717,1.58398,1,0.07780,0.40685,0.91002,0.51610,0.38440,0.46691,0.83654,0.54791
5,2009,force_limit_abort_5_2009_0,force_limit_abort,probe_01,0,1,none,75,1.28375,0.00000,0,0.07000,0.74709,0.93000,0.74074,0.94712,0.73117,0.82672,0.56262
5,2009,force_limit_abort_5_2009_0,force_limit_abort,probe_02,1,0,visible_collision,20,0.30784,1.00000,1,0.12000,0.14000,0.88000,0.54857,0.30719,0.21807,-0.94713,-0.32086
5,2009,force_limit_abort_5_2009_0,force_limit_abort,probe_03,0,1,none,66,1.18766,0.00000,0,0.10000,0.86000,0.91000,0.84000,0.92119,0.83027,0.82327,0.56765
5,2009,force_limit_abort_5_2009_0,force_limit_abort,probe_04,1,0,visible_collision,16,0.24672,1.00000,1,0.16000,0.16000,0.86000,0.82222,0.31387,0.22034,0.28315,0.95908
5,2009,force_limit_abort_5_2009_0,force_limit_abort,probe_05,0,1,none,72,1.23500,0.00000,0,0.07000,0.62622,0.93000,0.65546,0.93077,0.66093,0.02763,0.99962
5,2009,force_limit_abort_5_2009_0,force_limit_abort,probe_06,0,1,none,72,1.14899,0.00000,0,0.12000,0.14000,0.88000,0.35429,0.87445,0.35994,0.58024,0.81444
5,2009,force_limit_abort_5_2009_0,force_limit_abort,probe_07,1,0,force_limit,41,0.71644,1.59193,1,0.10000,0.86000,0.91000,0.25714,0.43822,0.51754,-0.61117,0.79150
5,2010,force_limit_abort_5_2010_0,force_limit_abort,probe_00,0,1,none,71,1.17082,0.00000,0,0.08014,0.50372,0.90774,0.40487,0.90428,0.41612,0.99746,0.07119
5,2010,force_limit_abort_5_2010_0,force_limit_abort,probe_01,0,1,none,72,1.19335,0.00000,0,0.07000,0.23979,0.93000,0.26582,0.93547,0.26728,0.71504,-0.69908
5,2010,force_limit_abort_5_2010_0,force_limit_abort,probe_02,1,0,visible_collision,19,0.30674,1.00000,1,0.12000,0.14000,0.88000,0.45143,0.27696,0.25127,0.78467,0.61991
5,2010,force_limit_abort_5_2010_0,force_limit_abort,probe_03,0,1,none,93,1.56173,0.00000,0,0.10000,0.86000,0.91000,0.16000,0.91126,0.15217,0.94127,0.33765
5,2010,force_limit_abort_5_2010_0,force_limit_abort,probe_04,1,0,force_limit,16,0.27026,1.42936,1,0.16000,0.84000,0.86000,0.22025,0.28830,0.72952,0.56568,-0.82462
5,2010,force_limit_abort_5_2010_0,force_limit_abort,probe_05,0,1,none,72,1.13825,0.00000,0,0.07000,0.36994,0.93000,0.34646,0.94124,0.33201,-0.63228,0.77474
5,2010,force_limit_abort_5_2010_0,force_limit_abort,probe_06,0,1,none,83,1.41881,0.00000,0,0.12000,0.14000,0.88000,0.64571,0.88571,0.62876,0.90006,0.43577
5,2010,force_limit_abort_5_2010_0,force_limit_abort,probe_07,1,0,force_limit,19,0.26616,1.90916,1,0.10000,0.86000,0.91000,0.54857,0.30840,0.78644,0.99263,0.12121
5,2011,force_limit_abort_5_2011_0,force_limit_abort,probe_00,0,1,none,69,1.11148,0.00000,0,0.07782,0.60414,0.92118,0.57162,0.90612,0.56484,0.22606,-0.97411
5,2011,force_limit_abort_5_2011_0,force_limit_abort,probe_01,1,0,force_limit,33,0.56001,1.14611,1,0.07000,0.53930,0.93000,0.55321,0.46870,0.53314,0.76692,-0.64174
5,2011,force_limit_abort_5_2011_0,force_limit_abort,probe_02,0,1,none,64,1.07376,0.00000,0,0.12000,0.14000,0.88000,0.16000,0.88051,0.15835,0.33387,-0.94262
5,2011,force_limit_abort_5_2011_0,force_limit_abort,probe_03,0,1,none,74,1.22033,0.00000,0,0.10000,0.86000,0.91000,0.64571,0.92445,0.64889,-0.09250,-0.99571
5,2011,force_limit_abort_5_2011_0,force_limit_abort,probe_04,1,0,force_limit,37,0.61133,1.37671,1,0.16000,0.84000,0.86000,0.18434,0.46788,0.53417,0.23729,-0.97144
5,2011,force_limit_abort_5_2011_0,force_limit_abort,probe_05,0,1,none,76,1.21356,0.00000,0,0.07000,0.27419,0.93000,0.24862,0.94214,0.24438,0.99617,0.08746
5,2011,force_limit_abort_5_2011_0,force_limit_abort,probe_06,0,1,none,72,1.16821,0.00000,0,0.12000,0.14000,0.88000,0.35429,0.88207,0.36163,0.63008,0.77653
5,2011,force_limit_abort_5_2011_0,force_limit_abort,probe_07,1,0,visible_collision,52,0.85818,1.00000,1,0.10000,0.86000,0.91000,0.74286,0.74165,0.84378,0.20200,-0.97938
5,2012,force_limit_abort_5_2012_0,force_limit_abort,probe_00,1,0,force_limit,37,0.67688,1.83063,1,0.07228,0.24427,0.92017,0.31976,0.50922,0.23780,0.97369,0.22786
5,2012,force_limit_abort_5_2012_0,force_limit_abort,probe_01,1,0,visible_collision,50,0.88906,1.00000,1,0.07000,0.74982,0.93000,0.73937,0.67518,0.72067,0.23118,-0.97291
5,2012,force_limit_abort_5_2012_0,force_limit_abort,probe_02,0,1,none,83,1.27822,0.00000,0,0.12000,0.14000,0.88000,0.64571,0.88416,0.63044,0.82820,0.56043
5,2012,force_limit_abort_5_2012_0,force_limit_abort,probe_03,0,1,none,85,1.42642,0.00000,0,0.10000,0.86000,0.91000,0.35429,0.91683,0.36060,0.97244,0.23315
5,2012,force_limit_abort_5_2012_0,force_limit_abort,probe_04,0,1,none,84,1.34877,0.00000,0,0.16000,0.16000,0.86000,0.81652,0.86241,0.80759,0.97926,0.20261
5,2012,force_limit_abort_5_2012_0,force_limit_abort,probe_05,0,1,none,71,1.11991,0.00000,0,0.07000,0.84306,0.93000,0.83847,0.93298,0.84207,0.91939,-0.39335
5,2012,force_limit_abort_5_2012_0,force_limit_abort,probe_06,0,1,none,79,1.30823,0.00000,0,0.12000,0.14000,0.88000,0.54857,0.88529,0.52478,0.80058,0.59923
5,2012,force_limit_abort_5_2012_0,force_limit_abort,probe_07,0,1,none,81,1.38595,0.00000,0,0.10000,0.86000,0.91000,0.45143,0.90329,0.46635,0.92232,0.38642
5,2013,force_limit_abort_5_2013_0,force_limit_abort,probe_00,1,0,force_limit,39,0.62669,2.00594,1,0.07438,0.47229,0.92162,0.69582,0.50181,0.55241,0.98531,-0.17078
5,2013,force_limit_abort_5_2013_0,force_limit_abort,probe_01,1,0,force_limit,36,0.55711,1.66655,1,0.07000,0.52917,0.93000,0.55827,0.49948,0.53535,0.99661,-0.08227
5,2013,force_limit_abort_5_2013_0,force_limit_abort,probe_02,0,1,none,72,1.13133,0.00000,0,0.12000,0.14000,0.88000,0.35429,0.87514,0.36500,0.30397,0.95268
5,2013,force_limit_abort_5_2013_0,force_limit_abort,probe_03,0,1,none,89,1.39195,0.00000,0,0.10000,0.86000,0.91000,0.25714,0.91295,0.25643,0.63572,0.77192
5,2013,force_limit_abort_5_2013_0,force_limit_abort,probe_04,1,0,force_limit,32,0.50893,1.81131,1,0.16000,0.45143,0.86000,0.52551,0.52964,0.52051,0.94255,-0.33408
5,2013,force_limit_abort_5_2013_0,force_limit_abort,probe_05,0,1,none,71,1.11065,0.00000,0,0.07000,0.74442,0.93000,0.74208,0.93606,0.74139,0.67917,0.73398
5,2013,force_limit_abort_5_2013_0,force_limit_abort,probe_06,0,1,none,64,1.05652,0.00000,0,0.12000,0.14000,0.88000,0.16000,0.88810,0.16309,0.94246,0.33432
5,2013,force_limit_abort_5_2013_0,force_limit_abort,probe_07,0,1,none,68,1.17252,0.00000,0,0.10000,0.86000,0.91000,0.84000,0.91400,0.84833,0.17405,0.98474
5,3000,human_stop_constraint_5_3000_0,human_stop_constraint,probe_00,1,0,visible_collision,52,0.89926,1.00000,1,0.07703,0.82000,0.90926,0.84000,0.72048,0.79129,0.94157,0.33682
5,3000,human_stop_constraint_5_3000_0,human_stop_constraint,probe_01,1,0,human_stop,42,0.71308,1.01000,0,0.07000,0.56555,0.93000,0.63723,0.56006,0.55545,0.91767,-0.39734
5,3000,human_stop_constraint_5_3000_0,human_stop_constraint,probe_02,1,0,visible_collision,25,0.44106,1.00000,1,0.12000,0.14000,0.88000,0.72667,0.32053,0.30489,-0.09495,0.99548
5,3000,human_stop_constraint_5_3000_0,human_stop_constraint,probe_03,1,0,human_stop,52,1.04527,1.01000,0,0.10000,0.86000,0.91000,0.27333,0.52997,0.43000,0.62794,-0.77827
5,3000,human_stop_constraint_5_3000_0,human_stop_constraint,probe_04,1,0,human_stop,32,0.57690,1.01000,0,0.16000,0.50000,0.86000,0.51160,0.55006,0.50752,0.95339,0.30174
5,3000,human_stop_constraint_5_3000_0,human_stop_constraint,probe_05,0,1,none,74,1.31261,0.00000,0,0.07000,0.10866,0.93000,0.18567,0.93282,0.18879,0.12346,0.99235
5,3000,human_stop_constraint_5_3000_0,human_stop_constraint,probe_06,1,0,human_stop,50,0.86730,1.01000,0,0.12000,0.14000,0.88000,0.84000,0.53740,0.51078,0.57785,0.81614
5,3001,human_stop_constraint_5_3001_0,human_stop_constraint,probe_00,1,0,human_stop,27,0.50425,1.01000,0,0.07297,0.52333,0.91198,0.34867,0.37041,0.44440,0.77860,0.62752
5,3001,human_stop_constraint_5_3001_0,human_stop_constraint,probe_01,0,1,none,77,1.30890,0.00000,0,0.07000,0.72881,0.93000,0.89559,0.94253,0.87859,0.36511,0.93096
5,3001,human_stop_constraint_5_3001_0,human_stop_constraint,probe_02,1,0,visible_collision,19,0.26771,1.00000,1,0.12000,0.14000,0.88000,0.61333,0.30867,0.20140,0.87897,0.47688
5,3001,human_stop_constraint_5_3001_0,human_stop_constraint,probe_03,1,0,human_stop,41,0.68850,1.01000,0,0.10000,0.86000,0.91000,0.27333,0.43478,0.52269,0.57360,-0.81913
5,3001,human_stop_constraint_5_3001_0,human_stop_constraint,probe_04,1,0,visible_collision,10,0.14419,1.00000,1,0.16000,0.16000,0.86000,0.78109,0.26646,0.19528,0.99846,-0.05553
5,3001,human_stop_constraint_5_3001_0,human_stop_constraint,probe_05,1,0,human_stop,27,0.45376,1.01000,0,0.07000,0.48255,0.93000,0.50872,0.39469,0.48693,0.92373,0.38304
5,3001,human_stop_constraint_5_3001_0,human_stop_constraint,probe_06,1,0,visible_collision,16,0.26340,1.00000,1,0.12000,0.14000,0.88000,0.72667,0.27097,0.19458,0.98226,0.18753
5,3002,human_stop_constraint_5_3002_0,human_stop_constraint,probe_00,0,1,none,72,1.23348,0.00000,0,0.07588,0.21585,0.91924,0.27599,0.92852,0.29382,0.99060,0.13676
5,3002,human_stop_constraint_5_3002_0,human_stop_constraint,probe_01,0,1,none,72,1.24926,0.00000,0,0.07000,0.14107,0.93000,0.16946,0.94127,0.15702,0.87829,0.47813
5,3002,human_stop_constraint_5_3002_0,human_stop_constraint,probe_02,0,1,none,68,1.21000,0.00000,0,0.12000,0.14000,0.88000,0.27333,0.88092,0.26633,0.78596,0.61828
5,3002,human_stop_constraint_5_3002_0,human_stop_constraint,probe_03,0,1,none,75,1.38505,0.00000,0,0.10000,0.86000,0.91000,0.61333,0.91527,0.62216,0.99447,0.10501
5,3002,human_stop_constraint_5_3002_0,human_stop_constraint,probe_04,0,1,none,58,1.01233,0.00000,0,0.16000,0.50000,0.86000,0.54359,0.86540,0.53293,0.80879,0.58810
5,3002,human_stop_constraint_5_3002_0,human_stop_constraint,probe_05,0,1,none,74,1.35368,0.00000,0,0.07000,0.88058,0.93000,0.81971,0.93668,0.81229,0.90739,-0.42028
5,3002,human_stop_constraint_5_3002_0,human_stop_constraint,probe_06,1,0,visible_collision,17,0.24328,1.00000,1,0.12000,0.14000,0.88000,0.72667,0.28615,0.20304,0.87474,-0.48458
5,3003,human_stop_constraint_5_3003_0,human_stop_constraint,probe_00,0,1,none,68,1.22569,0.00000,0,0.08155,0.18000,0.90779,0.16000,0.91309,0.14526,0.83492,-0.55038
5,3003,human_stop_constraint_5_3003_0,human_stop_constraint,probe_01,1,0,human_stop,35,0.60398,1.01000,0,0.07000,0.50667,0.93000,0.49667,0.49852,0.50200,0.49275,-0.87017
5,3003,human_stop_constraint_5_3003_0,human_stop_constraint,probe_02,0,1,none,68,1.16644,0.00000,0,0.12000,0.14000,0.88000,0.27333,0.88850,0.26135,0.65492,0.75570
5,3003,human_stop_constraint_5_3003_0,human_stop_constraint,probe_03,0,1,none,75,1.27498,0.00000,0,0.10000,0.86000,0.91000,0.61333,0.91701,0.61249,0.67859,-0.73452
5,3003,human_stop_constraint_5_3003_0,human_stop_constraint,probe_04,1,0,human_stop,40,0.69181,1.01000,0,0.16000,0.84000,0.86000,0.20211,0.49429,0.52530,0.99774,-0.06718
5,3003,human_stop_constraint_5_3003_0,human_stop_constraint,probe_05,0,1,none,73,1.28260,0.00000,0,0.07000,0.18879,0.93000,0.14560,0.93304,0.15202,0.86219,-0.50659
5,3003,human_stop_constraint_5_3003_0,human_stop_constraint,probe_06,1,0,human_stop,47,0.79666,1.01000,0,0.12000,0.14000,0.88000,0.72667,0.49220,0.52503,0.89063,0.45473
5,3004,human_stop_constraint_5_3004_0,human_stop_constraint,probe_00,0,1,none,70,1.32710,0.00000,0,0.07056,0.38915,0.91605,0.40726,0.92399,0.42010,-0.47301,0.88106
5,3004,human_stop_constraint_5_3004_0,human_stop_constraint,probe_01,1,0,human_stop,33,0.57644,1.01000,0,0.07000,0.82367,0.93000,0.84817,0.45854,0.80942,0.97769,0.21005
5,3004,human_stop_constraint_5_3004_0,human_stop_constraint,probe_02,0,1,none,87,1.49676,0.00000,0,0.12000,0.14000,0.88000,0.72667,0.88230,0.74857,0.87537,0.48346
5,3004,human_stop_constraint_5_3004_0,human_stop_constraint,probe_03,1,0,human_stop,33,0.56618,1.01000,0,0.10000,0.86000,0.91000,0.16000,0.37067,0.59735,0.57875,-0.81550
5,3004,human_stop_constraint_5_3004_0,human_stop_constraint,probe_04,1,0,human_stop,27,0.51593,1.01000,0,0.16000,0.27333,0.86000,0.76958,0.38919,0.48396,0.95795,0.28693
5,3004,human_stop_constraint_5_3004_0,human_stop_constraint,probe_05,0,1,none,71,1.27677,0.00000,0,0.07000,0.39759,0.93000,0.38120,0.93296,0.37030,0.87223,-0.48910
5,3004,human_stop_constraint_5_3004_0,human_stop_constraint,probe_06,0,1,none,82,1.43889,0.00000,0,0.12000,0.14000,0.88000,0.61333,0.88663,0.61541,0.92904,-0.36999
5,3005,human_stop_constraint_5_3005_0,human_stop_constraint,probe_00,1,0,human_stop,42,0.78083,1.01000,0,0.07680,0.39095,0.91255,0.64424,0.55829,0.48738,0.62572,0.78005
5,3005,human_stop_constraint_5_3005_0,human_stop_constraint,probe_01,1,0,human_stop,41,0.73793,1.01000,0,0.07000,0.46326,0.93000,0.51837,0.57470,0.47144,0.95843,-0.28533
5,3005,human_stop_constraint_5_3005_0,human_stop_constraint,probe_02,1,0,visible_collision,24,0.43617,1.00000,1,0.12000,0.14000,0.88000,0.61333,0.32321,0.24786,0.95642,-0.29201
5,3005,human_stop_constraint_5_3005_0,human_stop_constraint,probe_03,0,1,none,93,1.67794,0.00000,0,0.10000,0.86000,0.91000,0.16000,0.90228,0.15765,0.97809,-0.20818
5,3005,human_stop_constraint_5_3005_0,human_stop_constraint,probe_04,1,0,human_stop,37,0.66004,1.01000,0,0.16000,0.38667,0.86000,0.58918,0.57933,0.45809,0.93813,0.34628
5,3005,human_stop_constraint_5_3005_0,human_stop_constraint,probe_05,1,0,visible_collision,19,0.30966,1.00000,1,0.07000,0.31131,0.93000,0.25434,0.26939,0.32407,0.17098,0.98527
5,3005,human_stop_constraint_5_3005_0,human_stop_constraint,probe_06,0,1,none,93,1.59523,0.00000,0,0.12000,0.14000,0.88000,0.84000,0.89473,0.82636,0.59558,0.80329
5,3006,human_stop_constraint_5_3006_0,human_stop_constraint,probe_00,0,1,none,75,1.29728,0.00000,0,0.07229,0.82000,0.91279,0.65587,0.90365,0.66001,0.99334,0.11525
5,3006,human_stop_constraint_5_3006_0,human_stop_constraint,probe_01,0,1,none,72,1.37806,0.00000,0,0.07000,0.28897,0.93000,0.26551,0.93798,0.25976,0.82885,0.55947
5,3006,human_stop_constraint_5_3006_0,human_stop_constraint,probe_02,0,1,none,64,1.26362,0.00000,0,0.12000,0.14000,0.88000,0.16000,0.89370,0.14809,0.58117,0.81379
5,3006,human_stop_constraint_5_3006_0,human_stop_constraint,probe_03,1,0,human_stop,41,0.66401,1.01000,0,0.10000,0.86000,0.91000,0.38667,0.47319,0.57979,0.81561,-0.57860
5,3006,human_stop_constraint_5_3006_0,human_stop_constraint,probe_04,1,0,human_stop,29,0.49279,1.01000,0,0.16000,0.61333,0.86000,0.39343,0.48128,0.52871,0.98300,-0.18359
5,3006,human_stop_constraint_5_3006_0,human_stop_constraint,probe_05,0,1,none,74,1.35652,0.00000,0,0.07000,0.87960,0.93000,0.82020,0.94199,0.80420,0.97886,-0.20454
5,3006,human_stop_constraint_5_3006_0,human_stop_constraint,probe_06,1,0,human_stop,47,0.96370,1.01000,0,0.12000,0.14000,0.88000,0.72667,0.50591,0.52738,0.41485,0.90989
5,3007,human_stop_constraint_5_3007_0,human_stop_constraint,probe_00,1,0,human_stop,35,0.60699,1.01000,0,0.06572,0.48126,0.92162,0.52335,0.49100,0.47566,0.98414,0.17740
5,3007,human_stop_constraint_5_3007_0,human_stop_constraint,probe_01,0,1,none,71,1.20225,0.00000,0,0.07000,0.16132,0.93000,0.15934,0.94825,0.16048,0.96260,0.27093
5,3007,human_stop_constraint_5_3007_0,human_stop_constraint,probe_02,1,0,human_stop,41,0.70746,1.01000,0,0.12000,0.14000,0.88000,0.61333,0.50549,0.35416,0.84351,0.53711
5,3007,human_stop_constraint_5_3007_0,human_stop_constraint,probe_03,1,0,human_stop,35,0.61772,1.01000,0,0.10000,0.86000,0.91000,0.50000,0.47583,0.71905,0.97402,-0.22645
5,3007,human_stop_constraint_5_3007_0,human_stop_constraint,probe_04,1,0,human_stop,42,0.69262,1.01000,0,0.16000,0.84000,0.86000,0.20793,0.49690,0.49162,0.12872,-0.99168
5,3007,human_stop_constraint_5_3007_0,human_stop_constraint,probe_05,1,0,human_stop,33,0.62281,1.01000,0,0.07000,0.70704,0.93000,0.73648,0.48209,0.71063,0.94836,0.31720
5,3007,human_stop_constraint_5_3007_0,human_stop_constraint,probe_06,0,1,none,68,1.15442,0.00000,0,0.12000,0.14000,0.88000,0.27333,0.88639,0.26637,0.72206,0.69183
5,3008,human_stop_constraint_5_3008_0,human_stop_constraint,probe_00,1,0,human_stop,40,0.69589,1.01000,0,0.07531,0.60623,0.92485,0.37592,0.54111,0.55169,0.91319,0.40753
5,3008,human_stop_constraint_5_3008_0,human_stop_constraint,probe_01,0,1,none,72,1.25893,0.00000,0,0.07000,0.72240,0.93000,0.72880,0.94790,0.72909,0.31241,0.94995
5,3008,human_stop_constraint_5_3008_0,human_stop_constraint,probe_02,0,1,none,64,1.05724,0.00000,0,0.12000,0.14000,0.88000,0.16000,0.90145,0.17742,0.34938,0.93698
5,3008,human_stop_constraint_5_3008_0,human_stop_constraint,probe_03,1,0,human_stop,44,0.73186,1.01000,0,0.10000,0.86000,0.91000,0.50000,0.55718,0.66203,0.98393,-0.17857
5,3008,human_stop_constraint_5_3008_0,human_stop_constraint,probe_04,1,0,human_stop,32,0.59505,1.01000,0,0.16000,0.61333,0.86000,0.42453,0.52593,0.57257,0.89087,0.45426
5,3008,human_stop_constraint_5_3008_0,human_stop_constraint,probe_05,0,1,none,72,1.26358,0.00000,0,0.07000,0.85602,0.93000,0.83199,0.94844,0.84098,0.47140,-0.88192
5,3008,human_stop_constraint_5_3008_0,human_stop_constraint,probe_06,0,1,none,73,1.26078,0.00000,0,0.12000,0.14000,0.88000,0.38667,0.87803,0.38407,0.45193,0.89205
5,3009,human_stop_constraint_5_3009_0,human_stop_constraint,probe_00,1,0,human_stop,29,0.53429,1.01000,0,0.07173,0.34730,0.92281,0.56118,0.39062,0.38772,0.98673,-0.16238
5,3009,human_stop_constraint_5_3009_0,human_stop_constraint,probe_01,0,1,none,74,1.27547,0.00000,0,0.07000,0.20108,0.93000,0.13946,0.94260,0.13283,0.60413,-0.79689
5,3009,human_stop_constraint_5_3009_0,human_stop_constraint,probe_02,1,0,visible_collision,15,0.32591,1.00000,1,0.12000,0.14000,0.88000,0.72667,0.28070,0.20121,0.99973,-0.02327
5,3009,human_stop_constraint_5_3009_0,human_stop_constraint,probe_03,1,0,human_stop,48,0.78780,1.01000,0,0.10000,0.86000,0.91000,0.27333,0.50152,0.45691,0.52400,-0.85172
5,3009,human_stop_constraint_5_3009_0,human_stop_constraint,probe_04,1,0,human_stop,25,0.44232,1.01000,0,0.16000,0.38667,0.86000,0.60323,0.43053,0.44832,0.94072,0.33919
5,3009,human_stop_constraint_5_3009_0,human_stop_constraint,probe_05,1,0,human_stop,32,0.54898,1.01000,0,0.07000,0.45864,0.93000,0.52068,0.45623,0.46157,0.85827,-0.51321
5,3009,human_stop_constraint_5_3009_0,human_stop_constraint,probe_06,1,0,visible_collision,23,0.35437,1.00000,1,0.12000,0.14000,0.88000,0.61333,0.32837,0.22686,0.74388,0.66832
5,3010,human_stop_constraint_5_3010_0,human_stop_constraint,probe_00,0,1,none,70,1.29254,0.00000,0,0.07053,0.18000,0.91906,0.16000,0.89910,0.15285,0.95777,-0.28752
5,3010,human_stop_constraint_5_3010_0,human_stop_constraint,probe_01,0,1,none,74,1.33292,0.00000,0,0.07000,0.43371,0.93000,0.36314,0.93684,0.36401,0.91323,-0.40744
5,3010,human_stop_constraint_5_3010_0,human_stop_constraint,probe_02,0,1,none,68,1.24255,0.00000,0,0.12000,0.14000,0.88000,0.27333,0.88424,0.26934,0.86745,0.49753
5,3010,human_stop_constraint_5_3010_0,human_stop_constraint,probe_03,0,1,none,93,1.71953,0.00000,0,0.10000,0.86000,0.91000,0.16000,0.90337,0.16201,0.97350,0.22867
5,3010,human_stop_constraint_5_3010_0,human_stop_constraint,probe_04,0,1,none,74,1.32804,0.00000,0,0.16000,0.72667,0.86000,0.31190,0.85605,0.30102,-0.44562,0.89522
5,3010,human_stop_constraint_5_3010_0,human_stop_constraint,probe_05,0,1,none,74,1.18219,0.00000,0,0.07000,0.55526,0.93000,0.64237,0.92947,0.64227,0.02040,0.99979
5,3010,human_stop_constraint_5_3010_0,human_stop_constraint,probe_06,1,0,visible_collision,14,0.27134,1.00000,1,0.12000,0.14000,0.88000,0.84000,0.22862,0.23910,-0.99766,0.06831
5,3011,human_stop_constraint_5_3011_0,human_stop_constraint,probe_00,0,1,none,76,1.37432,0.00000,0,0.06515,0.26104,0.91143,0.43253,0.90971,0.44796,0.92560,0.37850
5,3011,human_stop_constraint_5_3011_0,human_stop_constraint,probe_01,0,1,none,72,1.26750,0.00000,0,0.07000,0.48737,0.93000,0.50632,0.92994,0.52676,0.99971,-0.02419
5,3011,human_stop_constraint_5_3011_0,human_stop_constraint,probe_02,0,1,none,64,1.11749,0.00000,0,0.12000,0.14000,0.88000,0.16000,0.88944,0.15556,0.57975,0.81480
5,3011,human_stop_constraint_5_3011_0,human_stop_constraint,probe_03,0,1,none,89,1.66437,0.00000,0,0.10000,0.86000,0.91000,0.27333,0.90391,0.26787,0.97520,0.22133
5,3011,human_stop_constraint_5_3011_0,human_stop_constraint,probe_04,0,1,none,65,1.08260,0.00000,0,0.16000,0.38667,0.86000,0.58761,0.85841,0.57982,0.67878,0.73434
5,3011,human_stop_constraint_5_3011_0,human_stop_constraint,probe_05,1,0,human_stop,35,0.59908,1.01000,0,0.07000,0.81244,0.93000,0.85378,0.47939,0.78828,0.99975,0.02233
5,3011,human_stop_constraint_5_3011_0,human_stop_constraint,probe_06,0,1,none,87,1.37380,0.00000,0,0.12000,0.14000,0.88000,0.72667,0.89452,0.73967,0.13895,0.99030
5,3012,human_stop_constraint_5_3012_0,human_stop_constraint,probe_00,0,1,none,68,1.25831,0.00000,0,0.07824,0.18000,0.90742,0.16000,0.89683,0.16785,0.31701,0.94842
5,3012,human_stop_constraint_5_3012_0,human_stop_constraint,probe_01,1,0,human_stop,29,0.49674,1.01000,0,0.07000,0.66294,0.93000,0.58853,0.41476,0.65926,0.91041,0.41372
5,3012,human_stop_constraint_5_3012_0,human_stop_constraint,probe_02,1,0,human_stop,34,0.58029,1.01000,0,0.12000,0.14000,0.88000,0.50000,0.44052,0.32447,0.72414,0.68965
5,3012,human_stop_constraint_5_3012_0,human_stop_constraint,probe_03,1,0,visible_collision,48,0.99258,1.00000,1,0.10000,0.86000,0.91000,0.72667,0.70296,0.82003,0.88016,-0.47467
5,3012,human_stop_constraint_5_3012_0,human_stop_constraint,probe_04,0,1,none,75,1.27253,0.00000,0,0.16000,0.27333,0.86000,0.71465,0.85769,0.72488,0.97165,0.23642
5,3012,human_stop_constraint_5_3012_0,human_stop_constraint,probe_05,0,1,none,71,1.34424,0.00000,0,0.07000,0.15168,0.93000,0.16416,0.93925,0.15859,0.65238,0.75789
5,3012,human_stop_constraint_5_3012_0,human_stop_constraint,probe_06,1,0,human_stop,51,0.92763,1.01000,0,0.12000,0.14000,0.88000,0.84000,0.49807,0.57918,0.75843,0.65176
5,3013,human_stop_constraint_5_3013_0,human_stop_constraint,probe_00,1,0,human_stop,32,0.63139,1.01000,0,0.07058,0.57499,0.91916,0.69732,0.43030,0.61057,0.99058,0.13695
5,3013,human_stop_constraint_5_3013_0,human_stop_constraint,probe_01,1,0,visible_collision,52,0.89935,1.00000,1,0.07000,0.80204,0.93000,0.85898,0.69748,0.81831,0.87266,0.48832
5,3013,human_stop_constraint_5_3013_0,human_stop_constraint,probe_02,0,1,none,64,1.21348,0.00000,0,0.12000,0.14000,0.88000,0.16000,0.87980,0.15665,-0.37038,0.92888
5,3013,human_stop_constraint_5_3013_0,human_stop_constraint,probe_03,1,0,human_stop,27,0.50954,1.01000,0,0.10000,0.86000,0.91000,0.50000,0.38805,0.74877,0.99966,0.02590
5,3013,human_stop_constraint_5_3013_0,human_stop_constraint,probe_04,0,1,none,66,1.21773,0.00000,0,0.16000,0.38667,0.86000,0.62469,0.85723,0.61480,0.86007,0.51017
5,3013,human_stop_constraint_5_3013_0,human_stop_constraint,probe_05,0,1,none,72,1.31986,0.00000,0,0.07000,0.28923,0.93000,0.26538,0.92519,0.25626,0.99987,0.01612
5,3013,human_stop_constraint_5_3013_0,human_stop_constraint,probe_06,0,1,none,82,1.49951,0.00000,0,0.12000,0.14000,0.88000,0.61333,0.88303,0.60134,-0.83516,0.55000
5,4000,combined_abort_stress_5_4000_0,combined_abort_stress,probe_00,1,0,fixture_snag,30,0.71776,1.28865,1,0.07510,0.67578,0.91679,0.58663,0.44037,0.63311,0.80948,0.58715
5,4000,combined_abort_stress_5_4000_0,combined_abort_stress,probe_01,1,0,fixture_snag,32,0.64343,1.67840,1,0.07000,0.48397,0.93000,0.50801,0.45525,0.49861,0.71164,-0.70254
5,4000,combined_abort_stress_5_4000_0,combined_abort_stress,probe_02,1,0,fixture_snag,40,0.80751,0.97271,0,0.12000,0.14000,0.88000,0.56800,0.48205,0.39501,-0.28975,-0.95710
5,4000,combined_abort_stress_5_4000_0,combined_abort_stress,probe_03,1,0,fixture_snag,29,0.56220,1.15264,0,0.10000,0.86000,0.91000,0.77200,0.43223,0.80902,0.87410,-0.48575
5,4000,combined_abort_stress_5_4000_0,combined_abort_stress,probe_04,1,0,fixture_snag,28,0.54157,1.00965,0,0.16000,0.63600,0.86000,0.32175,0.43444,0.52350,0.89888,-0.43820
5,4000,combined_abort_stress_5_4000_0,combined_abort_stress,probe_05,1,0,fixture_snag,31,0.71838,1.43600,1,0.07000,0.43371,0.93000,0.32915,0.44949,0.42966,0.99215,0.12508
5,4000,combined_abort_stress_5_4000_0,combined_abort_stress,probe_06,1,0,collision_margin,27,0.61127,1.84857,1,0.12000,0.14000,0.88000,0.22800,0.42550,0.19032,0.97657,0.21522
5,4000,combined_abort_stress_5_4000_0,combined_abort_stress,probe_07,1,0,fixture_snag,37,0.78758,0.98791,0,0.10000,0.86000,0.91000,0.16000,0.43283,0.56495,-0.54010,-0.84160
5,4000,combined_abort_stress_5_4000_0,combined_abort_stress,probe_08,1,0,fixture_snag,31,0.64218,1.64357,1,0.16000,0.70400,0.86000,0.32295,0.45433,0.49270,0.32493,-0.94574
5,4000,combined_abort_stress_5_4000_0,combined_abort_stress,probe_09,0,1,none,73,1.75941,0.00000,0,0.07000,0.39878,0.93000,0.44861,0.94233,0.43174,0.29699,0.95488
5,4000,combined_abort_stress_5_4000_0,combined_abort_stress,probe_10,1,0,visible_collision,17,0.32475,1.00000,1,0.12000,0.14000,0.88000,0.84000,0.25466,0.27483,0.24717,-0.96897
5,4001,combined_abort_stress_5_4001_0,combined_abort_stress,probe_00,1,0,collision_margin,34,0.74008,1.03286,0,0.08055,0.18000,0.91368,0.16000,0.47543,0.23136,0.98091,-0.19444
5,4001,combined_abort_stress_5_4001_0,combined_abort_stress,probe_01,1,0,collision_margin,33,0.71303,1.33267,1,0.07000,0.61960,0.93000,0.64420,0.47755,0.60155,0.98091,-0.19445
5,4001,combined_abort_stress_5_4001_0,combined_abort_stress,probe_02,1,0,human_stop,36,0.87817,0.94500,0,0.12000,0.14000,0.88000,0.84000,0.42340,0.41911,-0.68342,-0.73002
5,4001,combined_abort_stress_5_4001_0,combined_abort_stress,probe_03,1,0,collision_margin,44,1.03474,1.00434,0,0.10000,0.86000,0.91000,0.22800,0.46865,0.49226,0.93526,-0.35395
5,4001,combined_abort_stress_5_4001_0,combined_abort_stress,probe_04,1,0,human_stop,27,0.62534,0.94500,0,0.16000,0.16000,0.86000,0.80196,0.40016,0.38761,-0.26214,-0.96503
5,4001,combined_abort_stress_5_4001_0,combined_abort_stress,probe_05,1,0,unstable_slip,56,1.31970,1.60795,1,0.07000,0.70054,0.93000,0.70573,0.71565,0.63632,0.27639,0.96104
5,4001,combined_abort_stress_5_4001_0,combined_abort_stress,probe_06,1,0,visible_collision,13,0.23398,1.00000,1,0.12000,0.14000,0.88000,0.29600,0.24803,0.19581,0.87567,-0.48291
5,4001,combined_abort_stress_5_4001_0,combined_abort_stress,probe_07,1,0,force_limit,32,0.71969,1.75605,1,0.10000,0.86000,0.91000,0.56800,0.47543,0.77176,0.91638,0.40031
5,4001,combined_abort_stress_5_4001_0,combined_abort_stress,probe_08,1,0,collision_margin,37,0.78831,1.25394,1,0.16000,0.77200,0.86000,0.19922,0.47715,0.45390,0.90308,-0.42947
5,4001,combined_abort_stress_5_4001_0,combined_abort_stress,probe_09,1,0,human_stop,28,0.60268,0.94500,0,0.07000,0.40625,0.93000,0.34288,0.41566,0.40118,0.97285,-0.23144
5,4001,combined_abort_stress_5_4001_0,combined_abort_stress,probe_10,1,0,visible_collision,14,0.25705,1.00000,1,0.12000,0.14000,0.88000,0.50000,0.24214,0.20849,0.48308,-0.87558
5,4002,combined_abort_stress_5_4002_0,combined_abort_stress,probe_00,1,0,force_limit,32,0.69599,1.80114,1,0.08233,0.63938,0.91929,0.76407,0.46986,0.67909,0.98610,0.16616
5,4002,combined_abort_stress_5_4002_0,combined_abort_stress,probe_01,1,0,human_stop,33,0.71367,0.94500,0,0.07000,0.39719,0.93000,0.44940,0.48097,0.38951,0.71300,-0.70117
5,4002,combined_abort_stress_5_4002_0,combined_abort_stress,probe_02,1,0,visible_collision,13,0.27235,1.00000,1,0.12000,0.14000,0.88000,0.56800,0.23651,0.22698,0.65728,-0.75365
5,4002,combined_abort_stress_5_4002_0,combined_abort_stress,probe_03,1,0,fixture_snag,31,0.59307,1.09803,0,0.10000,0.86000,0.91000,0.63600,0.47079,0.82141,-0.01737,0.99985
5,4002,combined_abort_stress_5_4002_0,combined_abort_stress,probe_04,1,0,human_stop,24,0.45513,0.94500,0,0.16000,0.50000,0.86000,0.41583,0.43343,0.47239,0.93661,0.35037
5,4002,combined_abort_stress_5_4002_0,combined_abort_stress,probe_05,1,0,collision_margin,34,0.80699,1.03848,0,0.07000,0.17251,0.93000,0.15374,0.45813,0.13579,0.92924,-0.36948
5,4002,combined_abort_stress_5_4002_0,combined_abort_stress,probe_06,1,0,visible_collision,16,0.26627,1.00000,1,0.12000,0.14000,0.88000,0.36400,0.25773,0.24837,0.97058,0.24077
5,4002,combined_abort_stress_5_4002_0,combined_abort_stress,probe_07,1,0,fixture_snag,31,0.66261,1.30222,1,0.10000,0.86000,0.91000,0.70400,0.47687,0.82378,0.98854,0.15094
5,4002,combined_abort_stress_5_4002_0,combined_abort_stress,probe_08,1,0,fixture_snag,37,0.74452,0.98246,0,0.16000,0.22800,0.86000,0.75900,0.47863,0.55096,-0.99731,-0.07336
5,4002,combined_abort_stress_5_4002_0,combined_abort_stress,probe_09,1,0,unstable_slip,49,0.89756,1.61670,1,0.07000,0.29432,0.93000,0.29684,0.66590,0.28172,0.91331,-0.40726
5,4002,combined_abort_stress_5_4002_0,combined_abort_stress,probe_10,1,0,human_stop,43,0.94206,0.94500,0,0.12000,0.14000,0.88000,0.84000,0.47001,0.50533,0.99079,0.13539
5,4003,combined_abort_stress_5_4003_0,combined_abort_stress,probe_00,1,0,force_limit,30,0.63893,1.63838,1,0.06707,0.26933,0.90955,0.29556,0.43155,0.27229,0.85700,-0.51531
5,4003,combined_abort_stress_5_4003_0,combined_abort_stress,probe_01,1,0,human_stop,26,0.53678,0.94500,0,0.07000,0.71405,0.93000,0.69897,0.36721,0.71601,0.92157,0.38821
5,4003,combined_abort_stress_5_4003_0,combined_abort_stress,probe_02,1,0,visible_collision,17,0.28208,1.00000,1,0.12000,0.14000,0.88000,0.22800,0.27917,0.20008,0.97554,0.21983
5,4003,combined_abort_stress_5_4003_0,combined_abort_stress,probe_03,1,0,human_stop,28,0.56937,0.94500,0,0.10000,0.86000,0.91000,0.43200,0.36502,0.67898,0.92339,-0.38386
5,4003,combined_abort_stress_5_4003_0,combined_abort_stress,probe_04,1,0,collision_margin,37,0.82505,0.95199,0,0.16000,0.77200,0.86000,0.20451,0.47831,0.44954,0.90000,0.43590
5,4003,combined_abort_stress_5_4003_0,combined_abort_stress,probe_05,1,0,collision_margin,34,0.70768,1.09680,0,0.07000,0.36136,0.93000,0.36532,0.48085,0.35996,0.49105,-0.87113
5,4003,combined_abort_stress_5_4003_0,combined_abort_stress,probe_06,1,0,collision_margin,40,0.78553,1.41919,1,0.12000,0.14000,0.88000,0.56800,0.49088,0.36824,0.79249,0.60988
5,4003,combined_abort_stress_5_4003_0,combined_abort_stress,probe_07,1,0,human_stop,28,0.65075,0.94500,0,0.10000,0.86000,0.91000,0.29600,0.35491,0.63213,0.98500,-0.17257
5,4003,combined_abort_stress_5_4003_0,combined_abort_stress,probe_08,1,0,unstable_slip,45,1.05563,1.31061,1,0.16000,0.63600,0.86000,0.37038,0.63868,0.50911,0.88552,-0.46461
5,4003,combined_abort_stress_5_4003_0,combined_abort_stress,probe_09,1,0,collision_margin,40,0.88640,1.07913,0,0.07000,0.51595,0.93000,0.49202,0.53062,0.48665,0.85955,-0.51105
5,4003,combined_abort_stress_5_4003_0,combined_abort_stress,probe_10,1,0,collision_margin,44,0.97913,0.95697,0,0.12000,0.14000,0.88000,0.84000,0.49176,0.50003,0.78363,0.62123
5,4004,combined_abort_stress_5_4004_0,combined_abort_stress,probe_00,1,0,force_limit,24,0.47822,1.64341,1,0.07189,0.43481,0.91657,0.31742,0.32458,0.37745,0.99997,-0.00778
5,4004,combined_abort_stress_5_4004_0,combined_abort_stress,probe_01,1,0,unstable_slip,44,0.94957,1.19353,1,0.07000,0.68769,0.93000,0.71215,0.59513,0.69125,-0.20168,-0.97945
5,4004,combined_abort_stress_5_4004_0,combined_abort_stress,probe_02,1,0,force_limit,27,0.51888,1.83628,1,0.12000,0.14000,0.88000,0.63600,0.33365,0.36954,0.89928,0.43737
5,4004,combined_abort_stress_5_4004_0,combined_abort_stress,probe_03,1,0,human_stop,37,0.91341,0.94500,0,0.10000,0.86000,0.91000,0.43200,0.47069,0.63131,-0.33502,0.94221
5,4004,combined_abort_stress_5_4004_0,combined_abort_stress,probe_04,1,0,collision_margin,19,0.48206,1.04713,0,0.16000,0.50000,0.86000,0.48817,0.39414,0.50759,0.48380,0.87518
5,4004,combined_abort_stress_5_4004_0,combined_abort_stress,probe_05,1,0,fixture_snag,26,0.56038,1.43875,1,0.07000,0.77999,0.93000,0.76801,0.38202,0.76736,0.80186,0.59751
5,4004,combined_abort_stress_5_4004_0,combined_abort_stress,probe_06,1,0,collision_margin,28,0.52279,1.07068,0,0.12000,0.14000,0.88000,0.56800,0.38772,0.31910,0.47685,-0.87898
5,4004,combined_abort_stress_5_4004_0,combined_abort_stress,probe_07,1,0,collision_margin,35,0.85705,1.36774,1,0.10000,0.86000,0.91000,0.29600,0.40688,0.58506,0.86812,-0.49635
5,4004,combined_abort_stress_5_4004_0,combined_abort_stress,probe_08,1,0,force_limit,18,0.50516,1.53418,1,0.16000,0.22800,0.86000,0.81072,0.31756,0.39622,0.99995,-0.00951
5,4004,combined_abort_stress_5_4004_0,combined_abort_stress,probe_09,1,0,force_limit,23,0.55936,1.55516,1,0.07000,0.34418,0.93000,0.37391,0.34593,0.34429,0.98606,-0.16638
5,4004,combined_abort_stress_5_4004_0,combined_abort_stress,probe_10,1,0,force_limit,26,0.61991,1.17154,1,0.12000,0.14000,0.88000,0.84000,0.33511,0.34059,-0.74983,0.66163
5,4005,combined_abort_stress_5_4005_0,combined_abort_stress,probe_00,1,0,collision_margin,32,0.60191,1.03229,0,0.07108,0.51966,0.91647,0.44493,0.46831,0.50896,-0.31616,0.94871
5,4005,combined_abort_stress_5_4005_0,combined_abort_stress,probe_01,1,0,visible_collision,15,0.28935,1.00000,1,0.07000,0.31016,0.93000,0.28892,0.24215,0.32110,0.93034,-0.36669
5,4005,combined_abort_stress_5_4005_0,combined_abort_stress,probe_02,1,0,collision_margin,34,0.77632,1.00792,0,0.12000,0.14000,0.88000,0.36400,0.49492,0.20397,0.71586,0.69824
5,4005,combined_abort_stress_5_4005_0,combined_abort_stress,probe_03,1,0,fixture_snag,38,0.81300,1.23893,1,0.10000,0.86000,0.91000,0.70400,0.54628,0.76760,0.96574,-0.25950
5,4005,combined_abort_stress_5_4005_0,combined_abort_stress,probe_04,1,0,visible_collision,20,0.43257,1.00000,1,0.16000,0.22800,0.86000,0.73667,0.31909,0.32380,0.64562,0.76366
5,4005,combined_abort_stress_5_4005_0,combined_abort_stress,probe_05,1,0,collision_margin,33,0.81572,1.32278,1,0.07000,0.61890,0.93000,0.64455,0.46784,0.61351,0.95120,-0.30859
5,4005,combined_abort_stress_5_4005_0,combined_abort_stress,probe_06,1,0,collision_margin,39,0.92825,0.96255,0,0.12000,0.14000,0.88000,0.50000,0.48256,0.32622,0.99997,-0.00810
5,4005,combined_abort_stress_5_4005_0,combined_abort_stress,probe_07,1,0,collision_margin,44,0.87950,1.06477,0,0.10000,0.86000,0.91000,0.16000,0.46756,0.52837,0.67192,-0.74063
5,4005,combined_abort_stress_5_4005_0,combined_abort_stress,probe_08,1,0,collision_margin,27,0.54661,1.17927,1,0.16000,0.56800,0.86000,0.40744,0.47098,0.52947,0.10627,0.99434
5,4005,combined_abort_stress_5_4005_0,combined_abort_stress,probe_09,1,0,fixture_snag,37,0.81633,1.17726,1,0.07000,0.85134,0.93000,0.83433,0.51771,0.86912,0.93483,-0.35509
5,4005,combined_abort_stress_5_4005_0,combined_abort_stress,probe_10,1,0,force_limit,33,0.73244,1.58352,1,0.12000,0.14000,0.88000,0.43200,0.46690,0.24185,0.86373,0.50396
5,4006,combined_abort_stress_5_4006_0,combined_abort_stress,probe_00,1,0,collision_margin,31,0.73517,1.66654,1,0.06828,0.64962,0.91519,0.81189,0.45326,0.61282,0.44536,-0.89535
5,4006,combined_abort_stress_5_4006_0,combined_abort_stress,probe_01,0,1,none,77,1.72891,0.00000,0,0.07000,0.67258,0.93000,0.82171,0.93341,0.79528,0.79677,-0.60428
5,4006,combined_abort_stress_5_4006_0,combined_abort_stress,probe_02,1,0,collision_margin,28,0.70448,1.26327,1,0.12000,0.14000,0.88000,0.43200,0.41057,0.20071,0.84826,-0.52957
5,4006,combined_abort_stress_5_4006_0,combined_abort_stress,probe_03,1,0,fixture_snag,25,0.49051,1.59764,1,0.10000,0.86000,0.91000,0.63600,0.41248,0.86620,0.99051,-0.13743
5,4006,combined_abort_stress_5_4006_0,combined_abort_stress,probe_04,1,0,collision_margin,31,0.65349,1.48067,1,0.16000,0.70400,0.86000,0.22721,0.43106,0.44976,0.49859,-0.86684
5,4006,combined_abort_stress_5_4006_0,combined_abort_stress,probe_05,1,0,collision_margin,30,0.71738,1.61353,1,0.07000,0.37045,0.93000,0.36077,0.42884,0.33654,0.99842,-0.05614
5,4006,combined_abort_stress_5_4006_0,combined_abort_stress,probe_06,1,0,collision_margin,26,0.51670,1.06009,0,0.12000,0.14000,0.88000,0.29600,0.40420,0.19797,0.95714,-0.28962
5,4006,combined_abort_stress_5_4006_0,combined_abort_stress,probe_07,1,0,fixture_snag,26,0.57036,1.05505,0,0.10000,0.86000,0.91000,0.56800,0.39442,0.80426,0.80214,-0.59714
5,4006,combined_abort_stress_5_4006_0,combined_abort_stress,probe_08,1,0,collision_margin,22,0.44462,1.56759,1,0.16000,0.50000,0.86000,0.51896,0.43773,0.52182,0.99866,0.05167
5,4006,combined_abort_stress_5_4006_0,combined_abort_stress,probe_09,1,0,visible_collision,23,0.45481,1.00000,1,0.07000,0.26599,0.93000,0.20900,0.28876,0.19899,0.96612,0.25810
5,4006,combined_abort_stress_5_4006_0,combined_abort_stress,probe_10,1,0,visible_collision,20,0.48948,1.00000,1,0.12000,0.14000,0.88000,0.84000,0.26652,0.28980,-0.12716,0.99188
5,4007,combined_abort_stress_5_4007_0,combined_abort_stress,probe_00,1,0,human_stop,26,0.54363,0.94500,0,0.07780,0.56416,0.92028,0.51180,0.39910,0.56258,-0.13218,-0.99123
5,4007,combined_abort_stress_5_4007_0,combined_abort_stress,probe_01,1,0,human_stop,28,0.57244,0.94500,0,0.07000,0.59655,0.93000,0.65572,0.42697,0.57977,0.56291,-0.82651
5,4007,combined_abort_stress_5_4007_0,combined_abort_stress,probe_02,1,0,force_limit,43,0.85584,1.64179,1,0.12000,0.14000,0.88000,0.56800,0.50401,0.40058,0.75063,0.66072
5,4007,combined_abort_stress_5_4007_0,combined_abort_stress,probe_03,1,0,human_stop,36,0.79995,0.94500,0,0.10000,0.86000,0.91000,0.36400,0.40698,0.56854,0.09676,-0.99531
5,4007,combined_abort_stress_5_4007_0,combined_abort_stress,probe_04,1,0,human_stop,26,0.49873,0.94500,0,0.16000,0.77200,0.86000,0.25444,0.38395,0.53696,0.98726,-0.15912
5,4007,combined_abort_stress_5_4007_0,combined_abort_stress,probe_05,1,0,collision_margin,35,0.73305,0.97235,0,0.07000,0.13831,0.93000,0.17084,0.48205,0.15221,0.49970,0.86620
5,4007,combined_abort_stress_5_4007_0,combined_abort_stress,probe_06,1,0,visible_collision,19,0.43733,1.00000,1,0.12000,0.14000,0.88000,0.43200,0.28977,0.23428,0.96917,-0.24639
5,4007,combined_abort_stress_5_4007_0,combined_abort_stress,probe_07,1,0,human_stop,36,0.82920,0.94500,0,0.10000,0.86000,0.91000,0.29600,0.41208,0.57150,0.67491,-0.73790
5,4007,combined_abort_stress_5_4007_0,combined_abort_stress,probe_08,1,0,human_stop,23,0.45214,0.94500,0,0.16000,0.70400,0.86000,0.27162,0.39056,0.52152,-0.29784,-0.95461
5,4007,combined_abort_stress_5_4007_0,combined_abort_stress,probe_09,1,0,visible_collision,18,0.40585,1.00000,1,0.07000,0.21001,0.93000,0.23700,0.28418,0.22884,0.99125,0.13198
5,4007,combined_abort_stress_5_4007_0,combined_abort_stress,probe_10,1,0,visible_collision,21,0.35109,1.00000,1,0.12000,0.14000,0.88000,0.84000,0.23929,0.30273,-0.06073,0.99815
5,4008,combined_abort_stress_5_4008_0,combined_abort_stress,probe_00,1,0,fixture_snag,25,0.56035,1.59620,1,0.07601,0.62593,0.91527,0.51087,0.37945,0.58556,0.97155,-0.23685
5,4008,combined_abort_stress_5_4008_0,combined_abort_stress,probe_01,1,0,visible_collision,16,0.34845,1.00000,1,0.07000,0.29686,0.93000,0.29557,0.24886,0.27210,0.99310,-0.11726
5,4008,combined_abort_stress_5_4008_0,combined_abort_stress,probe_02,1,0,collision_margin,19,0.32445,0.95654,0,0.12000,0.14000,0.88000,0.56800,0.31896,0.18505,0.99815,-0.06077
5,4008,combined_abort_stress_5_4008_0,combined_abort_stress,probe_03,1,0,fixture_snag,29,0.61242,1.65191,1,0.10000,0.86000,0.91000,0.43200,0.37986,0.68536,0.99864,0.05221
5,4008,combined_abort_stress_5_4008_0,combined_abort_stress,probe_04,1,0,fixture_snag,21,0.43018,1.41529,1,0.16000,0.70400,0.86000,0.33231,0.37418,0.56977,0.99458,0.10393
5,4008,combined_abort_stress_5_4008_0,combined_abort_stress,probe_05,1,0,fixture_snag,24,0.48970,1.17228,1,0.07000,0.48450,0.93000,0.50775,0.36787,0.48823,-0.89512,0.44583
5,4008,combined_abort_stress_5_4008_0,combined_abort_stress,probe_06,1,0,fixture_snag,34,0.78480,1.44490,1,0.12000,0.14000,0.88000,0.77200,0.38715,0.40742,0.49401,0.86946
5,4008,combined_abort_stress_5_4008_0,combined_abort_stress,probe_07,1,0,fixture_snag,29,0.59130,1.08861,0,0.10000,0.86000,0.91000,0.36400,0.36352,0.63086,-0.74652,-0.66536
5,4008,combined_abort_stress_5_4008_0,combined_abort_stress,probe_08,1,0,fixture_snag,32,0.63781,1.68016,1,0.16000,0.16000,0.86000,0.86023,0.38371,0.45062,0.99319,0.11653
5,4008,combined_abort_stress_5_4008_0,combined_abort_stress,probe_09,1,0,fixture_snag,24,0.63063,1.38515,1,0.07000,0.82654,0.93000,0.84673,0.36966,0.85237,0.87758,-0.47943
5,4008,combined_abort_stress_5_4008_0,combined_abort_stress,probe_10,1,0,collision_margin,17,0.32634,1.00614,0,0.12000,0.14000,0.88000,0.22800,0.33673,0.14135,0.99976,0.02195
5,4009,combined_abort_stress_5_4009_0,combined_abort_stress,probe_00,1,0,unstable_slip,35,0.80513,1.63305,1,0.06729,0.54193,0.92055,0.44706,0.49758,0.53167,0.94530,-0.32619
5,4009,combined_abort_stress_5_4009_0,combined_abort_stress,probe_01,0,1,none,72,1.68348,0.00000,0,0.07000,0.47888,0.93000,0.51056,0.93814,0.49581,0.99950,0.03174
5,4009,combined_abort_stress_5_4009_0,combined_abort_stress,probe_02,1,0,visible_collision,18,0.35625,1.00000,1,0.12000,0.14000,0.88000,0.84000,0.27979,0.22606,0.61296,0.79011
5,4009,combined_abort_stress_5_4009_0,combined_abort_stress,probe_03,1,0,force_limit,52,1.23006,1.29535,1,0.10000,0.86000,0.91000,0.22800,0.53144,0.41971,-0.88503,0.46554
5,4009,combined_abort_stress_5_4009_0,combined_abort_stress,probe_04,1,0,fixture_snag,26,0.48507,0.96255,0,0.16000,0.63600,0.86000,0.37980,0.42900,0.56407,0.99209,0.12552
5,4009,combined_abort_stress_5_4009_0,combined_abort_stress,probe_05,1,0,visible_collision,20,0.38442,1.00000,1,0.07000,0.31359,0.93000,0.28720,0.27993,0.31441,0.93701,0.34929
5,4009,combined_abort_stress_5_4009_0,combined_abort_stress,probe_06,1,0,collision_margin,23,0.52505,1.18589,1,0.12000,0.14000,0.88000,0.16000,0.39371,0.14986,0.79326,-0.60888
5,4009,combined_abort_stress_5_4009_0,combined_abort_stress,probe_07,1,0,fixture_snag,24,0.52725,1.47062,1,0.10000,0.86000,0.91000,0.77200,0.41024,0.85238,0.89088,0.45424
5,4009,combined_abort_stress_5_4009_0,combined_abort_stress,probe_08,0,1,none,63,1.41822,0.00000,0,0.16000,0.56800,0.86000,0.41702,0.86213,0.40433,0.98556,-0.16931
5,4009,combined_abort_stress_5_4009_0,combined_abort_stress,probe_09,1,0,force_limit,25,0.48525,1.71202,1,0.07000,0.35069,0.93000,0.37066,0.36755,0.34339,0.81599,0.57807
5,4009,combined_abort_stress_5_4009_0,combined_abort_stress,probe_10,1,0,force_limit,22,0.44212,1.71047,1,0.12000,0.14000,0.88000,0.70400,0.34691,0.23126,0.81622,0.57774
5,4010,combined_abort_stress_5_4010_0,combined_abort_stress,probe_00,1,0,visible_collision,17,0.41529,1.00000,1,0.07096,0.37990,0.92438,0.29411,0.25162,0.36540,0.92881,-0.37056
5,4010,combined_abort_stress_5_4010_0,combined_abort_stress,probe_01,1,0,fixture_snag,40,0.93277,1.29466,1,0.07000,0.86041,0.93000,0.82979,0.56081,0.84927,0.93066,0.36590
5,4010,combined_abort_stress_5_4010_0,combined_abort_stress,probe_02,1,0,collision_margin,40,0.81703,1.10315,0,0.12000,0.14000,0.88000,0.22800,0.55771,0.20674,0.60745,-0.79436
5,4010,combined_abort_stress_5_4010_0,combined_abort_stress,probe_03,1,0,human_stop,41,0.88046,0.94500,0,0.10000,0.86000,0.91000,0.29600,0.47824,0.52162,0.98894,-0.14833
5,4010,combined_abort_stress_5_4010_0,combined_abort_stress,probe_04,1,0,human_stop,31,0.76302,0.94500,0,0.16000,0.63600,0.86000,0.34412,0.49008,0.51006,0.95197,0.30618
5,4010,combined_abort_stress_5_4010_0,combined_abort_stress,probe_05,1,0,human_stop,32,0.73618,0.94500,0,0.07000,0.53638,0.93000,0.58381,0.45312,0.55438,0.88909,-0.45774
5,4010,combined_abort_stress_5_4010_0,combined_abort_stress,probe_06,1,0,collision_margin,47,1.04139,1.54781,1,0.12000,0.14000,0.88000,0.50000,0.57757,0.34343,0.95628,0.29244
5,4010,combined_abort_stress_5_4010_0,combined_abort_stress,probe_07,1,0,fixture_snag,40,0.86430,1.72227,1,0.10000,0.86000,0.91000,0.70400,0.57538,0.80526,0.79922,0.60103
5,4010,combined_abort_stress_5_4010_0,combined_abort_stress,probe_08,1,0,collision_margin,49,0.98191,1.40995,1,0.16000,0.77200,0.86000,0.16807,0.57413,0.36044,0.95514,-0.29616
5,4010,combined_abort_stress_5_4010_0,combined_abort_stress,probe_09,1,0,collision_margin,43,1.01288,1.25859,1,0.07000,0.40090,0.93000,0.34555,0.57791,0.39803,0.52340,-0.85209
5,4010,combined_abort_stress_5_4010_0,combined_abort_stress,probe_10,1,0,visible_collision,36,0.75840,1.00000,1,0.12000,0.14000,0.88000,0.16000,0.53636,0.11047,0.96518,0.26160
5,4011,combined_abort_stress_5_4011_0,combined_abort_stress,probe_00,1,0,unstable_slip,23,0.49074,1.50874,1,0.06703,0.44871,0.92193,0.50028,0.34575,0.43037,0.82684,-0.56243
5,4011,combined_abort_stress_5_4011_0,combined_abort_stress,probe_01,1,0,force_limit,22,0.45058,1.54164,1,0.07000,0.65637,0.93000,0.62582,0.33846,0.66215,0.89831,-0.43936
5,4011,combined_abort_stress_5_4011_0,combined_abort_stress,probe_02,1,0,collision_margin,34,0.66520,1.20537,1,0.12000,0.14000,0.88000,0.16000,0.51556,0.14918,0.88604,0.46361
5,4011,combined_abort_stress_5_4011_0,combined_abort_stress,probe_03,1,0,force_limit,24,0.46923,1.46598,1,0.10000,0.86000,0.91000,0.36400,0.30970,0.64329,0.00300,-1.00000
5,4011,combined_abort_stress_5_4011_0,combined_abort_stress,probe_04,1,0,force_limit,20,0.38385,1.40902,1,0.16000,0.84000,0.86000,0.15154,0.33190,0.68755,0.95601,-0.29332
5,4011,combined_abort_stress_5_4011_0,combined_abort_stress,probe_05,1,0,unstable_slip,22,0.49802,0.96609,0,0.07000,0.45998,0.93000,0.41801,0.34930,0.46100,0.99816,0.06058
5,4011,combined_abort_stress_5_4011_0,combined_abort_stress,probe_06,1,0,visible_collision,21,0.40102,1.00000,1,0.12000,0.14000,0.88000,0.50000,0.29325,0.24891,0.71409,0.70006
5,4011,combined_abort_stress_5_4011_0,combined_abort_stress,probe_07,1,0,force_limit,24,0.52550,1.83427,1,0.10000,0.86000,0.91000,0.22800,0.32913,0.67114,0.73477,0.67831
5,4011,combined_abort_stress_5_4011_0,combined_abort_stress,probe_08,1,0,unstable_slip,20,0.40337,1.26675,1,0.16000,0.56800,0.86000,0.46418,0.38944,0.50947,-0.46789,-0.88379
5,4011,combined_abort_stress_5_4011_0,combined_abort_stress,probe_09,0,1,none,75,1.76262,0.00000,0,0.07000,0.35997,0.93000,0.26402,0.93672,0.25938,0.98925,-0.14620
5,4011,combined_abort_stress_5_4011_0,combined_abort_stress,probe_10,1,0,visible_collision,20,0.39632,1.00000,1,0.12000,0.14000,0.88000,0.77200,0.30282,0.23882,0.77563,0.63118
5,4012,combined_abort_stress_5_4012_0,combined_abort_stress,probe_00,1,0,unstable_slip,34,0.82011,1.46686,1,0.08178,0.58351,0.91009,0.29273,0.44974,0.49248,0.05644,-0.99841
5,4012,combined_abort_stress_5_4012_0,combined_abort_stress,probe_01,0,1,none,76,1.63642,0.00000,0,0.07000,0.79162,0.93000,0.66019,0.92123,0.65043,0.63615,0.77157
5,4012,combined_abort_stress_5_4012_0,combined_abort_stress,probe_02,1,0,visible_collision,19,0.40974,1.00000,1,0.12000,0.14000,0.88000,0.43200,0.30217,0.20044,0.64666,0.76278
5,4012,combined_abort_stress_5_4012_0,combined_abort_stress,probe_03,1,0,fixture_snag,31,0.75001,1.27591,1,0.10000,0.86000,0.91000,0.63600,0.45493,0.81658,0.99455,-0.10429
5,4012,combined_abort_stress_5_4012_0,combined_abort_stress,probe_04,1,0,human_stop,33,0.78149,0.94500,0,0.16000,0.77200,0.86000,0.14740,0.43314,0.47608,0.52530,-0.85092
5,4012,combined_abort_stress_5_4012_0,combined_abort_stress,probe_05,1,0,collision_margin,34,0.64782,1.42319,1,0.07000,0.59234,0.93000,0.55583,0.48300,0.58596,0.99885,0.04801
5,4012,combined_abort_stress_5_4012_0,combined_abort_stress,probe_06,1,0,collision_margin,30,0.65894,1.29936,1,0.12000,0.14000,0.88000,0.16000,0.47845,0.12467,0.97661,-0.21500
5,4012,combined_abort_stress_5_4012_0,combined_abort_stress,probe_07,1,0,collision_margin,39,0.87086,1.12666,0,0.10000,0.86000,0.91000,0.36400,0.47394,0.58732,0.94639,0.32302
5,4012,combined_abort_stress_5_4012_0,combined_abort_stress,probe_08,1,0,collision_margin,25,0.52516,1.33240,1,0.16000,0.50000,0.86000,0.52950,0.48010,0.50886,0.96829,0.24982
5,4012,combined_abort_stress_5_4012_0,combined_abort_stress,probe_09,1,0,fixture_snag,34,0.82288,1.58380,1,0.07000,0.87957,0.93000,0.82021,0.49585,0.87189,0.96879,-0.24788
5,4012,combined_abort_stress_5_4012_0,combined_abort_stress,probe_10,1,0,collision_margin,32,0.65325,1.39751,1,0.12000,0.14000,0.88000,0.29600,0.48159,0.20887,0.98776,-0.15597
5,4013,combined_abort_stress_5_4013_0,combined_abort_stress,probe_00,1,0,collision_margin,33,0.74663,1.01045,0,0.06853,0.47034,0.90701,0.48849,0.46234,0.44464,0.99770,0.06785
5,4013,combined_abort_stress_5_4013_0,combined_abort_stress,probe_01,1,0,collision_margin,37,0.75274,1.13232,0,0.07000,0.41648,0.93000,0.54176,0.46586,0.47784,0.98199,-0.18894
5,4013,combined_abort_stress_5_4013_0,combined_abort_stress,probe_02,1,0,visible_collision,12,0.22641,1.00000,1,0.12000,0.14000,0.88000,0.22800,0.23759,0.19069,0.67233,0.74025
5,4013,combined_abort_stress_5_4013_0,combined_abort_stress,probe_03,1,0,fixture_snag,31,0.64884,1.01960,0,0.10000,0.86000,0.91000,0.63600,0.48091,0.81811,0.14036,-0.99010
5,4013,combined_abort_stress_5_4013_0,combined_abort_stress,probe_04,1,0,collision_margin,36,0.78631,1.14198,0,0.16000,0.29600,0.86000,0.72825,0.46575,0.54174,0.96847,-0.24912
5,4013,combined_abort_stress_5_4013_0,combined_abort_stress,probe_05,1,0,collision_margin,33,0.68561,1.10584,0,0.07000,0.43240,0.93000,0.32980,0.46532,0.43522,0.93643,0.35086
5,4013,combined_abort_stress_5_4013_0,combined_abort_stress,probe_06,1,0,visible_collision,15,0.34054,1.00000,1,0.12000,0.14000,0.88000,0.16000,0.26172,0.13179,0.98518,-0.17154
5,4013,combined_abort_stress_5_4013_0,combined_abort_stress,probe_07,1,0,fixture_snag,30,0.64638,1.25962,1,0.10000,0.86000,0.91000,0.70400,0.47924,0.87866,0.95056,0.31054
5,4013,combined_abort_stress_5_4013_0,combined_abort_stress,probe_08,1,0,collision_margin,34,0.79827,1.28460,1,0.16000,0.77200,0.86000,0.22379,0.47054,0.47348,-0.24151,-0.97040
5,4013,combined_abort_stress_5_4013_0,combined_abort_stress,probe_09,1,0,collision_margin,33,0.76290,1.74969,1,0.07000,0.49894,0.93000,0.39853,0.48478,0.46952,0.79903,0.60129
5,4013,combined_abort_stress_5_4013_0,combined_abort_stress,probe_10,1,0,collision_margin,38,0.86319,1.30893,1,0.12000,0.14000,0.88000,0.56800,0.47204,0.35379,0.21306,-0.97704
6,0,nominal_known_constraints_6_0_0,nominal_known_constraints,probe_00,0,1,none,71,0.95638,0.00000,0,0.07900,0.39436,0.91047,0.49431,0.90764,0.48401,0.83087,0.55647
6,0,nominal_known_constraints_6_0_0,nominal_known_constraints,probe_01,0,1,none,72,0.98129,0.00000,0,0.07000,0.50127,0.93000,0.49936,0.93231,0.48716,0.99984,0.01773
6,0,nominal_known_constraints_6_0_0,nominal_known_constraints,probe_02,0,1,none,93,1.21646,0.00000,0,0.12000,0.14000,0.88000,0.84000,0.88854,0.83965,0.89373,0.44861
6,0,nominal_known_constraints_6_0_0,nominal_known_constraints,probe_03,0,1,none,73,0.99226,0.00000,0,0.10000,0.86000,0.91000,0.67000,0.91794,0.66731,0.46967,-0.88284
6,0,nominal_known_constraints_6_0_0,nominal_known_constraints,probe_04,0,1,none,83,1.08235,0.00000,0,0.16000,0.16000,0.86000,0.77706,0.86937,0.78851,0.43055,0.90257
6,1,nominal_known_constraints_6_1_0,nominal_known_constraints,probe_00,0,1,none,75,1.02767,0.00000,0,0.06772,0.18000,0.92359,0.32903,0.90471,0.34027,0.50139,0.86522
6,1,nominal_known_constraints_6_1_0,nominal_known_constraints,probe_01,0,1,none,75,0.99996,0.00000,0,0.07000,0.64818,0.93000,0.68091,0.93663,0.68567,0.75694,0.65348
6,1,nominal_known_constraints_6_1_0,nominal_known_constraints,probe_02,0,1,none,71,0.93656,0.00000,0,0.12000,0.14000,0.88000,0.33000,0.88804,0.34153,0.69240,0.72152
6,1,nominal_known_constraints_6_1_0,nominal_known_constraints,probe_03,0,1,none,79,1.06120,0.00000,0,0.10000,0.86000,0.91000,0.50000,0.91578,0.51819,0.89331,-0.44944
6,1,nominal_known_constraints_6_1_0,nominal_known_constraints,probe_04,0,1,none,85,1.07806,0.00000,0,0.16000,0.16000,0.86000,0.79454,0.86599,0.78945,0.91606,0.40104
6,2,nominal_known_constraints_6_2_0,nominal_known_constraints,probe_00,0,1,none,71,0.97492,0.00000,0,0.08204,0.56883,0.91478,0.45309,0.91491,0.46468,0.78850,-0.61504
6,2,nominal_known_constraints_6_2_0,nominal_known_constraints,probe_01,0,1,none,73,1.03050,0.00000,0,0.07000,0.81372,0.93000,0.85314,0.93201,0.86964,0.28326,0.95904
6,2,nominal_known_constraints_6_2_0,nominal_known_constraints,probe_02,0,1,none,71,0.96125,0.00000,0,0.12000,0.14000,0.88000,0.33000,0.88528,0.33131,0.84477,0.53514
6,2,nominal_known_constraints_6_2_0,nominal_known_constraints,probe_03,0,1,none,79,1.03739,0.00000,0,0.10000,0.86000,0.91000,0.50000,0.91566,0.51177,0.97827,0.20732
6,2,nominal_known_constraints_6_2_0,nominal_known_constraints,probe_04,0,1,none,72,0.96711,0.00000,0,0.16000,0.67000,0.86000,0.29511,0.86201,0.29808,0.54123,-0.84088
6,3,nominal_known_constraints_6_3_0,nominal_known_constraints,probe_00,0,1,none,70,0.96186,0.00000,0,0.07912,0.42204,0.92492,0.49305,0.91444,0.49114,0.87435,0.48529
6,3,nominal_known_constraints_6_3_0,nominal_known_constraints,probe_01,0,1,none,73,0.97009,0.00000,0,0.07000,0.36174,0.93000,0.31413,0.92999,0.31310,0.99263,0.12122
6,3,nominal_known_constraints_6_3_0,nominal_known_constraints,probe_02,0,1,none,84,1.11902,0.00000,0,0.12000,0.14000,0.88000,0.67000,0.89201,0.65565,0.65598,0.75478
6,3,nominal_known_constraints_6_3_0,nominal_known_constraints,probe_03,0,1,none,66,0.89803,0.00000,0,0.10000,0.86000,0.91000,0.84000,0.91177,0.83876,0.85618,-0.51668
6,3,nominal_known_constraints_6_3_0,nominal_known_constraints,probe_04,0,1,none,58,0.78692,0.00000,0,0.16000,0.50000,0.86000,0.49841,0.85867,0.49425,0.94707,-0.32102
6,4,nominal_known_constraints_6_4_0,nominal_known_constraints,probe_00,0,1,none,71,0.97779,0.00000,0,0.07658,0.82000,0.91075,0.71941,0.90707,0.71415,0.98637,-0.16451
6,4,nominal_known_constraints_6_4_0,nominal_known_constraints,probe_01,0,1,none,72,0.95677,0.00000,0,0.07000,0.86083,0.93000,0.82958,0.94127,0.83712,0.99712,-0.07580
6,4,nominal_known_constraints_6_4_0,nominal_known_constraints,probe_02,0,1,none,84,1.08669,0.00000,0,0.12000,0.14000,0.88000,0.67000,0.89188,0.66320,0.94229,0.33479
6,4,nominal_known_constraints_6_4_0,nominal_known_constraints,probe_03,0,1,none,79,1.01633,0.00000,0,0.10000,0.86000,0.91000,0.50000,0.91552,0.51303,0.99509,0.09902
6,4,nominal_known_constraints_6_4_0,nominal_known_constraints,probe_04,0,1,none,71,0.94104,0.00000,0,0.16000,0.33000,0.86000,0.67547,0.87078,0.68423,0.82740,0.56161
6,5,nominal_known_constraints_6_5_0,nominal_known_constraints,probe_00,0,1,none,69,0.96417,0.00000,0,0.07010,0.31032,0.92429,0.31651,0.90915,0.31344,0.99701,-0.07722
6,5,nominal_known_constraints_6_5_0,nominal_known_constraints,probe_01,0,1,none,73,1.00490,0.00000,0,0.07000,0.37471,0.93000,0.30765,0.93521,0.31245,0.99108,-0.13326
6,5,nominal_known_constraints_6_5_0,nominal_known_constraints,probe_02,0,1,none,91,1.17483,0.00000,0,0.12000,0.14000,0.88000,0.84000,0.88518,0.83397,0.92014,0.39159
6,5,nominal_known_constraints_6_5_0,nominal_known_constraints,probe_03,0,1,none,79,1.07948,0.00000,0,0.10000,0.86000,0.91000,0.50000,0.91040,0.50969,0.97366,-0.22801
6,5,nominal_known_constraints_6_5_0,nominal_known_constraints,probe_04,0,1,none,84,1.13784,0.00000,0,0.16000,0.16000,0.86000,0.80341,0.86535,0.81153,0.93168,0.36329
6,6,nominal_known_constraints_6_6_0,nominal_known_constraints,probe_00,0,1,none,69,0.94053,0.00000,0,0.06665,0.44666,0.90744,0.44945,0.90831,0.43911,0.99133,0.13140
6,6,nominal_known_constraints_6_6_0,nominal_known_constraints,probe_01,0,1,none,76,1.02246,0.00000,0,0.07000,0.14873,0.93000,0.16563,0.94346,0.15808,0.14575,0.98932
6,6,nominal_known_constraints_6_6_0,nominal_known_constraints,probe_02,0,1,none,78,1.07476,0.00000,0,0.12000,0.14000,0.88000,0.50000,0.88608,0.51018,0.57134,0.82071
6,6,nominal_known_constraints_6_6_0,nominal_known_constraints,probe_03,0,1,none,86,1.12839,0.00000,0,0.10000,0.86000,0.91000,0.33000,0.91246,0.33629,0.99664,0.08193
6,6,nominal_known_constraints_6_6_0,nominal_known_constraints,probe_04,0,1,none,82,1.04926,0.00000,0,0.16000,0.84000,0.86000,0.22047,0.86926,0.20877,0.99927,-0.03826
6,7,nominal_known_constraints_6_7_0,nominal_known_constraints,probe_00,0,1,none,69,0.93657,0.00000,0,0.07606,0.53302,0.91085,0.58562,0.91673,0.58871,0.86113,0.50838
6,7,nominal_known_constraints_6_7_0,nominal_known_constraints,probe_01,0,1,none,73,1.03014,0.00000,0,0.07000,0.18899,0.93000,0.14551,0.93056,0.13255,0.88736,-0.46108
6,7,nominal_known_constraints_6_7_0,nominal_known_constraints,probe_02,1,0,visible_collision,15,0.18782,1.00000,1,0.12000,0.14000,0.88000,0.33000,0.23263,0.24951,0.81628,0.57766
6,7,nominal_known_constraints_6_7_0,nominal_known_constraints,probe_03,0,1,none,73,0.98246,0.00000,0,0.10000,0.86000,0.91000,0.67000,0.91138,0.66561,0.79519,-0.60636
6,7,nominal_known_constraints_6_7_0,nominal_known_constraints,probe_04,0,1,none,83,1.12135,0.00000,0,0.16000,0.84000,0.86000,0.19360,0.86977,0.18921,0.96642,-0.25698
6,8,nominal_known_constraints_6_8_0,nominal_known_constraints,probe_00,0,1,none,69,0.94320,0.00000,0,0.07702,0.34806,0.91510,0.29301,0.91728,0.29045,0.61588,-0.78784
6,8,nominal_known_constraints_6_8_0,nominal_known_constraints,probe_01,0,1,none,72,1.01510,0.00000,0,0.07000,0.49817,0.93000,0.50092,0.93423,0.51011,0.98931,0.14586
6,8,nominal_known_constraints_6_8_0,nominal_known_constraints,probe_02,0,1,none,64,0.89963,0.00000,0,0.12000,0.14000,0.88000,0.16000,0.89189,0.15551,0.55384,0.83262
6,8,nominal_known_constraints_6_8_0,nominal_known_constraints,probe_03,0,1,none,86,1.14062,0.00000,0,0.10000,0.86000,0.91000,0.33000,0.91021,0.33883,0.93221,-0.36192
6,8,nominal_known_constraints_6_8_0,nominal_known_constraints,probe_04,0,1,none,83,1.11174,0.00000,0,0.16000,0.84000,0.86000,0.18138,0.86110,0.19015,0.96968,0.24439
6,9,nominal_known_constraints_6_9_0,nominal_known_constraints,probe_00,0,1,none,72,1.00638,0.00000,0,0.07214,0.37810,0.90741,0.31690,0.91425,0.31226,0.76620,-0.64260
6,9,nominal_known_constraints_6_9_0,nominal_known_constraints,probe_01,0,1,none,72,1.01064,0.00000,0,0.07000,0.86798,0.93000,0.82601,0.93240,0.83811,0.91983,0.39232
6,9,nominal_known_constraints_6_9_0,nominal_known_constraints,probe_02,0,1,none,84,1.11678,0.00000,0,0.12000,0.14000,0.88000,0.67000,0.88631,0.66197,0.50689,0.86201
6,9,nominal_known_constraints_6_9_0,nominal_known_constraints,probe_03,0,1,none,93,1.21807,0.00000,0,0.10000,0.86000,0.91000,0.16000,0.91370,0.15814,0.94570,-0.32505
6,9,nominal_known_constraints_6_9_0,nominal_known_constraints,probe_04,0,1,none,61,0.81894,0.00000,0,0.16000,0.50000,0.86000,0.40964,0.86180,0.41283,0.87108,0.49114
6,10,nominal_known_constraints_6_10_0,nominal_known_constraints,probe_00,0,1,none,72,0.98876,0.00000,0,0.07061,0.51219,0.92455,0.58525,0.90995,0.58682,0.83422,0.55144
6,10,nominal_known_constraints_6_10_0,nominal_known_constraints,probe_01,0,1,none,72,0.96374,0.00000,0,0.07000,0.48823,0.93000,0.50589,0.94495,0.50397,0.72674,0.68691
6,10,nominal_known_constraints_6_10_0,nominal_known_constraints,probe_02,0,1,none,71,0.94360,0.00000,0,0.12000,0.14000,0.88000,0.33000,0.88114,0.33819,0.79884,0.60155
6,10,nominal_known_constraints_6_10_0,nominal_known_constraints,probe_03,0,1,none,66,0.88704,0.00000,0,0.10000,0.86000,0.91000,0.84000,0.91169,0.84191,0.90054,-0.43477
6,10,nominal_known_constraints_6_10_0,nominal_known_constraints,probe_04,0,1,none,86,1.10599,0.00000,0,0.16000,0.16000,0.86000,0.83570,0.86463,0.83121,0.83624,0.54836
6,11,nominal_known_constraints_6_11_0,nominal_known_constraints,probe_00,0,1,none,77,1.05443,0.00000,0,0.06825,0.51009,0.90854,0.70718,0.90027,0.72265,0.72165,0.69226
6,11,nominal_known_constraints_6_11_0,nominal_known_constraints,probe_01,0,1,none,76,1.03291,0.00000,0,0.07000,0.20222,0.93000,0.13889,0.93640,0.14024,0.99508,0.09904
6,11,nominal_known_constraints_6_11_0,nominal_known_constraints,probe_02,0,1,none,84,1.10918,0.00000,0,0.12000,0.14000,0.88000,0.67000,0.88535,0.66032,0.22304,0.97481
6,11,nominal_known_constraints_6_11_0,nominal_known_constraints,probe_03,0,1,none,68,0.93319,0.00000,0,0.10000,0.86000,0.91000,0.84000,0.91485,0.83647,0.99753,-0.07017
6,11,nominal_known_constraints_6_11_0,nominal_known_constraints,probe_04,0,1,none,69,0.88387,0.00000,0,0.16000,0.33000,0.86000,0.64126,0.86081,0.62993,0.58792,0.80892
6,12,nominal_known_constraints_6_12_0,nominal_known_constraints,probe_00,0,1,none,71,0.98324,0.00000,0,0.06628,0.53941,0.92295,0.57600,0.89882,0.58796,0.67054,0.74187
6,12,nominal_known_constraints_6_12_0,nominal_known_constraints,probe_01,0,1,none,72,0.96640,0.00000,0,0.07000,0.51054,0.93000,0.49473,0.93124,0.48969,0.99898,-0.04510
6,12,nominal_known_constraints_6_12_0,nominal_known_constraints,probe_02,0,1,none,68,0.89043,0.00000,0,0.12000,0.14000,0.88000,0.16000,0.88634,0.15747,0.81075,0.58540
6,12,nominal_known_constraints_6_12_0,nominal_known_constraints,probe_03,0,1,none,73,0.99405,0.00000,0,0.10000,0.86000,0.91000,0.67000,0.91116,0.65684,0.98049,0.19659
6,12,nominal_known_constraints_6_12_0,nominal_known_constraints,probe_04,0,1,none,82,1.08201,0.00000,0,0.16000,0.84000,0.86000,0.20366,0.85979,0.21528,0.99512,-0.09868
6,13,nominal_known_constraints_6_13_0,nominal_known_constraints,probe_00,0,1,none,71,0.94118,0.00000,0,0.07288,0.72906,0.92295,0.79216,0.91509,0.78829,0.81529,0.57905
6,13,nominal_known_constraints_6_13_0,nominal_known_constraints,probe_01,0,1,none,75,1.02191,0.00000,0,0.07000,0.64914,0.93000,0.68043,0.94282,0.68073,0.97073,0.24018
6,13,nominal_known_constraints_6_13_0,nominal_known_constraints,probe_02,0,1,none,78,1.03690,0.00000,0,0.12000,0.14000,0.88000,0.50000,0.88946,0.50750,0.47866,0.87800
6,13,nominal_known_constraints_6_13_0,nominal_known_constraints,probe_03,0,1,none,66,0.89099,0.00000,0,0.10000,0.86000,0.91000,0.84000,0.91546,0.83578,0.97393,-0.22685
6,13,nominal_known_constraints_6_13_0,nominal_known_constraints,probe_04,0,1,none,71,0.93500,0.00000,0,0.16000,0.33000,0.86000,0.69013,0.85552,0.68448,0.99872,-0.05054
6,1000,hidden_wall_abort_6_1000_0,hidden_wall_abort,probe_00,1,0,collision_margin,31,0.42875,1.25306,1,0.07043,0.40709,0.91528,0.39205,0.43833,0.41750,0.93796,-0.34674
6,1000,hidden_wall_abort_6_1000_0,hidden_wall_abort,probe_01,1,0,collision_margin,33,0.49145,1.03317,0,0.07000,0.34343,0.93000,0.21400,0.43129,0.29236,0.99993,-0.01151
6,1000,hidden_wall_abort_6_1000_0,hidden_wall_abort,probe_02,1,0,collision_margin,34,0.51210,0.97957,0,0.12000,0.14000,0.88000,0.54857,0.42631,0.32491,0.94951,0.31375
6,1000,hidden_wall_abort_6_1000_0,hidden_wall_abort,probe_03,1,0,fixture_snag,29,0.45112,1.18985,1,0.10000,0.86000,0.91000,0.74286,0.46116,0.87047,0.95313,0.30255
6,1000,hidden_wall_abort_6_1000_0,hidden_wall_abort,probe_04,0,1,none,60,0.95140,0.00000,0,0.16000,0.45143,0.86000,0.54510,0.87359,0.53687,0.47184,0.88168
6,1000,hidden_wall_abort_6_1000_0,hidden_wall_abort,probe_05,1,0,collision_margin,31,0.43371,1.04497,0,0.07000,0.35562,0.93000,0.35362,0.42450,0.36138,0.99906,0.04337
6,1000,hidden_wall_abort_6_1000_0,hidden_wall_abort,probe_06,1,0,collision_margin,29,0.41012,1.10689,0,0.12000,0.14000,0.88000,0.16000,0.44783,0.15416,0.99835,0.05741
6,1000,hidden_wall_abort_6_1000_0,hidden_wall_abort,probe_07,1,0,fixture_snag,29,0.39669,1.25094,1,0.10000,0.86000,0.91000,0.84000,0.46365,0.86169,0.76752,-0.64102
6,1001,hidden_wall_abort_6_1001_0,hidden_wall_abort,probe_00,1,0,fixture_snag,34,0.55959,1.05665,0,0.07969,0.77491,0.91423,0.79508,0.51011,0.76978,0.82465,0.56565
6,1001,hidden_wall_abort_6_1001_0,hidden_wall_abort,probe_01,1,0,fixture_snag,38,0.53530,1.72139,1,0.07000,0.70384,0.93000,0.76236,0.52946,0.70731,0.95943,0.28194
6,1001,hidden_wall_abort_6_1001_0,hidden_wall_abort,probe_02,1,0,collision_margin,45,0.73718,1.15903,1,0.12000,0.14000,0.88000,0.54857,0.54291,0.38424,0.99547,0.09508
6,1001,hidden_wall_abort_6_1001_0,hidden_wall_abort,probe_03,1,0,collision_margin,53,0.79865,1.13607,0,0.10000,0.86000,0.91000,0.16000,0.54634,0.42672,0.15489,-0.98793
6,1001,hidden_wall_abort_6_1001_0,hidden_wall_abort,probe_04,0,1,none,60,0.96497,0.00000,0,0.16000,0.45143,0.86000,0.53193,0.87056,0.55036,0.61255,0.79043
6,1001,hidden_wall_abort_6_1001_0,hidden_wall_abort,probe_05,1,0,fixture_snag,38,0.56656,1.50750,1,0.07000,0.61678,0.93000,0.66018,0.52624,0.61828,0.97678,0.21426
6,1001,hidden_wall_abort_6_1001_0,hidden_wall_abort,probe_06,1,0,collision_margin,36,0.57930,0.97013,0,0.12000,0.14000,0.88000,0.25714,0.52023,0.20916,0.31155,0.95023
6,1001,hidden_wall_abort_6_1001_0,hidden_wall_abort,probe_07,0,1,none,85,1.32200,0.00000,0,0.10000,0.86000,0.91000,0.35429,0.91743,0.35549,0.61732,-0.78671
6,1002,hidden_wall_abort_6_1002_0,hidden_wall_abort,probe_00,0,1,none,74,1.17824,0.00000,0,0.08205,0.61306,0.91061,0.42924,0.91075,0.43541,0.88128,-0.47260
6,1002,hidden_wall_abort_6_1002_0,hidden_wall_abort,probe_01,1,0,collision_margin,36,0.56683,0.99410,0,0.07000,0.35238,0.93000,0.35524,0.49074,0.38980,0.30037,0.95382
6,1002,hidden_wall_abort_6_1002_0,hidden_wall_abort,probe_02,1,0,collision_margin,46,0.67857,1.39859,1,0.12000,0.14000,0.88000,0.64571,0.51373,0.46102,0.93338,0.35889
6,1002,hidden_wall_abort_6_1002_0,hidden_wall_abort,probe_03,1,0,fixture_snag,29,0.45237,1.32542,1,0.10000,0.86000,0.91000,0.74286,0.47525,0.85065,0.99752,-0.07040
6,1002,hidden_wall_abort_6_1002_0,hidden_wall_abort,probe_04,0,1,none,75,1.17831,0.00000,0,0.16000,0.25714,0.86000,0.69286,0.85457,0.68093,0.73801,0.67479
6,1002,hidden_wall_abort_6_1002_0,hidden_wall_abort,probe_05,1,0,collision_margin,37,0.58792,1.27020,1,0.07000,0.45259,0.93000,0.45085,0.50864,0.45973,0.94497,-0.32715
6,1002,hidden_wall_abort_6_1002_0,hidden_wall_abort,probe_06,1,0,collision_margin,45,0.67572,1.30293,1,0.12000,0.14000,0.88000,0.84000,0.50673,0.44243,0.88584,0.46399
6,1002,hidden_wall_abort_6_1002_0,hidden_wall_abort,probe_07,1,0,collision_margin,49,0.73281,1.33222,1,0.10000,0.86000,0.91000,0.16000,0.51361,0.46402,0.82824,-0.56038
6,1003,hidden_wall_abort_6_1003_0,hidden_wall_abort,probe_00,1,0,fixture_snag,33,0.56657,1.18580,1,0.06783,0.45551,0.91321,0.50827,0.46869,0.46655,0.98732,0.15874
6,1003,hidden_wall_abort_6_1003_0,hidden_wall_abort,probe_01,1,0,fixture_snag,33,0.54439,1.24921,1,0.07000,0.55880,0.93000,0.54346,0.46596,0.56295,0.97138,-0.23755
6,1003,hidden_wall_abort_6_1003_0,hidden_wall_abort,probe_02,0,1,none,87,1.30290,0.00000,0,0.12000,0.14000,0.88000,0.74286,0.87852,0.74508,0.87383,0.48623
6,1003,hidden_wall_abort_6_1003_0,hidden_wall_abort,probe_03,1,0,fixture_snag,27,0.39550,1.00113,0,0.10000,0.86000,0.91000,0.84000,0.44422,0.86356,0.97140,-0.23745
6,1003,hidden_wall_abort_6_1003_0,hidden_wall_abort,probe_04,1,0,fixture_snag,30,0.43404,0.99188,0,0.16000,0.64571,0.86000,0.33739,0.46003,0.52719,0.51457,-0.85745
6,1003,hidden_wall_abort_6_1003_0,hidden_wall_abort,probe_05,0,1,none,72,1.04037,0.00000,0,0.07000,0.33580,0.93000,0.36353,0.93285,0.35101,0.82732,0.56173
6,1003,hidden_wall_abort_6_1003_0,hidden_wall_abort,probe_06,1,0,collision_margin,31,0.43985,1.14398,0,0.12000,0.14000,0.88000,0.45143,0.43195,0.24733,0.82248,0.56880
6,1003,hidden_wall_abort_6_1003_0,hidden_wall_abort,probe_07,1,0,fixture_snag,42,0.63545,1.08354,0,0.10000,0.86000,0.91000,0.25714,0.46282,0.52574,0.81548,-0.57878
6,1004,hidden_wall_abort_6_1004_0,hidden_wall_abort,probe_00,1,0,collision_margin,30,0.44954,1.12903,0,0.07480,0.18000,0.92374,0.16000,0.41193,0.16120,0.95910,0.28307
6,1004,hidden_wall_abort_6_1004_0,hidden_wall_abort,probe_01,1,0,fixture_snag,28,0.40350,1.36895,1,0.07000,0.43281,0.93000,0.46074,0.40473,0.43632,0.99319,-0.11647
6,1004,hidden_wall_abort_6_1004_0,hidden_wall_abort,probe_02,1,0,visible_collision,17,0.23813,1.00000,1,0.12000,0.14000,0.88000,0.54857,0.29030,0.18086,0.99145,0.13050
6,1004,hidden_wall_abort_6_1004_0,hidden_wall_abort,probe_03,1,0,fixture_snag,35,0.53564,1.31611,1,0.10000,0.86000,0.91000,0.35429,0.40902,0.58723,0.97669,0.21465
6,1004,hidden_wall_abort_6_1004_0,hidden_wall_abort,probe_04,1,0,fixture_snag,29,0.43656,1.28389,1,0.16000,0.25714,0.86000,0.75844,0.40473,0.50135,0.72890,0.68462
6,1004,hidden_wall_abort_6_1004_0,hidden_wall_abort,probe_05,1,0,fixture_snag,29,0.45278,1.64834,1,0.07000,0.88795,0.93000,0.81603,0.43033,0.88173,0.99939,0.03497
6,1004,hidden_wall_abort_6_1004_0,hidden_wall_abort,probe_06,1,0,collision_margin,27,0.37843,0.95093,0,0.12000,0.14000,0.88000,0.64571,0.40154,0.23049,0.83589,0.54890
6,1004,hidden_wall_abort_6_1004_0,hidden_wall_abort,probe_07,1,0,fixture_snag,25,0.37571,1.05197,0,0.10000,0.86000,0.91000,0.74286,0.41160,0.85538,0.33456,-0.94238
6,1005,hidden_wall_abort_6_1005_0,hidden_wall_abort,probe_00,1,0,fixture_snag,35,0.52276,1.12600,0,0.07231,0.82000,0.90736,0.73100,0.46327,0.74138,0.96578,-0.25937
6,1005,hidden_wall_abort_6_1005_0,hidden_wall_abort,probe_01,1,0,fixture_snag,39,0.58971,1.26773,1,0.07000,0.78389,0.93000,0.86805,0.49748,0.86450,0.89169,0.45266
6,1005,hidden_wall_abort_6_1005_0,hidden_wall_abort,probe_02,1,0,collision_margin,35,0.52416,1.04291,0,0.12000,0.14000,0.88000,0.25714,0.50819,0.20099,0.98773,0.15615
6,1005,hidden_wall_abort_6_1005_0,hidden_wall_abort,probe_03,1,0,fixture_snag,32,0.47099,1.27696,1,0.10000,0.86000,0.91000,0.64571,0.48435,0.80922,0.94912,-0.31493
6,1005,hidden_wall_abort_6_1005_0,hidden_wall_abort,probe_04,1,0,collision_margin,34,0.51381,1.12190,0,0.16000,0.35429,0.86000,0.63253,0.51209,0.48988,0.60654,0.79505
6,1005,hidden_wall_abort_6_1005_0,hidden_wall_abort,probe_05,1,0,collision_margin,38,0.58459,1.76028,1,0.07000,0.13352,0.93000,0.17324,0.52935,0.13751,0.97654,-0.21535
6,1005,hidden_wall_abort_6_1005_0,hidden_wall_abort,probe_06,1,0,collision_margin,44,0.62089,1.36574,1,0.12000,0.14000,0.88000,0.74286,0.51891,0.39820,0.98155,0.19119
6,1005,hidden_wall_abort_6_1005_0,hidden_wall_abort,probe_07,0,1,none,81,1.21055,0.00000,0,0.10000,0.86000,0.91000,0.45143,0.91005,0.46211,0.87812,-0.47844
6,1006,hidden_wall_abort_6_1006_0,hidden_wall_abort,probe_00,1,0,fixture_snag,32,0.52402,1.09017,0,0.06615,0.67645,0.90828,0.83668,0.45476,0.69835,0.99815,0.06080
6,1006,hidden_wall_abort_6_1006_0,hidden_wall_abort,probe_01,1,0,fixture_snag,33,0.51109,0.97361,0,0.07000,0.81477,0.93000,0.85262,0.45362,0.81569,0.86499,0.50179
6,1006,hidden_wall_abort_6_1006_0,hidden_wall_abort,probe_02,1,0,fixture_snag,46,0.67175,0.98514,0,0.12000,0.14000,0.88000,0.74286,0.49403,0.51742,0.82328,0.56763
6,1006,hidden_wall_abort_6_1006_0,hidden_wall_abort,probe_03,1,0,fixture_snag,40,0.55646,1.03272,0,0.10000,0.86000,0.91000,0.16000,0.45079,0.53195,0.53312,-0.84604
6,1006,hidden_wall_abort_6_1006_0,hidden_wall_abort,probe_04,1,0,fixture_snag,28,0.41853,1.39729,1,0.16000,0.64571,0.86000,0.38911,0.46107,0.55594,0.99799,0.06343
6,1006,hidden_wall_abort_6_1006_0,hidden_wall_abort,probe_05,1,0,collision_margin,34,0.48495,1.09782,0,0.07000,0.26612,0.93000,0.25265,0.47610,0.25959,0.99938,-0.03517
6,1006,hidden_wall_abort_6_1006_0,hidden_wall_abort,probe_06,1,0,collision_margin,36,0.53082,1.64453,1,0.12000,0.14000,0.88000,0.35429,0.49299,0.26396,0.97226,0.23392
6,1006,hidden_wall_abort_6_1006_0,hidden_wall_abort,probe_07,1,0,fixture_snag,36,0.55499,0.99718,0,0.10000,0.86000,0.91000,0.45143,0.45150,0.67274,0.51607,-0.85655
6,1007,hidden_wall_abort_6_1007_0,hidden_wall_abort,probe_00,1,0,collision_margin,32,0.49721,1.06272,0,0.06775,0.56927,0.91677,0.53516,0.45358,0.57255,0.99967,-0.02580
6,1007,hidden_wall_abort_6_1007_0,hidden_wall_abort,probe_01,1,0,collision_margin,32,0.46707,0.98573,0,0.07000,0.37069,0.93000,0.34608,0.44527,0.36323,0.73484,0.67825
6,1007,hidden_wall_abort_6_1007_0,hidden_wall_abort,probe_02,1,0,collision_margin,37,0.54446,1.52715,1,0.12000,0.14000,0.88000,0.84000,0.46176,0.37201,0.53544,0.84457
6,1007,hidden_wall_abort_6_1007_0,hidden_wall_abort,probe_03,1,0,fixture_snag,27,0.40206,1.16317,1,0.10000,0.86000,0.91000,0.64571,0.44010,0.87765,0.82153,-0.57016
6,1007,hidden_wall_abort_6_1007_0,hidden_wall_abort,probe_04,1,0,collision_margin,36,0.50573,1.17015,1,0.16000,0.25714,0.86000,0.77748,0.45624,0.55294,0.80570,0.59233
6,1007,hidden_wall_abort_6_1007_0,hidden_wall_abort,probe_05,1,0,human_stop,28,0.41042,0.25000,0,0.07000,0.13132,0.93000,0.17434,0.39740,0.13939,0.92155,-0.38827
6,1007,hidden_wall_abort_6_1007_0,hidden_wall_abort,probe_06,1,0,collision_margin,37,0.53043,1.37259,1,0.12000,0.14000,0.88000,0.54857,0.45609,0.33576,0.96043,-0.27851
6,1007,hidden_wall_abort_6_1007_0,hidden_wall_abort,probe_07,1,0,collision_margin,38,0.58995,1.15941,1,0.10000,0.86000,0.91000,0.45143,0.47738,0.66034,0.92085,-0.38991
6,1008,hidden_wall_abort_6_1008_0,hidden_wall_abort,probe_00,0,1,none,72,1.14866,0.00000,0,0.07199,0.24689,0.92313,0.32218,0.92126,0.32284,0.61746,0.78660
6,1008,hidden_wall_abort_6_1008_0,hidden_wall_abort,probe_01,1,0,fixture_snag,29,0.44142,1.52206,1,0.07000,0.70617,0.93000,0.76120,0.41901,0.70865,0.98386,0.17894
6,1008,hidden_wall_abort_6_1008_0,hidden_wall_abort,probe_02,1,0,visible_collision,19,0.29891,1.00000,1,0.12000,0.14000,0.88000,0.64571,0.30725,0.19539,0.99739,-0.07223
6,1008,hidden_wall_abort_6_1008_0,hidden_wall_abort,probe_03,1,0,fixture_snag,35,0.50022,1.07320,0,0.10000,0.86000,0.91000,0.35429,0.40579,0.59372,0.45878,-0.88855
6,1008,hidden_wall_abort_6_1008_0,hidden_wall_abort,probe_04,1,0,fixture_snag,22,0.37309,1.30793,1,0.16000,0.45143,0.86000,0.59720,0.41281,0.51653,0.93198,0.36252
6,1008,hidden_wall_abort_6_1008_0,hidden_wall_abort,probe_05,1,0,collision_margin,28,0.42966,1.02231,0,0.07000,0.13498,0.93000,0.17251,0.39903,0.13654,0.68131,-0.73199
6,1008,hidden_wall_abort_6_1008_0,hidden_wall_abort,probe_06,1,0,collision_margin,28,0.42358,1.00031,0,0.12000,0.14000,0.88000,0.54857,0.38638,0.26532,0.93103,0.36494
6,1008,hidden_wall_abort_6_1008_0,hidden_wall_abort,probe_07,1,0,fixture_snag,37,0.57674,1.63025,1,0.10000,0.86000,0.91000,0.25714,0.42234,0.56714,0.91989,-0.39217
6,1009,hidden_wall_abort_6_1009_0,hidden_wall_abort,probe_00,0,1,none,68,0.99427,0.00000,0,0.08003,0.56534,0.92456,0.53867,0.91208,0.54039,0.99652,-0.08333
6,1009,hidden_wall_abort_6_1009_0,hidden_wall_abort,probe_01,1,0,fixture_snag,29,0.41744,1.01721,0,0.07000,0.67213,0.93000,0.63251,0.40916,0.66801,0.89760,0.44081
6,1009,hidden_wall_abort_6_1009_0,hidden_wall_abort,probe_02,1,0,collision_margin,27,0.39241,1.20814,1,0.12000,0.14000,0.88000,0.74286,0.38297,0.24729,0.87202,0.48947
6,1009,hidden_wall_abort_6_1009_0,hidden_wall_abort,probe_03,1,0,fixture_snag,24,0.33140,1.12166,0,0.10000,0.86000,0.91000,0.84000,0.39355,0.85462,0.97309,-0.23044
6,1009,hidden_wall_abort_6_1009_0,hidden_wall_abort,probe_04,1,0,visible_collision,15,0.20305,1.00000,1,0.16000,0.16000,0.86000,0.88000,0.24907,0.29152,0.68223,0.73114
6,1009,hidden_wall_abort_6_1009_0,hidden_wall_abort,probe_05,1,0,collision_margin,26,0.35368,0.97045,0,0.07000,0.39107,0.93000,0.33589,0.36976,0.39113,0.99548,-0.09494
6,1009,hidden_wall_abort_6_1009_0,hidden_wall_abort,probe_06,1,0,collision_margin,26,0.36773,1.40762,1,0.12000,0.14000,0.88000,0.45143,0.38973,0.22909,0.57053,0.82128
6,1009,hidden_wall_abort_6_1009_0,hidden_wall_abort,probe_07,1,0,fixture_snag,27,0.43656,1.14129,0,0.10000,0.86000,0.91000,0.54857,0.40216,0.76765,0.52538,-0.85086
6,1010,hidden_wall_abort_6_1010_0,hidden_wall_abort,probe_00,1,0,fixture_snag,33,0.47823,1.44083,1,0.07548,0.82000,0.91392,0.84000,0.48668,0.82315,0.97707,0.21290
6,1010,hidden_wall_abort_6_1010_0,hidden_wall_abort,probe_01,0,1,none,74,1.13399,0.00000,0,0.07000,0.68876,0.93000,0.62419,0.94439,0.61378,0.91583,0.40157
6,1010,hidden_wall_abort_6_1010_0,hidden_wall_abort,probe_02,1,0,collision_margin,40,0.61765,1.06452,0,0.12000,0.14000,0.88000,0.74286,0.47774,0.37579,0.56055,0.82812
6,1010,hidden_wall_abort_6_1010_0,hidden_wall_abort,probe_03,1,0,collision_margin,45,0.67006,1.01188,0,0.10000,0.86000,0.91000,0.16000,0.47754,0.48966,0.75181,-0.65938
6,1010,hidden_wall_abort_6_1010_0,hidden_wall_abort,probe_04,1,0,collision_margin,29,0.43842,1.24793,1,0.16000,0.45143,0.86000,0.58299,0.48484,0.50833,0.99979,0.02039
6,1010,hidden_wall_abort_6_1010_0,hidden_wall_abort,probe_05,0,1,none,73,1.06528,0.00000,0,0.07000,0.58044,0.93000,0.53264,0.92617,0.53560,0.99988,-0.01547
6,1010,hidden_wall_abort_6_1010_0,hidden_wall_abort,probe_06,1,0,collision_margin,33,0.50196,1.32770,1,0.12000,0.14000,0.88000,0.35429,0.48331,0.18372,0.66320,-0.74844
6,1010,hidden_wall_abort_6_1010_0,hidden_wall_abort,probe_07,1,0,collision_margin,46,0.70859,1.47154,1,0.10000,0.86000,0.91000,0.25714,0.49129,0.48710,0.62104,-0.78378
6,1011,hidden_wall_abort_6_1011_0,hidden_wall_abort,probe_00,1,0,fixture_snag,36,0.54133,1.49666,1,0.07536,0.62560,0.91412,0.53663,0.50016,0.56191,0.21698,-0.97618
6,1011,hidden_wall_abort_6_1011_0,hidden_wall_abort,probe_01,1,0,fixture_snag,35,0.55574,1.28951,1,0.07000,0.53522,0.93000,0.55525,0.49457,0.53658,0.91033,0.41388
6,1011,hidden_wall_abort_6_1011_0,hidden_wall_abort,probe_02,1,0,collision_margin,32,0.47574,1.01399,0,0.12000,0.14000,0.88000,0.25714,0.48120,0.18799,0.95606,-0.29318
6,1011,hidden_wall_abort_6_1011_0,hidden_wall_abort,probe_03,1,0,fixture_snag,31,0.45643,1.33263,1,0.10000,0.86000,0.91000,0.64571,0.48918,0.84211,0.82099,0.57095
6,1011,hidden_wall_abort_6_1011_0,hidden_wall_abort,probe_04,1,0,fixture_snag,39,0.60266,1.10937,0,0.16000,0.74286,0.86000,0.21583,0.49188,0.41478,0.47440,-0.88031
6,1011,hidden_wall_abort_6_1011_0,hidden_wall_abort,probe_05,1,0,fixture_snag,38,0.58056,0.96151,0,0.07000,0.34993,0.93000,0.35646,0.48746,0.41609,0.93823,-0.34602
6,1011,hidden_wall_abort_6_1011_0,hidden_wall_abort,probe_06,1,0,collision_margin,30,0.43328,0.95873,0,0.12000,0.14000,0.88000,0.16000,0.47775,0.13110,0.49790,0.86724
6,1011,hidden_wall_abort_6_1011_0,hidden_wall_abort,probe_07,1,0,fixture_snag,39,0.56024,1.10989,0,0.10000,0.86000,0.91000,0.45143,0.48644,0.66447,0.99769,0.06787
6,1012,hidden_wall_abort_6_1012_0,hidden_wall_abort,probe_00,1,0,visible_collision,19,0.29334,1.00000,1,0.06730,0.18000,0.91403,0.38952,0.26142,0.22336,0.92701,-0.37505
6,1012,hidden_wall_abort_6_1012_0,hidden_wall_abort,probe_01,1,0,fixture_snag,35,0.55524,1.11581,0,0.07000,0.42988,0.93000,0.46220,0.48786,0.43737,0.99053,-0.13728
6,1012,hidden_wall_abort_6_1012_0,hidden_wall_abort,probe_02,1,0,fixture_snag,46,0.67369,0.98604,0,0.12000,0.14000,0.88000,0.74286,0.48276,0.51340,0.76790,0.64057
6,1012,hidden_wall_abort_6_1012_0,hidden_wall_abort,probe_03,1,0,fixture_snag,31,0.44057,1.60661,1,0.10000,0.86000,0.91000,0.84000,0.49557,0.85835,0.99047,0.13771
6,1012,hidden_wall_abort_6_1012_0,hidden_wall_abort,probe_04,1,0,fixture_snag,30,0.50940,1.44940,1,0.16000,0.64571,0.86000,0.39039,0.49572,0.56199,0.73938,-0.67329
6,1012,hidden_wall_abort_6_1012_0,hidden_wall_abort,probe_05,1,0,collision_margin,33,0.52081,1.13465,0,0.07000,0.26320,0.93000,0.25412,0.45899,0.26212,0.75912,0.65095
6,1012,hidden_wall_abort_6_1012_0,hidden_wall_abort,probe_06,1,0,visible_collision,19,0.28481,1.00000,1,0.12000,0.14000,0.88000,0.35429,0.28581,0.22436,0.63539,-0.77219
6,1012,hidden_wall_abort_6_1012_0,hidden_wall_abort,probe_07,1,0,fixture_snag,36,0.58872,1.30642,1,0.10000,0.86000,0.91000,0.54857,0.48854,0.74243,0.99791,0.06455
6,1013,hidden_wall_abort_6_1013_0,hidden_wall_abort,probe_00,1,0,collision_margin,40,0.61147,1.55024,1,0.06658,0.36847,0.92482,0.50775,0.52193,0.43652,0.96916,-0.24641
6,1013,hidden_wall_abort_6_1013_0,hidden_wall_abort,probe_01,0,1,none,71,1.06998,0.00000,0,0.07000,0.73146,0.93000,0.74856,0.93758,0.73938,0.95995,0.28018
6,1013,hidden_wall_abort_6_1013_0,hidden_wall_abort,probe_02,1,0,visible_collision,23,0.36535,1.00000,1,0.12000,0.14000,0.88000,0.64571,0.32391,0.26119,0.94374,0.33070
6,1013,hidden_wall_abort_6_1013_0,hidden_wall_abort,probe_03,1,0,collision_margin,46,0.64110,1.55965,1,0.10000,0.86000,0.91000,0.35429,0.52522,0.53808,0.39789,-0.91743
6,1013,hidden_wall_abort_6_1013_0,hidden_wall_abort,probe_04,1,0,collision_margin,51,0.72133,0.99200,0,0.16000,0.16000,0.86000,0.83839,0.51024,0.60699,0.99231,0.12374
6,1013,hidden_wall_abort_6_1013_0,hidden_wall_abort,probe_05,1,0,collision_margin,38,0.58374,1.71179,1,0.07000,0.46137,0.93000,0.44646,0.52763,0.46543,0.94859,-0.31651
6,1013,hidden_wall_abort_6_1013_0,hidden_wall_abort,probe_06,1,0,collision_margin,42,0.55477,1.29164,1,0.12000,0.14000,0.88000,0.54857,0.51195,0.36137,0.99712,-0.07587
6,1013,hidden_wall_abort_6_1013_0,hidden_wall_abort,probe_07,1,0,collision_margin,49,0.70959,1.03228,0,0.10000,0.86000,0.91000,0.25714,0.50784,0.48527,0.98670,0.16253
6,2000,force_limit_abort_6_2000_0,force_limit_abort,probe_00,0,1,none,70,1.19820,0.00000,0,0.06570,0.54548,0.90877,0.55326,0.91237,0.56416,0.98606,0.16637
6,2000,force_limit_abort_6_2000_0,force_limit_abort,probe_01,0,1,none,72,1.14545,0.00000,0,0.07000,0.77250,0.93000,0.72804,0.93601,0.74308,0.93078,0.36557
6,2000,force_limit_abort_6_2000_0,force_limit_abort,probe_02,1,0,force_limit,43,0.72614,1.28118,1,0.12000,0.14000,0.88000,0.35429,0.59040,0.24575,0.82737,0.56166
6,2000,force_limit_abort_6_2000_0,force_limit_abort,probe_03,0,1,none,81,1.34983,0.00000,0,0.10000,0.86000,0.91000,0.45143,0.91606,0.45011,0.91502,0.40340
6,2000,force_limit_abort_6_2000_0,force_limit_abort,probe_04,0,1,none,61,1.01604,0.00000,0,0.16000,0.54857,0.86000,0.43193,0.85603,0.43740,0.67105,0.74141
6,2000,force_limit_abort_6_2000_0,force_limit_abort,probe_05,0,1,none,72,1.13319,0.00000,0,0.07000,0.65020,0.93000,0.64347,0.93487,0.64290,0.98815,-0.15347
6,2000,force_limit_abort_6_2000_0,force_limit_abort,probe_06,1,0,force_limit,49,0.87612,1.30738,1,0.12000,0.14000,0.88000,0.16000,0.72722,0.14636,0.57190,0.82032
6,2000,force_limit_abort_6_2000_0,force_limit_abort,probe_07,0,1,none,89,1.52203,0.00000,0,0.10000,0.86000,0.91000,0.25714,0.91291,0.26943,0.83411,-0.55159
6,2001,force_limit_abort_6_2001_0,force_limit_abort,probe_00,0,1,none,70,1.07113,0.00000,0,0.07437,0.19660,0.92046,0.16000,0.92211,0.15776,0.99161,-0.12928
6,2001,force_limit_abort_6_2001_0,force_limit_abort,probe_01,0,1,none,77,1.27964,0.00000,0,0.07000,0.16522,0.93000,0.30310,0.94703,0.31315,0.99058,0.13696
6,2001,force_limit_abort_6_2001_0,force_limit_abort,probe_02,0,1,none,79,1.24607,0.00000,0,0.12000,0.14000,0.88000,0.54857,0.89234,0.53679,-0.55473,0.83203
6,2001,force_limit_abort_6_2001_0,force_limit_abort,probe_03,0,1,none,74,1.22071,0.00000,0,0.10000,0.86000,0.91000,0.64571,0.91732,0.63887,0.85326,-0.52149
6,2001,force_limit_abort_6_2001_0,force_limit_abort,probe_04,0,1,none,78,1.27649,0.00000,0,0.16000,0.74286,0.86000,0.21779,0.86301,0.21237,0.81863,-0.57432
6,2001,force_limit_abort_6_2001_0,force_limit_abort,probe_05,0,1,none,72,1.21546,0.00000,0,0.07000,0.36613,0.93000,0.34836,0.94637,0.32074,0.95347,0.30149
6,2001,force_limit_abort_6_2001_0,force_limit_abort,probe_06,0,1,none,76,1.20917,0.00000,0,0.12000,0.14000,0.88000,0.45143,0.88823,0.46356,0.22920,0.97338
6,2001,force_limit_abort_6_2001_0,force_limit_abort,probe_07,0,1,none,93,1.51746,0.00000,0,0.10000,0.86000,0.91000,0.16000,0.91422,0.16649,0.98489,0.17318
6,2002,force_limit_abort_6_2002_0,force_limit_abort,probe_00,0,1,none,70,1.10671,0.00000,0,0.06779,0.75747,0.92469,0.78473,0.91530,0.78489,0.95803,-0.28668
6,2002,force_limit_abort_6_2002_0,force_limit_abort,probe_01,0,1,none,72,1.17371,0.00000,0,0.07000,0.75775,0.93000,0.73541,0.93395,0.73342,0.97978,0.20008
6,2002,force_limit_abort_6_2002_0,force_limit_abort,probe_02,1,0,force_limit,38,0.58932,1.53378,1,0.12000,0.14000,0.88000,0.64571,0.42456,0.43210,0.43790,0.89902
6,2002,force_limit_abort_6_2002_0,force_limit_abort,probe_03,0,1,none,78,1.36185,0.00000,0,0.10000,0.86000,0.91000,0.54857,0.90044,0.54906,0.98361,0.18028
6,2002,force_limit_abort_6_2002_0,force_limit_abort,probe_04,1,0,visible_collision,12,0.16781,1.00000,1,0.16000,0.16000,0.86000,0.84338,0.25599,0.25428,0.99503,0.09959
6,2002,force_limit_abort_6_2002_0,force_limit_abort,probe_05,0,1,none,71,1.09926,0.00000,0,0.07000,0.35429,0.93000,0.35428,0.94295,0.36184,0.94919,0.31469
6,2002,force_limit_abort_6_2002_0,force_limit_abort,probe_06,0,1,none,76,1.17912,0.00000,0,0.12000,0.14000,0.88000,0.45143,0.89417,0.46692,0.79834,0.60221
6,2002,force_limit_abort_6_2002_0,force_limit_abort,probe_07,1,0,force_limit,38,0.60637,1.56999,1,0.10000,0.86000,0.91000,0.25714,0.43208,0.55579,0.61608,-0.78768
6,2003,force_limit_abort_6_2003_0,force_limit_abort,probe_00,0,1,none,70,1.18575,0.00000,0,0.07515,0.58306,0.90876,0.51168,0.90128,0.50977,0.95846,0.28524
6,2003,force_limit_abort_6_2003_0,force_limit_abort,probe_01,1,0,force_limit,36,0.56908,1.72798,1,0.07000,0.34895,0.93000,0.35695,0.50415,0.34425,0.96116,0.27601
6,2003,force_limit_abort_6_2003_0,force_limit_abort,probe_02,1,0,force_limit,39,0.63862,1.59663,1,0.12000,0.14000,0.88000,0.84000,0.50237,0.36712,0.97988,0.19961
6,2003,force_limit_abort_6_2003_0,force_limit_abort,probe_03,1,0,force_limit,53,0.90260,1.51783,1,0.10000,0.86000,0.91000,0.16000,0.54950,0.42691,0.95465,-0.29772
6,2003,force_limit_abort_6_2003_0,force_limit_abort,probe_04,1,0,force_limit,37,0.63730,1.22727,1,0.16000,0.54857,0.86000,0.45860,0.56800,0.45597,0.84270,-0.53839
6,2003,force_limit_abort_6_2003_0,force_limit_abort,probe_05,1,0,force_limit,41,0.69330,1.74733,1,0.07000,0.44600,0.93000,0.45414,0.56630,0.43828,0.99966,-0.02603
6,2003,force_limit_abort_6_2003_0,force_limit_abort,probe_06,1,0,force_limit,42,0.59691,1.70114,1,0.12000,0.14000,0.88000,0.74286,0.50690,0.37500,0.79989,0.60015
6,2003,force_limit_abort_6_2003_0,force_limit_abort,probe_07,0,1,none,74,1.20160,0.00000,0,0.10000,0.86000,0.91000,0.64571,0.91100,0.64047,0.59235,-0.80568
6,2004,force_limit_abort_6_2004_0,force_limit_abort,probe_00,1,0,visible_collision,49,0.82180,1.00000,1,0.07991,0.68502,0.92298,0.61493,0.69467,0.69210,0.98073,-0.19538
6,2004,force_limit_abort_6_2004_0,force_limit_abort,probe_01,1,0,force_limit,32,0.50239,1.54971,1,0.07000,0.60450,0.93000,0.66632,0.46586,0.59836,0.98400,0.17814
6,2004,force_limit_abort_6_2004_0,force_limit_abort,probe_02,1,0,visible_collision,15,0.23932,1.00000,1,0.12000,0.14000,0.88000,0.25714,0.24233,0.21456,0.86103,0.50856
6,2004,force_limit_abort_6_2004_0,force_limit_abort,probe_03,0,1,none,81,1.33487,0.00000,0,0.10000,0.86000,0.91000,0.45143,0.92367,0.46410,0.95022,0.31157
6,2004,force_limit_abort_6_2004_0,force_limit_abort,probe_04,1,0,force_limit,35,0.55376,1.21392,1,0.16000,0.16000,0.86000,0.81572,0.45673,0.44767,0.63287,0.77426
6,2004,force_limit_abort_6_2004_0,force_limit_abort,probe_05,0,1,none,71,1.16637,0.00000,0,0.07000,0.73968,0.93000,0.74445,0.93349,0.73391,0.99152,0.12992
6,2004,force_limit_abort_6_2004_0,force_limit_abort,probe_06,1,0,force_limit,50,0.81925,1.28232,1,0.12000,0.14000,0.88000,0.54857,0.60175,0.42039,0.34826,0.93740
6,2004,force_limit_abort_6_2004_0,force_limit_abort,probe_07,0,1,none,66,1.18455,0.00000,0,0.10000,0.86000,0.91000,0.84000,0.91157,0.83945,0.85566,-0.51753
6,2005,force_limit_abort_6_2005_0,force_limit_abort,probe_00,1,0,force_limit,48,0.72798,1.59038,1,0.06626,0.82000,0.92270,0.84000,0.65331,0.79933,0.99901,0.04446
6,2005,force_limit_abort_6_2005_0,force_limit_abort,probe_01,1,0,force_limit,44,0.74976,1.74488,1,0.07000,0.73126,0.93000,0.74866,0.61645,0.73034,0.93930,-0.34310
6,2005,force_limit_abort_6_2005_0,force_limit_abort,probe_02,0,1,none,76,1.29894,0.00000,0,0.12000,0.14000,0.88000,0.45143,0.88602,0.46293,0.99143,-0.13062
6,2005,force_limit_abort_6_2005_0,force_limit_abort,probe_03,1,0,force_limit,46,0.80145,1.54194,1,0.10000,0.86000,0.91000,0.64571,0.62466,0.74887,0.36835,-0.92969
6,2005,force_limit_abort_6_2005_0,force_limit_abort,probe_04,0,1,none,63,1.00078,0.00000,0,0.16000,0.54857,0.86000,0.39439,0.84892,0.37948,0.85755,-0.51440
6,2005,force_limit_abort_6_2005_0,force_limit_abort,probe_05,0,1,none,74,1.23164,0.00000,0,0.07000,0.40422,0.93000,0.32932,0.93648,0.32565,0.55667,-0.83074
6,2005,force_limit_abort_6_2005_0,force_limit_abort,probe_06,0,1,none,64,1.06379,0.00000,0,0.12000,0.14000,0.88000,0.16000,0.89609,0.18201,0.97890,0.20434
6,2005,force_limit_abort_6_2005_0,force_limit_abort,probe_07,0,1,none,89,1.34884,0.00000,0,0.10000,0.86000,0.91000,0.25714,0.90798,0.25675,0.82585,0.56388
6,2006,force_limit_abort_6_2006_0,force_limit_abort,probe_00,0,1,none,74,1.25819,0.00000,0,0.06782,0.82000,0.91505,0.84000,0.90163,0.83670,0.91138,0.41156
6,2006,force_limit_abort_6_2006_0,force_limit_abort,probe_01,0,1,none,71,1.16279,0.00000,0,0.07000,0.15039,0.93000,0.16481,0.93540,0.15232,0.78043,-0.62524
6,2006,force_limit_abort_6_2006_0,force_limit_abort,probe_02,0,1,none,68,1.09395,0.00000,0,0.12000,0.14000,0.88000,0.25714,0.87196,0.26847,0.85602,0.51694
6,2006,force_limit_abort_6_2006_0,force_limit_abort,probe_03,0,1,none,74,1.30856,0.00000,0,0.10000,0.86000,0.91000,0.64571,0.90998,0.64755,0.79351,-0.60856
6,2006,force_limit_abort_6_2006_0,force_limit_abort,probe_04,1,0,force_limit,49,0.73781,1.34584,1,0.16000,0.74286,0.86000,0.27690,0.61623,0.42111,0.84103,-0.54098
6,2006,force_limit_abort_6_2006_0,force_limit_abort,probe_05,1,0,force_limit,47,0.78356,1.69894,1,0.07000,0.41363,0.93000,0.47033,0.63076,0.41040,0.97969,0.20052
6,2006,force_limit_abort_6_2006_0,force_limit_abort,probe_06,1,0,visible_collision,78,1.17636,1.00000,1,0.12000,0.14000,0.88000,0.84000,0.74624,0.77157,0.98014,0.19832
6,2006,force_limit_abort_6_2006_0,force_limit_abort,probe_07,1,0,force_limit,62,1.00636,1.25941,1,0.10000,0.86000,0.91000,0.54857,0.74678,0.60918,0.81482,-0.57971
6,2007,force_limit_abort_6_2007_0,force_limit_abort,probe_00,0,1,none,73,1.14224,0.00000,0,0.06843,0.63243,0.91121,0.54572,0.91507,0.55317,0.94346,0.33150
6,2007,force_limit_abort_6_2007_0,force_limit_abort,probe_01,0,1,none,74,1.33032,0.00000,0,0.07000,0.79253,0.93000,0.86374,0.93720,0.86704,0.87503,-0.48407
6,2007,force_limit_abort_6_2007_0,force_limit_abort,probe_02,0,1,none,87,1.43167,0.00000,0,0.12000,0.14000,0.88000,0.74286,0.88677,0.72362,0.93317,0.35944
6,2007,force_limit_abort_6_2007_0,force_limit_abort,probe_03,0,1,none,81,1.37311,0.00000,0,0.10000,0.86000,0.91000,0.45143,0.91042,0.47095,0.89634,0.44336
6,2007,force_limit_abort_6_2007_0,force_limit_abort,probe_04,1,0,visible_collision,11,0.19221,1.00000,1,0.16000,0.16000,0.86000,0.76983,0.27342,0.22303,0.25387,0.96724
6,2007,force_limit_abort_6_2007_0,force_limit_abort,probe_05,1,0,force_limit,40,0.66273,1.62983,1,0.07000,0.40409,0.93000,0.32938,0.54649,0.40943,0.99924,-0.03895
6,2007,force_limit_abort_6_2007_0,force_limit_abort,probe_06,1,0,force_limit,42,0.70627,1.89871,1,0.12000,0.14000,0.88000,0.54857,0.51578,0.36613,0.89900,0.43795
6,2007,force_limit_abort_6_2007_0,force_limit_abort,probe_07,1,0,force_limit,56,0.91179,1.65077,1,0.10000,0.86000,0.91000,0.25714,0.58430,0.42051,0.90070,-0.43445
6,2008,force_limit_abort_6_2008_0,force_limit_abort,probe_00,1,0,force_limit,33,0.52859,1.47425,1,0.06936,0.53759,0.91895,0.73413,0.44034,0.58740,0.89492,-0.44622
6,2008,force_limit_abort_6_2008_0,force_limit_abort,probe_01,1,0,visible_collision,48,0.81904,1.00000,1,0.07000,0.75295,0.93000,0.73781,0.66375,0.75219,0.66245,0.74910
6,2008,force_limit_abort_6_2008_0,force_limit_abort,probe_02,0,1,none,64,1.14747,0.00000,0,0.12000,0.14000,0.88000,0.16000,0.89317,0.16782,0.93870,0.34473
6,2008,force_limit_abort_6_2008_0,force_limit_abort,probe_03,0,1,none,78,1.24537,0.00000,0,0.10000,0.86000,0.91000,0.54857,0.91232,0.53501,0.18535,-0.98267
6,2008,force_limit_abort_6_2008_0,force_limit_abort,probe_04,1,0,force_limit,11,0.16923,1.73622,1,0.16000,0.45143,0.86000,0.52411,0.29543,0.47935,0.86848,0.49573
6,2008,force_limit_abort_6_2008_0,force_limit_abort,probe_05,1,0,visible_collision,16,0.24924,1.00000,1,0.07000,0.35419,0.93000,0.35433,0.24104,0.37987,0.65558,0.75512
6,2008,force_limit_abort_6_2008_0,force_limit_abort,probe_06,1,0,force_limit,41,0.61115,1.89224,1,0.12000,0.14000,0.88000,0.64571,0.45879,0.45163,0.43578,0.90005
6,2008,force_limit_abort_6_2008_0,force_limit_abort,probe_07,1,0,force_limit,35,0.52845,1.41951,1,0.10000,0.86000,0.91000,0.25714,0.38956,0.56959,0.86437,-0.50285
6,2009,force_limit_abort_6_2009_0,force_limit_abort,probe_00,0,1,none,68,1.08212,0.00000,0,0.08253,0.57648,0.92057,0.61726,0.90562,0.62418,-0.99883,-0.04838
6,2009,force_limit_abort_6_2009_0,force_limit_abort,probe_01,1,0,force_limit,40,0.63027,1.48245,1,0.07000,0.20822,0.93000,0.28161,0.54617,0.19138,0.77281,0.63464
6,2009,force_limit_abort_6_2009_0,force_limit_abort,probe_02,1,0,visible_collision,19,0.29935,1.00000,1,0.12000,0.14000,0.88000,0.45143,0.29666,0.20699,0.47335,0.88088
6,2009,force_limit_abort_6_2009_0,force_limit_abort,probe_03,0,1,none,66,1.08435,0.00000,0,0.10000,0.86000,0.91000,0.84000,0.91122,0.82676,0.93472,0.35539
6,2009,force_limit_abort_6_2009_0,force_limit_abort,probe_04,0,1,none,62,1.05649,0.00000,0,0.16000,0.54857,0.86000,0.42064,0.86644,0.41239,0.97720,-0.21232
6,2009,force_limit_abort_6_2009_0,force_limit_abort,probe_05,0,1,none,72,1.21787,0.00000,0,0.07000,0.37216,0.93000,0.34535,0.92260,0.34078,0.99889,-0.04719
6,2009,force_limit_abort_6_2009_0,force_limit_abort,probe_06,1,0,visible_collision,19,0.32633,1.00000,1,0.12000,0.14000,0.88000,0.64571,0.29810,0.20894,0.90281,0.43003
6,2009,force_limit_abort_6_2009_0,force_limit_abort,probe_07,1,0,force_limit,67,1.07650,1.73707,1,0.10000,0.86000,0.91000,0.16000,0.66538,0.30879,0.81308,-0.58216
6,2010,force_limit_abort_6_2010_0,force_limit_abort,probe_00,1,0,force_limit,29,0.43889,1.39538,1,0.08232,0.52527,0.92396,0.55497,0.44564,0.53906,0.64346,-0.76548
6,2010,force_limit_abort_6_2010_0,force_limit_abort,probe_01,0,1,none,73,1.31765,0.00000,0,0.07000,0.67893,0.93000,0.62911,0.93752,0.62972,0.79626,-0.60495
6,2010,force_limit_abort_6_2010_0,force_limit_abort,probe_02,1,0,force_limit,46,0.80929,1.59254,1,0.12000,0.14000,0.88000,0.84000,0.53166,0.42839,0.71595,0.69815
6,2010,force_limit_abort_6_2010_0,force_limit_abort,probe_03,0,1,none,70,1.15978,0.00000,0,0.10000,0.86000,0.91000,0.74286,0.90964,0.73870,0.97439,0.22488
6,2010,force_limit_abort_6_2010_0,force_limit_abort,probe_04,1,0,force_limit,24,0.41347,1.72954,1,0.16000,0.45143,0.86000,0.56418,0.43381,0.50081,0.90020,-0.43547
6,2010,force_limit_abort_6_2010_0,force_limit_abort,probe_05,0,1,none,74,1.20671,0.00000,0,0.07000,0.24345,0.93000,0.26399,0.93940,0.26455,0.12491,0.99217
6,2010,force_limit_abort_6_2010_0,force_limit_abort,probe_06,0,1,none,64,1.10712,0.00000,0,0.12000,0.14000,0.88000,0.16000,0.88599,0.15935,0.68453,0.72899
6,2010,force_limit_abort_6_2010_0,force_limit_abort,probe_07,1,0,force_limit,43,0.68818,1.83151,1,0.10000,0.86000,0.91000,0.35429,0.48669,0.55279,0.95897,-0.28351
6,2011,force_limit_abort_6_2011_0,force_limit_abort,probe_00,1,0,force_limit,32,0.50207,1.60059,1,0.06880,0.18000,0.91120,0.16000,0.44977,0.18717,0.98437,0.17611
6,2011,force_limit_abort_6_2011_0,force_limit_abort,probe_01,0,1,none,72,1.30790,0.00000,0,0.07000,0.62898,0.93000,0.65408,0.96356,0.66057,0.87824,0.47822
6,2011,force_limit_abort_6_2011_0,force_limit_abort,probe_02,1,0,visible_collision,21,0.29694,1.00000,1,0.12000,0.14000,0.88000,0.74286,0.30860,0.21487,0.55202,0.83383
6,2011,force_limit_abort_6_2011_0,force_limit_abort,probe_03,0,1,none,78,1.30765,0.00000,0,0.10000,0.86000,0.91000,0.54857,0.91542,0.52721,0.70371,0.71049
6,2011,force_limit_abort_6_2011_0,force_limit_abort,probe_04,1,0,visible_collision,17,0.29081,1.00000,1,0.16000,0.16000,0.86000,0.83478,0.32576,0.23542,0.65785,0.75315
6,2011,force_limit_abort_6_2011_0,force_limit_abort,probe_05,0,1,none,72,1.28526,0.00000,0,0.07000,0.46719,0.93000,0.44355,0.94459,0.43267,0.54115,-0.84092
6,2011,force_limit_abort_6_2011_0,force_limit_abort,probe_06,1,0,force_limit,31,0.48466,1.75546,1,0.12000,0.14000,0.88000,0.35429,0.46744,0.17892,0.94562,0.32528
6,2011,force_limit_abort_6_2011_0,force_limit_abort,probe_07,0,1,none,66,1.14690,0.00000,0,0.10000,0.86000,0.91000,0.84000,0.90949,0.83281,0.96132,-0.27544
6,2012,force_limit_abort_6_2012_0,force_limit_abort,probe_00,1,0,visible_collision,54,0.86515,1.00000,1,0.07878,0.53732,0.91823,0.72669,0.70405,0.65349,0.94586,0.32457
6,2012,force_limit_abort_6_2012_0,force_limit_abort,probe_01,0,1,none,71,1.14992,0.00000,0,0.07000,0.16407,0.93000,0.15796,0.94470,0.16524,0.85995,0.51038
6,2012,force_limit_abort_6_2012_0,force_limit_abort,probe_02,1,0,force_limit,57,0.94182,1.54454,1,0.12000,0.14000,0.88000,0.45143,0.68894,0.36834,0.72863,0.68491
6,2012,force_limit_abort_6_2012_0,force_limit_abort,probe_03,0,1,none,74,1.23198,0.00000,0,0.10000,0.86000,0.91000,0.64571,0.91680,0.63122,0.36807,0.92980
6,2012,force_limit_abort_6_2012_0,force_limit_abort,probe_04,0,1,none,78,1.20663,0.00000,0,0.16000,0.25714,0.86000,0.77814,0.85644,0.79061,0.74058,-0.67197
6,2012,force_limit_abort_6_2012_0,force_limit_abort,probe_05,0,1,none,71,1.18122,0.00000,0,0.07000,0.83910,0.93000,0.84045,0.94331,0.83551,0.99994,-0.01137
6,2012,force_limit_abort_6_2012_0,force_limit_abort,probe_06,0,1,none,72,1.28333,0.00000,0,0.12000,0.14000,0.88000,0.35429,0.88494,0.37321,0.75208,0.65907
6,2012,force_limit_abort_6_2012_0,force_limit_abort,probe_07,0,1,none,70,1.20984,0.00000,0,0.10000,0.86000,0.91000,0.74286,0.91966,0.72619,0.68540,-0.72817
6,2013,force_limit_abort_6_2013_0,force_limit_abort,probe_00,0,1,none,72,1.19541,0.00000,0,0.07486,0.34694,0.91229,0.26056,0.90860,0.26295,-0.98998,0.14118
6,2013,force_limit_abort_6_2013_0,force_limit_abort,probe_01,1,0,force_limit,29,0.46778,1.67388,1,0.07000,0.64469,0.93000,0.64623,0.41305,0.64425,0.98751,-0.15758
6,2013,force_limit_abort_6_2013_0,force_limit_abort,probe_02,0,1,none,76,1.16294,0.00000,0,0.12000,0.14000,0.88000,0.45143,0.87676,0.46807,0.57039,0.82137
6,2013,force_limit_abort_6_2013_0,force_limit_abort,probe_03,1,0,force_limit,34,0.56020,1.39220,1,0.10000,0.86000,0.91000,0.25714,0.39531,0.58756,0.88533,-0.46496
6,2013,force_limit_abort_6_2013_0,force_limit_abort,probe_04,0,1,none,70,1.11280,0.00000,0,0.16000,0.35429,0.86000,0.67861,0.85599,0.68695,0.91529,-0.40280
6,2013,force_limit_abort_6_2013_0,force_limit_abort,probe_05,1,0,visible_collision,16,0.24787,1.00000,1,0.07000,0.17070,0.93000,0.15465,0.25669,0.16653,0.99079,0.13541
6,2013,force_limit_abort_6_2013_0,force_limit_abort,probe_06,0,1,none,79,1.30879,0.00000,0,0.12000,0.14000,0.88000,0.54857,0.88488,0.53146,0.98164,0.19076
6,2013,force_limit_abort_6_2013_0,force_limit_abort,probe_07,0,1,none,70,1.10374,0.00000,0,0.10000,0.86000,0.91000,0.74286,0.90883,0.74063,0.93162,-0.36344
6,3000,human_stop_constraint_6_3000_0,human_stop_constraint,probe_00,0,1,none,70,1.40102,0.00000,0,0.07671,0.82000,0.91145,0.84000,0.90875,0.82609,0.77837,-0.62781
6,3000,human_stop_constraint_6_3000_0,human_stop_constraint,probe_01,1,0,human_stop,30,0.53213,1.01000,0,0.07000,0.47145,0.93000,0.51428,0.43623,0.45161,0.99921,0.03981
6,3000,human_stop_constraint_6_3000_0,human_stop_constraint,probe_02,1,0,human_stop,28,0.47730,1.01000,0,0.12000,0.14000,0.88000,0.72667,0.34497,0.36640,0.94513,-0.32668
6,3000,human_stop_constraint_6_3000_0,human_stop_constraint,probe_03,1,0,human_stop,54,0.93986,1.01000,0,0.10000,0.86000,0.91000,0.16000,0.55761,0.41994,0.92694,-0.37521
6,3000,human_stop_constraint_6_3000_0,human_stop_constraint,probe_04,0,1,none,66,1.12546,0.00000,0,0.16000,0.61333,0.86000,0.39371,0.85018,0.38020,0.77040,0.63756
6,3000,human_stop_constraint_6_3000_0,human_stop_constraint,probe_05,0,1,none,75,1.35524,0.00000,0,0.07000,0.20901,0.93000,0.30550,0.94079,0.31933,0.97160,0.23664
6,3000,human_stop_constraint_6_3000_0,human_stop_constraint,probe_06,1,0,human_stop,26,0.45039,1.01000,0,0.12000,0.14000,0.88000,0.84000,0.33133,0.35378,0.56149,0.82748
6,3001,human_stop_constraint_6_3001_0,human_stop_constraint,probe_00,1,0,visible_collision,58,1.06348,1.00000,1,0.08289,0.82000,0.91961,0.63748,0.76313,0.74325,0.66418,-0.74758
6,3001,human_stop_constraint_6_3001_0,human_stop_constraint,probe_01,1,0,visible_collision,17,0.29598,1.00000,1,0.07000,0.15029,0.93000,0.16486,0.24872,0.14453,0.61430,-0.78907
6,3001,human_stop_constraint_6_3001_0,human_stop_constraint,probe_02,1,0,human_stop,33,0.50939,1.01000,0,0.12000,0.14000,0.88000,0.84000,0.39470,0.41558,0.67988,0.73333
6,3001,human_stop_constraint_6_3001_0,human_stop_constraint,probe_03,0,1,none,84,1.33738,0.00000,0,0.10000,0.86000,0.91000,0.38667,0.89808,0.38765,0.99908,0.04285
6,3001,human_stop_constraint_6_3001_0,human_stop_constraint,probe_04,1,0,human_stop,21,0.38973,1.01000,0,0.16000,0.50000,0.86000,0.46813,0.42138,0.49920,0.99799,0.06345
6,3001,human_stop_constraint_6_3001_0,human_stop_constraint,probe_05,1,0,human_stop,34,0.67142,1.01000,0,0.07000,0.27637,0.93000,0.27181,0.47625,0.28863,0.40815,0.91292
6,3001,human_stop_constraint_6_3001_0,human_stop_constraint,probe_06,1,0,human_stop,33,0.53404,1.01000,0,0.12000,0.14000,0.88000,0.61333,0.39454,0.38791,0.24304,0.97002
6,3002,human_stop_constraint_6_3002_0,human_stop_constraint,probe_00,1,0,human_stop,30,0.54482,1.01000,0,0.06632,0.39689,0.92117,0.33684,0.42016,0.37972,0.48549,0.87424
6,3002,human_stop_constraint_6_3002_0,human_stop_constraint,probe_01,0,1,none,73,1.30552,0.00000,0,0.07000,0.69075,0.93000,0.74462,0.93345,0.73553,0.89375,0.44856
6,3002,human_stop_constraint_6_3002_0,human_stop_constraint,probe_02,0,1,none,68,1.23460,0.00000,0,0.12000,0.14000,0.88000,0.27333,0.89829,0.27067,0.98552,0.16954
6,3002,human_stop_constraint_6_3002_0,human_stop_constraint,probe_03,1,0,human_stop,53,0.93512,1.01000,0,0.10000,0.86000,0.91000,0.38667,0.59741,0.51604,0.99948,-0.03234
6,3002,human_stop_constraint_6_3002_0,human_stop_constraint,probe_04,1,0,visible_collision,19,0.30020,1.00000,1,0.16000,0.16000,0.86000,0.79818,0.31057,0.25758,0.30927,0.95097
6,3002,human_stop_constraint_6_3002_0,human_stop_constraint,probe_05,1,0,human_stop,28,0.45374,1.01000,0,0.07000,0.44563,0.93000,0.52718,0.40592,0.44531,0.72715,0.68648
6,3002,human_stop_constraint_6_3002_0,human_stop_constraint,probe_06,1,0,visible_collision,19,0.29221,1.00000,1,0.12000,0.14000,0.88000,0.61333,0.28732,0.24441,0.98553,-0.16950
6,3003,human_stop_constraint_6_3003_0,human_stop_constraint,probe_00,0,1,none,73,1.31064,0.00000,0,0.07752,0.69247,0.91300,0.84000,0.91959,0.83542,0.82395,0.56666
6,3003,human_stop_constraint_6_3003_0,human_stop_constraint,probe_01,1,0,human_stop,31,0.46669,1.01000,0,0.07000,0.23472,0.93000,0.29264,0.40398,0.31945,0.98085,-0.19478
6,3003,human_stop_constraint_6_3003_0,human_stop_constraint,probe_02,1,0,visible_collision,21,0.36665,1.00000,1,0.12000,0.14000,0.88000,0.50000,0.32199,0.22062,0.71046,0.70374
6,3003,human_stop_constraint_6_3003_0,human_stop_constraint,probe_03,1,0,human_stop,50,0.92342,1.01000,0,0.10000,0.86000,0.91000,0.38667,0.56887,0.54430,0.99997,-0.00828
6,3003,human_stop_constraint_6_3003_0,human_stop_constraint,probe_04,1,0,visible_collision,15,0.25149,1.00000,1,0.16000,0.16000,0.86000,0.84409,0.26271,0.28172,0.72367,0.69015
6,3003,human_stop_constraint_6_3003_0,human_stop_constraint,probe_05,1,0,human_stop,45,0.87114,1.01000,0,0.07000,0.63121,0.93000,0.60440,0.61971,0.63884,0.97475,-0.22330
6,3003,human_stop_constraint_6_3003_0,human_stop_constraint,probe_06,1,0,human_stop,33,0.67166,1.01000,0,0.12000,0.14000,0.88000,0.72667,0.41486,0.30589,0.67763,0.73540
6,3004,human_stop_constraint_6_3004_0,human_stop_constraint,probe_00,1,0,visible_collision,20,0.35144,1.00000,1,0.06762,0.18000,0.91968,0.33640,0.28647,0.21958,0.49366,0.86965
6,3004,human_stop_constraint_6_3004_0,human_stop_constraint,probe_01,0,1,none,74,1.29628,0.00000,0,0.07000,0.11321,0.93000,0.18340,0.93392,0.18970,0.56639,0.82414
6,3004,human_stop_constraint_6_3004_0,human_stop_constraint,probe_02,0,1,none,82,1.44045,0.00000,0,0.12000,0.14000,0.88000,0.61333,0.89355,0.61131,0.31315,0.94970
6,3004,human_stop_constraint_6_3004_0,human_stop_constraint,probe_03,1,0,human_stop,28,0.50964,1.01000,0,0.10000,0.86000,0.91000,0.50000,0.39725,0.74740,0.03598,-0.99935
6,3004,human_stop_constraint_6_3004_0,human_stop_constraint,probe_04,0,1,none,66,1.20655,0.00000,0,0.16000,0.38667,0.86000,0.61709,0.87567,0.60249,0.41531,-0.90968
6,3004,human_stop_constraint_6_3004_0,human_stop_constraint,probe_05,1,0,human_stop,39,0.69277,1.01000,0,0.07000,0.31330,0.93000,0.25335,0.53746,0.31292,0.98464,-0.17460
6,3004,human_stop_constraint_6_3004_0,human_stop_constraint,probe_06,0,1,none,87,1.50788,0.00000,0,0.12000,0.14000,0.88000,0.72667,0.87481,0.73791,0.57231,0.82003
6,3005,human_stop_constraint_6_3005_0,human_stop_constraint,probe_00,0,1,none,72,1.31463,0.00000,0,0.07135,0.24847,0.91539,0.20196,0.91629,0.20491,0.86954,-0.49386
6,3005,human_stop_constraint_6_3005_0,human_stop_constraint,probe_01,0,1,none,71,1.25863,0.00000,0,0.07000,0.83608,0.93000,0.84196,0.93555,0.83591,-0.07980,-0.99681
6,3005,human_stop_constraint_6_3005_0,human_stop_constraint,probe_02,1,0,visible_collision,14,0.24468,1.00000,1,0.12000,0.14000,0.88000,0.50000,0.24036,0.22743,0.23474,0.97206
6,3005,human_stop_constraint_6_3005_0,human_stop_constraint,probe_03,1,0,human_stop,31,0.42846,1.01000,0,0.10000,0.86000,0.91000,0.38667,0.37273,0.63971,0.94588,0.32451
6,3005,human_stop_constraint_6_3005_0,human_stop_constraint,probe_04,1,0,human_stop,31,0.48987,1.01000,0,0.16000,0.27333,0.86000,0.71220,0.41398,0.50827,0.98719,0.15953
6,3005,human_stop_constraint_6_3005_0,human_stop_constraint,probe_05,1,0,human_stop,26,0.43114,1.01000,0,0.07000,0.64632,0.93000,0.59684,0.37985,0.63830,0.95015,0.31179
6,3005,human_stop_constraint_6_3005_0,human_stop_constraint,probe_06,1,0,human_stop,37,0.69618,1.01000,0,0.12000,0.14000,0.88000,0.72667,0.40753,0.42879,0.99610,-0.08822
6,3006,human_stop_constraint_6_3006_0,human_stop_constraint,probe_00,1,0,visible_collision,19,0.35755,1.00000,1,0.06859,0.33048,0.91705,0.35193,0.28770,0.37124,0.64476,0.76438
6,3006,human_stop_constraint_6_3006_0,human_stop_constraint,probe_01,0,1,none,72,1.32042,0.00000,0,0.07000,0.71133,0.93000,0.73433,0.94145,0.72774,0.58066,0.81415
6,3006,human_stop_constraint_6_3006_0,human_stop_constraint,probe_02,0,1,none,64,1.26837,0.00000,0,0.12000,0.14000,0.88000,0.16000,0.88634,0.17260,-0.44745,0.89431
6,3006,human_stop_constraint_6_3006_0,human_stop_constraint,probe_03,0,1,none,79,1.51918,0.00000,0,0.10000,0.86000,0.91000,0.50000,0.91382,0.50260,0.16329,-0.98658
6,3006,human_stop_constraint_6_3006_0,human_stop_constraint,probe_04,1,0,human_stop,21,0.42128,1.01000,0,0.16000,0.27333,0.86000,0.77974,0.37822,0.32917,0.48054,0.87697
6,3006,human_stop_constraint_6_3006_0,human_stop_constraint,probe_05,1,0,visible_collision,50,0.80450,1.00000,1,0.07000,0.84357,0.93000,0.83821,0.67301,0.81951,-0.35398,-0.93525
6,3006,human_stop_constraint_6_3006_0,human_stop_constraint,probe_06,1,0,visible_collision,19,0.33518,1.00000,1,0.12000,0.14000,0.88000,0.61333,0.27615,0.28153,0.97814,0.20797
6,3007,human_stop_constraint_6_3007_0,human_stop_constraint,probe_00,0,1,none,72,1.29711,0.00000,0,0.06822,0.61867,0.92098,0.53569,0.90930,0.53934,0.38784,0.92173
6,3007,human_stop_constraint_6_3007_0,human_stop_constraint,probe_01,0,1,none,73,1.31157,0.00000,0,0.07000,0.80814,0.93000,0.85593,0.93132,0.86257,0.88846,0.45896
6,3007,human_stop_constraint_6_3007_0,human_stop_constraint,probe_02,1,0,human_stop,29,0.48857,1.01000,0,0.12000,0.14000,0.88000,0.72667,0.36500,0.36439,0.24410,0.96975
6,3007,human_stop_constraint_6_3007_0,human_stop_constraint,probe_03,1,0,human_stop,37,0.65216,1.01000,0,0.10000,0.86000,0.91000,0.16000,0.40952,0.54271,0.50443,-0.86345
6,3007,human_stop_constraint_6_3007_0,human_stop_constraint,probe_04,1,0,human_stop,20,0.30971,1.01000,0,0.16000,0.50000,0.86000,0.52144,0.39812,0.52393,0.91919,-0.39382
6,3007,human_stop_constraint_6_3007_0,human_stop_constraint,probe_05,1,0,visible_collision,18,0.30981,1.00000,1,0.07000,0.23519,0.93000,0.29240,0.26419,0.24995,0.76801,-0.64044
6,3007,human_stop_constraint_6_3007_0,human_stop_constraint,probe_06,0,1,none,73,1.34020,0.00000,0,0.12000,0.14000,0.88000,0.38667,0.88862,0.39049,0.27404,0.96172
6,3008,human_stop_constraint_6_3008_0,human_stop_constraint,probe_00,0,1,none,68,1.34242,0.00000,0,0.08286,0.18565,0.91287,0.16000,0.92124,0.14964,0.45749,0.88922
6,3008,human_stop_constraint_6_3008_0,human_stop_constraint,probe_01,1,0,human_stop,35,0.52121,1.01000,0,0.07000,0.46981,0.93000,0.51509,0.48856,0.47295,0.99998,0.00682
6,3008,human_stop_constraint_6_3008_0,human_stop_constraint,probe_02,0,1,none,73,1.44096,0.00000,0,0.12000,0.14000,0.88000,0.38667,0.89012,0.40092,0.95639,0.29210
6,3008,human_stop_constraint_6_3008_0,human_stop_constraint,probe_03,0,1,none,75,1.39662,0.00000,0,0.10000,0.86000,0.91000,0.61333,0.90773,0.62577,0.17691,-0.98423
6,3008,human_stop_constraint_6_3008_0,human_stop_constraint,probe_04,1,0,human_stop,23,0.38444,1.01000,0,0.16000,0.84000,0.86000,0.23456,0.35357,0.64419,-0.73047,-0.68295
6,3008,human_stop_constraint_6_3008_0,human_stop_constraint,probe_05,0,1,none,75,1.42069,0.00000,0,0.07000,0.21118,0.93000,0.30441,0.94623,0.32039,0.82359,0.56719
6,3008,human_stop_constraint_6_3008_0,human_stop_constraint,probe_06,1,0,human_stop,43,0.71046,1.01000,0,0.12000,0.14000,0.88000,0.72667,0.49583,0.43736,0.93741,-0.34823
6,3009,human_stop_constraint_6_3009_0,human_stop_constraint,probe_00,1,0,visible_collision,17,0.32438,1.00000,1,0.06783,0.18000,0.91642,0.16000,0.25540,0.15668,0.99800,-0.06318
6,3009,human_stop_constraint_6_3009_0,human_stop_constraint,probe_01,1,0,human_stop,36,0.59858,1.01000,0,0.07000,0.60187,0.93000,0.61907,0.50028,0.60876,0.99984,0.01788
6,3009,human_stop_constraint_6_3009_0,human_stop_constraint,probe_02,1,0,visible_collision,16,0.26411,1.00000,1,0.12000,0.14000,0.88000,0.50000,0.24781,0.24137,0.95749,0.28848
6,3009,human_stop_constraint_6_3009_0,human_stop_constraint,probe_03,0,1,none,70,1.23931,0.00000,0,0.10000,0.86000,0.91000,0.72667,0.91814,0.73484,0.70077,-0.71338
6,3009,human_stop_constraint_6_3009_0,human_stop_constraint,probe_04,1,0,visible_collision,11,0.15919,1.00000,1,0.16000,0.16000,0.86000,0.84660,0.24883,0.23967,0.76391,0.64532
6,3009,human_stop_constraint_6_3009_0,human_stop_constraint,probe_05,1,0,human_stop,31,0.48192,1.01000,0,0.07000,0.27425,0.93000,0.27287,0.44729,0.27228,0.98457,0.17499
6,3009,human_stop_constraint_6_3009_0,human_stop_constraint,probe_06,1,0,human_stop,48,0.79431,1.01000,0,0.12000,0.14000,0.88000,0.84000,0.50881,0.54207,-0.11879,0.99292
6,3010,human_stop_constraint_6_3010_0,human_stop_constraint,probe_00,1,0,human_stop,45,0.78006,1.01000,0,0.07196,0.74005,0.92282,0.65822,0.56852,0.65118,0.95890,0.28375
6,3010,human_stop_constraint_6_3010_0,human_stop_constraint,probe_01,1,0,human_stop,42,0.67946,1.01000,0,0.07000,0.61917,0.93000,0.61042,0.58304,0.60970,0.70878,-0.70543
6,3010,human_stop_constraint_6_3010_0,human_stop_constraint,probe_02,1,0,human_stop,40,0.79483,1.01000,0,0.12000,0.14000,0.88000,0.84000,0.45176,0.46623,0.03056,0.99953
6,3010,human_stop_constraint_6_3010_0,human_stop_constraint,probe_03,1,0,human_stop,46,0.78712,1.01000,0,0.10000,0.86000,0.91000,0.50000,0.58034,0.65275,0.67613,0.73678
6,3010,human_stop_constraint_6_3010_0,human_stop_constraint,probe_04,1,0,human_stop,28,0.45501,1.01000,0,0.16000,0.38667,0.86000,0.60226,0.46250,0.46476,0.97567,-0.21923
6,3010,human_stop_constraint_6_3010_0,human_stop_constraint,probe_05,1,0,visible_collision,20,0.37537,1.00000,1,0.07000,0.24699,0.93000,0.28651,0.28549,0.25118,0.91524,-0.40291
6,3010,human_stop_constraint_6_3010_0,human_stop_constraint,probe_06,1,0,human_stop,41,0.70372,1.01000,0,0.12000,0.14000,0.88000,0.72667,0.45124,0.47105,0.96552,-0.26031
6,3011,human_stop_constraint_6_3011_0,human_stop_constraint,probe_00,1,0,human_stop,37,0.69450,1.01000,0,0.06700,0.67612,0.91659,0.54957,0.47545,0.60308,0.99858,0.05331
6,3011,human_stop_constraint_6_3011_0,human_stop_constraint,probe_01,1,0,human_stop,28,0.50541,1.01000,0,0.07000,0.50822,0.93000,0.49589,0.39737,0.52771,0.63331,-0.77390
6,3011,human_stop_constraint_6_3011_0,human_stop_constraint,probe_02,0,1,none,68,1.25691,0.00000,0,0.12000,0.14000,0.88000,0.27333,0.89612,0.25879,-0.80513,0.59310
6,3011,human_stop_constraint_6_3011_0,human_stop_constraint,probe_03,1,0,human_stop,32,0.50272,1.01000,0,0.10000,0.86000,0.91000,0.84000,0.49039,0.85336,0.88881,-0.45828
6,3011,human_stop_constraint_6_3011_0,human_stop_constraint,probe_04,1,0,human_stop,27,0.45877,1.01000,0,0.16000,0.72667,0.86000,0.24536,0.39054,0.51546,0.92441,0.38140
6,3011,human_stop_constraint_6_3011_0,human_stop_constraint,probe_05,0,1,none,74,1.36368,0.00000,0,0.07000,0.12413,0.93000,0.17793,0.93592,0.18446,0.65762,0.75335
6,3011,human_stop_constraint_6_3011_0,human_stop_constraint,probe_06,0,1,none,73,1.29468,0.00000,0,0.12000,0.14000,0.88000,0.38667,0.88592,0.38698,-0.26695,0.96371
6,3012,human_stop_constraint_6_3012_0,human_stop_constraint,probe_00,1,0,human_stop,31,0.52408,1.01000,0,0.07534,0.55349,0.91392,0.54488,0.46188,0.57702,0.99855,0.05381
6,3012,human_stop_constraint_6_3012_0,human_stop_constraint,probe_01,1,0,human_stop,32,0.67419,1.01000,0,0.07000,0.55709,0.93000,0.64146,0.44701,0.55364,0.88091,0.47328
6,3012,human_stop_constraint_6_3012_0,human_stop_constraint,probe_02,0,1,none,64,1.14243,0.00000,0,0.12000,0.14000,0.88000,0.16000,0.90267,0.18431,0.34617,0.93817
6,3012,human_stop_constraint_6_3012_0,human_stop_constraint,probe_03,1,0,human_stop,41,0.64227,1.01000,0,0.10000,0.86000,0.91000,0.27333,0.44675,0.51959,0.86883,-0.49511
6,3012,human_stop_constraint_6_3012_0,human_stop_constraint,probe_04,1,0,human_stop,22,0.41033,1.01000,0,0.16000,0.50000,0.86000,0.54537,0.44028,0.51138,0.80712,-0.59038
6,3012,human_stop_constraint_6_3012_0,human_stop_constraint,probe_05,0,1,none,73,1.38182,0.00000,0,0.07000,0.80026,0.93000,0.85987,0.94520,0.86337,0.32904,0.94432
6,3012,human_stop_constraint_6_3012_0,human_stop_constraint,probe_06,1,0,human_stop,46,0.87668,1.01000,0,0.12000,0.14000,0.88000,0.72667,0.51945,0.44089,0.42544,0.90499
6,3013,human_stop_constraint_6_3013_0,human_stop_constraint,probe_00,1,0,human_stop,40,0.72513,1.01000,0,0.07501,0.35235,0.91506,0.40624,0.59154,0.36567,0.99477,0.10209
6,3013,human_stop_constraint_6_3013_0,human_stop_constraint,probe_01,0,1,none,71,1.26694,0.00000,0,0.07000,0.83503,0.93000,0.84248,0.92905,0.83291,0.76286,-0.64656
6,3013,human_stop_constraint_6_3013_0,human_stop_constraint,probe_02,1,0,human_stop,52,0.82023,1.01000,0,0.12000,0.14000,0.88000,0.61333,0.60196,0.46982,-0.32519,0.94565
6,3013,human_stop_constraint_6_3013_0,human_stop_constraint,probe_03,1,0,human_stop,58,1.05630,1.01000,0,0.10000,0.86000,0.91000,0.16000,0.58927,0.39647,0.55944,-0.82887
6,3013,human_stop_constraint_6_3013_0,human_stop_constraint,probe_04,1,0,human_stop,39,0.64618,1.01000,0,0.16000,0.27333,0.86000,0.73284,0.48754,0.56800,0.83727,0.54679
6,3013,human_stop_constraint_6_3013_0,human_stop_constraint,probe_05,1,0,human_stop,46,0.85312,1.01000,0,0.07000,0.44158,0.93000,0.35921,0.62203,0.43276,0.85047,-0.52602
6,3013,human_stop_constraint_6_3013_0,human_stop_constraint,probe_06,1,0,visible_collision,19,0.30943,1.00000,1,0.12000,0.14000,0.88000,0.72667,0.29814,0.19345,0.97880,0.20481
6,4000,combined_abort_stress_6_4000_0,combined_abort_stress,probe_00,1,0,collision_margin,32,0.71388,0.97330,0,0.07829,0.18000,0.90920,0.43363,0.45232,0.24661,0.82100,0.57092
6,4000,combined_abort_stress_6_4000_0,combined_abort_stress,probe_01,1,0,collision_margin,36,0.80517,0.95297,0,0.07000,0.30287,0.93000,0.29256,0.48610,0.26720,0.88891,-0.45808
6,4000,combined_abort_stress_6_4000_0,combined_abort_stress,probe_02,1,0,visible_collision,24,0.60296,1.00000,1,0.12000,0.14000,0.88000,0.63600,0.31857,0.31153,0.63775,0.77024
6,4000,combined_abort_stress_6_4000_0,combined_abort_stress,probe_03,1,0,fixture_snag,29,0.63403,1.14254,0,0.10000,0.86000,0.91000,0.77200,0.45138,0.81998,-0.51316,0.85829
6,4000,combined_abort_stress_6_4000_0,combined_abort_stress,probe_04,1,0,force_limit,18,0.34565,1.70405,1,0.16000,0.50000,0.86000,0.49987,0.37017,0.51438,0.97391,0.22696
6,4000,combined_abort_stress_6_4000_0,combined_abort_stress,probe_05,1,0,collision_margin,33,0.77026,1.25167,1,0.07000,0.20296,0.93000,0.24052,0.45925,0.20898,0.92548,0.37879
6,4000,combined_abort_stress_6_4000_0,combined_abort_stress,probe_06,1,0,collision_margin,28,0.71172,1.32744,1,0.12000,0.14000,0.88000,0.16000,0.45995,0.11702,0.95351,-0.30135
6,4000,combined_abort_stress_6_4000_0,combined_abort_stress,probe_07,1,0,fixture_snag,30,0.63734,1.57890,1,0.10000,0.86000,0.91000,0.70400,0.46435,0.80779,0.78363,-0.62123
6,4000,combined_abort_stress_6_4000_0,combined_abort_stress,probe_08,1,0,force_limit,31,0.66589,1.64841,1,0.16000,0.84000,0.86000,0.15074,0.40336,0.57887,0.49087,-0.87123
6,4000,combined_abort_stress_6_4000_0,combined_abort_stress,probe_09,1,0,fixture_snag,30,0.65433,1.34139,1,0.07000,0.44234,0.93000,0.42683,0.45035,0.44636,0.60173,-0.79870
6,4000,combined_abort_stress_6_4000_0,combined_abort_stress,probe_10,1,0,visible_collision,21,0.47905,1.00000,1,0.12000,0.14000,0.88000,0.56800,0.29203,0.29590,0.97063,0.24056
6,4001,combined_abort_stress_6_4001_0,combined_abort_stress,probe_00,1,0,fixture_snag,27,0.64643,1.33213,1,0.07684,0.81633,0.92323,0.84000,0.40324,0.82303,0.98948,0.14464
6,4001,combined_abort_stress_6_4001_0,combined_abort_stress,probe_01,1,0,collision_margin,26,0.57425,1.34194,1,0.07000,0.24504,0.93000,0.32148,0.37821,0.24583,0.90212,0.43149
6,4001,combined_abort_stress_6_4001_0,combined_abort_stress,probe_02,1,0,collision_margin,31,0.65557,1.13646,0,0.12000,0.14000,0.88000,0.70400,0.36491,0.37979,0.93721,0.34875
6,4001,combined_abort_stress_6_4001_0,combined_abort_stress,probe_03,1,0,fixture_snag,27,0.65785,1.21387,1,0.10000,0.86000,0.91000,0.56800,0.40506,0.79036,0.88415,0.46720
6,4001,combined_abort_stress_6_4001_0,combined_abort_stress,probe_04,1,0,human_stop,21,0.34422,0.94500,0,0.16000,0.63600,0.86000,0.38219,0.38746,0.56917,0.96901,-0.24703
6,4001,combined_abort_stress_6_4001_0,combined_abort_stress,probe_05,1,0,collision_margin,27,0.57776,1.43317,1,0.07000,0.20331,0.93000,0.24035,0.38353,0.19754,0.99661,0.08233
6,4001,combined_abort_stress_6_4001_0,combined_abort_stress,probe_06,1,0,collision_margin,24,0.39766,1.02695,0,0.12000,0.14000,0.88000,0.36400,0.37215,0.17732,0.99634,-0.08552
6,4001,combined_abort_stress_6_4001_0,combined_abort_stress,probe_07,1,0,fixture_snag,24,0.51642,1.29940,1,0.10000,0.86000,0.91000,0.84000,0.39725,0.85299,0.83087,0.55647
6,4001,combined_abort_stress_6_4001_0,combined_abort_stress,probe_08,1,0,human_stop,18,0.35142,0.94500,0,0.16000,0.50000,0.86000,0.46180,0.38453,0.52430,0.91779,-0.39707
6,4001,combined_abort_stress_6_4001_0,combined_abort_stress,probe_09,1,0,force_limit,24,0.46420,1.37196,1,0.07000,0.72515,0.93000,0.79543,0.36157,0.71809,-0.08087,-0.99672
6,4001,combined_abort_stress_6_4001_0,combined_abort_stress,probe_10,1,0,visible_collision,12,0.24516,1.00000,1,0.12000,0.14000,0.88000,0.16000,0.24540,0.14444,0.89142,0.45317
6,4002,combined_abort_stress_6_4002_0,combined_abort_stress,probe_00,1,0,collision_margin,33,0.71728,1.23896,1,0.06706,0.43362,0.92033,0.26471,0.45316,0.38423,0.99572,0.09245
6,4002,combined_abort_stress_6_4002_0,combined_abort_stress,probe_01,1,0,collision_margin,30,0.69866,1.08930,0,0.07000,0.38399,0.93000,0.35401,0.44761,0.39533,0.89626,0.44352
6,4002,combined_abort_stress_6_4002_0,combined_abort_stress,probe_02,1,0,collision_margin,33,0.71254,1.49655,1,0.12000,0.14000,0.88000,0.22800,0.50194,0.19797,0.96224,-0.27219
6,4002,combined_abort_stress_6_4002_0,combined_abort_stress,probe_03,1,0,fixture_snag,38,0.82000,1.39650,1,0.10000,0.86000,0.91000,0.43200,0.46933,0.64250,0.92458,-0.38099
6,4002,combined_abort_stress_6_4002_0,combined_abort_stress,probe_04,1,0,unstable_slip,24,0.47484,1.53463,1,0.16000,0.70400,0.86000,0.34678,0.37520,0.56696,0.77338,0.63394
6,4002,combined_abort_stress_6_4002_0,combined_abort_stress,probe_05,1,0,collision_margin,33,0.70880,0.95756,0,0.07000,0.20931,0.93000,0.13534,0.46022,0.20287,0.98103,0.19388
6,4002,combined_abort_stress_6_4002_0,combined_abort_stress,probe_06,1,0,visible_collision,24,0.48335,1.00000,1,0.12000,0.14000,0.88000,0.63600,0.31266,0.26937,0.64673,0.76272
6,4002,combined_abort_stress_6_4002_0,combined_abort_stress,probe_07,1,0,force_limit,21,0.37403,1.90676,1,0.10000,0.86000,0.91000,0.56800,0.34905,0.78775,0.99811,0.06148
6,4002,combined_abort_stress_6_4002_0,combined_abort_stress,probe_08,1,0,unstable_slip,24,0.60124,1.65104,1,0.16000,0.77200,0.86000,0.21798,0.37059,0.56353,-0.15944,-0.98721
6,4002,combined_abort_stress_6_4002_0,combined_abort_stress,probe_09,1,0,force_limit,23,0.54125,1.27870,1,0.07000,0.83916,0.93000,0.84042,0.34865,0.82673,-0.43031,-0.90268
6,4002,combined_abort_stress_6_4002_0,combined_abort_stress,probe_10,1,0,collision_margin,32,0.80658,1.61004,1,0.12000,0.14000,0.88000,0.29600,0.48173,0.18573,0.99280,0.11982
6,4003,combined_abort_stress_6_4003_0,combined_abort_stress,probe_00,1,0,force_limit,20,0.43407,1.59481,1,0.07061,0.64689,0.91474,0.56343,0.29853,0.61404,0.61723,0.78679
6,4003,combined_abort_stress_6_4003_0,combined_abort_stress,probe_01,1,0,collision_margin,43,0.97649,1.75758,1,0.07000,0.18693,0.93000,0.14654,0.55187,0.15655,0.71571,0.69840
6,4003,combined_abort_stress_6_4003_0,combined_abort_stress,probe_02,1,0,unstable_slip,58,1.26729,1.66685,1,0.12000,0.14000,0.88000,0.70400,0.60175,0.58824,0.61625,0.78755
6,4003,combined_abort_stress_6_4003_0,combined_abort_stress,probe_03,1,0,force_limit,26,0.59278,1.15686,1,0.10000,0.86000,0.91000,0.29600,0.32415,0.67852,0.53758,-0.84321
6,4003,combined_abort_stress_6_4003_0,combined_abort_stress,probe_04,1,0,collision_margin,30,0.61624,1.11352,0,0.16000,0.50000,0.86000,0.47164,0.53446,0.52493,0.99855,0.05384
6,4003,combined_abort_stress_6_4003_0,combined_abort_stress,probe_05,1,0,collision_margin,38,0.92266,1.23574,1,0.07000,0.36642,0.93000,0.36279,0.53348,0.35304,0.34274,-0.93943
6,4003,combined_abort_stress_6_4003_0,combined_abort_stress,probe_06,1,0,unstable_slip,57,1.24896,1.42619,1,0.12000,0.14000,0.88000,0.84000,0.58235,0.61206,0.09202,0.99576
6,4003,combined_abort_stress_6_4003_0,combined_abort_stress,probe_07,1,0,force_limit,24,0.55835,1.64351,1,0.10000,0.86000,0.91000,0.43200,0.34132,0.68286,0.86100,-0.50861
6,4003,combined_abort_stress_6_4003_0,combined_abort_stress,probe_08,1,0,collision_margin,35,0.70972,1.57123,1,0.16000,0.63600,0.86000,0.39614,0.54484,0.51553,-0.27593,-0.96118
6,4003,combined_abort_stress_6_4003_0,combined_abort_stress,probe_09,1,0,collision_margin,40,0.85679,1.12618,0,0.07000,0.24879,0.93000,0.21761,0.53129,0.26009,0.94872,0.31611
6,4003,combined_abort_stress_6_4003_0,combined_abort_stress,probe_10,1,0,collision_margin,45,0.96890,1.00569,0,0.12000,0.14000,0.88000,0.56800,0.52567,0.41541,0.47977,0.87739
6,4004,combined_abort_stress_6_4004_0,combined_abort_stress,probe_00,1,0,fixture_snag,31,0.69651,1.02941,0,0.07322,0.48463,0.92284,0.53447,0.44616,0.50829,-0.61222,0.79069
6,4004,combined_abort_stress_6_4004_0,combined_abort_stress,probe_01,1,0,fixture_snag,33,0.74148,1.23261,1,0.07000,0.52692,0.93000,0.58854,0.45208,0.54601,0.89271,-0.45063
6,4004,combined_abort_stress_6_4004_0,combined_abort_stress,probe_02,1,0,collision_margin,30,0.61044,1.11317,0,0.12000,0.14000,0.88000,0.29600,0.46151,0.17892,0.99478,0.10207
6,4004,combined_abort_stress_6_4004_0,combined_abort_stress,probe_03,1,0,fixture_snag,38,0.87549,1.14789,0,0.10000,0.86000,0.91000,0.36400,0.44913,0.60747,0.95013,-0.31186
6,4004,combined_abort_stress_6_4004_0,combined_abort_stress,probe_04,1,0,fixture_snag,38,0.79143,1.34509,1,0.16000,0.16000,0.86000,0.82364,0.45583,0.48999,-0.48299,-0.87563
6,4004,combined_abort_stress_6_4004_0,combined_abort_stress,probe_05,1,0,fixture_snag,33,0.70111,1.45986,1,0.07000,0.82267,0.93000,0.74667,0.45758,0.76764,0.84886,0.52862
6,4004,combined_abort_stress_6_4004_0,combined_abort_stress,probe_06,1,0,collision_margin,34,0.74894,1.18671,1,0.12000,0.14000,0.88000,0.43200,0.47566,0.24731,0.41408,0.91024
6,4004,combined_abort_stress_6_4004_0,combined_abort_stress,probe_07,1,0,fixture_snag,28,0.62635,1.17056,1,0.10000,0.86000,0.91000,0.84000,0.44823,0.86387,0.92298,-0.38485
6,4004,combined_abort_stress_6_4004_0,combined_abort_stress,probe_08,1,0,fixture_snag,26,0.49824,1.01577,0,0.16000,0.63600,0.86000,0.38666,0.44542,0.56151,0.91428,-0.40508
6,4004,combined_abort_stress_6_4004_0,combined_abort_stress,probe_09,1,0,visible_collision,16,0.29184,1.00000,1,0.07000,0.17539,0.93000,0.25430,0.28233,0.21401,0.64169,0.76696
6,4004,combined_abort_stress_6_4004_0,combined_abort_stress,probe_10,1,0,force_limit,48,1.04044,1.92853,1,0.12000,0.14000,0.88000,0.50000,0.57409,0.41223,0.93114,0.36465
6,4005,combined_abort_stress_6_4005_0,combined_abort_stress,probe_00,1,0,unstable_slip,36,0.82136,1.48800,1,0.07063,0.75992,0.90872,0.77010,0.50162,0.75883,0.99463,-0.10348
6,4005,combined_abort_stress_6_4005_0,combined_abort_stress,probe_01,1,0,collision_margin,29,0.72654,1.46583,1,0.07000,0.53594,0.93000,0.48203,0.41824,0.52548,0.98137,-0.19211
6,4005,combined_abort_stress_6_4005_0,combined_abort_stress,probe_02,1,0,force_limit,22,0.46069,1.09150,1,0.12000,0.14000,0.88000,0.77200,0.29863,0.29805,0.19154,0.98148
6,4005,combined_abort_stress_6_4005_0,combined_abort_stress,probe_03,1,0,collision_margin,35,0.88622,0.97892,0,0.10000,0.86000,0.91000,0.22800,0.40541,0.57038,0.93382,-0.35774
6,4005,combined_abort_stress_6_4005_0,combined_abort_stress,probe_04,1,0,collision_margin,22,0.45165,1.16140,1,0.16000,0.63600,0.86000,0.32921,0.40983,0.54503,-0.75665,0.65382
6,4005,combined_abort_stress_6_4005_0,combined_abort_stress,probe_05,1,0,force_limit,19,0.41032,1.51246,1,0.07000,0.29104,0.93000,0.29848,0.28768,0.27666,0.90837,0.41816
6,4005,combined_abort_stress_6_4005_0,combined_abort_stress,probe_06,1,0,visible_collision,14,0.32546,1.00000,1,0.12000,0.14000,0.88000,0.36400,0.26225,0.19260,0.88756,0.46069
6,4005,combined_abort_stress_6_4005_0,combined_abort_stress,probe_07,1,0,fixture_snag,28,0.65759,1.13878,0,0.10000,0.86000,0.91000,0.56800,0.42200,0.78960,0.16286,0.98665
6,4005,combined_abort_stress_6_4005_0,combined_abort_stress,probe_08,1,0,force_limit,16,0.32380,1.29277,1,0.16000,0.16000,0.86000,0.85735,0.29616,0.27226,0.53985,0.84176
6,4005,combined_abort_stress_6_4005_0,combined_abort_stress,probe_09,1,0,fixture_snag,30,0.67663,1.80896,1,0.07000,0.78180,0.93000,0.86910,0.40650,0.84437,0.63940,-0.76887
6,4005,combined_abort_stress_6_4005_0,combined_abort_stress,probe_10,1,0,force_limit,19,0.40253,1.06632,1,0.12000,0.14000,0.88000,0.43200,0.30961,0.22398,0.28302,0.95911
6,4006,combined_abort_stress_6_4006_0,combined_abort_stress,probe_00,1,0,fixture_snag,32,0.76425,1.30838,1,0.07011,0.71912,0.91984,0.67528,0.46100,0.71064,0.99967,-0.02569
6,4006,combined_abort_stress_6_4006_0,combined_abort_stress,probe_01,1,0,fixture_snag,32,0.68738,1.68485,1,0.07000,0.52873,0.93000,0.58764,0.45990,0.53159,0.57804,-0.81601
6,4006,combined_abort_stress_6_4006_0,combined_abort_stress,probe_02,1,0,human_stop,36,0.87305,0.94500,0,0.12000,0.14000,0.88000,0.50000,0.48060,0.31923,0.88745,-0.46091
6,4006,combined_abort_stress_6_4006_0,combined_abort_stress,probe_03,1,0,fixture_snag,42,0.89666,1.46615,1,0.10000,0.86000,0.91000,0.22800,0.45940,0.52411,0.98304,0.18337
6,4006,combined_abort_stress_6_4006_0,combined_abort_stress,probe_04,1,0,unstable_slip,35,0.78599,1.23225,1,0.16000,0.77200,0.86000,0.25374,0.45763,0.47814,0.99542,-0.09562
6,4006,combined_abort_stress_6_4006_0,combined_abort_stress,probe_05,1,0,collision_margin,33,0.75798,1.17483,1,0.07000,0.15596,0.93000,0.16202,0.48221,0.16258,-0.81138,-0.58452
6,4006,combined_abort_stress_6_4006_0,combined_abort_stress,probe_06,1,0,collision_margin,34,0.86969,1.19834,1,0.12000,0.14000,0.88000,0.43200,0.49086,0.25428,0.57392,-0.81891
6,4006,combined_abort_stress_6_4006_0,combined_abort_stress,probe_07,1,0,fixture_snag,40,0.89179,1.68177,1,0.10000,0.86000,0.91000,0.29600,0.46117,0.53051,0.94832,-0.31730
6,4006,combined_abort_stress_6_4006_0,combined_abort_stress,probe_08,1,0,fixture_snag,33,0.77046,0.98670,0,0.16000,0.84000,0.86000,0.15042,0.44018,0.58034,0.23719,-0.97146
6,4006,combined_abort_stress_6_4006_0,combined_abort_stress,probe_09,1,0,fixture_snag,32,0.78327,1.36486,1,0.07000,0.67461,0.93000,0.71870,0.45897,0.66642,0.60674,0.79490
6,4006,combined_abort_stress_6_4006_0,combined_abort_stress,probe_10,1,0,visible_collision,22,0.45386,1.00000,1,0.12000,0.14000,0.88000,0.63600,0.31165,0.23929,0.54407,-0.83904
6,4007,combined_abort_stress_6_4007_0,combined_abort_stress,probe_00,1,0,force_limit,43,0.91922,1.74493,1,0.06675,0.43241,0.91486,0.56687,0.55064,0.51134,0.98098,-0.19413
6,4007,combined_abort_stress_6_4007_0,combined_abort_stress,probe_01,1,0,fixture_snag,38,0.84077,1.14918,0,0.07000,0.79773,0.93000,0.86113,0.51911,0.78582,0.96535,0.26095
6,4007,combined_abort_stress_6_4007_0,combined_abort_stress,probe_02,1,0,human_stop,25,0.57625,0.94500,0,0.12000,0.14000,0.88000,0.43200,0.37832,0.20933,0.68833,0.72540
6,4007,combined_abort_stress_6_4007_0,combined_abort_stress,probe_03,1,0,fixture_snag,35,0.79780,1.26581,1,0.10000,0.86000,0.91000,0.70400,0.52504,0.86247,0.99135,-0.13126
6,4007,combined_abort_stress_6_4007_0,combined_abort_stress,probe_04,1,0,force_limit,36,0.81154,1.76965,1,0.16000,0.63600,0.86000,0.37281,0.54820,0.51829,0.99687,-0.07906
6,4007,combined_abort_stress_6_4007_0,combined_abort_stress,probe_05,1,0,human_stop,25,0.66159,0.94500,0,0.07000,0.26779,0.93000,0.31010,0.34452,0.33648,0.48024,-0.87714
6,4007,combined_abort_stress_6_4007_0,combined_abort_stress,probe_06,1,0,human_stop,26,0.60557,0.94500,0,0.12000,0.14000,0.88000,0.36400,0.38199,0.20613,0.63378,0.77352
6,4007,combined_abort_stress_6_4007_0,combined_abort_stress,probe_07,1,0,collision_margin,51,0.95728,1.53320,1,0.10000,0.86000,0.91000,0.16000,0.54206,0.44155,0.76415,-0.64503
6,4007,combined_abort_stress_6_4007_0,combined_abort_stress,probe_08,1,0,collision_margin,44,0.90982,1.67520,1,0.16000,0.77200,0.86000,0.17665,0.53577,0.40386,0.32222,-0.94666
6,4007,combined_abort_stress_6_4007_0,combined_abort_stress,probe_09,1,0,force_limit,39,0.84065,1.75254,1,0.07000,0.56045,0.93000,0.57178,0.53364,0.57371,0.99699,0.07754
6,4007,combined_abort_stress_6_4007_0,combined_abort_stress,probe_10,1,0,visible_collision,20,0.45442,1.00000,1,0.12000,0.14000,0.88000,0.50000,0.30795,0.22186,0.74462,0.66749
6,4008,combined_abort_stress_6_4008_0,combined_abort_stress,probe_00,1,0,collision_margin,27,0.58382,1.52201,1,0.07279,0.20048,0.90726,0.16000,0.40049,0.23199,0.74119,0.67129
6,4008,combined_abort_stress_6_4008_0,combined_abort_stress,probe_01,1,0,force_limit,29,0.64268,1.75616,1,0.07000,0.42323,0.93000,0.53838,0.39859,0.45486,0.88204,-0.47117
6,4008,combined_abort_stress_6_4008_0,combined_abort_stress,probe_02,1,0,collision_margin,25,0.58601,1.23418,1,0.12000,0.14000,0.88000,0.22800,0.38930,0.17455,0.64350,0.76544
6,4008,combined_abort_stress_6_4008_0,combined_abort_stress,probe_03,1,0,fixture_snag,29,0.81133,1.37759,1,0.10000,0.86000,0.91000,0.29600,0.37327,0.62666,0.21992,-0.97552
6,4008,combined_abort_stress_6_4008_0,combined_abort_stress,probe_04,1,0,force_limit,26,0.52968,1.34859,1,0.16000,0.16000,0.86000,0.84944,0.33649,0.39044,0.46357,0.88606
6,4008,combined_abort_stress_6_4008_0,combined_abort_stress,probe_05,1,0,fixture_snag,27,0.59883,1.23273,1,0.07000,0.57217,0.93000,0.56592,0.40381,0.56182,0.89049,0.45501
6,4008,combined_abort_stress_6_4008_0,combined_abort_stress,probe_06,1,0,collision_margin,25,0.62941,1.18371,1,0.12000,0.14000,0.88000,0.36400,0.38771,0.17338,0.95739,0.28881
6,4008,combined_abort_stress_6_4008_0,combined_abort_stress,probe_07,1,0,fixture_snag,23,0.54375,1.10191,0,0.10000,0.86000,0.91000,0.63600,0.37478,0.80840,0.34787,-0.93754
6,4008,combined_abort_stress_6_4008_0,combined_abort_stress,probe_08,1,0,fixture_snag,26,0.52021,1.06142,0,0.16000,0.77200,0.86000,0.21269,0.37907,0.54904,0.67124,-0.74124
6,4008,combined_abort_stress_6_4008_0,combined_abort_stress,probe_09,1,0,force_limit,23,0.50576,1.67787,1,0.07000,0.40674,0.93000,0.44463,0.33589,0.40244,0.97609,-0.21736
6,4008,combined_abort_stress_6_4008_0,combined_abort_stress,probe_10,1,0,visible_collision,22,0.41505,1.00000,1,0.12000,0.14000,0.88000,0.84000,0.27626,0.31896,0.93684,-0.34975
6,4009,combined_abort_stress_6_4009_0,combined_abort_stress,probe_00,1,0,collision_margin,30,0.60809,1.16469,1,0.07785,0.41471,0.91236,0.50034,0.44068,0.45763,0.53982,-0.84178
6,4009,combined_abort_stress_6_4009_0,combined_abort_stress,probe_01,1,0,collision_margin,31,0.69626,1.41113,1,0.07000,0.43507,0.93000,0.43046,0.44826,0.42387,0.95690,0.29043
6,4009,combined_abort_stress_6_4009_0,combined_abort_stress,probe_02,1,0,collision_margin,30,0.63422,1.10103,0,0.12000,0.14000,0.88000,0.22800,0.44519,0.19338,0.99838,-0.05696
6,4009,combined_abort_stress_6_4009_0,combined_abort_stress,probe_03,1,0,fixture_snag,33,0.72556,1.05027,0,0.10000,0.86000,0.91000,0.50000,0.44928,0.73258,0.93166,0.36332
6,4009,combined_abort_stress_6_4009_0,combined_abort_stress,probe_04,1,0,unstable_slip,75,1.67821,1.67461,1,0.16000,0.84000,0.86000,0.19367,0.78788,0.25289,0.87440,0.48520
6,4009,combined_abort_stress_6_4009_0,combined_abort_stress,probe_05,1,0,fixture_snag,32,0.74081,1.43371,1,0.07000,0.80088,0.93000,0.75756,0.45998,0.79031,0.80648,-0.59126
6,4009,combined_abort_stress_6_4009_0,combined_abort_stress,probe_06,1,0,visible_collision,21,0.40849,1.00000,1,0.12000,0.14000,0.88000,0.63600,0.31112,0.22487,0.44563,0.89522
6,4009,combined_abort_stress_6_4009_0,combined_abort_stress,probe_07,1,0,fixture_snag,32,0.77571,1.51060,1,0.10000,0.86000,0.91000,0.56800,0.46282,0.75747,0.98409,0.17766
6,4009,combined_abort_stress_6_4009_0,combined_abort_stress,probe_08,1,0,human_stop,44,0.89594,0.94500,0,0.16000,0.29600,0.86000,0.72492,0.55946,0.60293,-0.79721,0.60370
6,4009,combined_abort_stress_6_4009_0,combined_abort_stress,probe_09,1,0,fixture_snag,32,0.72713,1.45774,1,0.07000,0.68792,0.93000,0.71204,0.46217,0.69685,0.99596,-0.08976
6,4009,combined_abort_stress_6_4009_0,combined_abort_stress,probe_10,1,0,collision_margin,27,0.51319,1.14075,0,0.12000,0.14000,0.88000,0.16000,0.44778,0.14419,0.13306,-0.99111
6,4010,combined_abort_stress_6_4010_0,combined_abort_stress,probe_00,1,0,human_stop,31,0.66626,0.94500,0,0.06587,0.34328,0.90841,0.43624,0.42670,0.35488,0.52858,0.84888
6,4010,combined_abort_stress_6_4010_0,combined_abort_stress,probe_01,1,0,fixture_snag,31,0.76078,1.21684,1,0.07000,0.89907,0.93000,0.81046,0.44509,0.88174,0.87699,0.48050
6,4010,combined_abort_stress_6_4010_0,combined_abort_stress,probe_02,1,0,visible_collision,18,0.40876,1.00000,1,0.12000,0.14000,0.88000,0.70400,0.31295,0.19183,0.89688,0.44227
6,4010,combined_abort_stress_6_4010_0,combined_abort_stress,probe_03,1,0,fixture_snag,38,0.89459,1.03107,0,0.10000,0.86000,0.91000,0.36400,0.45469,0.60111,0.73521,0.67784
6,4010,combined_abort_stress_6_4010_0,combined_abort_stress,probe_04,1,0,human_stop,32,0.66144,0.94500,0,0.16000,0.77200,0.86000,0.13863,0.41071,0.49731,0.99998,-0.00597
6,4010,combined_abort_stress_6_4010_0,combined_abort_stress,probe_05,1,0,collision_margin,31,0.70861,1.38192,1,0.07000,0.12031,0.93000,0.17984,0.43591,0.13789,0.97318,-0.23004
6,4010,combined_abort_stress_6_4010_0,combined_abort_stress,probe_06,1,0,visible_collision,23,0.48029,1.00000,1,0.12000,0.14000,0.88000,0.56800,0.32169,0.22430,0.11282,0.99362
6,4010,combined_abort_stress_6_4010_0,combined_abort_stress,probe_07,1,0,fixture_snag,34,0.71120,1.46244,1,0.10000,0.86000,0.91000,0.50000,0.46126,0.72071,0.87234,-0.48890
6,4010,combined_abort_stress_6_4010_0,combined_abort_stress,probe_08,1,0,fixture_snag,27,0.63636,1.07993,0,0.16000,0.63600,0.86000,0.35663,0.45881,0.55237,0.23736,-0.97142
6,4010,combined_abort_stress_6_4010_0,combined_abort_stress,probe_09,1,0,human_stop,28,0.57836,0.94500,0,0.07000,0.35020,0.93000,0.26890,0.41032,0.34854,0.93122,0.36445
6,4010,combined_abort_stress_6_4010_0,combined_abort_stress,probe_10,1,0,visible_collision,17,0.32899,1.00000,1,0.12000,0.14000,0.88000,0.43200,0.30291,0.18752,-0.96327,-0.26854
6,4011,combined_abort_stress_6_4011_0,combined_abort_stress,probe_00,1,0,fixture_snag,30,0.72620,1.02455,0,0.07141,0.36800,0.91800,0.52282,0.40918,0.40819,0.96546,0.26056
6,4011,combined_abort_stress_6_4011_0,combined_abort_stress,probe_01,1,0,human_stop,28,0.60400,0.94500,0,0.07000,0.41120,0.93000,0.44240,0.40772,0.38705,0.86468,-0.50233
6,4011,combined_abort_stress_6_4011_0,combined_abort_stress,probe_02,1,0,visible_collision,19,0.47472,1.00000,1,0.12000,0.14000,0.88000,0.84000,0.25512,0.28461,0.99710,-0.07608
6,4011,combined_abort_stress_6_4011_0,combined_abort_stress,probe_03,1,0,fixture_snag,38,0.85321,1.32826,1,0.10000,0.86000,0.91000,0.22800,0.41611,0.54348,0.84651,-0.53237
6,4011,combined_abort_stress_6_4011_0,combined_abort_stress,probe_04,1,0,fixture_snag,23,0.44258,1.78597,1,0.16000,0.56800,0.86000,0.46977,0.42988,0.52414,0.54710,-0.83707
6,4011,combined_abort_stress_6_4011_0,combined_abort_stress,probe_05,1,0,human_stop,26,0.51816,0.94500,0,0.07000,0.38586,0.93000,0.35307,0.38414,0.37877,0.77458,0.63248
6,4011,combined_abort_stress_6_4011_0,combined_abort_stress,probe_06,1,0,visible_collision,17,0.37030,1.00000,1,0.12000,0.14000,0.88000,0.63600,0.30259,0.20516,0.99996,-0.00885
6,4011,combined_abort_stress_6_4011_0,combined_abort_stress,probe_07,1,0,fixture_snag,37,0.80996,1.19111,1,0.10000,0.86000,0.91000,0.16000,0.41210,0.57735,0.98258,-0.18584
6,4011,combined_abort_stress_6_4011_0,combined_abort_stress,probe_08,1,0,fixture_snag,21,0.41229,1.22633,1,0.16000,0.50000,0.86000,0.45222,0.41297,0.52961,0.81099,-0.58506
6,4011,combined_abort_stress_6_4011_0,combined_abort_stress,probe_09,1,0,force_limit,24,0.51723,1.20581,1,0.07000,0.76819,0.93000,0.67190,0.34860,0.70695,-0.08595,0.99630
6,4011,combined_abort_stress_6_4011_0,combined_abort_stress,probe_10,1,0,visible_collision,19,0.37997,1.00000,1,0.12000,0.14000,0.88000,0.77200,0.30296,0.21189,0.66658,0.74543
6,4012,combined_abort_stress_6_4012_0,combined_abort_stress,probe_00,1,0,human_stop,26,0.47613,0.94500,0,0.07399,0.57212,0.92365,0.52941,0.38146,0.55166,0.96956,-0.24485
6,4012,combined_abort_stress_6_4012_0,combined_abort_stress,probe_01,1,0,visible_collision,18,0.36867,1.00000,1,0.07000,0.36231,0.93000,0.46685,0.25693,0.38555,1.00000,-0.00123
6,4012,combined_abort_stress_6_4012_0,combined_abort_stress,probe_02,1,0,force_limit,27,0.60362,1.69768,1,0.12000,0.14000,0.88000,0.22800,0.40598,0.19366,0.62991,0.77667
6,4012,combined_abort_stress_6_4012_0,combined_abort_stress,probe_03,1,0,fixture_snag,35,0.66371,1.84591,1,0.10000,0.86000,0.91000,0.56800,0.50125,0.74430,0.90172,-0.43233
6,4012,combined_abort_stress_6_4012_0,combined_abort_stress,probe_04,1,0,human_stop,24,0.52667,0.94500,0,0.16000,0.36400,0.86000,0.66252,0.40379,0.46711,0.19156,0.98148
6,4012,combined_abort_stress_6_4012_0,combined_abort_stress,probe_05,1,0,human_stop,26,0.58598,0.94500,0,0.07000,0.51128,0.93000,0.49436,0.37064,0.50401,0.97273,0.23196
6,4012,combined_abort_stress_6_4012_0,combined_abort_stress,probe_06,1,0,visible_collision,20,0.40694,1.00000,1,0.12000,0.14000,0.88000,0.70400,0.26570,0.29708,0.93434,-0.35637
6,4012,combined_abort_stress_6_4012_0,combined_abort_stress,probe_07,1,0,fixture_snag,28,0.57128,1.12855,0,0.10000,0.86000,0.91000,0.84000,0.46491,0.86677,0.53746,0.84329
6,4012,combined_abort_stress_6_4012_0,combined_abort_stress,probe_08,1,0,human_stop,21,0.43509,0.94500,0,0.16000,0.63600,0.86000,0.36116,0.37880,0.55875,0.92820,0.37209
6,4012,combined_abort_stress_6_4012_0,combined_abort_stress,probe_09,1,0,collision_margin,33,0.65492,1.13018,0,0.07000,0.25472,0.93000,0.31664,0.46660,0.26499,0.70614,-0.70808
6,4012,combined_abort_stress_6_4012_0,combined_abort_stress,probe_10,1,0,visible_collision,19,0.38119,1.00000,1,0.12000,0.14000,0.88000,0.77200,0.24599,0.31357,0.87721,0.48011
6,4013,combined_abort_stress_6_4013_0,combined_abort_stress,probe_00,1,0,force_limit,32,0.64294,1.75679,1,0.06969,0.38010,0.91981,0.39983,0.42642,0.44331,0.96915,0.24646
6,4013,combined_abort_stress_6_4013_0,combined_abort_stress,probe_01,1,0,force_limit,29,0.58067,1.60098,1,0.07000,0.46083,0.93000,0.51958,0.42818,0.45149,-0.90106,0.43369
6,4013,combined_abort_stress_6_4013_0,combined_abort_stress,probe_02,1,0,visible_collision,28,0.54291,1.00000,1,0.12000,0.14000,0.88000,0.63600,0.33016,0.36256,0.64539,0.76385
6,4013,combined_abort_stress_6_4013_0,combined_abort_stress,probe_03,1,0,human_stop,23,0.53991,0.94500,0,0.10000,0.86000,0.91000,0.56800,0.36354,0.78132,0.40573,-0.91399
6,4013,combined_abort_stress_6_4013_0,combined_abort_stress,probe_04,1,0,force_limit,24,0.45787,1.51781,1,0.16000,0.29600,0.86000,0.71568,0.40692,0.41607,0.64569,-0.76360
6,4013,combined_abort_stress_6_4013_0,combined_abort_stress,probe_05,1,0,collision_margin,33,0.75993,1.75273,1,0.07000,0.20395,0.93000,0.24002,0.48248,0.21020,0.98009,0.19856
6,4013,combined_abort_stress_6_4013_0,combined_abort_stress,probe_06,1,0,collision_margin,34,0.67156,1.01853,0,0.12000,0.14000,0.88000,0.43200,0.46180,0.25572,0.96350,0.26771
6,4013,combined_abort_stress_6_4013_0,combined_abort_stress,probe_07,1,0,collision_margin,41,0.92034,1.12085,0,0.10000,0.86000,0.91000,0.36400,0.47547,0.52588,0.67614,-0.73677
6,4013,combined_abort_stress_6_4013_0,combined_abort_stress,probe_08,1,0,collision_margin,33,0.77543,1.26224,1,0.16000,0.70400,0.86000,0.35883,0.48024,0.53713,0.86103,0.50855
6,4013,combined_abort_stress_6_4013_0,combined_abort_stress,probe_09,1,0,fixture_snag,33,0.80107,1.37794,1,0.07000,0.81500,0.93000,0.85250,0.46678,0.84209,0.98770,0.15637
6,4013,combined_abort_stress_6_4013_0,combined_abort_stress,probe_10,1,0,collision_margin,28,0.63197,0.99628,0,0.12000,0.14000,0.88000,0.16000,0.45624,0.13092,0.21229,-0.97721
7,0,nominal_known_constraints_7_0_0,nominal_known_constraints,probe_00,0,1,none,68,0.92995,0.00000,0,0.08190,0.51843,0.91290,0.47936,0.91189,0.49152,0.99192,-0.12685
7,0,nominal_known_constraints_7_0_0,nominal_known_constraints,probe_01,0,1,none,74,1.01837,0.00000,0,0.07000,0.11991,0.93000,0.18004,0.93797,0.19014,0.84040,0.54196
7,0,nominal_known_constraints_7_0_0,nominal_known_constraints,probe_02,0,1,none,84,1.12027,0.00000,0,0.12000,0.14000,0.88000,0.67000,0.88373,0.65514,0.54916,0.83572
7,0,nominal_known_constraints_7_0_0,nominal_known_constraints,probe_03,0,1,none,86,1.11526,0.00000,0,0.10000,0.86000,0.91000,0.33000,0.91927,0.33748,0.91166,-0.41094
7,0,nominal_known_constraints_7_0_0,nominal_known_constraints,probe_04,0,1,none,84,1.08726,0.00000,0,0.16000,0.84000,0.86000,0.17430,0.85944,0.16315,0.99998,0.00618
7,1,nominal_known_constraints_7_1_0,nominal_known_constraints,probe_00,0,1,none,74,1.03931,0.00000,0,0.07191,0.70494,0.92258,0.84000,0.91282,0.83809,0.95171,0.30699
7,1,nominal_known_constraints_7_1_0,nominal_known_constraints,probe_01,0,1,none,75,1.00819,0.00000,0,0.07000,0.63310,0.93000,0.68845,0.93963,0.69021,0.53724,0.84343
7,1,nominal_known_constraints_7_1_0,nominal_known_constraints,probe_02,0,1,none,64,0.88543,0.00000,0,0.12000,0.14000,0.88000,0.16000,0.89082,0.16236,0.86553,0.50085
7,1,nominal_known_constraints_7_1_0,nominal_known_constraints,probe_03,0,1,none,86,1.15150,0.00000,0,0.10000,0.86000,0.91000,0.33000,0.90667,0.33394,0.97387,-0.22709
7,1,nominal_known_constraints_7_1_0,nominal_known_constraints,probe_04,0,1,none,57,0.77148,0.00000,0,0.16000,0.50000,0.86000,0.52130,0.85965,0.51571,0.63337,0.77385
7,2,nominal_known_constraints_7_2_0,nominal_known_constraints,probe_00,0,1,none,74,0.97844,0.00000,0,0.06679,0.69343,0.91150,0.55234,0.91029,0.56099,0.95748,-0.28851
7,2,nominal_known_constraints_7_2_0,nominal_known_constraints,probe_01,0,1,none,75,1.02615,0.00000,0,0.07000,0.57459,0.93000,0.46271,0.93950,0.45599,0.96661,-0.25627
7,2,nominal_known_constraints_7_2_0,nominal_known_constraints,probe_02,0,1,none,84,1.09840,0.00000,0,0.12000,0.14000,0.88000,0.67000,0.89416,0.65969,0.75822,0.65200
7,2,nominal_known_constraints_7_2_0,nominal_known_constraints,probe_03,0,1,none,66,0.89795,0.00000,0,0.10000,0.86000,0.91000,0.84000,0.91118,0.84328,0.99851,-0.05461
7,2,nominal_known_constraints_7_2_0,nominal_known_constraints,probe_04,0,1,none,89,1.17096,0.00000,0,0.16000,0.16000,0.86000,0.86766,0.86004,0.86107,0.93166,0.36334
7,3,nominal_known_constraints_7_3_0,nominal_known_constraints,probe_00,0,1,none,78,1.03534,0.00000,0,0.06648,0.52438,0.91783,0.74129,0.91486,0.73579,0.27388,0.96177
7,3,nominal_known_constraints_7_3_0,nominal_known_constraints,probe_01,0,1,none,71,0.95913,0.00000,0,0.07000,0.66881,0.93000,0.67060,0.93920,0.66630,0.96487,-0.26274
7,3,nominal_known_constraints_7_3_0,nominal_known_constraints,probe_02,0,1,none,92,1.22126,0.00000,0,0.12000,0.14000,0.88000,0.84000,0.88602,0.83354,0.13735,0.99052
7,3,nominal_known_constraints_7_3_0,nominal_known_constraints,probe_03,0,1,none,79,1.03959,0.00000,0,0.10000,0.86000,0.91000,0.50000,0.91241,0.50933,0.99752,0.07033
7,3,nominal_known_constraints_7_3_0,nominal_known_constraints,probe_04,0,1,none,69,0.88980,0.00000,0,0.16000,0.33000,0.86000,0.62554,0.86411,0.63668,0.74344,0.66880
7,4,nominal_known_constraints_7_4_0,nominal_known_constraints,probe_00,0,1,none,73,1.01685,0.00000,0,0.06826,0.18000,0.91076,0.28750,0.90912,0.29274,0.56906,0.82230
7,4,nominal_known_constraints_7_4_0,nominal_known_constraints,probe_01,0,1,none,74,0.99504,0.00000,0,0.07000,0.62456,0.93000,0.69272,0.93610,0.68924,0.99112,-0.13299
7,4,nominal_known_constraints_7_4_0,nominal_known_constraints,probe_02,0,1,none,78,1.08305,0.00000,0,0.12000,0.14000,0.88000,0.50000,0.88155,0.51733,0.20999,0.97770
7,4,nominal_known_constraints_7_4_0,nominal_known_constraints,probe_03,0,1,none,66,0.92272,0.00000,0,0.10000,0.86000,0.91000,0.84000,0.91387,0.83081,0.99986,0.01697
7,4,nominal_known_constraints_7_4_0,nominal_known_constraints,probe_04,0,1,none,83,1.06719,0.00000,0,0.16000,0.16000,0.86000,0.82149,0.85797,0.80633,0.58853,-0.80848
7,5,nominal_known_constraints_7_5_0,nominal_known_constraints,probe_00,0,1,none,68,0.93528,0.00000,0,0.08129,0.50090,0.91276,0.53133,0.91783,0.53964,0.79522,0.60632
7,5,nominal_known_constraints_7_5_0,nominal_known_constraints,probe_01,0,1,none,74,0.98995,0.00000,0,0.07000,0.71468,0.93000,0.64766,0.94225,0.63406,0.95746,-0.28858
7,5,nominal_known_constraints_7_5_0,nominal_known_constraints,probe_02,0,1,none,91,1.19770,0.00000,0,0.12000,0.14000,0.88000,0.84000,0.88562,0.83718,0.89913,0.43768
7,5,nominal_known_constraints_7_5_0,nominal_known_constraints,probe_03,0,1,none,93,1.20019,0.00000,0,0.10000,0.86000,0.91000,0.16000,0.90599,0.16387,0.91297,0.40803
7,5,nominal_known_constraints_7_5_0,nominal_known_constraints,probe_04,0,1,none,69,0.93279,0.00000,0,0.16000,0.33000,0.86000,0.64775,0.85789,0.63625,0.71975,0.69423
7,6,nominal_known_constraints_7_6_0,nominal_known_constraints,probe_00,0,1,none,72,0.97198,0.00000,0,0.06561,0.25430,0.92372,0.34566,0.91507,0.33782,0.59577,0.80316
7,6,nominal_known_constraints_7_6_0,nominal_known_constraints,probe_01,0,1,none,72,0.98701,0.00000,0,0.07000,0.49619,0.93000,0.50190,0.93945,0.50930,0.73572,0.67728
7,6,nominal_known_constraints_7_6_0,nominal_known_constraints,probe_02,0,1,none,64,0.85932,0.00000,0,0.12000,0.14000,0.88000,0.16000,0.88815,0.16043,0.94515,0.32663
7,6,nominal_known_constraints_7_6_0,nominal_known_constraints,probe_03,0,1,none,73,0.97010,0.00000,0,0.10000,0.86000,0.91000,0.67000,0.92179,0.66358,0.65716,-0.75375
7,6,nominal_known_constraints_7_6_0,nominal_known_constraints,probe_04,0,1,none,81,1.03903,0.00000,0,0.16000,0.84000,0.86000,0.23203,0.85527,0.24126,0.98251,-0.18619
7,7,nominal_known_constraints_7_7_0,nominal_known_constraints,probe_00,0,1,none,74,1.03013,0.00000,0,0.06510,0.43850,0.91824,0.56986,0.90926,0.56066,0.31359,0.94956
7,7,nominal_known_constraints_7_7_0,nominal_known_constraints,probe_01,0,1,none,72,1.00611,0.00000,0,0.07000,0.49102,0.93000,0.50449,0.93986,0.51560,0.88213,0.47100
7,7,nominal_known_constraints_7_7_0,nominal_known_constraints,probe_02,0,1,none,64,0.89521,0.00000,0,0.12000,0.14000,0.88000,0.16000,0.88876,0.16627,0.40522,0.91422
7,7,nominal_known_constraints_7_7_0,nominal_known_constraints,probe_03,0,1,none,66,0.91909,0.00000,0,0.10000,0.86000,0.91000,0.84000,0.91237,0.83943,0.89397,0.44812
7,7,nominal_known_constraints_7_7_0,nominal_known_constraints,probe_04,0,1,none,69,0.91611,0.00000,0,0.16000,0.67000,0.86000,0.36998,0.85781,0.35686,0.75113,-0.66015
7,8,nominal_known_constraints_7_8_0,nominal_known_constraints,probe_00,0,1,none,78,1.09210,0.00000,0,0.07092,0.38126,0.90749,0.17162,0.91530,0.17114,0.99936,0.03583
7,8,nominal_known_constraints_7_8_0,nominal_known_constraints,probe_01,0,1,none,71,0.99051,0.00000,0,0.07000,0.15019,0.93000,0.16490,0.93341,0.16516,0.96997,-0.24321
7,8,nominal_known_constraints_7_8_0,nominal_known_constraints,probe_02,1,0,visible_collision,18,0.23901,1.00000,1,0.12000,0.14000,0.88000,0.84000,0.24241,0.28642,0.99611,-0.08815
7,8,nominal_known_constraints_7_8_0,nominal_known_constraints,probe_03,0,1,none,79,1.07834,0.00000,0,0.10000,0.86000,0.91000,0.50000,0.91873,0.51989,0.99775,0.06703
7,8,nominal_known_constraints_7_8_0,nominal_known_constraints,probe_04,0,1,none,70,0.93134,0.00000,0,0.16000,0.67000,0.86000,0.33988,0.85648,0.33748,0.99935,0.03591
7,9,nominal_known_constraints_7_9_0,nominal_known_constraints,probe_00,0,1,none,74,0.97723,0.00000,0,0.06515,0.18000,0.90790,0.32068,0.91395,0.30773,0.99795,0.06402
7,9,nominal_known_constraints_7_9_0,nominal_known_constraints,probe_01,0,1,none,71,0.96200,0.00000,0,0.07000,0.84104,0.93000,0.83948,0.93408,0.83663,0.94352,-0.33131
7,9,nominal_known_constraints_7_9_0,nominal_known_constraints,probe_02,1,0,visible_collision,15,0.18999,1.00000,1,0.12000,0.14000,0.88000,0.33000,0.24573,0.21472,0.82164,0.57001
7,9,nominal_known_constraints_7_9_0,nominal_known_constraints,probe_03,0,1,none,73,0.99169,0.00000,0,0.10000,0.86000,0.91000,0.67000,0.90632,0.65871,0.64324,-0.76566
7,9,nominal_known_constraints_7_9_0,nominal_known_constraints,probe_04,0,1,none,87,1.15322,0.00000,0,0.16000,0.16000,0.86000,0.83870,0.86495,0.84197,0.86102,0.50857
7,10,nominal_known_constraints_7_10_0,nominal_known_constraints,probe_00,0,1,none,71,0.93418,0.00000,0,0.07882,0.82000,0.92305,0.70170,0.91258,0.71004,0.98308,0.18318
7,10,nominal_known_constraints_7_10_0,nominal_known_constraints,probe_01,0,1,none,76,1.01731,0.00000,0,0.07000,0.69054,0.93000,0.65973,0.94016,0.65854,0.59950,0.80037
7,10,nominal_known_constraints_7_10_0,nominal_known_constraints,probe_02,0,1,none,93,1.22624,0.00000,0,0.12000,0.14000,0.88000,0.84000,0.89236,0.83738,0.31042,0.95060
7,10,nominal_known_constraints_7_10_0,nominal_known_constraints,probe_03,0,1,none,93,1.23632,0.00000,0,0.10000,0.86000,0.91000,0.16000,0.91280,0.16657,0.97443,-0.22469
7,10,nominal_known_constraints_7_10_0,nominal_known_constraints,probe_04,0,1,none,70,0.94067,0.00000,0,0.16000,0.33000,0.86000,0.67169,0.85670,0.66080,0.57632,0.81723
7,11,nominal_known_constraints_7_11_0,nominal_known_constraints,probe_00,0,1,none,68,0.91994,0.00000,0,0.08268,0.82000,0.91517,0.84000,0.92031,0.83803,0.75664,0.65384
7,11,nominal_known_constraints_7_11_0,nominal_known_constraints,probe_01,0,1,none,72,0.97600,0.00000,0,0.07000,0.85588,0.93000,0.83206,0.93862,0.83691,0.96333,-0.26833
7,11,nominal_known_constraints_7_11_0,nominal_known_constraints,probe_02,0,1,none,84,1.08346,0.00000,0,0.12000,0.14000,0.88000,0.67000,0.88672,0.66015,0.43503,0.90042
7,11,nominal_known_constraints_7_11_0,nominal_known_constraints,probe_03,0,1,none,93,1.22672,0.00000,0,0.10000,0.86000,0.91000,0.16000,0.91094,0.16053,0.99426,-0.10696
7,11,nominal_known_constraints_7_11_0,nominal_known_constraints,probe_04,0,1,none,69,0.89820,0.00000,0,0.16000,0.33000,0.86000,0.63667,0.86340,0.63627,0.94417,0.32945
7,12,nominal_known_constraints_7_12_0,nominal_known_constraints,probe_00,1,0,visible_collision,18,0.23326,1.00000,1,0.07795,0.21799,0.92372,0.28009,0.26701,0.25595,0.80916,-0.58759
7,12,nominal_known_constraints_7_12_0,nominal_known_constraints,probe_01,0,1,none,72,0.98035,0.00000,0,0.07000,0.85717,0.93000,0.83142,0.93402,0.83764,0.89894,-0.43808
7,12,nominal_known_constraints_7_12_0,nominal_known_constraints,probe_02,1,0,visible_collision,17,0.22006,1.00000,1,0.12000,0.14000,0.88000,0.50000,0.25827,0.25393,0.99723,-0.07435
7,12,nominal_known_constraints_7_12_0,nominal_known_constraints,probe_03,0,1,none,73,0.95135,0.00000,0,0.10000,0.86000,0.91000,0.67000,0.91522,0.66685,0.91938,-0.39337
7,12,nominal_known_constraints_7_12_0,nominal_known_constraints,probe_04,0,1,none,70,0.90279,0.00000,0,0.16000,0.33000,0.86000,0.66408,0.87101,0.66191,0.70849,0.70573
7,13,nominal_known_constraints_7_13_0,nominal_known_constraints,probe_00,0,1,none,67,0.92012,0.00000,0,0.07646,0.29445,0.91408,0.27933,0.90954,0.28468,0.97972,0.20035
7,13,nominal_known_constraints_7_13_0,nominal_known_constraints,probe_01,1,0,visible_collision,53,0.74181,1.00000,1,0.07000,0.74579,0.93000,0.63210,0.67018,0.65904,0.39346,-0.91934
7,13,nominal_known_constraints_7_13_0,nominal_known_constraints,probe_02,1,0,visible_collision,69,0.89054,1.00000,1,0.12000,0.14000,0.88000,0.84000,0.71437,0.64319,0.82130,0.57050
7,13,nominal_known_constraints_7_13_0,nominal_known_constraints,probe_03,0,1,none,86,1.12841,0.00000,0,0.10000,0.86000,0.91000,0.33000,0.91104,0.33913,1.00000,0.00145
7,13,nominal_known_constraints_7_13_0,nominal_known_constraints,probe_04,0,1,none,59,0.77882,0.00000,0,0.16000,0.50000,0.86000,0.47193,0.85790,0.46005,0.90842,0.41806
7,1000,hidden_wall_abort_7_1000_0,hidden_wall_abort,probe_00,1,0,fixture_snag,32,0.52351,0.96853,0,0.07512,0.73196,0.91569,0.84000,0.44991,0.78917,0.99998,0.00696
7,1000,hidden_wall_abort_7_1000_0,hidden_wall_abort,probe_01,1,0,fixture_snag,33,0.50493,1.45845,1,0.07000,0.75410,0.93000,0.73724,0.46320,0.76075,0.87682,-0.48081
7,1000,hidden_wall_abort_7_1000_0,hidden_wall_abort,probe_02,0,1,none,76,1.22352,0.00000,0,0.12000,0.14000,0.88000,0.45143,0.89505,0.45991,0.99083,0.13508
7,1000,hidden_wall_abort_7_1000_0,hidden_wall_abort,probe_03,1,0,fixture_snag,33,0.49744,1.28965,1,0.10000,0.86000,0.91000,0.54857,0.45716,0.73742,0.82878,-0.55957
7,1000,hidden_wall_abort_7_1000_0,hidden_wall_abort,probe_04,1,0,fixture_snag,33,0.48190,0.96300,0,0.16000,0.25714,0.86000,0.78062,0.43826,0.52905,0.55227,0.83367
7,1000,hidden_wall_abort_7_1000_0,hidden_wall_abort,probe_05,1,0,collision_margin,32,0.49041,1.05258,0,0.07000,0.13175,0.93000,0.17413,0.45736,0.13723,0.66518,0.74669
7,1000,hidden_wall_abort_7_1000_0,hidden_wall_abort,probe_06,1,0,visible_collision,19,0.29239,1.00000,1,0.12000,0.14000,0.88000,0.64571,0.31466,0.19860,0.97892,-0.20424
7,1000,hidden_wall_abort_7_1000_0,hidden_wall_abort,probe_07,1,0,fixture_snag,38,0.54902,1.21904,1,0.10000,0.86000,0.91000,0.35429,0.44866,0.59249,0.95994,-0.28020
7,1001,hidden_wall_abort_7_1001_0,hidden_wall_abort,probe_00,1,0,collision_margin,37,0.60597,1.03780,0,0.07489,0.24668,0.92405,0.19827,0.47537,0.26908,0.98284,-0.18446
7,1001,hidden_wall_abort_7_1001_0,hidden_wall_abort,probe_01,0,1,none,72,1.06740,0.00000,0,0.07000,0.67149,0.93000,0.63283,0.93794,0.63936,0.97470,0.22352
7,1001,hidden_wall_abort_7_1001_0,hidden_wall_abort,probe_02,1,0,collision_margin,31,0.47821,1.81636,1,0.12000,0.14000,0.88000,0.25714,0.49614,0.14000,0.88414,-0.46723
7,1001,hidden_wall_abort_7_1001_0,hidden_wall_abort,probe_03,1,0,fixture_snag,33,0.48849,1.16998,1,0.10000,0.86000,0.91000,0.74286,0.48420,0.81263,0.91946,-0.39319
7,1001,hidden_wall_abort_7_1001_0,hidden_wall_abort,probe_04,1,0,collision_margin,39,0.55780,1.14580,0,0.16000,0.84000,0.86000,0.23057,0.48353,0.51545,0.71748,-0.69658
7,1001,hidden_wall_abort_7_1001_0,hidden_wall_abort,probe_05,1,0,collision_margin,35,0.49601,1.18553,1,0.07000,0.52008,0.93000,0.56282,0.48460,0.50932,0.99658,0.08267
7,1001,hidden_wall_abort_7_1001_0,hidden_wall_abort,probe_06,1,0,collision_margin,36,0.56374,1.06844,0,0.12000,0.14000,0.88000,0.45143,0.47666,0.28765,0.98101,-0.19394
7,1001,hidden_wall_abort_7_1001_0,hidden_wall_abort,probe_07,1,0,collision_margin,43,0.62923,1.52145,1,0.10000,0.86000,0.91000,0.35429,0.49572,0.56166,0.95088,0.30957
7,1002,hidden_wall_abort_7_1002_0,hidden_wall_abort,probe_00,0,1,none,77,1.17359,0.00000,0,0.07136,0.44649,0.91211,0.63797,0.91198,0.64858,0.46336,0.88617
7,1002,hidden_wall_abort_7_1002_0,hidden_wall_abort,probe_01,1,0,collision_margin,31,0.44664,1.65534,1,0.07000,0.31018,0.93000,0.23062,0.42975,0.33460,0.98260,0.18572
7,1002,hidden_wall_abort_7_1002_0,hidden_wall_abort,probe_02,1,0,collision_margin,32,0.46369,1.01412,0,0.12000,0.14000,0.88000,0.74286,0.41085,0.31526,0.54085,0.84112
7,1002,hidden_wall_abort_7_1002_0,hidden_wall_abort,probe_03,1,0,fixture_snag,33,0.46967,1.20349,1,0.10000,0.86000,0.91000,0.35429,0.39814,0.60889,0.98579,-0.16798
7,1002,hidden_wall_abort_7_1002_0,hidden_wall_abort,probe_04,0,1,none,68,1.05669,0.00000,0,0.16000,0.64571,0.86000,0.36470,0.86884,0.36448,0.96957,0.24482
7,1002,hidden_wall_abort_7_1002_0,hidden_wall_abort,probe_05,0,1,none,72,1.06692,0.00000,0,0.07000,0.53753,0.93000,0.55409,0.93782,0.57749,0.79096,0.61186
7,1002,hidden_wall_abort_7_1002_0,hidden_wall_abort,probe_06,1,0,visible_collision,71,1.04825,1.00000,1,0.12000,0.14000,0.88000,0.84000,0.66871,0.72626,0.99043,-0.13801
7,1002,hidden_wall_abort_7_1002_0,hidden_wall_abort,probe_07,1,0,fixture_snag,35,0.52156,1.27502,1,0.10000,0.86000,0.91000,0.16000,0.40229,0.58729,0.82147,-0.57025
7,1003,hidden_wall_abort_7_1003_0,hidden_wall_abort,probe_00,1,0,collision_margin,29,0.42703,1.03439,0,0.07739,0.28653,0.92238,0.33756,0.41888,0.34208,0.95959,0.28140
7,1003,hidden_wall_abort_7_1003_0,hidden_wall_abort,probe_01,1,0,collision_margin,29,0.45673,0.97239,0,0.07000,0.41234,0.93000,0.32526,0.41462,0.40946,0.80145,0.59807
7,1003,hidden_wall_abort_7_1003_0,hidden_wall_abort,probe_02,1,0,collision_margin,27,0.38281,1.09303,0,0.12000,0.14000,0.88000,0.25714,0.42614,0.18771,0.91763,0.39744
7,1003,hidden_wall_abort_7_1003_0,hidden_wall_abort,probe_03,1,0,fixture_snag,26,0.40209,1.20588,1,0.10000,0.86000,0.91000,0.84000,0.42836,0.85567,0.99997,-0.00797
7,1003,hidden_wall_abort_7_1003_0,hidden_wall_abort,probe_04,1,0,collision_margin,37,0.55821,1.39675,1,0.16000,0.74286,0.86000,0.20459,0.45123,0.43374,-0.55526,-0.83168
7,1003,hidden_wall_abort_7_1003_0,hidden_wall_abort,probe_05,0,1,none,73,1.07467,0.00000,0,0.07000,0.50166,0.93000,0.57203,0.93649,0.55821,0.99174,0.12830
7,1003,hidden_wall_abort_7_1003_0,hidden_wall_abort,probe_06,1,0,collision_margin,30,0.41391,0.99405,0,0.12000,0.14000,0.88000,0.45143,0.42143,0.23635,0.47947,0.87756
7,1003,hidden_wall_abort_7_1003_0,hidden_wall_abort,probe_07,1,0,fixture_snag,36,0.52767,0.96384,0,0.10000,0.86000,0.91000,0.16000,0.41244,0.57354,0.99353,-0.11358
7,1004,hidden_wall_abort_7_1004_0,hidden_wall_abort,probe_00,1,0,fixture_snag,30,0.45863,1.40843,1,0.06735,0.49668,0.91405,0.57348,0.42191,0.47805,0.99923,-0.03915
7,1004,hidden_wall_abort_7_1004_0,hidden_wall_abort,probe_01,1,0,fixture_snag,30,0.46461,1.35797,1,0.07000,0.59083,0.93000,0.52744,0.42360,0.59856,0.95767,0.28788
7,1004,hidden_wall_abort_7_1004_0,hidden_wall_abort,probe_02,1,0,fixture_snag,36,0.56171,1.50876,1,0.12000,0.14000,0.88000,0.64571,0.42320,0.41426,0.78238,0.62280
7,1004,hidden_wall_abort_7_1004_0,hidden_wall_abort,probe_03,1,0,fixture_snag,37,0.55734,1.41968,1,0.10000,0.86000,0.91000,0.25714,0.42463,0.56823,0.93866,-0.34484
7,1004,hidden_wall_abort_7_1004_0,hidden_wall_abort,probe_04,1,0,fixture_snag,24,0.31686,1.25569,1,0.16000,0.45143,0.86000,0.53355,0.41831,0.51335,0.98315,0.18280
7,1004,hidden_wall_abort_7_1004_0,hidden_wall_abort,probe_05,0,1,none,76,1.08817,0.00000,0,0.07000,0.33975,0.93000,0.36156,0.93569,0.36347,0.90906,0.41666
7,1004,hidden_wall_abort_7_1004_0,hidden_wall_abort,probe_06,1,0,visible_collision,26,0.39055,1.00000,1,0.12000,0.14000,0.88000,0.74286,0.31651,0.32913,0.68991,0.72389
7,1004,hidden_wall_abort_7_1004_0,hidden_wall_abort,probe_07,1,0,fixture_snag,38,0.55986,1.47325,1,0.10000,0.86000,0.91000,0.16000,0.42600,0.55974,0.82653,0.56289
7,1005,hidden_wall_abort_7_1005_0,hidden_wall_abort,probe_00,1,0,fixture_snag,28,0.40267,0.97383,0,0.06793,0.78323,0.90919,0.74971,0.41028,0.78910,0.93150,0.36373
7,1005,hidden_wall_abort_7_1005_0,hidden_wall_abort,probe_01,1,0,fixture_snag,30,0.43251,1.28082,1,0.07000,0.79785,0.93000,0.71536,0.42102,0.79896,0.98841,0.15183
7,1005,hidden_wall_abort_7_1005_0,hidden_wall_abort,probe_02,1,0,visible_collision,19,0.30927,1.00000,1,0.12000,0.14000,0.88000,0.25714,0.30993,0.18948,-0.35773,0.93383
7,1005,hidden_wall_abort_7_1005_0,hidden_wall_abort,probe_03,1,0,fixture_snag,26,0.36121,1.11680,0,0.10000,0.86000,0.91000,0.84000,0.42542,0.85055,0.99778,-0.06652
7,1005,hidden_wall_abort_7_1005_0,hidden_wall_abort,probe_04,1,0,collision_margin,22,0.33274,0.97527,0,0.16000,0.54857,0.86000,0.55376,0.42716,0.53113,0.92040,0.39097
7,1005,hidden_wall_abort_7_1005_0,hidden_wall_abort,probe_05,1,0,collision_margin,32,0.47626,1.40222,1,0.07000,0.12771,0.93000,0.17615,0.44810,0.13859,0.97736,0.21159
7,1005,hidden_wall_abort_7_1005_0,hidden_wall_abort,probe_06,1,0,visible_collision,20,0.31886,1.00000,1,0.12000,0.14000,0.88000,0.64571,0.31750,0.21062,-0.16119,0.98692
7,1005,hidden_wall_abort_7_1005_0,hidden_wall_abort,probe_07,1,0,collision_margin,37,0.54404,1.09582,0,0.10000,0.86000,0.91000,0.35429,0.42985,0.57582,0.24563,-0.96936
7,1006,hidden_wall_abort_7_1006_0,hidden_wall_abort,probe_00,1,0,fixture_snag,31,0.46828,1.11683,0,0.06617,0.49047,0.92365,0.56010,0.43649,0.49280,0.92516,0.37958
7,1006,hidden_wall_abort_7_1006_0,hidden_wall_abort,probe_01,0,1,none,72,1.05002,0.00000,0,0.07000,0.37498,0.93000,0.34394,0.92875,0.34381,0.96512,-0.26180
7,1006,hidden_wall_abort_7_1006_0,hidden_wall_abort,probe_02,0,1,none,79,1.23095,0.00000,0,0.12000,0.14000,0.88000,0.54857,0.88449,0.53674,0.97724,0.21213
7,1006,hidden_wall_abort_7_1006_0,hidden_wall_abort,probe_03,1,0,fixture_snag,27,0.39972,1.04610,0,0.10000,0.86000,0.91000,0.84000,0.44225,0.86943,0.98798,0.15459
7,1006,hidden_wall_abort_7_1006_0,hidden_wall_abort,probe_04,1,0,fixture_snag,25,0.37840,1.13380,0,0.16000,0.45143,0.86000,0.54852,0.43747,0.51521,0.99554,0.09430
7,1006,hidden_wall_abort_7_1006_0,hidden_wall_abort,probe_05,1,0,fixture_snag,31,0.47092,1.29449,1,0.07000,0.65189,0.93000,0.64263,0.44533,0.66364,0.99546,0.09515
7,1006,hidden_wall_abort_7_1006_0,hidden_wall_abort,probe_06,0,1,none,87,1.34675,0.00000,0,0.12000,0.14000,0.88000,0.74286,0.89563,0.73526,0.91697,0.39895
7,1006,hidden_wall_abort_7_1006_0,hidden_wall_abort,probe_07,1,0,fixture_snag,40,0.58403,1.29302,1,0.10000,0.86000,0.91000,0.25714,0.44265,0.53705,0.86104,-0.50854
7,1007,hidden_wall_abort_7_1007_0,hidden_wall_abort,probe_00,1,0,collision_margin,32,0.51428,0.98842,0,0.06863,0.18000,0.92080,0.19985,0.42269,0.25293,0.86213,0.50669
7,1007,hidden_wall_abort_7_1007_0,hidden_wall_abort,probe_01,0,1,none,72,1.11536,0.00000,0,0.07000,0.34260,0.93000,0.36013,0.93016,0.36073,0.98572,0.16842
7,1007,hidden_wall_abort_7_1007_0,hidden_wall_abort,probe_02,1,0,fixture_snag,38,0.54973,1.15062,0,0.12000,0.14000,0.88000,0.84000,0.42165,0.45155,0.81807,0.57513
7,1007,hidden_wall_abort_7_1007_0,hidden_wall_abort,probe_03,1,0,fixture_snag,38,0.58284,1.17822,1,0.10000,0.86000,0.91000,0.16000,0.42504,0.54893,0.30009,-0.95391
7,1007,hidden_wall_abort_7_1007_0,hidden_wall_abort,probe_04,1,0,fixture_snag,22,0.37964,1.64227,1,0.16000,0.45143,0.86000,0.52377,0.43645,0.45959,0.99746,-0.07123
7,1007,hidden_wall_abort_7_1007_0,hidden_wall_abort,probe_05,1,0,fixture_snag,31,0.49899,1.65996,1,0.07000,0.49084,0.93000,0.57744,0.43777,0.48971,0.97676,-0.21434
7,1007,hidden_wall_abort_7_1007_0,hidden_wall_abort,probe_06,1,0,fixture_snag,38,0.53717,1.35706,1,0.12000,0.14000,0.88000,0.74286,0.42769,0.44040,0.98297,0.18377
7,1007,hidden_wall_abort_7_1007_0,hidden_wall_abort,probe_07,1,0,fixture_snag,28,0.45028,1.19831,1,0.10000,0.86000,0.91000,0.64571,0.43261,0.81281,0.94833,-0.31728
7,1008,hidden_wall_abort_7_1008_0,hidden_wall_abort,probe_00,1,0,fixture_snag,36,0.52279,1.17910,1,0.06878,0.82000,0.91995,0.84000,0.51265,0.82166,0.99747,0.07111
7,1008,hidden_wall_abort_7_1008_0,hidden_wall_abort,probe_01,1,0,fixture_snag,37,0.56715,0.99899,0,0.07000,0.64471,0.93000,0.64622,0.50975,0.63517,0.99998,0.00680
7,1008,hidden_wall_abort_7_1008_0,hidden_wall_abort,probe_02,0,1,none,76,1.14090,0.00000,0,0.12000,0.14000,0.88000,0.45143,0.89348,0.45206,0.93548,0.35337
7,1008,hidden_wall_abort_7_1008_0,hidden_wall_abort,probe_03,1,0,fixture_snag,33,0.53950,1.38339,1,0.10000,0.86000,0.91000,0.84000,0.51799,0.87682,0.96816,0.25035
7,1008,hidden_wall_abort_7_1008_0,hidden_wall_abort,probe_04,1,0,fixture_snag,43,0.63474,1.26049,1,0.16000,0.74286,0.86000,0.24866,0.52670,0.38905,0.95770,-0.28778
7,1008,hidden_wall_abort_7_1008_0,hidden_wall_abort,probe_05,1,0,collision_margin,37,0.54755,1.35569,1,0.07000,0.12791,0.93000,0.17604,0.51201,0.14210,0.88066,-0.47374
7,1008,hidden_wall_abort_7_1008_0,hidden_wall_abort,probe_06,1,0,collision_margin,34,0.50467,1.07739,0,0.12000,0.14000,0.88000,0.25714,0.49904,0.19174,0.75790,0.65237
7,1008,hidden_wall_abort_7_1008_0,hidden_wall_abort,probe_07,1,0,fixture_snag,37,0.56175,1.04463,0,0.10000,0.86000,0.91000,0.54857,0.50996,0.72287,0.64267,-0.76614
7,1009,hidden_wall_abort_7_1009_0,hidden_wall_abort,probe_00,1,0,collision_margin,32,0.50237,1.00934,0,0.08089,0.30753,0.91124,0.16744,0.47112,0.32058,0.76467,-0.64442
7,1009,hidden_wall_abort_7_1009_0,hidden_wall_abort,probe_01,1,0,collision_margin,35,0.57239,1.89848,1,0.07000,0.32566,0.93000,0.36860,0.49833,0.32879,0.95193,-0.30633
7,1009,hidden_wall_abort_7_1009_0,hidden_wall_abort,probe_02,1,0,visible_collision,20,0.29361,1.00000,1,0.12000,0.14000,0.88000,0.45143,0.30731,0.19045,0.22882,0.97347
7,1009,hidden_wall_abort_7_1009_0,hidden_wall_abort,probe_03,1,0,collision_margin,45,0.67078,1.11738,0,0.10000,0.86000,0.91000,0.25714,0.48526,0.49617,0.99990,-0.01397
7,1009,hidden_wall_abort_7_1009_0,hidden_wall_abort,probe_04,1,0,collision_margin,29,0.43930,1.33435,1,0.16000,0.54857,0.86000,0.43059,0.49058,0.47690,0.54026,0.84150
7,1009,hidden_wall_abort_7_1009_0,hidden_wall_abort,probe_05,1,0,collision_margin,34,0.53368,1.01375,0,0.07000,0.59462,0.93000,0.67126,0.48737,0.58027,0.81750,0.57593
7,1009,hidden_wall_abort_7_1009_0,hidden_wall_abort,probe_06,1,0,collision_margin,47,0.71049,1.01183,0,0.12000,0.14000,0.88000,0.84000,0.48350,0.51892,0.97433,-0.22514
7,1009,hidden_wall_abort_7_1009_0,hidden_wall_abort,probe_07,1,0,fixture_snag,30,0.42531,1.16536,1,0.10000,0.86000,0.91000,0.74286,0.46906,0.87314,0.95639,0.29209
7,1010,hidden_wall_abort_7_1010_0,hidden_wall_abort,probe_00,1,0,collision_margin,34,0.50801,1.32102,1,0.07364,0.25612,0.92052,0.19497,0.45758,0.20717,0.99659,-0.08257
7,1010,hidden_wall_abort_7_1010_0,hidden_wall_abort,probe_01,1,0,fixture_snag,32,0.49910,1.35560,1,0.07000,0.84129,0.93000,0.83935,0.45070,0.84040,0.99857,-0.05341
7,1010,hidden_wall_abort_7_1010_0,hidden_wall_abort,probe_02,1,0,visible_collision,24,0.32778,1.00000,1,0.12000,0.14000,0.88000,0.64571,0.32893,0.26656,0.54203,0.84036
7,1010,hidden_wall_abort_7_1010_0,hidden_wall_abort,probe_03,1,0,collision_margin,45,0.72563,0.99806,0,0.10000,0.86000,0.91000,0.25714,0.47322,0.50385,0.81556,-0.57867
7,1010,hidden_wall_abort_7_1010_0,hidden_wall_abort,probe_04,1,0,visible_collision,16,0.19649,1.00000,1,0.16000,0.16000,0.86000,0.88000,0.30460,0.24466,0.78412,0.62061
7,1010,hidden_wall_abort_7_1010_0,hidden_wall_abort,probe_05,1,0,collision_margin,35,0.50987,1.21574,1,0.07000,0.31481,0.93000,0.37402,0.46751,0.36040,0.99650,-0.08356
7,1010,hidden_wall_abort_7_1010_0,hidden_wall_abort,probe_06,1,0,visible_collision,21,0.32809,1.00000,1,0.12000,0.14000,0.88000,0.54857,0.30519,0.24225,0.77166,0.63604
7,1010,hidden_wall_abort_7_1010_0,hidden_wall_abort,probe_07,0,1,none,81,1.22998,0.00000,0,0.10000,0.86000,0.91000,0.45143,0.92021,0.46078,0.98134,-0.19230
7,1011,hidden_wall_abort_7_1011_0,hidden_wall_abort,probe_00,1,0,fixture_snag,31,0.43012,1.01143,0,0.08094,0.80910,0.91688,0.84000,0.46070,0.81709,0.88474,0.46608
7,1011,hidden_wall_abort_7_1011_0,hidden_wall_abort,probe_01,1,0,fixture_snag,35,0.59454,1.40525,1,0.07000,0.65964,0.93000,0.63875,0.47475,0.59251,0.77374,-0.63351
7,1011,hidden_wall_abort_7_1011_0,hidden_wall_abort,probe_02,1,0,fixture_snag,46,0.71728,1.42277,1,0.12000,0.14000,0.88000,0.84000,0.47607,0.51732,0.90196,0.43182
7,1011,hidden_wall_abort_7_1011_0,hidden_wall_abort,probe_03,1,0,fixture_snag,37,0.54916,1.03670,0,0.10000,0.86000,0.91000,0.45143,0.46303,0.66720,0.30007,-0.95392
7,1011,hidden_wall_abort_7_1011_0,hidden_wall_abort,probe_04,0,1,none,64,1.00561,0.00000,0,0.16000,0.35429,0.86000,0.54524,0.85288,0.54129,-0.15727,0.98755
7,1011,hidden_wall_abort_7_1011_0,hidden_wall_abort,probe_05,1,0,fixture_snag,33,0.47546,1.04053,0,0.07000,0.73095,0.93000,0.74881,0.46230,0.74718,0.87007,-0.49293
7,1011,hidden_wall_abort_7_1011_0,hidden_wall_abort,probe_06,1,0,collision_margin,33,0.47158,1.06913,0,0.12000,0.14000,0.88000,0.54857,0.44499,0.29169,0.08904,0.99603
7,1011,hidden_wall_abort_7_1011_0,hidden_wall_abort,probe_07,1,0,fixture_snag,43,0.63934,0.98275,0,0.10000,0.86000,0.91000,0.25714,0.46309,0.50943,0.14195,-0.98987
7,1012,hidden_wall_abort_7_1012_0,hidden_wall_abort,probe_00,1,0,collision_margin,26,0.36409,1.03707,0,0.07953,0.33368,0.91302,0.44029,0.36968,0.39305,0.84209,0.53934
7,1012,hidden_wall_abort_7_1012_0,hidden_wall_abort,probe_01,1,0,fixture_snag,28,0.40051,1.24413,1,0.07000,0.85173,0.93000,0.83414,0.40252,0.87408,0.99861,0.05271
7,1012,hidden_wall_abort_7_1012_0,hidden_wall_abort,probe_02,1,0,collision_margin,28,0.47294,1.25250,1,0.12000,0.14000,0.88000,0.64571,0.38735,0.27180,0.94552,0.32555
7,1012,hidden_wall_abort_7_1012_0,hidden_wall_abort,probe_03,1,0,fixture_snag,24,0.35973,1.17943,1,0.10000,0.86000,0.91000,0.74286,0.40056,0.87182,0.80423,0.59432
7,1012,hidden_wall_abort_7_1012_0,hidden_wall_abort,probe_04,1,0,collision_margin,19,0.28328,1.51677,1,0.16000,0.45143,0.86000,0.56290,0.37253,0.51874,0.58537,0.81077
7,1012,hidden_wall_abort_7_1012_0,hidden_wall_abort,probe_05,1,0,collision_margin,26,0.36262,1.09435,0,0.07000,0.35830,0.93000,0.35228,0.37400,0.36488,0.95391,-0.30010
7,1012,hidden_wall_abort_7_1012_0,hidden_wall_abort,probe_06,1,0,collision_margin,28,0.41297,1.10528,0,0.12000,0.14000,0.88000,0.54857,0.38297,0.27116,0.78051,0.62514
7,1012,hidden_wall_abort_7_1012_0,hidden_wall_abort,probe_07,0,1,none,89,1.27505,0.00000,0,0.10000,0.86000,0.91000,0.25714,0.90149,0.25748,0.99893,-0.04626
7,1013,hidden_wall_abort_7_1013_0,hidden_wall_abort,probe_00,0,1,none,75,1.08799,0.00000,0,0.06776,0.36051,0.91793,0.21031,0.90077,0.21937,0.77137,0.63639
7,1013,hidden_wall_abort_7_1013_0,hidden_wall_abort,probe_01,1,0,visible_collision,21,0.32539,1.00000,1,0.07000,0.24630,0.93000,0.26256,0.30501,0.22572,0.90790,-0.41919
7,1013,hidden_wall_abort_7_1013_0,hidden_wall_abort,probe_02,1,0,fixture_snag,40,0.60645,1.15491,0,0.12000,0.14000,0.88000,0.64571,0.45982,0.44031,0.80781,0.58944
7,1013,hidden_wall_abort_7_1013_0,hidden_wall_abort,probe_03,1,0,fixture_snag,29,0.41993,1.04666,0,0.10000,0.86000,0.91000,0.74286,0.46133,0.86671,0.75288,0.65816
7,1013,hidden_wall_abort_7_1013_0,hidden_wall_abort,probe_04,1,0,fixture_snag,36,0.50148,1.17229,1,0.16000,0.84000,0.86000,0.22918,0.46155,0.55027,0.38378,-0.92342
7,1013,hidden_wall_abort_7_1013_0,hidden_wall_abort,probe_05,1,0,fixture_snag,33,0.49726,1.23408,1,0.07000,0.44651,0.93000,0.45389,0.46217,0.44031,0.96791,0.25129
7,1013,hidden_wall_abort_7_1013_0,hidden_wall_abort,probe_06,1,0,collision_margin,30,0.41521,1.19646,1,0.12000,0.14000,0.88000,0.16000,0.45257,0.13782,0.98587,-0.16751
7,1013,hidden_wall_abort_7_1013_0,hidden_wall_abort,probe_07,1,0,fixture_snag,34,0.52701,1.39349,1,0.10000,0.86000,0.91000,0.54857,0.47030,0.74781,0.63790,-0.77012
7,2000,force_limit_abort_7_2000_0,force_limit_abort,probe_00,0,1,none,74,1.22173,0.00000,0,0.07919,0.53603,0.91992,0.70779,0.90219,0.70489,0.43347,0.90117
7,2000,force_limit_abort_7_2000_0,force_limit_abort,probe_01,1,0,visible_collision,49,0.80915,1.00000,1,0.07000,0.72824,0.93000,0.75016,0.66945,0.74747,0.99992,0.01256
7,2000,force_limit_abort_7_2000_0,force_limit_abort,probe_02,1,0,force_limit,23,0.35518,1.12936,1,0.12000,0.14000,0.88000,0.54857,0.31167,0.28248,-0.19347,0.98111
7,2000,force_limit_abort_7_2000_0,force_limit_abort,probe_03,0,1,none,89,1.48610,0.00000,0,0.10000,0.86000,0.91000,0.25714,0.91373,0.26677,0.76980,-0.63828
7,2000,force_limit_abort_7_2000_0,force_limit_abort,probe_04,1,0,force_limit,17,0.26974,1.39773,1,0.16000,0.16000,0.86000,0.86533,0.29302,0.30456,0.30196,0.95332
7,2000,force_limit_abort_7_2000_0,force_limit_abort,probe_05,0,1,none,74,1.23442,0.00000,0,0.07000,0.69535,0.93000,0.62089,0.94305,0.61787,0.69182,-0.72207
7,2000,force_limit_abort_7_2000_0,force_limit_abort,probe_06,1,0,force_limit,33,0.49921,1.71038,1,0.12000,0.14000,0.88000,0.45143,0.45069,0.26801,0.99790,0.06482
7,2000,force_limit_abort_7_2000_0,force_limit_abort,probe_07,0,1,none,85,1.32734,0.00000,0,0.10000,0.86000,0.91000,0.35429,0.91660,0.35425,0.85543,0.51792
7,2001,force_limit_abort_7_2001_0,force_limit_abort,probe_00,0,1,none,71,1.23254,0.00000,0,0.07211,0.35548,0.91352,0.31806,0.92357,0.30829,0.55681,0.83064
7,2001,force_limit_abort_7_2001_0,force_limit_abort,probe_01,0,1,none,72,1.21749,0.00000,0,0.07000,0.53859,0.93000,0.55356,0.94419,0.55648,0.18251,0.98320
7,2001,force_limit_abort_7_2001_0,force_limit_abort,probe_02,1,0,force_limit,64,0.99902,1.70497,1,0.12000,0.14000,0.88000,0.74286,0.64705,0.61579,0.99769,-0.06800
7,2001,force_limit_abort_7_2001_0,force_limit_abort,probe_03,0,1,none,93,1.51638,0.00000,0,0.10000,0.86000,0.91000,0.16000,0.90294,0.16859,0.77392,0.63328
7,2001,force_limit_abort_7_2001_0,force_limit_abort,probe_04,0,1,none,85,1.31934,0.00000,0,0.16000,0.84000,0.86000,0.14069,0.86191,0.14860,0.78705,0.61688
7,2001,force_limit_abort_7_2001_0,force_limit_abort,probe_05,1,0,force_limit,41,0.68542,1.55285,1,0.07000,0.66967,0.93000,0.63373,0.55630,0.66537,0.65551,0.75518
7,2001,force_limit_abort_7_2001_0,force_limit_abort,probe_06,0,1,none,68,1.13407,0.00000,0,0.12000,0.14000,0.88000,0.25714,0.89539,0.26357,0.59416,-0.80435
7,2001,force_limit_abort_7_2001_0,force_limit_abort,probe_07,0,1,none,85,1.32998,0.00000,0,0.10000,0.86000,0.91000,0.35429,0.91083,0.35901,0.48875,0.87242
7,2002,force_limit_abort_7_2002_0,force_limit_abort,probe_00,1,0,visible_collision,16,0.23480,1.00000,1,0.07162,0.29302,0.91466,0.32994,0.26281,0.28045,0.96761,-0.25246
7,2002,force_limit_abort_7_2002_0,force_limit_abort,probe_01,0,1,none,73,1.19183,0.00000,0,0.07000,0.81991,0.93000,0.85005,0.93198,0.86651,0.73564,0.67737
7,2002,force_limit_abort_7_2002_0,force_limit_abort,probe_02,0,1,none,64,1.09285,0.00000,0,0.12000,0.14000,0.88000,0.16000,0.87165,0.15774,0.99485,0.10135
7,2002,force_limit_abort_7_2002_0,force_limit_abort,probe_03,1,0,force_limit,54,0.90938,1.65680,1,0.10000,0.86000,0.91000,0.35429,0.58518,0.50022,-0.04134,-0.99914
7,2002,force_limit_abort_7_2002_0,force_limit_abort,probe_04,1,0,force_limit,41,0.68592,1.90859,1,0.16000,0.45143,0.86000,0.58421,0.62996,0.51945,0.98605,0.16643
7,2002,force_limit_abort_7_2002_0,force_limit_abort,probe_05,0,1,none,72,1.14859,0.00000,0,0.07000,0.65629,0.93000,0.64043,0.94048,0.63997,0.99632,0.08571
7,2002,force_limit_abort_7_2002_0,force_limit_abort,probe_06,0,1,none,68,1.11806,0.00000,0,0.12000,0.14000,0.88000,0.25714,0.89174,0.27072,0.98553,-0.16950
7,2002,force_limit_abort_7_2002_0,force_limit_abort,probe_07,0,1,none,70,1.14058,0.00000,0,0.10000,0.86000,0.91000,0.74286,0.91108,0.74347,0.95795,0.28693
7,2003,force_limit_abort_7_2003_0,force_limit_abort,probe_00,0,1,none,73,1.17794,0.00000,0,0.07508,0.55598,0.90890,0.71310,0.90412,0.72578,0.99904,0.04390
7,2003,force_limit_abort_7_2003_0,force_limit_abort,probe_01,1,0,force_limit,35,0.60930,1.74030,1,0.07000,0.40461,0.93000,0.47484,0.48564,0.42126,0.95354,0.30126
7,2003,force_limit_abort_7_2003_0,force_limit_abort,probe_02,0,1,none,72,1.19582,0.00000,0,0.12000,0.14000,0.88000,0.35429,0.89586,0.36827,0.92755,0.37369
7,2003,force_limit_abort_7_2003_0,force_limit_abort,probe_03,1,0,visible_collision,57,0.97231,1.00000,1,0.10000,0.86000,0.91000,0.64571,0.75264,0.74826,0.42588,-0.90478
7,2003,force_limit_abort_7_2003_0,force_limit_abort,probe_04,1,0,force_limit,40,0.60225,1.54290,1,0.16000,0.74286,0.86000,0.20014,0.50281,0.42049,0.36732,-0.93009
7,2003,force_limit_abort_7_2003_0,force_limit_abort,probe_05,0,1,none,72,1.21708,0.00000,0,0.07000,0.24718,0.93000,0.26212,0.94394,0.27481,0.98187,-0.18953
7,2003,force_limit_abort_7_2003_0,force_limit_abort,probe_06,1,0,visible_collision,12,0.17821,1.00000,1,0.12000,0.14000,0.88000,0.16000,0.26224,0.14672,0.99857,0.05349
7,2003,force_limit_abort_7_2003_0,force_limit_abort,probe_07,0,1,none,66,1.15791,0.00000,0,0.10000,0.86000,0.91000,0.84000,0.92171,0.83195,0.88586,-0.46395
7,2004,force_limit_abort_7_2004_0,force_limit_abort,probe_00,0,1,none,68,1.18034,0.00000,0,0.08031,0.40878,0.92482,0.37585,0.91277,0.38822,0.97214,0.23440
7,2004,force_limit_abort_7_2004_0,force_limit_abort,probe_01,1,0,visible_collision,51,0.84917,1.00000,1,0.07000,0.67078,0.93000,0.63318,0.69635,0.67906,0.99782,0.06596
7,2004,force_limit_abort_7_2004_0,force_limit_abort,probe_02,1,0,visible_collision,19,0.26755,1.00000,1,0.12000,0.14000,0.88000,0.74286,0.28779,0.24576,0.95631,0.29234
7,2004,force_limit_abort_7_2004_0,force_limit_abort,probe_03,0,1,none,89,1.52996,0.00000,0,0.10000,0.86000,0.91000,0.25714,0.89829,0.27268,0.99389,0.11039
7,2004,force_limit_abort_7_2004_0,force_limit_abort,probe_04,0,1,none,68,1.11987,0.00000,0,0.16000,0.35429,0.86000,0.62805,0.85961,0.62733,0.57289,0.81963
7,2004,force_limit_abort_7_2004_0,force_limit_abort,probe_05,0,1,none,73,1.27975,0.00000,0,0.07000,0.51203,0.93000,0.56684,0.92726,0.56228,0.71341,0.70075
7,2004,force_limit_abort_7_2004_0,force_limit_abort,probe_06,1,0,visible_collision,18,0.27059,1.00000,1,0.12000,0.14000,0.88000,0.84000,0.28563,0.24297,0.82187,0.56967
7,2004,force_limit_abort_7_2004_0,force_limit_abort,probe_07,0,1,none,93,1.50133,0.00000,0,0.10000,0.86000,0.91000,0.16000,0.92743,0.17042,0.90004,-0.43582
7,2005,force_limit_abort_7_2005_0,force_limit_abort,probe_00,0,1,none,71,1.18277,0.00000,0,0.07846,0.25271,0.92200,0.27060,0.91513,0.26295,0.88196,0.47132
7,2005,force_limit_abort_7_2005_0,force_limit_abort,probe_01,0,1,none,74,1.16072,0.00000,0,0.07000,0.40172,0.93000,0.47628,0.94276,0.47961,0.99641,-0.08468
7,2005,force_limit_abort_7_2005_0,force_limit_abort,probe_02,0,1,none,79,1.29208,0.00000,0,0.12000,0.14000,0.88000,0.54857,0.88105,0.53302,0.62394,0.78147
7,2005,force_limit_abort_7_2005_0,force_limit_abort,probe_03,0,1,none,89,1.55123,0.00000,0,0.10000,0.86000,0.91000,0.25714,0.90198,0.26465,0.93025,0.36693
7,2005,force_limit_abort_7_2005_0,force_limit_abort,probe_04,0,1,none,70,1.03768,0.00000,0,0.16000,0.64571,0.86000,0.30581,0.87850,0.31120,0.99046,-0.13780
7,2005,force_limit_abort_7_2005_0,force_limit_abort,probe_05,1,0,force_limit,51,0.82956,1.40354,1,0.07000,0.85973,0.93000,0.83013,0.69449,0.86272,0.76711,-0.64151
7,2005,force_limit_abort_7_2005_0,force_limit_abort,probe_06,0,1,none,64,1.08302,0.00000,0,0.12000,0.14000,0.88000,0.16000,0.89014,0.17236,0.25007,0.96823
7,2005,force_limit_abort_7_2005_0,force_limit_abort,probe_07,0,1,none,85,1.33487,0.00000,0,0.10000,0.86000,0.91000,0.35429,0.91641,0.36235,0.96389,0.26629
7,2006,force_limit_abort_7_2006_0,force_limit_abort,probe_00,0,1,none,69,1.15789,0.00000,0,0.07890,0.52451,0.91167,0.57388,0.90641,0.56773,0.94167,0.33655
7,2006,force_limit_abort_7_2006_0,force_limit_abort,probe_01,0,1,none,72,1.14319,0.00000,0,0.07000,0.36802,0.93000,0.34742,0.93765,0.33407,0.66780,0.74434
7,2006,force_limit_abort_7_2006_0,force_limit_abort,probe_02,1,0,force_limit,71,1.28610,1.67720,1,0.12000,0.14000,0.88000,0.84000,0.73029,0.65677,-0.39342,0.91936
7,2006,force_limit_abort_7_2006_0,force_limit_abort,probe_03,1,0,force_limit,38,0.55499,1.63693,1,0.10000,0.86000,0.91000,0.74286,0.56824,0.85932,0.99077,-0.13558
7,2006,force_limit_abort_7_2006_0,force_limit_abort,probe_04,1,0,visible_collision,10,0.13491,1.00000,1,0.16000,0.25714,0.86000,0.74114,0.24563,0.33614,0.68454,0.72898
7,2006,force_limit_abort_7_2006_0,force_limit_abort,probe_05,0,1,none,72,1.18446,0.00000,0,0.07000,0.52992,0.93000,0.55790,0.93584,0.55770,0.68737,0.72631
7,2006,force_limit_abort_7_2006_0,force_limit_abort,probe_06,0,1,none,64,1.06087,0.00000,0,0.12000,0.14000,0.88000,0.16000,0.89242,0.17205,0.83329,0.55283
7,2006,force_limit_abort_7_2006_0,force_limit_abort,probe_07,1,0,force_limit,40,0.64097,1.75487,1,0.10000,0.86000,0.91000,0.64571,0.56200,0.79541,0.92871,-0.37082
7,2007,force_limit_abort_7_2007_0,force_limit_abort,probe_00,0,1,none,70,1.14894,0.00000,0,0.07378,0.19387,0.90898,0.16000,0.91282,0.15638,0.85961,0.51095
7,2007,force_limit_abort_7_2007_0,force_limit_abort,probe_01,0,1,none,77,1.22203,0.00000,0,0.07000,0.32431,0.93000,0.22356,0.94902,0.21321,0.87998,-0.47502
7,2007,force_limit_abort_7_2007_0,force_limit_abort,probe_02,0,1,none,87,1.47597,0.00000,0,0.12000,0.14000,0.88000,0.74286,0.88880,0.74256,0.69914,0.71499
7,2007,force_limit_abort_7_2007_0,force_limit_abort,probe_03,0,1,none,78,1.30972,0.00000,0,0.10000,0.86000,0.91000,0.54857,0.91211,0.55134,0.93570,0.35280
7,2007,force_limit_abort_7_2007_0,force_limit_abort,probe_04,1,0,force_limit,21,0.33405,1.89325,1,0.16000,0.45143,0.86000,0.55891,0.38553,0.52091,0.96271,0.27053
7,2007,force_limit_abort_7_2007_0,force_limit_abort,probe_05,0,1,none,72,1.21597,0.00000,0,0.07000,0.34876,0.93000,0.35705,0.93804,0.37518,0.90647,0.42228
7,2007,force_limit_abort_7_2007_0,force_limit_abort,probe_06,0,1,none,64,1.12149,0.00000,0,0.12000,0.14000,0.88000,0.16000,0.88198,0.16139,-0.29113,0.95668
7,2007,force_limit_abort_7_2007_0,force_limit_abort,probe_07,0,1,none,74,1.19473,0.00000,0,0.10000,0.86000,0.91000,0.64571,0.91194,0.64610,0.82260,0.56862
7,2008,force_limit_abort_7_2008_0,force_limit_abort,probe_00,0,1,none,70,1.10544,0.00000,0,0.07258,0.18000,0.91686,0.16000,0.91594,0.16033,0.99195,0.12659
7,2008,force_limit_abort_7_2008_0,force_limit_abort,probe_01,0,1,none,72,1.19411,0.00000,0,0.07000,0.17543,0.93000,0.15229,0.94432,0.16121,0.13577,0.99074
7,2008,force_limit_abort_7_2008_0,force_limit_abort,probe_02,0,1,none,72,1.18544,0.00000,0,0.12000,0.14000,0.88000,0.35429,0.89371,0.35300,0.24695,0.96903
7,2008,force_limit_abort_7_2008_0,force_limit_abort,probe_03,0,1,none,70,1.11304,0.00000,0,0.10000,0.86000,0.91000,0.74286,0.90912,0.72766,0.90433,0.42683
7,2008,force_limit_abort_7_2008_0,force_limit_abort,probe_04,0,1,none,76,1.26591,0.00000,0,0.16000,0.25714,0.86000,0.73675,0.85488,0.74036,0.91712,0.39861
7,2008,force_limit_abort_7_2008_0,force_limit_abort,probe_05,1,0,force_limit,28,0.44550,1.24262,1,0.07000,0.42699,0.93000,0.46365,0.41088,0.44170,0.55967,0.82872
7,2008,force_limit_abort_7_2008_0,force_limit_abort,probe_06,1,0,visible_collision,21,0.28902,1.00000,1,0.12000,0.14000,0.88000,0.84000,0.31051,0.25053,0.24745,0.96890
7,2008,force_limit_abort_7_2008_0,force_limit_abort,probe_07,0,1,none,74,1.29047,0.00000,0,0.10000,0.86000,0.91000,0.64571,0.91330,0.63988,0.99757,-0.06968
7,2009,force_limit_abort_7_2009_0,force_limit_abort,probe_00,0,1,none,79,1.28395,0.00000,0,0.07139,0.50226,0.91825,0.75828,0.90665,0.76662,0.96288,0.26995
7,2009,force_limit_abort_7_2009_0,force_limit_abort,probe_01,0,1,none,73,1.24393,0.00000,0,0.07000,0.49384,0.93000,0.43022,0.93266,0.43836,0.91724,-0.39834
7,2009,force_limit_abort_7_2009_0,force_limit_abort,probe_02,1,0,force_limit,53,0.92726,1.64520,1,0.12000,0.14000,0.88000,0.35429,0.68763,0.27364,0.97000,-0.24312
7,2009,force_limit_abort_7_2009_0,force_limit_abort,probe_03,1,0,force_limit,57,0.83253,1.38731,1,0.10000,0.86000,0.91000,0.25714,0.58311,0.41682,0.95473,0.29747
7,2009,force_limit_abort_7_2009_0,force_limit_abort,probe_04,1,0,force_limit,39,0.66744,1.68358,1,0.16000,0.54857,0.86000,0.41819,0.60593,0.46209,0.90352,-0.42854
7,2009,force_limit_abort_7_2009_0,force_limit_abort,probe_05,1,0,visible_collision,52,0.82641,1.00000,1,0.07000,0.75274,0.93000,0.73792,0.69463,0.77938,0.99954,-0.03048
7,2009,force_limit_abort_7_2009_0,force_limit_abort,probe_06,0,1,none,64,1.02606,0.00000,0,0.12000,0.14000,0.88000,0.16000,0.89378,0.17005,-0.02294,0.99974
7,2009,force_limit_abort_7_2009_0,force_limit_abort,probe_07,0,1,none,66,1.05493,0.00000,0,0.10000,0.86000,0.91000,0.84000,0.91590,0.83421,0.94617,0.32367
7,2010,force_limit_abort_7_2010_0,force_limit_abort,probe_00,0,1,none,69,1.15852,0.00000,0,0.07267,0.18000,0.91475,0.18249,0.91833,0.19175,0.92477,-0.38052
7,2010,force_limit_abort_7_2010_0,force_limit_abort,probe_01,0,1,none,71,1.20187,0.00000,0,0.07000,0.25278,0.93000,0.25933,0.95711,0.26059,0.76252,0.64697
7,2010,force_limit_abort_7_2010_0,force_limit_abort,probe_02,1,0,visible_collision,24,0.38164,1.00000,1,0.12000,0.14000,0.88000,0.64571,0.31416,0.30384,0.25433,0.96712
7,2010,force_limit_abort_7_2010_0,force_limit_abort,probe_03,1,0,force_limit,46,0.70291,1.74127,1,0.10000,0.86000,0.91000,0.16000,0.50187,0.48142,0.99494,-0.10046
7,2010,force_limit_abort_7_2010_0,force_limit_abort,probe_04,1,0,force_limit,36,0.64247,1.79575,1,0.16000,0.74286,0.86000,0.20467,0.46456,0.43887,0.74885,-0.66274
7,2010,force_limit_abort_7_2010_0,force_limit_abort,probe_05,0,1,none,71,1.11498,0.00000,0,0.07000,0.82985,0.93000,0.84507,0.92915,0.83516,0.91805,-0.39647
7,2010,force_limit_abort_7_2010_0,force_limit_abort,probe_06,0,1,none,76,1.24220,0.00000,0,0.12000,0.14000,0.88000,0.45143,0.88803,0.46889,-0.71314,0.70102
7,2010,force_limit_abort_7_2010_0,force_limit_abort,probe_07,0,1,none,78,1.25628,0.00000,0,0.10000,0.86000,0.91000,0.54857,0.92319,0.54416,0.93646,-0.35077
7,2011,force_limit_abort_7_2011_0,force_limit_abort,probe_00,1,0,force_limit,29,0.44994,1.88911,1,0.08277,0.29350,0.92111,0.31477,0.43250,0.33371,0.96499,0.26228
7,2011,force_limit_abort_7_2011_0,force_limit_abort,probe_01,1,0,visible_collision,54,0.98151,1.00000,1,0.07000,0.68191,0.93000,0.62761,0.73287,0.70702,0.99999,0.00470
7,2011,force_limit_abort_7_2011_0,force_limit_abort,probe_02,0,1,none,68,1.12525,0.00000,0,0.12000,0.14000,0.88000,0.25714,0.88235,0.25846,0.06504,0.99788
7,2011,force_limit_abort_7_2011_0,force_limit_abort,probe_03,0,1,none,78,1.40690,0.00000,0,0.10000,0.86000,0.91000,0.54857,0.91525,0.52552,0.80098,-0.59870
7,2011,force_limit_abort_7_2011_0,force_limit_abort,probe_04,0,1,none,89,1.48214,0.00000,0,0.16000,0.16000,0.86000,0.85118,0.86856,0.86833,0.96866,0.24838
7,2011,force_limit_abort_7_2011_0,force_limit_abort,probe_05,0,1,none,72,1.26686,0.00000,0,0.07000,0.85274,0.93000,0.83363,0.92917,0.83634,0.99827,0.05887
7,2011,force_limit_abort_7_2011_0,force_limit_abort,probe_06,1,0,force_limit,42,0.72203,1.44501,1,0.12000,0.14000,0.88000,0.35429,0.58620,0.23489,0.57851,0.81568
7,2011,force_limit_abort_7_2011_0,force_limit_abort,probe_07,1,0,visible_collision,52,0.88077,1.00000,1,0.10000,0.86000,0.91000,0.74286,0.72887,0.80900,0.68790,-0.72581
7,2012,force_limit_abort_7_2012_0,force_limit_abort,probe_00,1,0,visible_collision,50,0.76369,1.00000,1,0.07707,0.66470,0.91384,0.66157,0.66213,0.64646,0.99009,0.14045
7,2012,force_limit_abort_7_2012_0,force_limit_abort,probe_01,0,1,none,74,1.28991,0.00000,0,0.07000,0.59454,0.93000,0.67130,0.93586,0.66865,0.50207,0.86483
7,2012,force_limit_abort_7_2012_0,force_limit_abort,probe_02,1,0,force_limit,59,0.97824,1.26749,1,0.12000,0.14000,0.88000,0.35429,0.75279,0.30270,0.22779,0.97371
7,2012,force_limit_abort_7_2012_0,force_limit_abort,probe_03,0,1,none,70,1.07112,0.00000,0,0.10000,0.86000,0.91000,0.74286,0.90444,0.73606,0.97461,-0.22391
7,2012,force_limit_abort_7_2012_0,force_limit_abort,probe_04,1,0,force_limit,55,0.93739,1.76137,1,0.16000,0.84000,0.86000,0.15955,0.62427,0.37853,0.99628,0.08614
7,2012,force_limit_abort_7_2012_0,force_limit_abort,probe_05,0,1,none,73,1.16909,0.00000,0,0.07000,0.58550,0.93000,0.53011,0.93551,0.54090,0.98557,-0.16925
7,2012,force_limit_abort_7_2012_0,force_limit_abort,probe_06,1,0,force_limit,53,0.87102,1.83925,1,0.12000,0.14000,0.88000,0.45143,0.65542,0.35588,0.99059,0.13683
7,2012,force_limit_abort_7_2012_0,force_limit_abort,probe_07,1,0,force_limit,62,1.04225,1.74446,1,0.10000,0.86000,0.91000,0.16000,0.63185,0.36156,0.86233,-0.50634
7,2013,force_limit_abort_7_2013_0,force_limit_abort,probe_00,0,1,none,73,1.15336,0.00000,0,0.06576,0.45951,0.91546,0.56286,0.91553,0.56668,-0.21512,0.97659
7,2013,force_limit_abort_7_2013_0,force_limit_abort,probe_01,0,1,none,72,1.20619,0.00000,0,0.07000,0.85804,0.93000,0.83098,0.93079,0.83980,0.50579,0.86266
7,2013,force_limit_abort_7_2013_0,force_limit_abort,probe_02,0,1,none,68,1.11253,0.00000,0,0.12000,0.14000,0.88000,0.25714,0.87385,0.25967,-0.46757,0.88396
7,2013,force_limit_abort_7_2013_0,force_limit_abort,probe_03,1,0,force_limit,52,0.86996,1.72297,1,0.10000,0.86000,0.91000,0.54857,0.65457,0.66558,0.95070,0.31012
7,2013,force_limit_abort_7_2013_0,force_limit_abort,probe_04,0,1,none,71,1.19730,0.00000,0,0.16000,0.64571,0.86000,0.29596,0.85588,0.28864,0.80883,-0.58805
7,2013,force_limit_abort_7_2013_0,force_limit_abort,probe_05,1,0,visible_collision,19,0.29427,1.00000,1,0.07000,0.15489,0.93000,0.16256,0.26974,0.14774,0.99000,0.14108
7,2013,force_limit_abort_7_2013_0,force_limit_abort,probe_06,0,1,none,72,1.22377,0.00000,0,0.12000,0.14000,0.88000,0.35429,0.88723,0.36612,0.75694,0.65348
7,2013,force_limit_abort_7_2013_0,force_limit_abort,probe_07,0,1,none,81,1.34384,0.00000,0,0.10000,0.86000,0.91000,0.45143,0.92619,0.46247,0.35758,0.93388
7,3000,human_stop_constraint_7_3000_0,human_stop_constraint,probe_00,1,0,human_stop,34,0.63179,1.01000,0,0.07789,0.58455,0.90956,0.37824,0.47203,0.53057,0.74183,-0.67059
7,3000,human_stop_constraint_7_3000_0,human_stop_constraint,probe_01,1,0,human_stop,31,0.50936,1.01000,0,0.07000,0.60886,0.93000,0.61557,0.42846,0.61618,0.98250,0.18628
7,3000,human_stop_constraint_7_3000_0,human_stop_constraint,probe_02,0,1,none,68,1.29330,0.00000,0,0.12000,0.14000,0.88000,0.27333,0.89154,0.26484,0.03212,0.99948
7,3000,human_stop_constraint_7_3000_0,human_stop_constraint,probe_03,1,0,human_stop,42,0.66184,1.01000,0,0.10000,0.86000,0.91000,0.16000,0.45909,0.51284,0.98853,-0.15101
7,3000,human_stop_constraint_7_3000_0,human_stop_constraint,probe_04,1,0,human_stop,29,0.52800,1.01000,0,0.16000,0.72667,0.86000,0.38031,0.44376,0.58477,0.25502,0.96693
7,3000,human_stop_constraint_7_3000_0,human_stop_constraint,probe_05,1,0,human_stop,30,0.54733,1.01000,0,0.07000,0.46438,0.93000,0.51781,0.42759,0.44814,0.95771,0.28773
7,3000,human_stop_constraint_7_3000_0,human_stop_constraint,probe_06,1,0,human_stop,40,0.71687,1.01000,0,0.12000,0.14000,0.88000,0.84000,0.43272,0.46854,0.77208,0.63552
7,3001,human_stop_constraint_7_3001_0,human_stop_constraint,probe_00,1,0,human_stop,30,0.50748,1.01000,0,0.07888,0.37737,0.90959,0.36181,0.45277,0.37665,0.99525,-0.09732
7,3001,human_stop_constraint_7_3001_0,human_stop_constraint,probe_01,0,1,none,73,1.35722,0.00000,0,0.07000,0.58767,0.93000,0.62616,0.95832,0.63482,0.85157,0.52424
7,3001,human_stop_constraint_7_3001_0,human_stop_constraint,probe_02,1,0,visible_collision,12,0.19704,1.00000,1,0.12000,0.14000,0.88000,0.38667,0.22875,0.21626,0.91737,-0.39803
7,3001,human_stop_constraint_7_3001_0,human_stop_constraint,probe_03,0,1,none,70,1.20518,0.00000,0,0.10000,0.86000,0.91000,0.72667,0.91911,0.74001,0.98361,-0.18034
7,3001,human_stop_constraint_7_3001_0,human_stop_constraint,probe_04,1,0,human_stop,47,0.88475,1.01000,0,0.16000,0.27333,0.86000,0.83996,0.53978,0.65089,0.99318,-0.11657
7,3001,human_stop_constraint_7_3001_0,human_stop_constraint,probe_05,1,0,human_stop,27,0.49822,1.01000,0,0.07000,0.79971,0.93000,0.86015,0.39857,0.78271,0.99547,0.09510
7,3001,human_stop_constraint_7_3001_0,human_stop_constraint,probe_06,0,1,none,64,1.12763,0.00000,0,0.12000,0.14000,0.88000,0.16000,0.89994,0.17721,0.21484,0.97665
7,3002,human_stop_constraint_7_3002_0,human_stop_constraint,probe_00,1,0,human_stop,29,0.44103,1.01000,0,0.06734,0.71675,0.92209,0.84000,0.39618,0.77010,0.11400,-0.99348
7,3002,human_stop_constraint_7_3002_0,human_stop_constraint,probe_01,1,0,human_stop,30,0.48565,1.01000,0,0.07000,0.49350,0.93000,0.50325,0.41784,0.48942,0.98613,0.16597
7,3002,human_stop_constraint_7_3002_0,human_stop_constraint,probe_02,1,0,visible_collision,16,0.24677,1.00000,1,0.12000,0.14000,0.88000,0.27333,0.26311,0.22067,0.57293,0.81960
7,3002,human_stop_constraint_7_3002_0,human_stop_constraint,probe_03,1,0,human_stop,42,0.73689,1.01000,0,0.10000,0.86000,0.91000,0.16000,0.45511,0.51566,-0.39973,-0.91663
7,3002,human_stop_constraint_7_3002_0,human_stop_constraint,probe_04,1,0,human_stop,33,0.53385,1.01000,0,0.16000,0.72667,0.86000,0.18691,0.42103,0.47263,0.93812,-0.34630
7,3002,human_stop_constraint_7_3002_0,human_stop_constraint,probe_05,1,0,human_stop,32,0.54409,1.01000,0,0.07000,0.84282,0.93000,0.83859,0.44696,0.82871,0.57720,-0.81660
7,3002,human_stop_constraint_7_3002_0,human_stop_constraint,probe_06,1,0,visible_collision,13,0.23732,1.00000,1,0.12000,0.14000,0.88000,0.38667,0.23229,0.19655,0.42813,0.90372
7,3003,human_stop_constraint_7_3003_0,human_stop_constraint,probe_00,1,0,human_stop,44,0.79930,1.01000,0,0.08187,0.56191,0.92319,0.73215,0.58642,0.63238,0.82234,0.56900
7,3003,human_stop_constraint_7_3003_0,human_stop_constraint,probe_01,1,0,human_stop,29,0.49642,1.01000,0,0.07000,0.29568,0.93000,0.26216,0.42261,0.28092,0.81012,-0.58627
7,3003,human_stop_constraint_7_3003_0,human_stop_constraint,probe_02,1,0,human_stop,57,1.02080,1.01000,0,0.12000,0.14000,0.88000,0.72667,0.57827,0.61141,0.93240,0.36143
7,3003,human_stop_constraint_7_3003_0,human_stop_constraint,probe_03,1,0,human_stop,58,1.03272,1.01000,0,0.10000,0.86000,0.91000,0.38667,0.65776,0.53080,0.72340,0.69043
7,3003,human_stop_constraint_7_3003_0,human_stop_constraint,probe_04,1,0,human_stop,53,0.85860,1.01000,0,0.16000,0.16000,0.86000,0.83820,0.58987,0.60683,0.96464,0.26357
7,3003,human_stop_constraint_7_3003_0,human_stop_constraint,probe_05,1,0,human_stop,44,0.72757,1.01000,0,0.07000,0.58306,0.93000,0.62847,0.60464,0.57907,0.99698,-0.07772
7,3003,human_stop_constraint_7_3003_0,human_stop_constraint,probe_06,1,0,visible_collision,19,0.30653,1.00000,1,0.12000,0.14000,0.88000,0.50000,0.28176,0.26001,0.99854,-0.05405
7,3004,human_stop_constraint_7_3004_0,human_stop_constraint,probe_00,0,1,none,70,1.19964,0.00000,0,0.06845,0.18000,0.91333,0.16421,0.91161,0.16508,0.89423,0.44761
7,3004,human_stop_constraint_7_3004_0,human_stop_constraint,probe_01,0,1,none,73,1.30510,0.00000,0,0.07000,0.19183,0.93000,0.14409,0.94527,0.13713,0.77851,0.62763
7,3004,human_stop_constraint_7_3004_0,human_stop_constraint,probe_02,0,1,none,73,1.32649,0.00000,0,0.12000,0.14000,0.88000,0.38667,0.88854,0.39009,0.76274,0.64671
7,3004,human_stop_constraint_7_3004_0,human_stop_constraint,probe_03,0,1,none,70,1.38405,0.00000,0,0.10000,0.86000,0.91000,0.72667,0.90567,0.73648,0.69133,-0.72254
7,3004,human_stop_constraint_7_3004_0,human_stop_constraint,probe_04,1,0,human_stop,21,0.32495,1.01000,0,0.16000,0.50000,0.86000,0.46487,0.42089,0.49837,0.97246,0.23308
7,3004,human_stop_constraint_7_3004_0,human_stop_constraint,probe_05,1,0,human_stop,33,0.58063,1.01000,0,0.07000,0.59078,0.93000,0.62461,0.46162,0.60434,0.99397,-0.10969
7,3004,human_stop_constraint_7_3004_0,human_stop_constraint,probe_06,1,0,human_stop,35,0.67213,1.01000,0,0.12000,0.14000,0.88000,0.84000,0.43945,0.35861,0.60181,0.79864
7,3005,human_stop_constraint_7_3005_0,human_stop_constraint,probe_00,1,0,human_stop,42,0.82092,1.01000,0,0.07596,0.75326,0.92166,0.84000,0.61169,0.76575,0.98355,-0.18063
7,3005,human_stop_constraint_7_3005_0,human_stop_constraint,probe_01,0,1,none,71,1.27317,0.00000,0,0.07000,0.16266,0.93000,0.15867,0.94505,0.15229,0.91648,-0.40007
7,3005,human_stop_constraint_7_3005_0,human_stop_constraint,probe_02,1,0,visible_collision,17,0.26550,1.00000,1,0.12000,0.14000,0.88000,0.50000,0.27584,0.22178,0.99994,0.01092
7,3005,human_stop_constraint_7_3005_0,human_stop_constraint,probe_03,1,0,human_stop,43,0.78122,1.01000,0,0.10000,0.86000,0.91000,0.61333,0.59844,0.77058,0.99001,-0.14101
7,3005,human_stop_constraint_7_3005_0,human_stop_constraint,probe_04,1,0,human_stop,45,0.75149,1.01000,0,0.16000,0.27333,0.86000,0.67944,0.55716,0.56025,0.54847,0.83617
7,3005,human_stop_constraint_7_3005_0,human_stop_constraint,probe_05,0,1,none,73,1.32912,0.00000,0,0.07000,0.41081,0.93000,0.37459,0.93801,0.36039,0.84405,0.53627
7,3005,human_stop_constraint_7_3005_0,human_stop_constraint,probe_06,1,0,visible_collision,18,0.29374,1.00000,1,0.12000,0.14000,0.88000,0.84000,0.23368,0.29228,0.44468,0.89569
7,3006,human_stop_constraint_7_3006_0,human_stop_constraint,probe_00,0,1,none,71,1.19541,0.00000,0,0.07987,0.62774,0.92185,0.54837,0.91538,0.51762,0.18862,0.98205
7,3006,human_stop_constraint_7_3006_0,human_stop_constraint,probe_01,1,0,human_stop,27,0.52080,1.01000,0,0.07000,0.28592,0.93000,0.26704,0.37440,0.32959,0.60603,0.79544
7,3006,human_stop_constraint_7_3006_0,human_stop_constraint,probe_02,1,0,visible_collision,20,0.37876,1.00000,1,0.12000,0.14000,0.88000,0.50000,0.30378,0.19716,0.96978,-0.24397
7,3006,human_stop_constraint_7_3006_0,human_stop_constraint,probe_03,0,1,none,75,1.32122,0.00000,0,0.10000,0.86000,0.91000,0.61333,0.90111,0.60453,0.99775,-0.06697
7,3006,human_stop_constraint_7_3006_0,human_stop_constraint,probe_04,1,0,human_stop,24,0.37870,1.01000,0,0.16000,0.16000,0.86000,0.82746,0.32135,0.38483,0.57543,0.81785
7,3006,human_stop_constraint_7_3006_0,human_stop_constraint,probe_05,1,0,human_stop,21,0.33302,1.01000,0,0.07000,0.40296,0.93000,0.37852,0.32057,0.42130,0.75243,-0.65867
7,3006,human_stop_constraint_7_3006_0,human_stop_constraint,probe_06,1,0,human_stop,28,0.41368,1.01000,0,0.12000,0.14000,0.88000,0.84000,0.32707,0.37645,-0.08286,0.99656
7,3007,human_stop_constraint_7_3007_0,human_stop_constraint,probe_00,1,0,human_stop,48,0.93571,1.01000,0,0.08060,0.33725,0.92322,0.59385,0.61157,0.47473,0.62668,0.77927
7,3007,human_stop_constraint_7_3007_0,human_stop_constraint,probe_01,0,1,none,76,1.22105,0.00000,0,0.07000,0.75407,0.93000,0.88297,0.93856,0.89543,0.57385,-0.81896
7,3007,human_stop_constraint_7_3007_0,human_stop_constraint,probe_02,0,1,none,64,1.15481,0.00000,0,0.12000,0.14000,0.88000,0.16000,0.87722,0.15604,0.98475,0.17400
7,3007,human_stop_constraint_7_3007_0,human_stop_constraint,probe_03,1,0,human_stop,35,0.66574,1.01000,0,0.10000,0.86000,0.91000,0.50000,0.45790,0.69936,0.69757,-0.71652
7,3007,human_stop_constraint_7_3007_0,human_stop_constraint,probe_04,0,1,none,77,1.48770,0.00000,0,0.16000,0.72667,0.86000,0.24045,0.88666,0.23791,0.89182,0.45239
7,3007,human_stop_constraint_7_3007_0,human_stop_constraint,probe_05,0,1,none,73,1.28634,0.00000,0,0.07000,0.37701,0.93000,0.39149,0.92802,0.38165,0.91692,-0.39907
7,3007,human_stop_constraint_7_3007_0,human_stop_constraint,probe_06,1,0,visible_collision,18,0.32205,1.00000,1,0.12000,0.14000,0.88000,0.61333,0.26747,0.29379,0.52383,0.85182
7,3008,human_stop_constraint_7_3008_0,human_stop_constraint,probe_00,0,1,none,68,1.17989,0.00000,0,0.07807,0.21214,0.91381,0.18633,0.88591,0.17542,0.68370,-0.72976
7,3008,human_stop_constraint_7_3008_0,human_stop_constraint,probe_01,1,0,human_stop,31,0.57859,1.01000,0,0.07000,0.39132,0.93000,0.38434,0.43804,0.39562,0.98805,0.15414
7,3008,human_stop_constraint_7_3008_0,human_stop_constraint,probe_02,1,0,human_stop,43,0.67686,1.01000,0,0.12000,0.14000,0.88000,0.50000,0.54279,0.35683,-0.18517,0.98271
7,3008,human_stop_constraint_7_3008_0,human_stop_constraint,probe_03,0,1,none,70,1.23472,0.00000,0,0.10000,0.86000,0.91000,0.72667,0.90325,0.72068,-0.08123,-0.99670
7,3008,human_stop_constraint_7_3008_0,human_stop_constraint,probe_04,1,0,human_stop,30,0.50594,1.01000,0,0.16000,0.27333,0.86000,0.72330,0.41242,0.50318,0.64460,0.76452
7,3008,human_stop_constraint_7_3008_0,human_stop_constraint,probe_05,0,1,none,72,1.22945,0.00000,0,0.07000,0.82359,0.93000,0.84821,0.94597,0.83116,0.98237,0.18693
7,3008,human_stop_constraint_7_3008_0,human_stop_constraint,probe_06,1,0,human_stop,39,0.71895,1.01000,0,0.12000,0.14000,0.88000,0.61333,0.47678,0.37484,0.89831,0.43937
7,3009,human_stop_constraint_7_3009_0,human_stop_constraint,probe_00,0,1,none,75,1.38642,0.00000,0,0.08280,0.29641,0.90858,0.48290,0.89878,0.48164,0.99564,0.09326
7,3009,human_stop_constraint_7_3009_0,human_stop_constraint,probe_01,0,1,none,74,1.33577,0.00000,0,0.07000,0.33407,0.93000,0.41297,0.94176,0.40681,0.13252,0.99118
7,3009,human_stop_constraint_7_3009_0,human_stop_constraint,probe_02,1,0,visible_collision,18,0.31395,1.00000,1,0.12000,0.14000,0.88000,0.61333,0.27463,0.21974,0.96118,0.27593
7,3009,human_stop_constraint_7_3009_0,human_stop_constraint,probe_03,1,0,human_stop,36,0.63342,1.01000,0,0.10000,0.86000,0.91000,0.16000,0.40816,0.56763,0.94251,-0.33418
7,3009,human_stop_constraint_7_3009_0,human_stop_constraint,probe_04,1,0,human_stop,18,0.30182,1.01000,0,0.16000,0.50000,0.86000,0.52528,0.36812,0.52174,0.94989,-0.31258
7,3009,human_stop_constraint_7_3009_0,human_stop_constraint,probe_05,0,1,none,74,1.38061,0.00000,0,0.07000,0.74145,0.93000,0.71927,0.95050,0.71123,0.77093,0.63692
7,3009,human_stop_constraint_7_3009_0,human_stop_constraint,probe_06,1,0,visible_collision,19,0.36472,1.00000,1,0.12000,0.14000,0.88000,0.84000,0.24442,0.29554,-0.50482,0.86323
7,3010,human_stop_constraint_7_3010_0,human_stop_constraint,probe_00,0,1,none,72,1.32686,0.00000,0,0.07188,0.18000,0.91851,0.26080,0.91467,0.27122,0.53627,0.84405
7,3010,human_stop_constraint_7_3010_0,human_stop_constraint,probe_01,0,1,none,74,1.29732,0.00000,0,0.07000,0.20584,0.93000,0.13708,0.92949,0.13057,0.91992,0.39210
7,3010,human_stop_constraint_7_3010_0,human_stop_constraint,probe_02,0,1,none,73,1.24030,0.00000,0,0.12000,0.14000,0.88000,0.38667,0.88569,0.39232,0.41584,0.90944
7,3010,human_stop_constraint_7_3010_0,human_stop_constraint,probe_03,0,1,none,66,1.15525,0.00000,0,0.10000,0.86000,0.91000,0.84000,0.91223,0.83878,0.54385,-0.83918
7,3010,human_stop_constraint_7_3010_0,human_stop_constraint,probe_04,1,0,human_stop,36,0.67661,1.01000,0,0.16000,0.61333,0.86000,0.40825,0.57253,0.52959,0.40574,-0.91399
7,3010,human_stop_constraint_7_3010_0,human_stop_constraint,probe_05,1,0,human_stop,34,0.59729,1.01000,0,0.07000,0.68260,0.93000,0.74870,0.48336,0.69270,0.97323,0.22985
7,3010,human_stop_constraint_7_3010_0,human_stop_constraint,probe_06,1,0,human_stop,51,0.84682,1.01000,0,0.12000,0.14000,0.88000,0.50000,0.60244,0.38876,0.61798,0.78619
7,3011,human_stop_constraint_7_3011_0,human_stop_constraint,probe_00,1,0,human_stop,34,0.59237,1.01000,0,0.06597,0.64449,0.91302,0.56019,0.47085,0.64779,0.87397,0.48598
7,3011,human_stop_constraint_7_3011_0,human_stop_constraint,probe_01,0,1,none,75,1.30321,0.00000,0,0.07000,0.90000,0.93000,0.80993,0.94124,0.82518,0.71170,-0.70248
7,3011,human_stop_constraint_7_3011_0,human_stop_constraint,probe_02,1,0,visible_collision,13,0.26559,1.00000,1,0.12000,0.14000,0.88000,0.38667,0.23598,0.20199,0.82711,-0.56204
7,3011,human_stop_constraint_7_3011_0,human_stop_constraint,probe_03,0,1,none,89,1.64302,0.00000,0,0.10000,0.86000,0.91000,0.27333,0.91717,0.25760,0.99882,0.04858
7,3011,human_stop_constraint_7_3011_0,human_stop_constraint,probe_04,0,1,none,69,1.16787,0.00000,0,0.16000,0.61333,0.86000,0.31738,0.86583,0.32176,0.76349,-0.64581
7,3011,human_stop_constraint_7_3011_0,human_stop_constraint,probe_05,0,1,none,73,1.42331,0.00000,0,0.07000,0.54852,0.93000,0.47574,0.91910,0.49504,0.60332,0.79750
7,3011,human_stop_constraint_7_3011_0,human_stop_constraint,probe_06,1,0,human_stop,51,0.92988,1.01000,0,0.12000,0.14000,0.88000,0.72667,0.54608,0.56561,0.18662,0.98243
7,3012,human_stop_constraint_7_3012_0,human_stop_constraint,probe_00,0,1,none,71,1.18095,0.00000,0,0.07489,0.76406,0.91379,0.70315,0.90272,0.70619,0.81305,0.58219
7,3012,human_stop_constraint_7_3012_0,human_stop_constraint,probe_01,1,0,human_stop,35,0.51445,1.01000,0,0.07000,0.32118,0.93000,0.24941,0.46722,0.33443,0.97955,-0.20119
7,3012,human_stop_constraint_7_3012_0,human_stop_constraint,probe_02,0,1,none,73,1.29484,0.00000,0,0.12000,0.14000,0.88000,0.38667,0.89056,0.38501,0.09973,0.99501
7,3012,human_stop_constraint_7_3012_0,human_stop_constraint,probe_03,0,1,none,66,1.17145,0.00000,0,0.10000,0.86000,0.91000,0.84000,0.91408,0.84627,-0.40716,0.91336
7,3012,human_stop_constraint_7_3012_0,human_stop_constraint,probe_04,1,0,human_stop,31,0.57861,1.01000,0,0.16000,0.61333,0.86000,0.36219,0.49364,0.54645,0.99260,-0.12139
7,3012,human_stop_constraint_7_3012_0,human_stop_constraint,probe_05,1,0,human_stop,35,0.61880,1.01000,0,0.07000,0.45670,0.93000,0.52165,0.49925,0.45705,0.91410,0.40549
7,3012,human_stop_constraint_7_3012_0,human_stop_constraint,probe_06,0,1,none,64,1.17022,0.00000,0,0.12000,0.14000,0.88000,0.16000,0.89296,0.15771,0.20901,0.97791
7,3013,human_stop_constraint_7_3013_0,human_stop_constraint,probe_00,1,0,human_stop,27,0.44654,1.01000,0,0.07338,0.52781,0.92264,0.49271,0.39075,0.54536,0.79969,-0.60041
7,3013,human_stop_constraint_7_3013_0,human_stop_constraint,probe_01,0,1,none,74,1.27484,0.00000,0,0.07000,0.11057,0.93000,0.18472,0.91786,0.17663,0.94156,0.33685
7,3013,human_stop_constraint_7_3013_0,human_stop_constraint,probe_02,1,0,visible_collision,20,0.36935,1.00000,1,0.12000,0.14000,0.88000,0.72667,0.31279,0.20058,0.16484,0.98632
7,3013,human_stop_constraint_7_3013_0,human_stop_constraint,probe_03,1,0,human_stop,35,0.58976,1.01000,0,0.10000,0.86000,0.91000,0.27333,0.39257,0.56671,0.58848,-0.80851
7,3013,human_stop_constraint_7_3013_0,human_stop_constraint,probe_04,1,0,human_stop,22,0.33262,1.01000,0,0.16000,0.61333,0.86000,0.32953,0.38948,0.53678,0.94356,-0.33121
7,3013,human_stop_constraint_7_3013_0,human_stop_constraint,probe_05,0,1,none,74,1.34378,0.00000,0,0.07000,0.88804,0.93000,0.81598,0.93770,0.82621,0.39339,0.91937
7,3013,human_stop_constraint_7_3013_0,human_stop_constraint,probe_06,1,0,visible_collision,18,0.25498,1.00000,1,0.12000,0.14000,0.88000,0.50000,0.29395,0.19241,0.96156,0.27459
7,4000,combined_abort_stress_7_4000_0,combined_abort_stress,probe_00,1,0,collision_margin,38,0.77120,1.26521,1,0.06873,0.18000,0.90748,0.16000,0.52530,0.19106,0.96348,0.26779
7,4000,combined_abort_stress_7_4000_0,combined_abort_stress,probe_01,0,1,none,76,1.71218,0.00000,0,0.07000,0.49981,0.93000,0.60209,0.93960,0.62067,-0.50836,-0.86114
7,4000,combined_abort_stress_7_4000_0,combined_abort_stress,probe_02,0,1,none,83,1.75860,0.00000,0,0.12000,0.14000,0.88000,0.63600,0.89787,0.64389,-0.83821,0.54534
7,4000,combined_abort_stress_7_4000_0,combined_abort_stress,probe_03,1,0,human_stop,28,0.66046,0.94500,0,0.10000,0.86000,0.91000,0.43200,0.37110,0.68055,0.89096,-0.45409
7,4000,combined_abort_stress_7_4000_0,combined_abort_stress,probe_04,0,1,none,73,1.57203,0.00000,0,0.16000,0.70400,0.86000,0.31139,0.87616,0.30391,0.60424,-0.79680
7,4000,combined_abort_stress_7_4000_0,combined_abort_stress,probe_05,1,0,force_limit,31,0.61957,1.60510,1,0.07000,0.32067,0.93000,0.28367,0.44741,0.31985,0.87472,0.48462
7,4000,combined_abort_stress_7_4000_0,combined_abort_stress,probe_06,1,0,fixture_snag,54,1.08684,1.44154,1,0.12000,0.14000,0.88000,0.77200,0.55202,0.60022,0.17479,0.98461
7,4000,combined_abort_stress_7_4000_0,combined_abort_stress,probe_07,1,0,collision_margin,54,1.08357,0.99519,0,0.10000,0.86000,0.91000,0.16000,0.55391,0.42274,0.64677,-0.76268
7,4000,combined_abort_stress_7_4000_0,combined_abort_stress,probe_08,1,0,human_stop,26,0.52465,0.94500,0,0.16000,0.84000,0.86000,0.19680,0.38764,0.62042,0.53789,-0.84302
7,4000,combined_abort_stress_7_4000_0,combined_abort_stress,probe_09,0,1,none,72,1.56266,0.00000,0,0.07000,0.51156,0.93000,0.49422,0.93961,0.50149,-0.58194,-0.81323
7,4000,combined_abort_stress_7_4000_0,combined_abort_stress,probe_10,1,0,force_limit,36,0.76294,1.64238,1,0.12000,0.14000,0.88000,0.22800,0.49569,0.23265,0.95583,0.29394
7,4001,combined_abort_stress_7_4001_0,combined_abort_stress,probe_00,1,0,force_limit,41,0.87007,1.40499,1,0.07043,0.33826,0.91412,0.16877,0.55093,0.33285,0.37338,-0.92768
7,4001,combined_abort_stress_7_4001_0,combined_abort_stress,probe_01,1,0,collision_margin,35,0.75738,1.15905,1,0.07000,0.24555,0.93000,0.21922,0.44181,0.15677,0.92254,0.38591
7,4001,combined_abort_stress_7_4001_0,combined_abort_stress,probe_02,1,0,collision_margin,28,0.57220,1.39719,1,0.12000,0.14000,0.88000,0.29600,0.44457,0.18982,0.90750,-0.42004
7,4001,combined_abort_stress_7_4001_0,combined_abort_stress,probe_03,1,0,fixture_snag,26,0.64608,1.35697,1,0.10000,0.86000,0.91000,0.84000,0.45388,0.86867,0.71328,-0.70088
7,4001,combined_abort_stress_7_4001_0,combined_abort_stress,probe_04,1,0,fixture_snag,37,0.73715,1.90956,1,0.16000,0.16000,0.86000,0.86187,0.45166,0.47291,0.93360,0.35831
7,4001,combined_abort_stress_7_4001_0,combined_abort_stress,probe_05,1,0,fixture_snag,31,0.66363,1.00993,0,0.07000,0.38525,0.93000,0.35338,0.44862,0.38097,0.98753,0.15746
7,4001,combined_abort_stress_7_4001_0,combined_abort_stress,probe_06,1,0,visible_collision,17,0.39854,1.00000,1,0.12000,0.14000,0.88000,0.43200,0.28126,0.19523,0.63946,0.76882
7,4001,combined_abort_stress_7_4001_0,combined_abort_stress,probe_07,1,0,fixture_snag,32,0.63889,1.09098,0,0.10000,0.86000,0.91000,0.50000,0.43968,0.74467,0.99061,-0.13669
7,4001,combined_abort_stress_7_4001_0,combined_abort_stress,probe_08,1,0,fixture_snag,25,0.48577,1.43292,1,0.16000,0.63600,0.86000,0.37550,0.44116,0.56527,0.99963,-0.02732
7,4001,combined_abort_stress_7_4001_0,combined_abort_stress,probe_09,1,0,fixture_snag,34,0.74011,1.16759,1,0.07000,0.67204,0.93000,0.71998,0.44037,0.71170,0.69486,0.71915
7,4001,combined_abort_stress_7_4001_0,combined_abort_stress,probe_10,1,0,unstable_slip,68,1.49655,1.64743,1,0.12000,0.14000,0.88000,0.56800,0.76311,0.48711,0.64941,0.76044
7,4002,combined_abort_stress_7_4002_0,combined_abort_stress,probe_00,1,0,fixture_snag,39,0.89145,1.24548,1,0.06545,0.60705,0.91768,0.78685,0.49038,0.69806,0.99793,0.06428
7,4002,combined_abort_stress_7_4002_0,combined_abort_stress,probe_01,1,0,collision_margin,34,0.82878,1.09746,0,0.07000,0.17248,0.93000,0.15376,0.48125,0.14494,0.55622,-0.83104
7,4002,combined_abort_stress_7_4002_0,combined_abort_stress,probe_02,1,0,fixture_snag,47,0.95784,1.01208,0,0.12000,0.14000,0.88000,0.84000,0.48286,0.52394,0.87860,-0.47756
7,4002,combined_abort_stress_7_4002_0,combined_abort_stress,probe_03,1,0,fixture_snag,42,0.94720,1.55950,1,0.10000,0.86000,0.91000,0.36400,0.49954,0.56954,0.87728,0.47999
7,4002,combined_abort_stress_7_4002_0,combined_abort_stress,probe_04,1,0,human_stop,35,0.79750,0.94500,0,0.16000,0.70400,0.86000,0.24718,0.45697,0.41816,0.80386,-0.59482
7,4002,combined_abort_stress_7_4002_0,combined_abort_stress,probe_05,1,0,fixture_snag,37,0.79796,1.14154,0,0.07000,0.81168,0.93000,0.75216,0.48731,0.72715,0.98884,-0.14899
7,4002,combined_abort_stress_7_4002_0,combined_abort_stress,probe_06,1,0,collision_margin,33,0.67613,1.41288,1,0.12000,0.14000,0.88000,0.43200,0.48125,0.24197,0.99961,-0.02798
7,4002,combined_abort_stress_7_4002_0,combined_abort_stress,probe_07,1,0,fixture_snag,37,0.93274,1.35792,1,0.10000,0.86000,0.91000,0.50000,0.49380,0.70528,0.99988,0.01529
7,4002,combined_abort_stress_7_4002_0,combined_abort_stress,probe_08,1,0,fixture_snag,30,0.66726,1.14698,0,0.16000,0.63600,0.86000,0.38509,0.48702,0.55090,0.89775,0.44051
7,4002,combined_abort_stress_7_4002_0,combined_abort_stress,probe_09,1,0,human_stop,38,0.83560,0.94500,0,0.07000,0.37358,0.93000,0.25721,0.52054,0.37496,0.65208,0.75815
7,4002,combined_abort_stress_7_4002_0,combined_abort_stress,probe_10,1,0,collision_margin,31,0.64500,1.72582,1,0.12000,0.14000,0.88000,0.22800,0.51168,0.14066,0.83682,0.54748
7,4003,combined_abort_stress_7_4003_0,combined_abort_stress,probe_00,1,0,human_stop,22,0.51538,0.94500,0,0.08283,0.56108,0.92209,0.62873,0.37006,0.58176,0.49527,-0.86874
7,4003,combined_abort_stress_7_4003_0,combined_abort_stress,probe_01,1,0,human_stop,25,0.48292,0.94500,0,0.07000,0.55355,0.93000,0.47323,0.37145,0.56968,0.97453,-0.22427
7,4003,combined_abort_stress_7_4003_0,combined_abort_stress,probe_02,1,0,fixture_snag,38,0.80918,1.06512,0,0.12000,0.14000,0.88000,0.56800,0.45549,0.37803,0.90432,0.42685
7,4003,combined_abort_stress_7_4003_0,combined_abort_stress,probe_03,1,0,fixture_snag,24,0.51549,1.54015,1,0.10000,0.86000,0.91000,0.77200,0.41912,0.88111,0.98602,-0.16663
7,4003,combined_abort_stress_7_4003_0,combined_abort_stress,probe_04,1,0,human_stop,28,0.53914,0.94500,0,0.16000,0.22800,0.86000,0.72556,0.40223,0.47749,0.79709,0.60385
7,4003,combined_abort_stress_7_4003_0,combined_abort_stress,probe_05,1,0,collision_margin,30,0.75387,1.25101,1,0.07000,0.29675,0.93000,0.29562,0.40974,0.27509,0.92776,-0.37317
7,4003,combined_abort_stress_7_4003_0,combined_abort_stress,probe_06,1,0,visible_collision,17,0.31301,1.00000,1,0.12000,0.14000,0.88000,0.36400,0.25713,0.25894,0.99552,-0.09456
7,4003,combined_abort_stress_7_4003_0,combined_abort_stress,probe_07,1,0,fixture_snag,23,0.49744,1.09831,0,0.10000,0.86000,0.91000,0.84000,0.40712,0.85598,0.90028,0.43531
7,4003,combined_abort_stress_7_4003_0,combined_abort_stress,probe_08,1,0,human_stop,23,0.50577,0.94500,0,0.16000,0.70400,0.86000,0.28441,0.34572,0.52524,0.92546,-0.37884
7,4003,combined_abort_stress_7_4003_0,combined_abort_stress,probe_09,1,0,fixture_snag,32,0.72054,1.61993,1,0.07000,0.42167,0.93000,0.43716,0.44728,0.41228,0.98606,-0.16642
7,4003,combined_abort_stress_7_4003_0,combined_abort_stress,probe_10,1,0,fixture_snag,38,0.74682,1.09317,0,0.12000,0.14000,0.88000,0.63600,0.43082,0.42135,0.09030,0.99591
7,4004,combined_abort_stress_7_4004_0,combined_abort_stress,probe_00,1,0,fixture_snag,33,0.75436,1.01072,0,0.06663,0.56502,0.92007,0.69833,0.45936,0.60043,0.78915,-0.61420
7,4004,combined_abort_stress_7_4004_0,combined_abort_stress,probe_01,1,0,force_limit,36,0.79511,1.84272,1,0.07000,0.52916,0.93000,0.48542,0.51407,0.54986,0.99959,-0.02857
7,4004,combined_abort_stress_7_4004_0,combined_abort_stress,probe_02,1,0,visible_collision,22,0.43116,1.00000,1,0.12000,0.14000,0.88000,0.56800,0.30342,0.24806,0.57684,0.81686
7,4004,combined_abort_stress_7_4004_0,combined_abort_stress,probe_03,1,0,force_limit,42,0.91371,1.26362,1,0.10000,0.86000,0.91000,0.22800,0.47274,0.50833,0.22037,-0.97542
7,4004,combined_abort_stress_7_4004_0,combined_abort_stress,probe_04,1,0,visible_collision,17,0.34461,1.00000,1,0.16000,0.16000,0.86000,0.82110,0.31024,0.25860,0.78048,0.62519
7,4004,combined_abort_stress_7_4004_0,combined_abort_stress,probe_05,1,0,human_stop,24,0.51078,0.94500,0,0.07000,0.46165,0.93000,0.41718,0.35873,0.45293,0.66113,0.75027
7,4004,combined_abort_stress_7_4004_0,combined_abort_stress,probe_06,1,0,human_stop,33,0.66430,0.94500,0,0.12000,0.14000,0.88000,0.70400,0.40666,0.34302,0.80041,0.59945
7,4004,combined_abort_stress_7_4004_0,combined_abort_stress,probe_07,1,0,fixture_snag,27,0.52470,1.07358,0,0.10000,0.86000,0.91000,0.77200,0.43345,0.86594,0.99930,0.03752
7,4004,combined_abort_stress_7_4004_0,combined_abort_stress,probe_08,1,0,human_stop,20,0.36650,0.94500,0,0.16000,0.29600,0.86000,0.67061,0.33947,0.40779,0.98335,-0.18170
7,4004,combined_abort_stress_7_4004_0,combined_abort_stress,probe_09,1,0,fixture_snag,32,0.69472,1.69076,1,0.07000,0.87976,0.93000,0.82012,0.45138,0.90689,0.93142,0.36394
7,4004,combined_abort_stress_7_4004_0,combined_abort_stress,probe_10,1,0,visible_collision,22,0.44903,1.00000,1,0.12000,0.14000,0.88000,0.63600,0.30217,0.25533,0.77227,0.63530
7,4005,combined_abort_stress_7_4005_0,combined_abort_stress,probe_00,1,0,force_limit,29,0.61188,1.63977,1,0.06733,0.73708,0.92285,0.74941,0.41803,0.74439,0.91878,-0.39477
7,4005,combined_abort_stress_7_4005_0,combined_abort_stress,probe_01,1,0,visible_collision,21,0.40454,1.00000,1,0.07000,0.10000,0.93000,0.19204,0.31229,0.13676,0.99388,0.11043
7,4005,combined_abort_stress_7_4005_0,combined_abort_stress,probe_02,1,0,collision_margin,45,1.04412,1.02629,0,0.12000,0.14000,0.88000,0.77200,0.48958,0.50443,0.07059,0.99751
7,4005,combined_abort_stress_7_4005_0,combined_abort_stress,probe_03,1,0,force_limit,32,0.72551,1.61910,1,0.10000,0.86000,0.91000,0.56800,0.46089,0.76995,0.84063,-0.54161
7,4005,combined_abort_stress_7_4005_0,combined_abort_stress,probe_04,1,0,collision_margin,31,0.67212,1.85061,1,0.16000,0.36400,0.86000,0.58937,0.51165,0.43700,0.60018,-0.79987
7,4005,combined_abort_stress_7_4005_0,combined_abort_stress,probe_05,1,0,force_limit,33,0.79433,1.50908,1,0.07000,0.64385,0.93000,0.63207,0.46397,0.65945,0.78348,0.62142
7,4005,combined_abort_stress_7_4005_0,combined_abort_stress,probe_06,1,0,visible_collision,12,0.23925,1.00000,1,0.12000,0.14000,0.88000,0.22800,0.25116,0.21395,0.76212,0.64743
7,4005,combined_abort_stress_7_4005_0,combined_abort_stress,probe_07,1,0,force_limit,28,0.70504,1.28785,1,0.10000,0.86000,0.91000,0.50000,0.41644,0.73506,0.01447,-0.99990
7,4005,combined_abort_stress_7_4005_0,combined_abort_stress,probe_08,1,0,human_stop,37,0.79834,0.94500,0,0.16000,0.70400,0.86000,0.20006,0.47441,0.40050,-0.10625,-0.99434
7,4005,combined_abort_stress_7_4005_0,combined_abort_stress,probe_09,1,0,collision_margin,36,0.65788,1.00483,0,0.07000,0.40607,0.93000,0.44496,0.48405,0.40022,0.99996,-0.00890
7,4005,combined_abort_stress_7_4005_0,combined_abort_stress,probe_10,1,0,collision_margin,48,1.03486,1.02948,0,0.12000,0.14000,0.88000,0.84000,0.49046,0.52118,0.89846,0.43905
7,4006,combined_abort_stress_7_4006_0,combined_abort_stress,probe_00,1,0,collision_margin,36,0.87373,0.99863,0,0.07483,0.57814,0.92110,0.56094,0.50057,0.57573,0.90292,-0.42980
7,4006,combined_abort_stress_7_4006_0,combined_abort_stress,probe_01,1,0,collision_margin,37,0.75129,1.03768,0,0.07000,0.56269,0.93000,0.57066,0.50198,0.56382,0.99650,0.08356
7,4006,combined_abort_stress_7_4006_0,combined_abort_stress,probe_02,1,0,collision_margin,39,0.75686,1.87488,1,0.12000,0.14000,0.88000,0.29600,0.53323,0.25145,0.96140,-0.27517
7,4006,combined_abort_stress_7_4006_0,combined_abort_stress,probe_03,1,0,fixture_snag,35,0.69425,1.74078,1,0.10000,0.86000,0.91000,0.84000,0.53744,0.86029,0.91720,-0.39842
7,4006,combined_abort_stress_7_4006_0,combined_abort_stress,probe_04,1,0,collision_margin,32,0.67355,1.17101,1,0.16000,0.36400,0.86000,0.61643,0.50791,0.46139,0.30226,0.95323
7,4006,combined_abort_stress_7_4006_0,combined_abort_stress,probe_05,1,0,visible_collision,19,0.37198,1.00000,1,0.07000,0.21869,0.93000,0.13065,0.25519,0.14330,0.65814,0.75290
7,4006,combined_abort_stress_7_4006_0,combined_abort_stress,probe_06,1,0,visible_collision,16,0.39310,1.00000,1,0.12000,0.14000,0.88000,0.43200,0.27037,0.23569,0.70816,-0.70605
7,4006,combined_abort_stress_7_4006_0,combined_abort_stress,probe_07,1,0,fixture_snag,35,0.83360,1.15975,1,0.10000,0.86000,0.91000,0.70400,0.51522,0.78390,0.81622,-0.57774
7,4006,combined_abort_stress_7_4006_0,combined_abort_stress,probe_08,1,0,collision_margin,32,0.67194,1.09841,0,0.16000,0.63600,0.86000,0.35300,0.50489,0.50576,0.50658,-0.86220
7,4006,combined_abort_stress_7_4006_0,combined_abort_stress,probe_09,1,0,visible_collision,49,1.13438,1.00000,1,0.07000,0.76870,0.93000,0.77365,0.67525,0.76476,0.95196,0.30621
7,4006,combined_abort_stress_7_4006_0,combined_abort_stress,probe_10,1,0,visible_collision,18,0.43621,1.00000,1,0.12000,0.14000,0.88000,0.50000,0.28652,0.22866,0.99986,-0.01698
7,4007,combined_abort_stress_7_4007_0,combined_abort_stress,probe_00,1,0,collision_margin,36,0.81555,1.73413,1,0.07695,0.55164,0.91072,0.45301,0.50651,0.48898,0.89758,-0.44084
7,4007,combined_abort_stress_7_4007_0,combined_abort_stress,probe_01,1,0,visible_collision,19,0.42651,1.00000,1,0.07000,0.18626,0.93000,0.14687,0.28865,0.17071,0.99854,0.05404
7,4007,combined_abort_stress_7_4007_0,combined_abort_stress,probe_02,1,0,collision_margin,29,0.58518,1.44441,1,0.12000,0.14000,0.88000,0.29600,0.47654,0.11513,0.54809,0.83642
7,4007,combined_abort_stress_7_4007_0,combined_abort_stress,probe_03,1,0,fixture_snag,29,0.63001,1.17184,1,0.10000,0.86000,0.91000,0.63600,0.46387,0.79904,0.58088,-0.81399
7,4007,combined_abort_stress_7_4007_0,combined_abort_stress,probe_04,1,0,collision_margin,41,0.82328,1.04348,0,0.16000,0.84000,0.86000,0.17556,0.50228,0.51856,0.86596,-0.50011
7,4007,combined_abort_stress_7_4007_0,combined_abort_stress,probe_05,1,0,unstable_slip,21,0.48228,1.01132,0,0.07000,0.26379,0.93000,0.21011,0.31305,0.29731,0.99906,0.04327
7,4007,combined_abort_stress_7_4007_0,combined_abort_stress,probe_06,1,0,visible_collision,17,0.30559,1.00000,1,0.12000,0.14000,0.88000,0.36400,0.25003,0.25797,0.69194,0.72196
7,4007,combined_abort_stress_7_4007_0,combined_abort_stress,probe_07,1,0,fixture_snag,30,0.77428,1.05756,0,0.10000,0.86000,0.91000,0.70400,0.46090,0.82388,0.98933,-0.14567
7,4007,combined_abort_stress_7_4007_0,combined_abort_stress,probe_08,1,0,force_limit,25,0.62201,1.31029,1,0.16000,0.43200,0.86000,0.57446,0.45122,0.45956,0.76085,-0.64892
7,4007,combined_abort_stress_7_4007_0,combined_abort_stress,probe_09,1,0,fixture_snag,33,0.74001,0.96536,0,0.07000,0.76400,0.93000,0.77600,0.45681,0.75807,0.76364,-0.64564
7,4007,combined_abort_stress_7_4007_0,combined_abort_stress,probe_10,1,0,visible_collision,17,0.39220,1.00000,1,0.12000,0.14000,0.88000,0.50000,0.25173,0.25865,0.58046,0.81429
7,4008,combined_abort_stress_7_4008_0,combined_abort_stress,probe_00,1,0,visible_collision,55,1.30480,1.00000,1,0.06994,0.68663,0.91475,0.73222,0.71207,0.65304,0.37444,0.92725
7,4008,combined_abort_stress_7_4008_0,combined_abort_stress,probe_01,1,0,fixture_snag,35,0.72419,1.23593,1,0.07000,0.81301,0.93000,0.85349,0.48331,0.81396,0.98731,-0.15881
7,4008,combined_abort_stress_7_4008_0,combined_abort_stress,probe_02,1,0,collision_margin,33,0.72537,1.44260,1,0.12000,0.14000,0.88000,0.36400,0.49493,0.19020,0.74846,0.66318
7,4008,combined_abort_stress_7_4008_0,combined_abort_stress,probe_03,1,0,fixture_snag,34,0.79692,1.67802,1,0.10000,0.86000,0.91000,0.63600,0.49619,0.79139,0.95235,0.30502
7,4008,combined_abort_stress_7_4008_0,combined_abort_stress,probe_04,1,0,visible_collision,19,0.40283,1.00000,1,0.16000,0.16000,0.86000,0.88000,0.24162,0.35266,0.66144,0.75000
7,4008,combined_abort_stress_7_4008_0,combined_abort_stress,probe_05,1,0,collision_margin,33,0.64971,1.21173,1,0.07000,0.53877,0.93000,0.48061,0.48077,0.53644,0.99283,-0.11951
7,4008,combined_abort_stress_7_4008_0,combined_abort_stress,probe_06,1,0,collision_margin,32,0.75749,1.36339,1,0.12000,0.14000,0.88000,0.22800,0.49227,0.20161,0.82617,0.56342
7,4008,combined_abort_stress_7_4008_0,combined_abort_stress,probe_07,1,0,collision_margin,40,0.82188,1.81646,1,0.10000,0.86000,0.91000,0.43200,0.50225,0.63960,0.88632,-0.46307
7,4008,combined_abort_stress_7_4008_0,combined_abort_stress,probe_08,1,0,collision_margin,34,0.71156,0.99096,0,0.16000,0.70400,0.86000,0.33758,0.47473,0.50168,0.92680,-0.37555
7,4008,combined_abort_stress_7_4008_0,combined_abort_stress,probe_09,1,0,visible_collision,20,0.44685,1.00000,1,0.07000,0.36194,0.93000,0.26303,0.26353,0.27715,0.95276,0.30372
7,4008,combined_abort_stress_7_4008_0,combined_abort_stress,probe_10,1,0,visible_collision,24,0.45977,1.00000,1,0.12000,0.14000,0.88000,0.77200,0.31905,0.28813,0.93778,0.34722
7,4009,combined_abort_stress_7_4009_0,combined_abort_stress,probe_00,1,0,collision_margin,28,0.51945,1.70910,1,0.07022,0.42760,0.92097,0.30331,0.39693,0.38171,0.90734,-0.42040
7,4009,combined_abort_stress_7_4009_0,combined_abort_stress,probe_01,1,0,collision_margin,30,0.67632,1.33891,1,0.07000,0.32205,0.93000,0.28298,0.39510,0.23002,0.90386,-0.42783
7,4009,combined_abort_stress_7_4009_0,combined_abort_stress,probe_02,1,0,collision_margin,26,0.58372,1.42881,1,0.12000,0.14000,0.88000,0.43200,0.39921,0.20850,0.93692,-0.34956
7,4009,combined_abort_stress_7_4009_0,combined_abort_stress,probe_03,1,0,collision_margin,30,0.61787,1.13057,0,0.10000,0.86000,0.91000,0.22800,0.36433,0.61915,0.76746,-0.64110
7,4009,combined_abort_stress_7_4009_0,combined_abort_stress,probe_04,1,0,collision_margin,18,0.40452,1.14036,0,0.16000,0.56800,0.86000,0.45188,0.37094,0.51844,0.95265,-0.30407
7,4009,combined_abort_stress_7_4009_0,combined_abort_stress,probe_05,1,0,collision_margin,26,0.47096,1.00777,0,0.07000,0.66088,0.93000,0.62356,0.37261,0.65714,0.70753,-0.70668
7,4009,combined_abort_stress_7_4009_0,combined_abort_stress,probe_06,1,0,collision_margin,24,0.55232,1.07909,0,0.12000,0.14000,0.88000,0.36400,0.39005,0.18366,0.45878,-0.88855
7,4009,combined_abort_stress_7_4009_0,combined_abort_stress,probe_07,1,0,fixture_snag,24,0.54197,1.67006,1,0.10000,0.86000,0.91000,0.84000,0.38998,0.83928,0.74348,-0.66875
7,4009,combined_abort_stress_7_4009_0,combined_abort_stress,probe_08,1,0,collision_margin,24,0.64742,1.01999,0,0.16000,0.16000,0.86000,0.87774,0.37988,0.31702,0.95824,0.28597
7,4009,combined_abort_stress_7_4009_0,combined_abort_stress,probe_09,0,1,none,76,1.61488,0.00000,0,0.07000,0.75015,0.93000,0.78293,0.93822,0.79311,-0.22577,0.97418
7,4009,combined_abort_stress_7_4009_0,combined_abort_stress,probe_10,1,0,collision_margin,30,0.67381,1.21989,1,0.12000,0.14000,0.88000,0.70400,0.38620,0.31386,0.89488,0.44631
7,4010,combined_abort_stress_7_4010_0,combined_abort_stress,probe_00,1,0,human_stop,26,0.53817,0.94500,0,0.07536,0.38644,0.91728,0.38351,0.40035,0.40040,0.87190,-0.48968
7,4010,combined_abort_stress_7_4010_0,combined_abort_stress,probe_01,1,0,fixture_snag,34,0.75888,1.32855,1,0.07000,0.75770,0.93000,0.67715,0.47958,0.76913,0.99546,-0.09523
7,4010,combined_abort_stress_7_4010_0,combined_abort_stress,probe_02,1,0,visible_collision,21,0.46967,1.00000,1,0.12000,0.14000,0.88000,0.77200,0.31109,0.21541,0.97335,-0.22931
7,4010,combined_abort_stress_7_4010_0,combined_abort_stress,probe_03,1,0,fixture_snag,34,0.69663,0.96522,0,0.10000,0.86000,0.91000,0.56800,0.46910,0.76106,0.99965,-0.02659
7,4010,combined_abort_stress_7_4010_0,combined_abort_stress,probe_04,1,0,human_stop,21,0.37597,0.94500,0,0.16000,0.43200,0.86000,0.62825,0.39927,0.47730,0.98935,0.14555
7,4010,combined_abort_stress_7_4010_0,combined_abort_stress,probe_05,1,0,fixture_snag,35,0.81755,1.67883,1,0.07000,0.68454,0.93000,0.61173,0.49498,0.69725,0.92324,0.38422
7,4010,combined_abort_stress_7_4010_0,combined_abort_stress,probe_06,1,0,collision_margin,29,0.73649,1.46614,1,0.12000,0.14000,0.88000,0.16000,0.47412,0.14401,0.99703,-0.07705
7,4010,combined_abort_stress_7_4010_0,combined_abort_stress,probe_07,1,0,force_limit,59,1.25479,1.52006,1,0.10000,0.86000,0.91000,0.36400,0.64916,0.48655,0.81241,-0.58308
7,4010,combined_abort_stress_7_4010_0,combined_abort_stress,probe_08,1,0,human_stop,22,0.49062,0.94500,0,0.16000,0.50000,0.86000,0.55578,0.41896,0.50684,0.79435,-0.60746
7,4010,combined_abort_stress_7_4010_0,combined_abort_stress,probe_09,1,0,fixture_snag,33,0.62641,1.07191,0,0.07000,0.83191,0.93000,0.84405,0.46706,0.84036,0.89632,0.44342
7,4010,combined_abort_stress_7_4010_0,combined_abort_stress,probe_10,1,0,collision_margin,31,0.63221,1.44359,1,0.12000,0.14000,0.88000,0.29600,0.47377,0.17648,0.99986,-0.01690
7,4011,combined_abort_stress_7_4011_0,combined_abort_stress,probe_00,1,0,collision_margin,40,0.84426,1.41231,1,0.07163,0.18000,0.92015,0.20238,0.57146,0.16807,0.99586,-0.09087
7,4011,combined_abort_stress_7_4011_0,combined_abort_stress,probe_01,1,0,human_stop,35,0.81045,0.94500,0,0.07000,0.30980,0.93000,0.28910,0.49579,0.34100,0.99885,0.04801
7,4011,combined_abort_stress_7_4011_0,combined_abort_stress,probe_02,1,0,collision_margin,37,0.86312,1.17614,1,0.12000,0.14000,0.88000,0.36400,0.53417,0.19200,0.97245,-0.23311
7,4011,combined_abort_stress_7_4011_0,combined_abort_stress,probe_03,1,0,force_limit,29,0.61075,1.55619,1,0.10000,0.86000,0.91000,0.56800,0.40925,0.77777,0.97602,-0.21766
7,4011,combined_abort_stress_7_4011_0,combined_abort_stress,probe_04,1,0,collision_margin,36,0.77402,1.82976,1,0.16000,0.63600,0.86000,0.36129,0.55102,0.49671,0.76620,-0.64260
7,4011,combined_abort_stress_7_4011_0,combined_abort_stress,probe_05,1,0,collision_margin,37,0.76363,1.38375,1,0.07000,0.48386,0.93000,0.50807,0.53744,0.49226,0.97844,-0.20651
7,4011,combined_abort_stress_7_4011_0,combined_abort_stress,probe_06,1,0,collision_margin,54,1.14301,0.95185,0,0.12000,0.14000,0.88000,0.84000,0.52469,0.59088,0.88164,0.47193
7,4011,combined_abort_stress_7_4011_0,combined_abort_stress,probe_07,1,0,fixture_snag,33,0.65563,1.00362,0,0.10000,0.86000,0.91000,0.77200,0.51718,0.82708,0.70938,0.70483
7,4011,combined_abort_stress_7_4011_0,combined_abort_stress,probe_08,1,0,collision_margin,46,1.06840,1.19737,1,0.16000,0.22800,0.86000,0.82977,0.54718,0.60293,0.99791,-0.06458
7,4011,combined_abort_stress_7_4011_0,combined_abort_stress,probe_09,1,0,human_stop,35,0.83293,0.94500,0,0.07000,0.44726,0.93000,0.42437,0.47861,0.42179,0.88608,-0.46354
7,4011,combined_abort_stress_7_4011_0,combined_abort_stress,probe_10,1,0,collision_margin,33,0.61396,1.02566,0,0.12000,0.14000,0.88000,0.16000,0.53019,0.13186,-0.98811,0.15374
7,4012,combined_abort_stress_7_4012_0,combined_abort_stress,probe_00,1,0,fixture_snag,39,0.88836,1.43275,1,0.07591,0.69130,0.92136,0.84000,0.53740,0.74522,0.98185,-0.18963
7,4012,combined_abort_stress_7_4012_0,combined_abort_stress,probe_01,1,0,fixture_snag,38,0.74964,1.03477,0,0.07000,0.67563,0.93000,0.61618,0.52532,0.70483,0.36322,-0.93171
7,4012,combined_abort_stress_7_4012_0,combined_abort_stress,probe_02,1,0,visible_collision,14,0.26583,1.00000,1,0.12000,0.14000,0.88000,0.22800,0.26093,0.15742,0.57604,-0.81742
7,4012,combined_abort_stress_7_4012_0,combined_abort_stress,probe_03,1,0,fixture_snag,39,0.83516,1.18413,1,0.10000,0.86000,0.91000,0.56800,0.52985,0.72396,0.99929,-0.03760
7,4012,combined_abort_stress_7_4012_0,combined_abort_stress,probe_04,1,0,unstable_slip,45,0.81292,1.18902,1,0.16000,0.29600,0.86000,0.67035,0.58833,0.52621,0.96500,-0.26224
7,4012,combined_abort_stress_7_4012_0,combined_abort_stress,probe_05,1,0,collision_margin,39,0.76879,1.40312,1,0.07000,0.37486,0.93000,0.35857,0.55349,0.34224,0.94869,0.31621
7,4012,combined_abort_stress_7_4012_0,combined_abort_stress,probe_06,1,0,fixture_snag,53,1.11108,1.38363,1,0.12000,0.14000,0.88000,0.84000,0.55447,0.58504,0.77773,0.62860
7,4012,combined_abort_stress_7_4012_0,combined_abort_stress,probe_07,1,0,fixture_snag,43,1.00418,1.20023,1,0.10000,0.86000,0.91000,0.43200,0.53084,0.59588,0.48955,-0.87198
7,4012,combined_abort_stress_7_4012_0,combined_abort_stress,probe_08,1,0,collision_margin,46,0.85750,1.55750,1,0.16000,0.70400,0.86000,0.22949,0.55993,0.36868,0.99978,-0.02113
7,4012,combined_abort_stress_7_4012_0,combined_abort_stress,probe_09,1,0,visible_collision,16,0.40239,1.00000,1,0.07000,0.17110,0.93000,0.15445,0.26946,0.17543,0.98250,-0.18629
7,4012,combined_abort_stress_7_4012_0,combined_abort_stress,probe_10,1,0,visible_collision,19,0.42392,1.00000,1,0.12000,0.14000,0.88000,0.50000,0.27286,0.24736,0.41636,-0.90920
7,4013,combined_abort_stress_7_4013_0,combined_abort_stress,probe_00,1,0,fixture_snag,33,0.73523,1.56799,1,0.06969,0.82000,0.90957,0.76660,0.47843,0.83407,0.90894,-0.41693
7,4013,combined_abort_stress_7_4013_0,combined_abort_stress,probe_01,1,0,force_limit,27,0.57077,1.76675,1,0.07000,0.15269,0.93000,0.16366,0.38296,0.18316,0.98570,-0.16850
7,4013,combined_abort_stress_7_4013_0,combined_abort_stress,probe_02,1,0,force_limit,24,0.54163,1.67422,1,0.12000,0.14000,0.88000,0.43200,0.35437,0.20414,-0.44609,0.89499
7,4013,combined_abort_stress_7_4013_0,combined_abort_stress,probe_03,1,0,human_stop,34,0.69979,0.94500,0,0.10000,0.86000,0.91000,0.36400,0.40230,0.60409,0.37596,-0.92664
7,4013,combined_abort_stress_7_4013_0,combined_abort_stress,probe_04,1,0,human_stop,29,0.71687,0.94500,0,0.16000,0.84000,0.86000,0.19120,0.39774,0.60795,0.89780,-0.44040
7,4013,combined_abort_stress_7_4013_0,combined_abort_stress,probe_05,1,0,collision_margin,32,0.66146,1.12371,0,0.07000,0.33257,0.93000,0.27771,0.45740,0.36143,0.73080,-0.68259
7,4013,combined_abort_stress_7_4013_0,combined_abort_stress,probe_06,1,0,visible_collision,19,0.34395,1.00000,1,0.12000,0.14000,0.88000,0.70400,0.30160,0.19571,0.84083,-0.54130
7,4013,combined_abort_stress_7_4013_0,combined_abort_stress,probe_07,1,0,fixture_snag,31,0.66043,1.88485,1,0.10000,0.86000,0.91000,0.63600,0.48861,0.81821,0.98928,-0.14605
7,4013,combined_abort_stress_7_4013_0,combined_abort_stress,probe_08,1,0,human_stop,25,0.53867,0.94500,0,0.16000,0.56800,0.86000,0.46816,0.42181,0.52553,0.40879,0.91263
7,4013,combined_abort_stress_7_4013_0,combined_abort_stress,probe_09,1,0,human_stop,29,0.53979,0.94500,0,0.07000,0.50648,0.93000,0.49676,0.42669,0.52084,0.75041,-0.66097
7,4013,combined_abort_stress_7_4013_0,combined_abort_stress,probe_10,1,0,visible_collision,21,0.48423,1.00000,1,0.12000,0.14000,0.88000,0.77200,0.31831,0.20861,-0.44701,0.89453
