seed,scenario,layout_id,split,method,stress_level,risk_budget,success,aborted,repeated_abort,violation,attempts,abstained,path_length,straight_line,path_efficiency,completion_time,safety_margin,boundary_f1,boundary_iou,calibration_brier,calibration_ece,chosen_path_risk,discovered_area,evidence_aborts,evidence_successes,final_abort_reason,trajectory
0,11080,combined_abort_stress_0_11080_0,combined_abort_stress,constraint_classifier,0.55,0.08,1,1,1,1,3,0,5.52945,0.82617,0.14941,6.08945,-0.01610,0.43034,0.27417,0.16215,0.18981,0.23626,0.30500,11,0,none,a0:collision_margin:35;a1:unstable_slip:88;a2:none:91
0,11080,combined_abort_stress_0_11080_0,combined_abort_stress,risk_filter_uncertainty,0.55,0.08,0,1,1,1,6,0,4.90228,0.82617,0.05898,6.22228,-0.02508,0.36283,0.22162,0.12987,0.07018,0.24706,0.13437,11,0,collision_margin,a0:collision_margin:35;a1:fixture_snag:43;a2:collision_margin:32;a3:collision_margin:40;a4:collision_margin:28;a5:collision_margin:29
0,11080,combined_abort_stress_0_11080_0,combined_abort_stress,robust_barrier_mpc,0.55,0.08,1,1,1,1,5,0,6.87429,0.82617,0.12018,7.99429,-0.02156,0.34934,0.21164,0.17987,0.20346,0.16464,0.28125,11,0,none,a0:collision_margin:37;a1:human_stop:25;a2:fixture_snag:51;a3:visible_collision:66;a4:none:103
0,11080,combined_abort_stress_0_11080_0,combined_abort_stress,conformal_abort_risk_filter,0.55,0.08,0,1,1,1,6,0,5.99852,0.82617,0.04821,7.31852,-0.02026,0.37759,0.23274,0.13631,0.10925,0.17729,0.15313,11,0,human_stop,a0:collision_margin:36;a1:visible_collision:66;a2:collision_margin:30;a3:collision_margin:30;a4:collision_margin:30;a5:human_stop:53
0,11080,combined_abort_stress_0_11080_0,combined_abort_stress,kernel_trace_constraint_classifier,0.55,0.08,0,1,1,1,6,0,11.30176,0.82617,0.02559,12.62176,-0.00928,0.24565,0.14002,0.31206,0.33379,0.12785,0.42688,11,0,unstable_slip,a0:collision_margin:37;a1:fixture_snag:47;a2:visible_collision:78;a3:visible_collision:103;a4:visible_collision:65;a5:unstable_slip:120
0,11080,combined_abort_stress_0_11080_0,combined_abort_stress,particle_constraint_belief,0.55,0.08,1,1,1,1,3,0,6.14821,0.82617,0.13438,6.70821,-0.00244,0.38339,0.23715,0.15015,0.15117,0.17584,0.24313,11,0,none,a0:unstable_slip:99;a1:visible_collision:67;a2:none:96
0,11080,combined_abort_stress_0_11080_0,combined_abort_stress,abort_constraint_discovery_v5,0.55,0.08,0,1,1,1,6,0,8.29605,0.82617,0.03486,9.61605,-0.01959,0.43628,0.27900,0.20948,0.26762,0.29088,0.39625,11,0,visible_collision,a0:visible_collision:45;a1:visible_collision:31;a2:visible_collision:48;a3:unstable_slip:91;a4:collision_margin:53;a5:visible_collision:63
0,11080,combined_abort_stress_0_11080_0,combined_abort_stress,oracle_constraints,0.55,0.08,1,0,0,0,1,0,2.28220,0.82617,0.36201,2.28220,0.00150,1.00000,1.00000,0.02210,0.07082,0.03885,0.14813,11,0,none,a0:none:90
0,11081,combined_abort_stress_0_11081_0,combined_abort_stress,constraint_classifier,0.55,0.08,1,0,0,0,1,0,2.71207,0.85150,0.31397,2.71207,0.01712,0.39243,0.24411,0.14804,0.12937,0.09804,0.22687,11,0,none,a0:none:112
0,11081,combined_abort_stress_0_11081_0,combined_abort_stress,risk_filter_uncertainty,0.55,0.08,1,0,0,0,1,0,2.61780,0.85150,0.32528,2.61780,0.00001,0.40741,0.25581,0.11205,0.08506,0.11195,0.13375,11,0,none,a0:none:101
0,11081,combined_abort_stress_0_11081_0,combined_abort_stress,robust_barrier_mpc,0.55,0.08,1,0,0,0,1,0,2.77403,0.85150,0.30696,2.77403,0.01813,0.38023,0.23474,0.13588,0.12435,0.07727,0.19250,11,0,none,a0:none:112
0,11081,combined_abort_stress_0_11081_0,combined_abort_stress,conformal_abort_risk_filter,0.55,0.08,1,0,0,0,1,0,2.97534,0.85150,0.28619,2.97534,0.02203,0.41608,0.26269,0.11411,0.07038,0.08227,0.12812,11,0,none,a0:none:112
0,11081,combined_abort_stress_0_11081_0,combined_abort_stress,kernel_trace_constraint_classifier,0.55,0.08,1,0,0,0,1,0,2.87397,0.85150,0.29628,2.87397,0.00672,0.32586,0.19464,0.19593,0.18285,0.06300,0.28187,11,0,none,a0:none:115
0,11081,combined_abort_stress_0_11081_0,combined_abort_stress,particle_constraint_belief,0.55,0.08,1,0,0,0,1,0,2.77379,0.85150,0.30698,2.77379,0.02865,0.41075,0.25845,0.13014,0.11345,0.07296,0.18937,11,0,none,a0:none:115
0,11081,combined_abort_stress_0_11081_0,combined_abort_stress,abort_constraint_discovery_v5,0.55,0.08,0,0,0,0,1,1,0.00000,0.85150,0.00000,0.12000,1.00000,0.49922,0.33264,0.15180,0.18375,1.00000,0.26438,11,0,no_path,a0:no_path
0,11081,combined_abort_stress_0_11081_0,combined_abort_stress,oracle_constraints,0.55,0.08,1,0,0,0,1,0,2.67713,0.85150,0.31807,2.67713,0.01177,1.00000,1.00000,0.02135,0.07098,0.01981,0.13625,11,0,none,a0:none:106
0,11082,combined_abort_stress_0_11082_0,combined_abort_stress,constraint_classifier,0.55,0.08,1,1,1,1,3,0,4.67914,0.85445,0.18261,5.23914,-0.01326,0.37559,0.23121,0.15880,0.17794,0.16617,0.26875,11,0,none,a0:fixture_snag:38;a1:fixture_snag:32;a2:none:115
0,11082,combined_abort_stress_0_11082_0,combined_abort_stress,risk_filter_uncertainty,0.55,0.08,0,1,1,1,6,0,5.39464,0.85445,0.05544,6.71464,-0.01791,0.40000,0.25000,0.11742,0.11987,0.23488,0.15063,11,0,collision_margin,a0:fixture_snag:38;a1:collision_margin:39;a2:fixture_snag:35;a3:collision_margin:35;a4:collision_margin:36;a5:collision_margin:36
0,11082,combined_abort_stress_0_11082_0,combined_abort_stress,robust_barrier_mpc,0.55,0.08,1,1,0,1,2,0,4.44140,0.85445,0.19238,4.72140,-0.02290,0.39932,0.24947,0.13654,0.13169,0.07960,0.23563,11,0,none,a0:fixture_snag:39;a1:none:120
0,11082,combined_abort_stress_0_11082_0,combined_abort_stress,conformal_abort_risk_filter,0.55,0.08,0,1,1,1,6,0,6.34342,0.85445,0.04714,7.66342,-0.03084,0.36948,0.22660,0.12568,0.10663,0.22716,0.18063,11,0,unstable_slip,a0:fixture_snag:39;a1:fixture_snag:36;a2:visible_collision:76;a3:collision_margin:37;a4:fixture_snag:35;a5:unstable_slip:42
0,11082,combined_abort_stress_0_11082_0,combined_abort_stress,kernel_trace_constraint_classifier,0.55,0.08,0,1,1,1,5,1,6.46997,0.85445,0.04622,7.46997,-0.02331,0.26932,0.15562,0.27530,0.28521,1.00000,0.40313,11,0,no_path,a0:fixture_snag:38;a1:visible_collision:72;a2:visible_collision:94;a3:fixture_snag:71;a4:no_path
0,11082,combined_abort_stress_0_11082_0,combined_abort_stress,particle_constraint_belief,0.55,0.08,1,1,0,1,2,0,4.12126,0.85445,0.20733,4.40126,-0.01524,0.40215,0.25169,0.13461,0.12987,0.11524,0.21750,11,0,none,a0:fixture_snag:39;a1:none:120
0,11082,combined_abort_stress_0_11082_0,combined_abort_stress,abort_constraint_discovery_v5,0.55,0.08,0,0,0,0,1,1,0.00000,0.85445,0.00000,0.12000,1.00000,0.47756,0.31368,0.15226,0.15194,1.00000,0.25938,11,0,no_path,a0:no_path
0,11082,combined_abort_stress_0_11082_0,combined_abort_stress,oracle_constraints,0.55,0.08,0,1,1,1,6,0,5.55698,0.85445,0.05382,6.87698,0.08100,1.00000,1.00000,0.02085,0.06825,0.01480,0.13062,11,0,visible_collision,a0:visible_collision:39;a1:visible_collision:41;a2:visible_collision:38;a3:visible_collision:36;a4:visible_collision:35;a5:visible_collision:41
0,11083,combined_abort_stress_0_11083_0,combined_abort_stress,constraint_classifier,0.55,0.08,0,1,1,1,6,0,8.45035,0.84401,0.03496,9.77035,-0.02161,0.34146,0.20588,0.20256,0.22228,0.24107,0.36625,11,0,human_stop,a0:fixture_snag:49;a1:visible_collision:76;a2:fixture_snag:43;a3:collision_margin:48;a4:force_limit:73;a5:human_stop:46
0,11083,combined_abort_stress_0_11083_0,combined_abort_stress,risk_filter_uncertainty,0.55,0.08,0,1,1,1,6,0,6.35009,0.84401,0.04652,7.67009,-0.02323,0.32331,0.19283,0.14732,0.11814,0.23712,0.18625,11,0,collision_margin,a0:fixture_snag:39;a1:visible_collision:54;a2:human_stop:45;a3:fixture_snag:51;a4:collision_margin:35;a5:collision_margin:38
0,11083,combined_abort_stress_0_11083_0,combined_abort_stress,robust_barrier_mpc,0.55,0.08,1,1,0,0,2,0,3.90869,0.84401,0.21593,4.18869,-0.00316,0.30820,0.18217,0.16303,0.15906,0.08891,0.23500,11,0,none,a0:fixture_snag:50;a1:none:120
0,11083,combined_abort_stress_0_11083_0,combined_abort_stress,conformal_abort_risk_filter,0.55,0.08,0,1,1,1,6,0,8.17081,0.84401,0.03615,9.49081,-0.01553,0.30450,0.17959,0.14959,0.13329,0.23166,0.21500,11,0,collision_margin,a0:fixture_snag:48;a1:visible_collision:78;a2:fixture_snag:43;a3:unstable_slip:85;a4:collision_margin:40;a5:collision_margin:39
0,11083,combined_abort_stress_0_11083_0,combined_abort_stress,kernel_trace_constraint_classifier,0.55,0.08,1,1,0,0,2,0,4.31464,0.84401,0.19562,4.59464,-0.00356,0.22162,0.12462,0.25454,0.26463,0.10882,0.31625,11,0,none,a0:fixture_snag:49;a1:none:119
0,11083,combined_abort_stress_0_11083_0,combined_abort_stress,particle_constraint_belief,0.55,0.08,1,1,1,1,4,0,5.67423,0.84401,0.14875,6.51423,-0.00729,0.28267,0.16460,0.18526,0.20002,0.17486,0.26500,11,0,none,a0:fixture_snag:53;a1:human_stop:17;a2:fixture_snag:45;a3:none:117
0,11083,combined_abort_stress_0_11083_0,combined_abort_stress,abort_constraint_discovery_v5,0.55,0.08,0,1,1,1,3,1,2.84124,0.84401,0.10397,3.40124,-0.01610,0.43810,0.28049,0.17225,0.16065,1.00000,0.24750,11,0,no_path,a0:fixture_snag:57;a1:fixture_snag:55;a2:no_path
0,11083,combined_abort_stress_0_11083_0,combined_abort_stress,oracle_constraints,0.55,0.08,1,1,1,1,4,0,6.44752,0.84401,0.13091,7.28752,0.01844,1.00000,1.00000,0.02455,0.08066,0.01672,0.14625,11,0,none,a0:visible_collision:50;a1:visible_collision:52;a2:visible_collision:51;a3:none:109
0,11084,combined_abort_stress_0_11084_0,combined_abort_stress,constraint_classifier,0.55,0.08,0,1,1,1,6,0,12.10651,0.83544,0.02415,13.42651,-0.01255,0.40969,0.25762,0.20126,0.27673,0.22865,0.43375,11,0,visible_collision,a0:unstable_slip:86;a1:collision_margin:46;a2:force_limit:84;a3:unstable_slip:113;a4:visible_collision:108;a5:visible_collision:66
0,11084,combined_abort_stress_0_11084_0,combined_abort_stress,risk_filter_uncertainty,0.55,0.08,0,1,1,1,6,0,12.61140,0.83544,0.02319,13.93140,-0.02648,0.47390,0.31053,0.11290,0.11569,0.19835,0.17750,11,0,unstable_slip,a0:human_stop:65;a1:visible_collision:44;a2:unstable_slip:95;a3:unstable_slip:95;a4:unstable_slip:97;a5:unstable_slip:97
0,11084,combined_abort_stress_0_11084_0,combined_abort_stress,robust_barrier_mpc,0.55,0.08,0,1,1,1,6,0,14.00308,0.83544,0.02088,15.32308,-0.02464,0.44540,0.28651,0.14839,0.17790,0.20252,0.30125,11,0,force_limit,a0:unstable_slip:90;a1:collision_margin:52;a2:unstable_slip:120;a3:fixture_snag:77;a4:unstable_slip:119;a5:force_limit:86
0,11084,combined_abort_stress_0_11084_0,combined_abort_stress,conformal_abort_risk_filter,0.55,0.08,0,1,1,1,6,0,7.22106,0.83544,0.04049,8.54106,-0.02469,0.43137,0.27500,0.11460,0.10664,0.25830,0.18500,11,0,force_limit,a0:unstable_slip:87;a1:visible_collision:67;a2:collision_margin:46;a3:force_limit:24;a4:collision_margin:54;a5:force_limit:25
0,11084,combined_abort_stress_0_11084_0,combined_abort_stress,kernel_trace_constraint_classifier,0.55,0.08,0,1,1,1,3,1,4.88600,0.83544,0.05985,5.44600,-0.01116,0.40104,0.25081,0.20234,0.23668,1.00000,0.34625,11,0,no_path,a0:unstable_slip:92;a1:unstable_slip:98;a2:no_path
0,11084,combined_abort_stress_0_11084_0,combined_abort_stress,particle_constraint_belief,0.55,0.08,1,1,1,1,3,0,7.74028,0.83544,0.10793,8.30028,-0.04628,0.49141,0.32574,0.12766,0.15715,0.21073,0.23000,11,0,none,a0:unstable_slip:92;a1:unstable_slip:102;a2:none:98
0,11084,combined_abort_stress_0_11084_0,combined_abort_stress,abort_constraint_discovery_v5,0.55,0.08,0,0,0,0,1,1,0.00000,0.83544,0.00000,0.12000,1.00000,0.44838,0.28897,0.17786,0.20447,1.00000,0.29000,11,0,no_path,a0:no_path
0,11084,combined_abort_stress_0_11084_0,combined_abort_stress,oracle_constraints,0.55,0.08,0,1,1,1,6,0,12.81463,0.83544,0.02282,14.13463,-0.00888,1.00000,1.00000,0.02172,0.07375,0.05851,0.13375,11,0,unstable_slip,a0:unstable_slip:90;a1:unstable_slip:91;a2:unstable_slip:90;a3:collision_margin:41;a4:unstable_slip:91;a5:unstable_slip:88
0,11085,combined_abort_stress_0_11085_0,combined_abort_stress,constraint_classifier,0.55,0.08,0,1,1,1,6,0,6.54388,0.83470,0.04464,7.86388,-0.02016,0.41159,0.25912,0.16706,0.16110,0.22249,0.28000,11,0,unstable_slip,a0:collision_margin:32;a1:human_stop:36;a2:fixture_snag:45;a3:collision_margin:33;a4:human_stop:39;a5:unstable_slip:92
0,11085,combined_abort_stress_0_11085_0,combined_abort_stress,risk_filter_uncertainty,0.55,0.08,1,1,1,1,5,0,5.92391,0.83470,0.14090,7.04391,-0.02636,0.45124,0.29136,0.12262,0.08772,0.21568,0.17563,11,0,none,a0:collision_margin:31;a1:human_stop:36;a2:fixture_snag:41;a3:human_stop:40;a4:none:77
0,11085,combined_abort_stress_0_11085_0,combined_abort_stress,robust_barrier_mpc,0.55,0.08,0,1,1,1,6,0,5.12074,0.83470,0.05705,6.44074,-0.00885,0.37216,0.22862,0.15872,0.14401,0.21100,0.26188,11,0,collision_margin,a0:fixture_snag:29;a1:collision_margin:31;a2:human_stop:37;a3:fixture_snag:43;a4:fixture_snag:31;a5:collision_margin:33
0,11085,combined_abort_stress_0_11085_0,combined_abort_stress,conformal_abort_risk_filter,0.55,0.08,0,1,1,1,6,0,5.38179,0.83470,0.05428,6.70179,-0.01354,0.42400,0.26904,0.12623,0.09735,0.20506,0.16125,11,0,fixture_snag,a0:collision_margin:31;a1:human_stop:36;a2:fixture_snag:45;a3:collision_margin:33;a4:collision_margin:34;a5:fixture_snag:30
0,11085,combined_abort_stress_0_11085_0,combined_abort_stress,kernel_trace_constraint_classifier,0.55,0.08,1,1,1,0,3,0,5.65862,0.83470,0.14751,6.21862,-0.00593,0.28000,0.16279,0.22659,0.22097,0.12854,0.31750,11,0,none,a0:collision_margin:32;a1:fixture_snag:46;a2:none:120
0,11085,combined_abort_stress_0_11085_0,combined_abort_stress,particle_constraint_belief,0.55,0.08,0,1,1,1,6,0,8.71849,0.83470,0.03351,10.03849,-0.01989,0.35942,0.21908,0.17295,0.18557,0.17533,0.28000,11,0,unstable_slip,a0:collision_margin:32;a1:human_stop:36;a2:fixture_snag:48;a3:collision_margin:32;a4:visible_collision:101;a5:unstable_slip:105
0,11085,combined_abort_stress_0_11085_0,combined_abort_stress,abort_constraint_discovery_v5,0.55,0.08,0,1,1,1,6,0,9.59080,0.83470,0.03046,10.91080,-0.02270,0.41995,0.26579,0.21563,0.26580,0.23529,0.38750,11,0,human_stop,a0:visible_collision:61;a1:visible_collision:33;a2:collision_margin:51;a3:collision_margin:32;a4:unstable_slip:118;a5:human_stop:100
0,11085,combined_abort_stress_0_11085_0,combined_abort_stress,oracle_constraints,0.55,0.08,1,0,0,0,1,0,1.79383,0.83470,0.46532,1.79383,0.00367,1.00000,1.00000,0.02324,0.07691,0.03366,0.15125,11,0,none,a0:none:79
0,11086,combined_abort_stress_0_11086_0,combined_abort_stress,constraint_classifier,0.55,0.08,1,1,0,1,2,0,4.57140,0.84720,0.18533,4.85140,-0.01158,0.31142,0.18443,0.16096,0.15951,0.06804,0.24125,11,0,none,a0:fixture_snag:46;a1:none:120
0,11086,combined_abort_stress_0_11086_0,combined_abort_stress,risk_filter_uncertainty,0.55,0.08,1,1,1,1,6,0,6.80540,0.84720,0.12449,8.20540,-0.02067,0.33475,0.20102,0.12532,0.12758,0.24118,0.17500,11,0,none,a0:fixture_snag:39;a1:visible_collision:19;a2:fixture_snag:37;a3:human_stop:32;a4:visible_collision:67;a5:none:78
0,11086,combined_abort_stress_0_11086_0,combined_abort_stress,robust_barrier_mpc,0.55,0.08,1,0,0,0,1,0,3.63140,0.84720,0.23330,3.63140,0.01969,0.34111,0.20563,0.14624,0.15877,0.04927,0.22812,11,0,none,a0:none:120
0,11086,combined_abort_stress_0_11086_0,combined_abort_stress,conformal_abort_risk_filter,0.55,0.08,1,1,0,1,2,0,4.71451,0.84720,0.17970,4.99451,-0.02064,0.30806,0.18207,0.11951,0.09554,0.06057,0.14375,11,0,none,a0:fixture_snag:44;a1:none:120
0,11086,combined_abort_stress_0_11086_0,combined_abort_stress,kernel_trace_constraint_classifier,0.55,0.08,1,1,1,1,4,0,8.31723,0.84720,0.10186,9.15723,-0.00221,0.25154,0.14386,0.26151,0.29163,0.17947,0.38688,11,0,none,a0:visible_collision:103;a1:fixture_snag:45;a2:fixture_snag:74;a3:none:120
0,11086,combined_abort_stress_0_11086_0,combined_abort_stress,particle_constraint_belief,0.55,0.08,0,1,1,1,6,0,7.46130,0.84720,0.03974,8.78130,-0.01978,0.33715,0.20276,0.15774,0.17670,0.20164,0.26188,11,0,fixture_snag,a0:human_stop:82;a1:fixture_snag:45;a2:human_stop:35;a3:human_stop:30;a4:fixture_snag:67;a5:fixture_snag:53
0,11086,combined_abort_stress_0_11086_0,combined_abort_stress,abort_constraint_discovery_v5,0.55,0.08,1,0,0,0,1,0,3.58737,0.84720,0.23616,3.58737,0.01536,0.38687,0.23983,0.15749,0.15395,0.06075,0.24188,11,0,none,a0:none:120
0,11086,combined_abort_stress_0_11086_0,combined_abort_stress,oracle_constraints,0.55,0.08,1,0,0,0,1,0,2.19180,0.84720,0.38653,2.19180,0.02257,1.00000,1.00000,0.01812,0.06125,0.03515,0.12000,11,0,none,a0:none:82
0,11087,combined_abort_stress_0_11087_0,combined_abort_stress,constraint_classifier,0.55,0.08,1,0,0,0,1,0,2.09557,0.84775,0.40455,2.09557,0.01792,0.37500,0.23077,0.14221,0.11343,0.15302,0.17875,10,1,none,a0:none:81
0,11087,combined_abort_stress_0_11087_0,combined_abort_stress,risk_filter_uncertainty,0.55,0.08,1,1,1,1,3,0,3.59979,0.84775,0.23550,4.15979,-0.01828,0.33566,0.20168,0.12509,0.09512,0.17423,0.12687,10,1,none,a0:human_stop:38;a1:unstable_slip:30;a2:none:83
0,11087,combined_abort_stress_0_11087_0,combined_abort_stress,robust_barrier_mpc,0.55,0.08,1,0,0,0,1,0,3.47112,0.84775,0.24423,3.47112,0.00917,0.34735,0.21018,0.14838,0.14442,0.06014,0.20062,10,1,none,a0:none:120
0,11087,combined_abort_stress_0_11087_0,combined_abort_stress,conformal_abort_risk_filter,0.55,0.08,1,0,0,0,1,0,2.25631,0.84775,0.37573,2.25631,0.01306,0.31956,0.19016,0.12032,0.06975,0.12806,0.08563,10,1,none,a0:none:84
0,11087,combined_abort_stress_0_11087_0,combined_abort_stress,kernel_trace_constraint_classifier,0.55,0.08,1,1,0,0,2,0,4.01169,0.84775,0.21132,4.29169,-0.00414,0.26706,0.15411,0.20774,0.19759,0.18230,0.28000,10,1,none,a0:fixture_snag:76;a1:none:84
0,11087,combined_abort_stress_0_11087_0,combined_abort_stress,particle_constraint_belief,0.55,0.08,1,1,0,1,2,0,4.17465,0.84775,0.20307,4.45465,0.01191,0.29575,0.17354,0.16149,0.16497,0.19360,0.19687,10,1,none,a0:visible_collision:102;a1:none:81
0,11087,combined_abort_stress_0_11087_0,combined_abort_stress,abort_constraint_discovery_v5,0.55,0.08,1,1,1,1,4,0,8.70024,0.84775,0.09744,9.54024,-0.01010,0.40994,0.25781,0.17986,0.22056,0.23976,0.26125,10,1,none,a0:visible_collision:106;a1:visible_collision:100;a2:fixture_snag:77;a3:none:81
0,11087,combined_abort_stress_0_11087_0,combined_abort_stress,oracle_constraints,0.55,0.08,1,0,0,0,1,0,1.94569,0.84775,0.43571,1.94569,0.02130,1.00000,1.00000,0.02197,0.07395,0.01278,0.14125,10,1,none,a0:none:81
1,11080,combined_abort_stress_1_11080_0,combined_abort_stress,constraint_classifier,0.55,0.08,1,1,1,1,4,0,7.58871,0.85487,0.11265,8.42871,-0.00799,0.43969,0.28180,0.14022,0.17741,0.18694,0.28687,9,2,none,a0:visible_collision:68;a1:fixture_snag:44;a2:visible_collision:99;a3:none:95
1,11080,combined_abort_stress_1_11080_0,combined_abort_stress,risk_filter_uncertainty,0.55,0.08,0,1,1,1,6,0,6.41571,0.85487,0.04664,7.73571,-0.03597,0.37719,0.23243,0.11176,0.10758,0.20162,0.16250,9,2,fixture_snag,a0:fixture_snag:40;a1:fixture_snag:61;a2:fixture_snag:38;a3:visible_collision:30;a4:fixture_snag:38;a5:fixture_snag:45
1,11080,combined_abort_stress_1_11080_0,combined_abort_stress,robust_barrier_mpc,0.55,0.08,1,0,0,0,1,0,3.32554,0.85487,0.25706,3.32554,0.02234,0.39192,0.24372,0.11368,0.10015,0.05087,0.18688,9,2,none,a0:none:120
1,11080,combined_abort_stress_1_11080_0,combined_abort_stress,conformal_abort_risk_filter,0.55,0.08,1,1,1,1,5,0,7.22940,0.85487,0.11825,8.34940,-0.02378,0.43434,0.27742,0.09937,0.08876,0.14239,0.12500,9,2,none,a0:visible_collision:33;a1:fixture_snag:69;a2:fixture_snag:45;a3:fixture_snag:39;a4:none:94
1,11080,combined_abort_stress_1_11080_0,combined_abort_stress,kernel_trace_constraint_classifier,0.55,0.08,0,1,1,1,6,0,7.94549,0.85487,0.03766,9.26549,-0.02140,0.37626,0.23173,0.20313,0.25072,0.20995,0.37250,9,2,collision_margin,a0:visible_collision:71;a1:force_limit:96;a2:fixture_snag:44;a3:visible_collision:33;a4:fixture_snag:40;a5:collision_margin:35
1,11080,combined_abort_stress_1_11080_0,combined_abort_stress,particle_constraint_belief,0.55,0.08,1,0,0,0,1,0,3.21188,0.85487,0.26616,3.21188,0.03415,0.37986,0.23446,0.10431,0.07662,0.03650,0.15063,9,2,none,a0:none:120
1,11080,combined_abort_stress_1_11080_0,combined_abort_stress,abort_constraint_discovery_v5,0.55,0.08,1,0,0,0,1,0,3.41863,0.85487,0.25006,3.41863,0.03590,0.45911,0.29795,0.15590,0.21452,0.09898,0.31312,9,2,none,a0:none:120
1,11080,combined_abort_stress_1_11080_0,combined_abort_stress,oracle_constraints,0.55,0.08,1,0,0,0,1,0,2.39311,0.85487,0.35722,2.39311,0.03398,1.00000,1.00000,0.01870,0.06338,0.01924,0.12250,9,2,none,a0:none:92
1,11081,combined_abort_stress_1_11081_0,combined_abort_stress,constraint_classifier,0.55,0.08,1,1,1,1,3,0,4.50346,0.88538,0.19660,5.06346,-0.02124,0.49254,0.32673,0.13856,0.17676,0.18308,0.28813,11,0,none,a0:collision_margin:41;a1:force_limit:38;a2:none:104
1,11081,combined_abort_stress_1_11081_0,combined_abort_stress,risk_filter_uncertainty,0.55,0.08,1,1,0,0,2,0,3.39465,0.88538,0.26082,3.67465,-0.00097,0.49173,0.32602,0.09313,0.08361,0.12590,0.13375,11,0,none,a0:collision_margin:39;a1:none:101
1,11081,combined_abort_stress_1_11081_0,combined_abort_stress,robust_barrier_mpc,0.55,0.08,1,1,0,1,2,0,3.52259,0.88538,0.25134,3.80259,-0.01820,0.43894,0.28118,0.12560,0.12247,0.15526,0.24813,11,0,none,a0:collision_margin:40;a1:none:101
1,11081,combined_abort_stress_1_11081_0,combined_abort_stress,conformal_abort_risk_filter,0.55,0.08,1,1,1,0,3,0,4.55818,0.88538,0.19424,5.11818,-0.01046,0.50924,0.34160,0.10280,0.09015,0.13782,0.17375,11,0,none,a0:collision_margin:39;a1:human_stop:39;a2:none:105
1,11081,combined_abort_stress_1_11081_0,combined_abort_stress,kernel_trace_constraint_classifier,0.55,0.08,1,1,0,0,2,0,3.69721,0.88538,0.23947,3.97721,-0.00075,0.37868,0.23356,0.19394,0.19757,0.14443,0.31500,11,0,none,a0:collision_margin:40;a1:none:106
1,11081,combined_abort_stress_1_11081_0,combined_abort_stress,particle_constraint_belief,0.55,0.08,1,1,0,1,2,0,3.43981,0.88538,0.25739,3.71981,-0.01148,0.47504,0.31151,0.12108,0.13322,0.14962,0.23250,11,0,none,a0:collision_margin:40;a1:none:105
1,11081,combined_abort_stress_1_11081_0,combined_abort_stress,abort_constraint_discovery_v5,0.55,0.08,0,1,0,1,2,1,0.97002,0.88538,0.31946,1.31002,-0.00166,0.45177,0.29180,0.19631,0.26772,1.00000,0.38125,11,0,no_path,a0:force_limit:38;a1:no_path
1,11081,combined_abort_stress_1_11081_0,combined_abort_stress,oracle_constraints,0.55,0.08,1,0,0,0,1,0,2.16027,0.88538,0.40985,2.16027,0.02254,1.00000,1.00000,0.01958,0.06658,0.02083,0.13062,11,0,none,a0:none:97
1,11082,combined_abort_stress_1_11082_0,combined_abort_stress,constraint_classifier,0.55,0.08,1,1,1,1,3,0,5.72243,0.84913,0.14839,6.28243,-0.00735,0.30922,0.18289,0.19320,0.19344,0.11490,0.29125,11,0,none,a0:collision_margin:33;a1:collision_margin:52;a2:none:120
1,11082,combined_abort_stress_1_11082_0,combined_abort_stress,risk_filter_uncertainty,0.55,0.08,0,1,1,1,6,0,5.29821,0.84913,0.05609,6.61821,-0.01076,0.27935,0.16235,0.14875,0.15962,0.23776,0.15937,11,0,collision_margin,a0:collision_margin:30;a1:collision_margin:34;a2:collision_margin:28;a3:fixture_snag:50;a4:collision_margin:34;a5:collision_margin:32
1,11082,combined_abort_stress_1_11082_0,combined_abort_stress,robust_barrier_mpc,0.55,0.08,1,1,0,0,2,0,4.62011,0.84913,0.18379,4.90011,0.01933,0.25470,0.14594,0.19532,0.20802,0.09692,0.28250,11,0,none,a0:human_stop:51;a1:none:120
1,11082,combined_abort_stress_1_11082_0,combined_abort_stress,conformal_abort_risk_filter,0.55,0.08,0,1,1,1,6,0,7.98814,0.84913,0.03720,9.30814,-0.03032,0.37997,0.23454,0.13419,0.11195,0.09988,0.21250,11,0,visible_collision,a0:collision_margin:32;a1:fixture_snag:55;a2:collision_margin:50;a3:collision_margin:46;a4:unstable_slip:63;a5:visible_collision:87
1,11082,combined_abort_stress_1_11082_0,combined_abort_stress,kernel_trace_constraint_classifier,0.55,0.08,1,1,0,0,2,0,4.12110,0.84913,0.20605,4.40110,-0.00013,0.22493,0.12672,0.24572,0.24083,0.08215,0.31188,11,0,none,a0:collision_margin:37;a1:none:120
1,11082,combined_abort_stress_1_11082_0,combined_abort_stress,particle_constraint_belief,0.55,0.08,1,0,0,0,1,0,3.46317,0.84913,0.24519,3.46317,0.02603,0.28174,0.16397,0.16532,0.14738,0.07668,0.21000,11,0,none,a0:none:120
1,11082,combined_abort_stress_1_11082_0,combined_abort_stress,abort_constraint_discovery_v5,0.55,0.08,1,1,1,1,3,0,6.78568,0.84913,0.12514,7.34568,0.01310,0.31596,0.18762,0.20225,0.20148,0.06453,0.24625,11,0,none,a0:visible_collision:74;a1:visible_collision:55;a2:none:120
1,11082,combined_abort_stress_1_11082_0,combined_abort_stress,oracle_constraints,0.55,0.08,1,0,0,0,1,0,2.67467,0.84913,0.31747,2.67467,0.03375,1.00000,1.00000,0.02426,0.07789,0.01921,0.14938,11,0,none,a0:none:108
1,11083,combined_abort_stress_1_11083_0,combined_abort_stress,constraint_classifier,0.55,0.08,1,1,1,1,3,0,5.31500,0.83480,0.15706,5.87500,-0.01370,0.34371,0.20752,0.19148,0.23806,0.20239,0.33750,11,0,none,a0:visible_collision:71;a1:unstable_slip:59;a2:none:96
1,11083,combined_abort_stress_1_11083_0,combined_abort_stress,risk_filter_uncertainty,0.55,0.08,1,0,0,0,1,0,2.06297,0.83480,0.40466,2.06297,0.02329,0.32952,0.19726,0.12531,0.13145,0.12573,0.14875,11,0,none,a0:none:92
1,11083,combined_abort_stress_1_11083_0,combined_abort_stress,robust_barrier_mpc,0.55,0.08,1,0,0,0,1,0,2.47404,0.83480,0.33742,2.47404,0.00358,0.28227,0.16433,0.16699,0.19183,0.11898,0.23875,11,0,none,a0:none:98
1,11083,combined_abort_stress_1_11083_0,combined_abort_stress,conformal_abort_risk_filter,0.55,0.08,0,1,1,1,6,0,6.58600,0.83480,0.04436,7.90600,-0.02339,0.33786,0.20327,0.13452,0.13779,0.15269,0.19750,11,0,collision_margin,a0:visible_collision:70;a1:fixture_snag:29;a2:fixture_snag:29;a3:unstable_slip:53;a4:fixture_snag:47;a5:collision_margin:48
1,11083,combined_abort_stress_1_11083_0,combined_abort_stress,kernel_trace_constraint_classifier,0.55,0.08,1,1,1,1,3,0,6.09898,0.83480,0.13687,6.65898,-0.00098,0.24900,0.14220,0.24687,0.26804,0.14155,0.34250,11,0,none,a0:fixture_snag:47;a1:force_limit:48;a2:none:120
1,11083,combined_abort_stress_1_11083_0,combined_abort_stress,particle_constraint_belief,0.55,0.08,1,0,0,0,1,0,2.38971,0.83480,0.34933,2.38971,0.01665,0.32282,0.19248,0.15099,0.16080,0.11118,0.21250,11,0,none,a0:none:97
1,11083,combined_abort_stress_1_11083_0,combined_abort_stress,abort_constraint_discovery_v5,0.55,0.08,0,0,0,0,1,1,0.00000,0.83480,0.00000,0.12000,1.00000,0.27713,0.16085,0.20828,0.22392,1.00000,0.25000,11,0,no_path,a0:no_path
1,11083,combined_abort_stress_1_11083_0,combined_abort_stress,oracle_constraints,0.55,0.08,1,0,0,0,1,0,2.01971,0.83480,0.41332,2.01971,0.02656,1.00000,1.00000,0.02130,0.07232,0.03805,0.12437,11,0,none,a0:none:86
1,11084,combined_abort_stress_1_11084_0,combined_abort_stress,constraint_classifier,0.55,0.08,0,1,1,1,6,0,7.30291,0.84672,0.04058,8.62291,-0.01155,0.42076,0.26643,0.16268,0.18371,0.32359,0.30625,11,0,force_limit,a0:fixture_snag:52;a1:visible_collision:76;a2:fixture_snag:46;a3:visible_collision:27;a4:collision_margin:53;a5:force_limit:44
1,11084,combined_abort_stress_1_11084_0,combined_abort_stress,risk_filter_uncertainty,0.55,0.08,0,1,1,1,6,0,4.91269,0.84672,0.06032,6.23269,-0.01650,0.45455,0.29412,0.10412,0.07365,0.22833,0.13562,11,0,human_stop,a0:fixture_snag:46;a1:human_stop:31;a2:fixture_snag:29;a3:fixture_snag:28;a4:fixture_snag:28;a5:human_stop:31
1,11084,combined_abort_stress_1_11084_0,combined_abort_stress,robust_barrier_mpc,0.55,0.08,1,1,0,0,2,0,4.56290,0.84672,0.18557,4.84290,-0.00065,0.45965,0.29841,0.12241,0.10225,0.08712,0.21688,11,0,none,a0:fixture_snag:53;a1:none:120
1,11084,combined_abort_stress_1_11084_0,combined_abort_stress,conformal_abort_risk_filter,0.55,0.08,0,1,1,1,6,0,6.88639,0.84672,0.04303,8.20639,-0.02778,0.41237,0.25974,0.11209,0.08589,0.12608,0.16375,11,0,fixture_snag,a0:fixture_snag:54;a1:visible_collision:76;a2:fixture_snag:30;a3:fixture_snag:32;a4:human_stop:29;a5:fixture_snag:49
1,11084,combined_abort_stress_1_11084_0,combined_abort_stress,kernel_trace_constraint_classifier,0.55,0.08,0,1,1,1,6,0,11.00117,0.84672,0.02694,12.32117,-0.02890,0.31555,0.18733,0.26277,0.26578,0.22024,0.41125,11,0,unstable_slip,a0:fixture_snag:53;a1:visible_collision:76;a2:fixture_snag:49;a3:collision_margin:63;a4:visible_collision:95;a5:unstable_slip:91
1,11084,combined_abort_stress_1_11084_0,combined_abort_stress,particle_constraint_belief,0.55,0.08,1,1,0,1,2,0,4.36530,0.84672,0.19397,4.64530,-0.02014,0.45269,0.29257,0.11761,0.09910,0.07812,0.19750,11,0,none,a0:fixture_snag:56;a1:none:120
1,11084,combined_abort_stress_1_11084_0,combined_abort_stress,abort_constraint_discovery_v5,0.55,0.08,1,1,0,1,2,0,5.67555,0.84672,0.14919,5.95555,0.00951,0.49701,0.33068,0.16453,0.19394,0.06109,0.27813,11,0,none,a0:visible_collision:90;a1:none:120
1,11084,combined_abort_stress_1_11084_0,combined_abort_stress,oracle_constraints,0.55,0.08,1,0,0,0,1,0,2.29819,0.84672,0.36843,2.29819,0.00063,1.00000,1.00000,0.02213,0.07271,0.04532,0.13937,11,0,none,a0:none:95
1,11085,combined_abort_stress_1_11085_0,combined_abort_stress,constraint_classifier,0.55,0.08,1,0,0,0,1,0,2.55740,0.86728,0.33912,2.55740,0.01382,0.37134,0.22800,0.16643,0.16139,0.15932,0.24438,11,0,none,a0:none:105
1,11085,combined_abort_stress_1_11085_0,combined_abort_stress,risk_filter_uncertainty,0.55,0.08,1,1,1,1,5,0,7.63158,0.86728,0.11364,8.75158,-0.02099,0.40316,0.25248,0.12293,0.11068,0.10923,0.17688,11,0,none,a0:fixture_snag:30;a1:visible_collision:74;a2:unstable_slip:69;a3:fixture_snag:31;a4:none:109
1,11085,combined_abort_stress_1_11085_0,combined_abort_stress,robust_barrier_mpc,0.55,0.08,1,0,0,0,1,0,2.66156,0.86728,0.32585,2.66156,0.00069,0.36301,0.22176,0.15409,0.15264,0.11827,0.22562,11,0,none,a0:none:107
1,11085,combined_abort_stress_1_11085_0,combined_abort_stress,conformal_abort_risk_filter,0.55,0.08,1,0,0,0,1,0,2.41637,0.86728,0.35892,2.41637,0.01541,0.37642,0.23184,0.12471,0.09889,0.11917,0.13625,11,0,none,a0:none:105
1,11085,combined_abort_stress_1_11085_0,combined_abort_stress,kernel_trace_constraint_classifier,0.55,0.08,1,1,1,1,5,0,9.12447,0.86728,0.09505,10.24447,-0.01653,0.27845,0.16174,0.26484,0.26456,0.11993,0.37688,11,0,none,a0:visible_collision:76;a1:fixture_snag:52;a2:fixture_snag:35;a3:collision_margin:45;a4:none:120
1,11085,combined_abort_stress_1_11085_0,combined_abort_stress,particle_constraint_belief,0.55,0.08,1,0,0,0,1,0,2.50550,0.86728,0.34615,2.50550,0.01696,0.38391,0.23756,0.14529,0.13825,0.11392,0.20250,11,0,none,a0:none:107
1,11085,combined_abort_stress_1_11085_0,combined_abort_stress,abort_constraint_discovery_v5,0.55,0.08,0,0,0,0,1,1,0.00000,0.86728,0.00000,0.12000,1.00000,0.39446,0.24569,0.17056,0.17061,1.00000,0.22187,11,0,no_path,a0:no_path
1,11085,combined_abort_stress_1_11085_0,combined_abort_stress,oracle_constraints,0.55,0.08,0,1,1,1,6,0,9.53112,0.86728,0.03185,10.85112,-0.00586,1.00000,1.00000,0.02238,0.07440,0.01922,0.13937,11,0,visible_collision,a0:fixture_snag:44;a1:visible_collision:72;a2:visible_collision:69;a3:visible_collision:73;a4:visible_collision:73;a5:visible_collision:73
1,11086,combined_abort_stress_1_11086_0,combined_abort_stress,constraint_classifier,0.55,0.08,0,1,1,1,6,0,7.12134,0.86453,0.04249,8.44134,-0.00587,0.36512,0.22333,0.18509,0.19530,0.27599,0.31250,11,0,fixture_snag,a0:visible_collision:69;a1:fixture_snag:36;a2:force_limit:53;a3:fixture_snag:54;a4:fixture_snag:31;a5:fixture_snag:41
1,11086,combined_abort_stress_1_11086_0,combined_abort_stress,risk_filter_uncertainty,0.55,0.08,1,1,1,1,5,0,6.32541,0.86453,0.13668,7.44541,-0.01927,0.42767,0.27200,0.11657,0.07686,0.19573,0.15188,11,0,none,a0:fixture_snag:34;a1:fixture_snag:30;a2:force_limit:57;a3:fixture_snag:36;a4:none:90
1,11086,combined_abort_stress_1_11086_0,combined_abort_stress,robust_barrier_mpc,0.55,0.08,1,0,0,0,1,0,2.31329,0.86453,0.37372,2.31329,0.02646,0.40215,0.25169,0.14057,0.13330,0.05551,0.20187,11,0,none,a0:none:91
1,11086,combined_abort_stress_1_11086_0,combined_abort_stress,conformal_abort_risk_filter,0.55,0.08,0,1,1,1,6,0,7.14129,0.86453,0.04237,8.46129,-0.03616,0.40313,0.25245,0.13123,0.12120,0.16917,0.17313,11,0,fixture_snag,a0:visible_collision:68;a1:fixture_snag:38;a2:force_limit:55;a3:fixture_snag:38;a4:fixture_snag:35;a5:fixture_snag:51
1,11086,combined_abort_stress_1_11086_0,combined_abort_stress,kernel_trace_constraint_classifier,0.55,0.08,1,0,0,0,1,0,2.05364,0.86453,0.42097,2.05364,0.01827,0.31464,0.18669,0.18630,0.16560,0.05402,0.25500,11,0,none,a0:none:89
1,11086,combined_abort_stress_1_11086_0,combined_abort_stress,particle_constraint_belief,0.55,0.08,1,0,0,0,1,0,2.13480,0.86453,0.40497,2.13480,0.02909,0.38416,0.23775,0.13042,0.10357,0.06599,0.16937,11,0,none,a0:none:89
1,11086,combined_abort_stress_1_11086_0,combined_abort_stress,abort_constraint_discovery_v5,0.55,0.08,1,0,0,0,1,0,2.30753,0.86453,0.37466,2.30753,0.02188,0.45288,0.29273,0.18113,0.23062,0.08578,0.29812,11,0,none,a0:none:95
1,11086,combined_abort_stress_1_11086_0,combined_abort_stress,oracle_constraints,0.55,0.08,1,1,0,1,2,0,3.84478,0.86453,0.22486,4.12478,0.01763,1.00000,1.00000,0.02416,0.08019,0.01956,0.14625,11,0,none,a0:visible_collision:69;a1:none:89
1,11087,combined_abort_stress_1_11087_0,combined_abort_stress,constraint_classifier,0.55,0.08,0,1,1,1,6,0,7.43007,0.84296,0.03971,8.75007,-0.01545,0.44678,0.28764,0.14892,0.19055,0.23861,0.29187,11,0,force_limit,a0:fixture_snag:54;a1:fixture_snag:45;a2:fixture_snag:41;a3:collision_margin:49;a4:collision_margin:46;a5:force_limit:52
1,11087,combined_abort_stress_1_11087_0,combined_abort_stress,risk_filter_uncertainty,0.55,0.08,1,1,1,1,3,0,4.38573,0.84296,0.19221,4.94573,-0.02663,0.44191,0.28363,0.10429,0.09677,0.12426,0.14938,11,0,none,a0:fixture_snag:41;a1:fixture_snag:40;a2:none:98
1,11087,combined_abort_stress_1_11087_0,combined_abort_stress,robust_barrier_mpc,0.55,0.08,1,0,0,0,1,0,2.55283,0.84296,0.33021,2.55283,0.01389,0.38519,0.23853,0.12559,0.10904,0.04015,0.21250,11,0,none,a0:none:101
1,11087,combined_abort_stress_1_11087_0,combined_abort_stress,conformal_abort_risk_filter,0.55,0.08,0,1,1,1,6,0,6.82726,0.84296,0.04321,8.14726,-0.02475,0.44223,0.28389,0.11022,0.11497,0.21837,0.18875,11,0,fixture_snag,a0:fixture_snag:54;a1:fixture_snag:42;a2:fixture_snag:41;a3:collision_margin:48;a4:fixture_snag:49;a5:fixture_snag:39
1,11087,combined_abort_stress_1_11087_0,combined_abort_stress,kernel_trace_constraint_classifier,0.55,0.08,1,1,1,1,4,0,7.93928,0.84296,0.10618,8.77928,-0.02324,0.35669,0.21705,0.22063,0.23858,0.10609,0.36562,11,0,none,a0:fixture_snag:53;a1:fixture_snag:48;a2:collision_margin:52;a3:none:120
1,11087,combined_abort_stress_1_11087_0,combined_abort_stress,particle_constraint_belief,0.55,0.08,1,0,0,0,1,0,2.41951,0.84296,0.34840,2.41951,0.02397,0.39431,0.24557,0.11843,0.11139,0.03728,0.18250,11,0,none,a0:none:101
1,11087,combined_abort_stress_1_11087_0,combined_abort_stress,abort_constraint_discovery_v5,0.55,0.08,0,1,0,1,2,1,1.43229,0.84296,0.20599,1.77229,-0.00688,0.49241,0.32662,0.13881,0.18975,1.00000,0.24563,11,0,no_path,a0:fixture_snag:59;a1:no_path
1,11087,combined_abort_stress_1_11087_0,combined_abort_stress,oracle_constraints,0.55,0.08,1,0,0,0,1,0,2.22095,0.84296,0.37955,2.22095,0.01651,1.00000,1.00000,0.01876,0.06367,0.02094,0.12500,11,0,none,a0:none:95
2,11080,combined_abort_stress_2_11080_0,combined_abort_stress,constraint_classifier,0.55,0.08,1,0,0,0,1,0,2.32261,0.83801,0.36081,2.32261,0.03016,0.42105,0.26667,0.15135,0.20113,0.22800,0.28375,11,0,none,a0:none:94
2,11080,combined_abort_stress_2_11080_0,combined_abort_stress,risk_filter_uncertainty,0.55,0.08,1,1,1,1,3,0,5.26129,0.83801,0.15928,5.82129,-0.01466,0.52361,0.35465,0.09636,0.11737,0.13608,0.17125,11,0,none,a0:force_limit:32;a1:human_stop:71;a2:none:100
2,11080,combined_abort_stress_2_11080_0,combined_abort_stress,robust_barrier_mpc,0.55,0.08,1,0,0,0,1,0,2.71460,0.83801,0.30871,2.71460,0.04228,0.40566,0.25444,0.13806,0.16437,0.13737,0.27750,11,0,none,a0:none:109
2,11080,combined_abort_stress_2_11080_0,combined_abort_stress,conformal_abort_risk_filter,0.55,0.08,1,0,0,0,1,0,2.20481,0.83801,0.38008,2.20481,0.04112,0.42453,0.26946,0.10670,0.11496,0.15256,0.14500,11,0,none,a0:none:95
2,11080,combined_abort_stress_2_11080_0,combined_abort_stress,kernel_trace_constraint_classifier,0.55,0.08,1,0,0,0,1,0,3.13620,0.83801,0.26721,3.13620,0.01000,0.36658,0.22442,0.19484,0.22836,0.14218,0.34375,11,0,none,a0:none:120
2,11080,combined_abort_stress_2_11080_0,combined_abort_stress,particle_constraint_belief,0.55,0.08,1,0,0,0,1,0,2.45002,0.83801,0.34204,2.45002,0.03096,0.43056,0.27434,0.12748,0.15962,0.15904,0.24000,11,0,none,a0:none:109
2,11080,combined_abort_stress_2_11080_0,combined_abort_stress,abort_constraint_discovery_v5,0.55,0.08,1,1,0,1,2,0,3.67790,0.83801,0.22785,3.95790,0.01482,0.44784,0.28853,0.17032,0.23410,0.14027,0.32937,11,0,none,a0:visible_collision:59;a1:none:102
2,11080,combined_abort_stress_2_11080_0,combined_abort_stress,oracle_constraints,0.55,0.08,1,1,1,1,6,0,5.19507,0.83801,0.16131,6.59507,0.02834,1.00000,1.00000,0.01706,0.05807,0.00889,0.12000,11,0,none,a0:visible_collision:41;a1:visible_collision:18;a2:visible_collision:19;a3:visible_collision:18;a4:visible_collision:17;a5:none:90
2,11081,combined_abort_stress_2_11081_0,combined_abort_stress,constraint_classifier,0.55,0.08,1,0,0,0,1,0,2.47201,0.83708,0.33862,2.47201,0.03155,0.29005,0.16963,0.17204,0.19064,0.10222,0.24188,10,1,none,a0:none:101
2,11081,combined_abort_stress_2_11081_0,combined_abort_stress,risk_filter_uncertainty,0.55,0.08,0,1,1,1,6,0,7.28328,0.83708,0.04023,8.60328,-0.02360,0.31902,0.18978,0.13919,0.14371,0.21071,0.17688,10,1,collision_margin,a0:fixture_snag:43;a1:visible_collision:49;a2:fixture_snag:56;a3:visible_collision:44;a4:fixture_snag:41;a5:collision_margin:45
2,11081,combined_abort_stress_2_11081_0,combined_abort_stress,robust_barrier_mpc,0.55,0.08,1,0,0,0,1,0,2.78861,0.83708,0.30018,2.78861,0.03759,0.27656,0.16047,0.17098,0.19060,0.10011,0.24188,10,1,none,a0:none:109
2,11081,combined_abort_stress_2_11081_0,combined_abort_stress,conformal_abort_risk_filter,0.55,0.08,1,0,0,0,1,0,2.34219,0.83708,0.35739,2.34219,0.04536,0.30481,0.17981,0.13560,0.13717,0.08204,0.10500,10,1,none,a0:none:101
2,11081,combined_abort_stress_2_11081_0,combined_abort_stress,kernel_trace_constraint_classifier,0.55,0.08,1,0,0,0,1,0,2.77483,0.83708,0.30167,2.77483,0.04591,0.22693,0.12799,0.21842,0.24215,0.06918,0.28437,10,1,none,a0:none:104
2,11081,combined_abort_stress_2_11081_0,combined_abort_stress,particle_constraint_belief,0.55,0.08,1,0,0,0,1,0,2.47610,0.83708,0.33806,2.47610,0.03700,0.28355,0.16520,0.16090,0.18424,0.09282,0.20187,10,1,none,a0:none:106
2,11081,combined_abort_stress_2_11081_0,combined_abort_stress,abort_constraint_discovery_v5,0.55,0.08,1,0,0,0,1,0,1.96672,0.83708,0.42562,1.96672,0.00448,0.33037,0.19787,0.17170,0.17167,0.22609,0.22312,10,1,none,a0:none:74
2,11081,combined_abort_stress_2_11081_0,combined_abort_stress,oracle_constraints,0.55,0.08,0,1,1,1,6,0,3.21436,0.83708,0.09115,4.53436,0.14942,1.00000,1.00000,0.02039,0.06863,0.01917,0.12875,10,1,visible_collision,a0:visible_collision:20;a1:visible_collision:17;a2:visible_collision:21;a3:visible_collision:20;a4:visible_collision:23;a5:visible_collision:21
2,11082,combined_abort_stress_2_11082_0,combined_abort_stress,constraint_classifier,0.55,0.08,1,0,0,0,1,0,2.03736,0.83870,0.41166,2.03736,0.03874,0.31119,0.18427,0.16305,0.16883,0.18203,0.22062,11,0,none,a0:none:82
2,11082,combined_abort_stress_2_11082_0,combined_abort_stress,risk_filter_uncertainty,0.55,0.08,1,0,0,0,1,0,1.92561,0.83870,0.43555,1.92561,0.03600,0.25761,0.14785,0.13209,0.08745,0.14098,0.13000,11,0,none,a0:none:85
2,11082,combined_abort_stress_2_11082_0,combined_abort_stress,robust_barrier_mpc,0.55,0.08,1,0,0,0,1,0,2.30164,0.83870,0.36439,2.30164,0.03241,0.30283,0.17843,0.15562,0.13549,0.16541,0.23875,11,0,none,a0:none:94
2,11082,combined_abort_stress_2_11082_0,combined_abort_stress,conformal_abort_risk_filter,0.55,0.08,1,0,0,0,1,0,1.81633,0.83870,0.46176,1.81633,0.03460,0.26829,0.15493,0.12591,0.08612,0.12635,0.11937,11,0,none,a0:none:82
2,11082,combined_abort_stress_2_11082_0,combined_abort_stress,kernel_trace_constraint_classifier,0.55,0.08,1,0,0,0,1,0,2.14830,0.83870,0.39040,2.14830,0.02777,0.23676,0.13428,0.20798,0.18602,0.14982,0.26438,11,0,none,a0:none:93
2,11082,combined_abort_stress_2_11082_0,combined_abort_stress,particle_constraint_belief,0.55,0.08,1,0,0,0,1,0,2.05844,0.83870,0.40745,2.05844,0.03338,0.27429,0.15894,0.14792,0.13618,0.13891,0.19125,11,0,none,a0:none:87
2,11082,combined_abort_stress_2_11082_0,combined_abort_stress,abort_constraint_discovery_v5,0.55,0.08,1,0,0,0,1,0,1.83356,0.83870,0.45742,1.83356,0.04295,0.46541,0.30328,0.16041,0.17045,0.03851,0.26062,11,0,none,a0:none:82
2,11082,combined_abort_stress_2_11082_0,combined_abort_stress,oracle_constraints,0.55,0.08,1,0,0,0,1,0,1.84265,0.83870,0.45516,1.84265,0.02830,1.00000,1.00000,0.02268,0.07595,0.00790,0.13687,11,0,none,a0:none:82
2,11083,combined_abort_stress_2_11083_0,combined_abort_stress,constraint_classifier,0.55,0.08,1,1,0,1,2,0,3.31308,0.83704,0.25265,3.59308,-0.01345,0.48536,0.32044,0.15045,0.18792,0.18974,0.30375,11,0,none,a0:fixture_snag:36;a1:none:100
2,11083,combined_abort_stress_2_11083_0,combined_abort_stress,risk_filter_uncertainty,0.55,0.08,1,1,1,1,3,0,4.13487,0.83704,0.20243,4.69487,-0.00730,0.49326,0.32737,0.10969,0.09551,0.16038,0.18000,11,0,none,a0:force_limit:40;a1:fixture_snag:36;a2:none:92
2,11083,combined_abort_stress_2_11083_0,combined_abort_stress,robust_barrier_mpc,0.55,0.08,1,0,0,0,1,0,2.20002,0.83704,0.38047,2.20002,0.01056,0.45037,0.29063,0.13833,0.14777,0.16736,0.27750,11,0,none,a0:none:96
2,11083,combined_abort_stress_2_11083_0,combined_abort_stress,conformal_abort_risk_filter,0.55,0.08,1,1,0,0,2,0,3.19666,0.83704,0.26185,3.47666,-0.00475,0.44489,0.28608,0.10965,0.09700,0.14186,0.16750,11,0,none,a0:fixture_snag:32;a1:none:100
2,11083,combined_abort_stress_2_11083_0,combined_abort_stress,kernel_trace_constraint_classifier,0.55,0.08,1,0,0,0,1,0,2.65399,0.83704,0.31539,2.65399,0.02110,0.41237,0.25974,0.19356,0.21430,0.14105,0.34063,11,0,none,a0:none:101
2,11083,combined_abort_stress_2_11083_0,combined_abort_stress,particle_constraint_belief,0.55,0.08,1,0,0,0,1,0,2.21226,0.83704,0.37836,2.21226,0.01210,0.48562,0.32068,0.12853,0.14373,0.14450,0.24688,11,0,none,a0:none:102
2,11083,combined_abort_stress_2_11083_0,combined_abort_stress,abort_constraint_discovery_v5,0.55,0.08,1,0,0,0,1,0,3.98971,0.83704,0.20980,3.98971,0.02108,0.45479,0.29432,0.17545,0.21528,0.05827,0.32562,11,0,none,a0:none:120
2,11083,combined_abort_stress_2_11083_0,combined_abort_stress,oracle_constraints,0.55,0.08,0,1,1,1,6,0,8.72371,0.83704,0.03358,10.04371,0.01839,1.00000,1.00000,0.02278,0.07561,0.02014,0.14438,11,0,visible_collision,a0:visible_collision:60;a1:visible_collision:56;a2:visible_collision:57;a3:visible_collision:61;a4:visible_collision:55;a5:visible_collision:61
2,11084,combined_abort_stress_2_11084_0,combined_abort_stress,constraint_classifier,0.55,0.08,0,1,1,1,6,0,7.59776,0.84471,0.03891,8.91776,-0.02491,0.43220,0.27568,0.16401,0.17415,0.27343,0.30062,11,0,collision_margin,a0:fixture_snag:59;a1:human_stop:34;a2:force_limit:35;a3:fixture_snag:54;a4:force_limit:62;a5:collision_margin:57
2,11084,combined_abort_stress_2_11084_0,combined_abort_stress,risk_filter_uncertainty,0.55,0.08,0,1,1,1,6,0,6.69886,0.84471,0.04413,8.01886,-0.02939,0.50895,0.34133,0.10781,0.10502,0.19752,0.17250,11,0,force_limit,a0:fixture_snag:50;a1:human_stop:36;a2:collision_margin:60;a3:collision_margin:38;a4:collision_margin:40;a5:force_limit:34
2,11084,combined_abort_stress_2_11084_0,combined_abort_stress,robust_barrier_mpc,0.55,0.08,1,0,0,0,1,0,2.63666,0.84471,0.32037,2.63666,0.00423,0.44408,0.28541,0.13429,0.13333,0.09412,0.23813,11,0,none,a0:none:109
2,11084,combined_abort_stress_2_11084_0,combined_abort_stress,conformal_abort_risk_filter,0.55,0.08,1,1,1,1,3,0,6.06520,0.84471,0.13927,6.62520,-0.00373,0.45941,0.29820,0.11222,0.11088,0.11275,0.17375,11,0,none,a0:unstable_slip:88;a1:force_limit:34;a2:none:120
2,11084,combined_abort_stress_2_11084_0,combined_abort_stress,kernel_trace_constraint_classifier,0.55,0.08,0,1,1,1,6,1,7.15795,0.84471,0.04130,8.37795,-0.01452,0.37288,0.22917,0.24340,0.24730,1.00000,0.37438,11,0,no_path,a0:fixture_snag:59;a1:human_stop:37;a2:fixture_snag:53;a3:force_limit:58;a4:visible_collision:89;a5:no_path
2,11084,combined_abort_stress_2_11084_0,combined_abort_stress,particle_constraint_belief,0.55,0.08,1,0,0,0,1,0,2.41763,0.84471,0.34939,2.41763,0.00969,0.45205,0.29204,0.12939,0.12044,0.07285,0.22312,11,0,none,a0:none:110
2,11084,combined_abort_stress_2_11084_0,combined_abort_stress,abort_constraint_discovery_v5,0.55,0.08,1,0,0,0,1,0,2.75619,0.84471,0.30648,2.75619,0.01756,0.52550,0.35639,0.13517,0.16807,0.10610,0.26250,11,0,none,a0:none:114
2,11084,combined_abort_stress_2_11084_0,combined_abort_stress,oracle_constraints,0.55,0.08,1,0,0,0,1,0,2.61723,0.84471,0.32275,2.61723,0.00626,1.00000,1.00000,0.02205,0.07300,0.02592,0.14188,11,0,none,a0:none:113
2,11085,combined_abort_stress_2_11085_0,combined_abort_stress,constraint_classifier,0.55,0.08,1,1,1,1,3,0,5.43702,0.84024,0.15454,5.99702,-0.02300,0.50489,0.33769,0.12537,0.15849,0.07906,0.24938,11,0,none,a0:human_stop:44;a1:unstable_slip:23;a2:none:120
2,11085,combined_abort_stress_2_11085_0,combined_abort_stress,risk_filter_uncertainty,0.55,0.08,0,1,1,1,6,0,5.77214,0.84024,0.05095,7.09214,-0.02504,0.50193,0.33505,0.10519,0.10677,0.22147,0.18937,11,0,unstable_slip,a0:human_stop:37;a1:visible_collision:23;a2:collision_margin:37;a3:collision_margin:41;a4:visible_collision:69;a5:unstable_slip:27
2,11085,combined_abort_stress_2_11085_0,combined_abort_stress,robust_barrier_mpc,0.55,0.08,1,0,0,0,1,0,3.56317,0.84024,0.23581,3.56317,0.01821,0.47315,0.30989,0.11480,0.12105,0.04510,0.23813,11,0,none,a0:none:120
2,11085,combined_abort_stress_2_11085_0,combined_abort_stress,conformal_abort_risk_filter,0.55,0.08,1,1,0,0,2,0,4.65719,0.84024,0.18042,4.93719,-0.01964,0.51869,0.35016,0.09291,0.08004,0.06384,0.13312,11,0,none,a0:human_stop:42;a1:none:120
2,11085,combined_abort_stress_2_11085_0,combined_abort_stress,kernel_trace_constraint_classifier,0.55,0.08,1,1,0,0,2,0,4.52088,0.84024,0.18586,4.80088,-0.00204,0.37143,0.22807,0.17695,0.18226,0.05862,0.30312,11,0,none,a0:human_stop:46;a1:none:120
2,11085,combined_abort_stress_2_11085_0,combined_abort_stress,particle_constraint_belief,0.55,0.08,1,0,0,0,1,0,4.17313,0.84024,0.20135,4.17313,0.02401,0.46904,0.30637,0.10974,0.10724,0.04621,0.19875,11,0,none,a0:none:120
2,11085,combined_abort_stress_2_11085_0,combined_abort_stress,abort_constraint_discovery_v5,0.55,0.08,1,0,0,0,1,0,3.53196,0.84024,0.23790,3.53196,0.01888,0.58101,0.40945,0.13769,0.23919,0.14118,0.31312,11,0,none,a0:none:120
2,11085,combined_abort_stress_2_11085_0,combined_abort_stress,oracle_constraints,0.55,0.08,0,1,1,1,6,0,8.22546,0.84024,0.03575,9.54546,0.01731,1.00000,1.00000,0.01877,0.06280,0.00943,0.13437,11,0,visible_collision,a0:visible_collision:25;a1:visible_collision:60;a2:visible_collision:59;a3:visible_collision:60;a4:visible_collision:60;a5:visible_collision:62
2,11086,combined_abort_stress_2_11086_0,combined_abort_stress,constraint_classifier,0.55,0.08,0,1,1,1,6,0,16.08285,0.84220,0.01833,17.40285,-0.01347,0.36213,0.22110,0.19814,0.25603,0.09164,0.39937,11,0,unstable_slip,a0:visible_collision:52;a1:collision_margin:47;a2:force_limit:54;a3:unstable_slip:120;a4:visible_collision:116;a5:unstable_slip:120
2,11086,combined_abort_stress_2_11086_0,combined_abort_stress,risk_filter_uncertainty,0.55,0.08,0,1,1,1,6,0,7.95667,0.84220,0.03705,9.27667,-0.02115,0.48771,0.32250,0.11252,0.13946,0.29600,0.20187,11,0,visible_collision,a0:visible_collision:38;a1:collision_margin:46;a2:collision_margin:36;a3:unstable_slip:74;a4:unstable_slip:76;a5:visible_collision:53
2,11086,combined_abort_stress_2_11086_0,combined_abort_stress,robust_barrier_mpc,0.55,0.08,0,1,1,1,6,0,13.69845,0.84220,0.02152,15.01845,-0.01931,0.42799,0.27226,0.16032,0.21050,0.29914,0.33563,11,0,unstable_slip,a0:unstable_slip:89;a1:force_limit:56;a2:unstable_slip:120;a3:unstable_slip:87;a4:unstable_slip:86;a5:unstable_slip:89
2,11086,combined_abort_stress_2_11086_0,combined_abort_stress,conformal_abort_risk_filter,0.55,0.08,0,1,1,1,6,0,7.48454,0.84220,0.03938,8.80454,-0.01652,0.38150,0.23571,0.11899,0.11879,0.20901,0.19562,11,0,fixture_snag,a0:unstable_slip:74;a1:visible_collision:53;a2:visible_collision:29;a3:collision_margin:51;a4:visible_collision:57;a5:fixture_snag:47
2,11086,combined_abort_stress_2_11086_0,combined_abort_stress,kernel_trace_constraint_classifier,0.55,0.08,0,1,1,1,5,1,10.08171,0.84220,0.02924,11.08171,-0.03169,0.34641,0.20949,0.26527,0.29156,1.00000,0.44500,11,0,no_path,a0:unstable_slip:81;a1:unstable_slip:79;a2:unstable_slip:76;a3:unstable_slip:120;a4:no_path
2,11086,combined_abort_stress_2_11086_0,combined_abort_stress,particle_constraint_belief,0.55,0.08,0,1,1,1,6,0,14.66713,0.84220,0.02010,15.98713,-0.01960,0.42190,0.26734,0.16134,0.21567,0.13094,0.33937,11,0,unstable_slip,a0:unstable_slip:81;a1:unstable_slip:98;a2:unstable_slip:82;a3:unstable_slip:83;a4:unstable_slip:84;a5:unstable_slip:120
2,11086,combined_abort_stress_2_11086_0,combined_abort_stress,abort_constraint_discovery_v5,0.55,0.08,0,1,1,1,3,1,8.69949,0.84220,0.03388,9.25949,-0.00521,0.38038,0.23486,0.22781,0.26625,1.00000,0.39375,11,0,no_path,a0:unstable_slip:120;a1:unstable_slip:120;a2:no_path
2,11086,combined_abort_stress_2_11086_0,combined_abort_stress,oracle_constraints,0.55,0.08,0,1,1,1,6,0,6.34934,0.84220,0.04643,7.66934,-0.01544,1.00000,1.00000,0.02114,0.07266,0.06966,0.12875,11,0,unstable_slip,a0:visible_collision:19;a1:visible_collision:16;a2:unstable_slip:93;a3:visible_collision:18;a4:visible_collision:16;a5:unstable_slip:94
2,11087,combined_abort_stress_2_11087_0,combined_abort_stress,constraint_classifier,0.55,0.08,1,1,0,1,2,0,2.69196,0.83513,0.31023,2.97196,0.02567,0.42404,0.26907,0.13912,0.17087,0.21083,0.24813,11,0,none,a0:visible_collision:23;a1:none:91
2,11087,combined_abort_stress_2_11087_0,combined_abort_stress,risk_filter_uncertainty,0.55,0.08,1,1,0,1,2,0,4.06790,0.83513,0.20530,4.34790,-0.01524,0.48539,0.32047,0.09748,0.10010,0.14187,0.15188,11,0,none,a0:collision_margin:60;a1:none:98
2,11087,combined_abort_stress_2_11087_0,combined_abort_stress,robust_barrier_mpc,0.55,0.08,1,0,0,0,1,0,2.47124,0.83513,0.33794,2.47124,0.03684,0.41414,0.26115,0.12660,0.13841,0.15037,0.24500,11,0,none,a0:none:108
2,11087,combined_abort_stress_2_11087_0,combined_abort_stress,conformal_abort_risk_filter,0.55,0.08,1,0,0,0,1,0,2.08574,0.83513,0.40040,2.08574,0.03910,0.43284,0.27619,0.09976,0.09429,0.13412,0.12500,11,0,none,a0:none:92
2,11087,combined_abort_stress_2_11087_0,combined_abort_stress,kernel_trace_constraint_classifier,0.55,0.08,1,0,0,0,1,0,2.38162,0.83513,0.35066,2.38162,0.01953,0.34795,0.21062,0.18130,0.20472,0.15184,0.30125,11,0,none,a0:none:107
2,11087,combined_abort_stress_2_11087_0,combined_abort_stress,particle_constraint_belief,0.55,0.08,1,0,0,0,1,0,2.45216,0.83513,0.34057,2.45216,0.02300,0.43985,0.28193,0.11760,0.13031,0.13666,0.20625,11,0,none,a0:none:106
2,11087,combined_abort_stress_2_11087_0,combined_abort_stress,abort_constraint_discovery_v5,0.55,0.08,1,0,0,0,1,0,2.39037,0.83513,0.34937,2.39037,0.02860,0.48849,0.32318,0.17473,0.28391,0.17779,0.36250,11,0,none,a0:none:98
2,11087,combined_abort_stress_2_11087_0,combined_abort_stress,oracle_constraints,0.55,0.08,1,1,1,1,5,0,4.00128,0.83513,0.20872,5.12128,0.02936,1.00000,1.00000,0.01902,0.06472,0.00824,0.12625,11,0,none,a0:visible_collision:18;a1:visible_collision:20;a2:visible_collision:17;a3:visible_collision:16;a4:none:88
3,11080,combined_abort_stress_3_11080_1,combined_abort_stress,constraint_classifier,0.55,0.08,0,1,1,1,6,0,7.97868,0.88449,0.03880,9.29868,-0.02552,0.39895,0.24918,0.17441,0.21757,0.27933,0.34187,11,0,collision_margin,a0:unstable_slip:69;a1:collision_margin:43;a2:fixture_snag:49;a3:collision_margin:51;a4:fixture_snag:69;a5:collision_margin:46
3,11080,combined_abort_stress_3_11080_1,combined_abort_stress,risk_filter_uncertainty,0.55,0.08,0,1,1,1,6,0,5.66771,0.88449,0.05462,6.98771,-0.01975,0.33006,0.19765,0.13487,0.13260,0.21632,0.18375,11,0,human_stop,a0:collision_margin:40;a1:visible_collision:37;a2:fixture_snag:51;a3:human_stop:20;a4:collision_margin:43;a5:human_stop:31
3,11080,combined_abort_stress_3_11080_1,combined_abort_stress,robust_barrier_mpc,0.55,0.08,1,0,0,0,1,0,2.43111,0.88449,0.36382,2.43111,0.00226,0.34343,0.20732,0.14312,0.12040,0.12667,0.23688,11,0,none,a0:none:100
3,11080,combined_abort_stress_3_11080_1,combined_abort_stress,conformal_abort_risk_filter,0.55,0.08,0,1,1,1,6,0,7.50237,0.88449,0.04126,8.82237,-0.01074,0.39692,0.24760,0.12003,0.12345,0.13440,0.19000,11,0,fixture_snag,a0:unstable_slip:64;a1:collision_margin:41;a2:fixture_snag:49;a3:fixture_snag:47;a4:collision_margin:31;a5:fixture_snag:70
3,11080,combined_abort_stress_3_11080_1,combined_abort_stress,kernel_trace_constraint_classifier,0.55,0.08,0,1,1,1,6,0,11.48226,0.88449,0.02696,12.80226,-0.02404,0.26911,0.15547,0.29363,0.30814,0.20156,0.44625,11,0,fixture_snag,a0:visible_collision:63;a1:collision_margin:49;a2:fixture_snag:54;a3:visible_collision:120;a4:human_stop:114;a5:fixture_snag:73
3,11080,combined_abort_stress_3_11080_1,combined_abort_stress,particle_constraint_belief,0.55,0.08,0,1,1,1,6,0,9.16459,0.88449,0.03378,10.48459,-0.01730,0.30791,0.18197,0.18173,0.20854,0.31307,0.31625,11,0,collision_margin,a0:visible_collision:53;a1:collision_margin:43;a2:fixture_snag:54;a3:visible_collision:120;a4:fixture_snag:71;a5:collision_margin:33
3,11080,combined_abort_stress_3_11080_1,combined_abort_stress,abort_constraint_discovery_v5,0.55,0.08,0,1,1,0,3,1,1.72436,0.88449,0.17953,2.28436,-0.00272,0.43533,0.27823,0.15568,0.14778,1.00000,0.26188,11,0,no_path,a0:collision_margin:30;a1:collision_margin:43;a2:no_path
3,11080,combined_abort_stress_3_11080_1,combined_abort_stress,oracle_constraints,0.55,0.08,1,0,0,0,1,0,2.49740,0.88449,0.35416,2.49740,0.02226,1.00000,1.00000,0.02236,0.07317,0.01356,0.13437,11,0,none,a0:none:101
3,11081,combined_abort_stress_3_11081_0,combined_abort_stress,constraint_classifier,0.55,0.08,1,1,1,1,4,0,5.74382,0.83572,0.14550,6.58382,-0.02005,0.49927,0.33268,0.13521,0.19731,0.20880,0.30375,11,0,none,a0:visible_collision:25;a1:unstable_slip:39;a2:collision_margin:45;a3:none:120
3,11081,combined_abort_stress_3_11081_0,combined_abort_stress,risk_filter_uncertainty,0.55,0.08,0,1,1,1,6,0,4.56040,0.83572,0.06414,5.88040,-0.02346,0.54867,0.37805,0.08633,0.10212,0.24289,0.16062,11,0,unstable_slip,a0:collision_margin:42;a1:collision_margin:46;a2:force_limit:29;a3:force_limit:28;a4:unstable_slip:28;a5:unstable_slip:27
3,11081,combined_abort_stress_3_11081_0,combined_abort_stress,robust_barrier_mpc,0.55,0.08,1,0,0,0,1,0,3.38869,0.83572,0.24662,3.38869,0.02582,0.46205,0.30043,0.12123,0.14919,0.08517,0.25688,11,0,none,a0:none:120
3,11081,combined_abort_stress_3_11081_0,combined_abort_stress,conformal_abort_risk_filter,0.55,0.08,0,1,1,1,6,0,4.62303,0.83572,0.06327,5.94303,-0.01327,0.48780,0.32258,0.09941,0.12207,0.24916,0.16000,11,0,force_limit,a0:visible_collision:21;a1:force_limit:36;a2:force_limit:34;a3:force_limit:35;a4:human_stop:13;a5:force_limit:38
3,11081,combined_abort_stress_3_11081_0,combined_abort_stress,kernel_trace_constraint_classifier,0.55,0.08,1,1,1,1,3,0,5.53380,0.83572,0.15102,6.09380,-0.00778,0.35904,0.21880,0.21502,0.24303,0.17910,0.37250,11,0,none,a0:visible_collision:24;a1:fixture_snag:78;a2:none:120
3,11081,combined_abort_stress_3_11081_0,combined_abort_stress,particle_constraint_belief,0.55,0.08,1,1,0,1,2,0,3.90483,0.83572,0.21402,4.18483,0.01825,0.44034,0.28233,0.12171,0.15330,0.10837,0.25000,11,0,none,a0:visible_collision:22;a1:none:120
3,11081,combined_abort_stress_3_11081_0,combined_abort_stress,abort_constraint_discovery_v5,0.55,0.08,0,1,0,1,2,1,1.55910,0.83572,0.18761,1.89910,-0.02894,0.52210,0.35327,0.16297,0.26287,1.00000,0.33063,11,0,no_path,a0:collision_margin:63;a1:no_path
3,11081,combined_abort_stress_3_11081_0,combined_abort_stress,oracle_constraints,0.55,0.08,1,0,0,0,1,0,2.41372,0.83572,0.34624,2.41372,0.03319,1.00000,1.00000,0.01632,0.05508,0.00966,0.12187,11,0,none,a0:none:106
3,11082,combined_abort_stress_3_11082_0,combined_abort_stress,constraint_classifier,0.55,0.08,0,1,1,1,6,0,7.43287,0.87028,0.04098,8.75287,-0.02089,0.32632,0.19497,0.19719,0.20991,0.26244,0.33125,11,0,collision_margin,a0:collision_margin:34;a1:fixture_snag:46;a2:collision_margin:33;a3:fixture_snag:40;a4:visible_collision:101;a5:collision_margin:39
3,11082,combined_abort_stress_3_11082_0,combined_abort_stress,risk_filter_uncertainty,0.55,0.08,0,1,1,1,6,0,5.92681,0.87028,0.05139,7.24681,-0.03123,0.42164,0.26714,0.12465,0.11194,0.22828,0.19125,11,0,fixture_snag,a0:collision_margin:31;a1:fixture_snag:42;a2:fixture_snag:37;a3:collision_margin:36;a4:unstable_slip:58;a5:fixture_snag:41
3,11082,combined_abort_stress_3_11082_0,combined_abort_stress,robust_barrier_mpc,0.55,0.08,1,1,1,1,4,0,6.78123,0.87028,0.12834,7.62123,-0.01262,0.33642,0.20223,0.16434,0.15066,0.11458,0.26125,11,0,none,a0:fixture_snag:43;a1:collision_margin:43;a2:fixture_snag:47;a3:none:120
3,11082,combined_abort_stress_3_11082_0,combined_abort_stress,conformal_abort_risk_filter,0.55,0.08,0,1,1,1,6,0,5.62738,0.87028,0.05413,6.94738,-0.01956,0.36478,0.22308,0.13117,0.09577,0.19577,0.15438,11,0,human_stop,a0:collision_margin:33;a1:fixture_snag:45;a2:collision_margin:32;a3:fixture_snag:39;a4:human_stop:38;a5:human_stop:39
3,11082,combined_abort_stress_3_11082_0,combined_abort_stress,kernel_trace_constraint_classifier,0.55,0.08,1,1,1,1,3,0,5.23503,0.87028,0.16624,5.79503,-0.02438,0.29640,0.17398,0.22924,0.22107,0.09065,0.32438,11,0,none,a0:collision_margin:32;a1:fixture_snag:49;a2:none:120
3,11082,combined_abort_stress_3_11082_0,combined_abort_stress,particle_constraint_belief,0.55,0.08,1,1,1,1,3,0,5.32789,0.87028,0.16335,5.88789,-0.00709,0.35216,0.21371,0.15478,0.14008,0.10258,0.23250,11,0,none,a0:collision_margin:35;a1:fixture_snag:42;a2:none:120
3,11082,combined_abort_stress_3_11082_0,combined_abort_stress,abort_constraint_discovery_v5,0.55,0.08,1,1,1,1,4,0,6.78609,0.87028,0.12825,7.62609,-0.01327,0.39112,0.24310,0.19067,0.19634,0.15358,0.30688,11,0,none,a0:visible_collision:50;a1:collision_margin:48;a2:collision_margin:35;a3:none:120
3,11082,combined_abort_stress_3_11082_0,combined_abort_stress,oracle_constraints,0.55,0.08,1,1,0,0,2,0,2.67740,0.87028,0.32505,2.95740,-0.00017,1.00000,1.00000,0.02189,0.07514,0.03723,0.14375,11,0,none,a0:collision_margin:35;a1:none:76
3,11083,combined_abort_stress_3_11083_0,combined_abort_stress,constraint_classifier,0.55,0.08,1,0,0,0,1,0,2.45796,0.84470,0.34366,2.45796,0.01995,0.35313,0.21442,0.17405,0.17143,0.12468,0.24875,11,0,none,a0:none:101
3,11083,combined_abort_stress_3_11083_0,combined_abort_stress,risk_filter_uncertainty,0.55,0.08,0,1,1,1,6,0,7.13077,0.84470,0.04146,8.45077,-0.01197,0.40138,0.25108,0.14221,0.10584,0.24739,0.21000,11,0,collision_margin,a0:visible_collision:45;a1:collision_margin:36;a2:human_stop:58;a3:fixture_snag:62;a4:collision_margin:37;a5:collision_margin:37
3,11083,combined_abort_stress_3_11083_0,combined_abort_stress,robust_barrier_mpc,0.55,0.08,1,0,0,0,1,0,2.59829,0.84470,0.32510,2.59829,0.02710,0.36850,0.22587,0.15809,0.14779,0.08828,0.24563,11,0,none,a0:none:113
3,11083,combined_abort_stress_3_11083_0,combined_abort_stress,conformal_abort_risk_filter,0.55,0.08,1,0,0,0,1,0,2.10483,0.84470,0.40131,2.10483,0.02411,0.36902,0.22626,0.13623,0.11037,0.09477,0.12312,11,0,none,a0:none:97
3,11083,combined_abort_stress_3_11083_0,combined_abort_stress,kernel_trace_constraint_classifier,0.55,0.08,1,0,0,0,1,0,2.56212,0.84470,0.32969,2.56212,0.01643,0.30204,0.17788,0.21891,0.21900,0.08698,0.30812,11,0,none,a0:none:109
3,11083,combined_abort_stress_3_11083_0,combined_abort_stress,particle_constraint_belief,0.55,0.08,1,0,0,0,1,0,2.41398,0.84470,0.34992,2.41398,0.01433,0.35434,0.21532,0.15481,0.14728,0.09496,0.21563,11,0,none,a0:none:107
3,11083,combined_abort_stress_3_11083_0,combined_abort_stress,abort_constraint_discovery_v5,0.55,0.08,1,0,0,0,1,0,2.66445,0.84470,0.31702,2.66445,0.03419,0.48907,0.32369,0.15808,0.18568,0.20806,0.30625,11,0,none,a0:none:114
3,11083,combined_abort_stress_3_11083_0,combined_abort_stress,oracle_constraints,0.55,0.08,1,0,0,0,1,0,2.30610,0.84470,0.36629,2.30610,0.02528,1.00000,1.00000,0.02302,0.07473,0.02239,0.15125,11,0,none,a0:none:92
3,11084,combined_abort_stress_3_11084_0,combined_abort_stress,constraint_classifier,0.55,0.08,1,1,0,1,2,0,3.71997,0.85286,0.22926,3.99997,-0.01092,0.42640,0.27097,0.13430,0.17805,0.16719,0.25938,11,0,none,a0:fixture_snag:48;a1:none:110
3,11084,combined_abort_stress_3_11084_0,combined_abort_stress,risk_filter_uncertainty,0.55,0.08,1,1,1,1,3,0,4.83358,0.85286,0.17644,5.39358,-0.00357,0.48366,0.31897,0.09467,0.12334,0.13002,0.17688,11,0,none,a0:force_limit:55;a1:fixture_snag:43;a2:none:106
3,11084,combined_abort_stress_3_11084_0,combined_abort_stress,robust_barrier_mpc,0.55,0.08,1,0,0,0,1,0,2.59316,0.85286,0.32889,2.59316,0.02932,0.40942,0.25740,0.11386,0.13272,0.12883,0.23500,11,0,none,a0:none:109
3,11084,combined_abort_stress_3_11084_0,combined_abort_stress,conformal_abort_risk_filter,0.55,0.08,1,1,0,1,2,0,3.89895,0.85286,0.21874,4.17895,-0.02909,0.44917,0.28963,0.09217,0.09787,0.13146,0.15438,11,0,none,a0:fixture_snag:48;a1:none:109
3,11084,combined_abort_stress_3_11084_0,combined_abort_stress,kernel_trace_constraint_classifier,0.55,0.08,1,0,0,0,1,0,2.67841,0.85286,0.31842,2.67841,0.01574,0.35913,0.21887,0.17306,0.20117,0.12680,0.29375,11,0,none,a0:none:114
3,11084,combined_abort_stress_3_11084_0,combined_abort_stress,particle_constraint_belief,0.55,0.08,1,0,0,0,1,0,2.72315,0.85286,0.31319,2.72315,0.02076,0.44758,0.28831,0.10716,0.13018,0.13376,0.20000,11,0,none,a0:none:112
3,11084,combined_abort_stress_3_11084_0,combined_abort_stress,abort_constraint_discovery_v5,0.55,0.08,0,0,0,0,1,1,0.00000,0.85286,0.00000,0.12000,1.00000,0.48074,0.31643,0.15490,0.23067,1.00000,0.29563,11,0,no_path,a0:no_path
3,11084,combined_abort_stress_3_11084_0,combined_abort_stress,oracle_constraints,0.55,0.08,0,1,1,1,6,0,9.55513,0.85286,0.03124,10.87513,0.01973,1.00000,1.00000,0.01772,0.06112,0.01800,0.11000,11,0,visible_collision,a0:visible_collision:67;a1:visible_collision:63;a2:visible_collision:65;a3:visible_collision:62;a4:visible_collision:62;a5:visible_collision:64
3,11085,combined_abort_stress_3_11085_0,combined_abort_stress,constraint_classifier,0.55,0.08,1,0,0,0,1,0,1.78412,0.84314,0.47258,1.78412,0.02807,0.40445,0.25349,0.12884,0.18890,0.12129,0.23875,11,0,none,a0:none:84
3,11085,combined_abort_stress_3_11085_0,combined_abort_stress,risk_filter_uncertainty,0.55,0.08,1,1,1,1,3,0,3.82009,0.84314,0.22071,4.38009,-0.01956,0.47317,0.30990,0.09430,0.13057,0.19147,0.15812,11,0,none,a0:fixture_snag:40;a1:fixture_snag:37;a2:none:76
3,11085,combined_abort_stress_3_11085_0,combined_abort_stress,robust_barrier_mpc,0.55,0.08,1,0,0,0,1,0,1.86940,0.84314,0.45102,1.86940,0.00852,0.42412,0.26914,0.11249,0.15280,0.09650,0.22312,11,0,none,a0:none:84
3,11085,combined_abort_stress_3_11085_0,combined_abort_stress,conformal_abort_risk_filter,0.55,0.08,1,0,0,0,1,0,1.82489,0.84314,0.46202,1.82489,0.01112,0.43716,0.27972,0.08870,0.10945,0.09002,0.13062,11,0,none,a0:none:84
3,11085,combined_abort_stress_3_11085_0,combined_abort_stress,kernel_trace_constraint_classifier,0.55,0.08,1,0,0,0,1,0,1.86216,0.84314,0.45277,1.86216,0.01466,0.33333,0.20000,0.17218,0.21349,0.07936,0.29187,11,0,none,a0:none:84
3,11085,combined_abort_stress_3_11085_0,combined_abort_stress,particle_constraint_belief,0.55,0.08,1,0,0,0,1,0,2.16257,0.84314,0.38988,2.16257,0.00090,0.43154,0.27513,0.10866,0.15069,0.08002,0.20312,11,0,none,a0:none:86
3,11085,combined_abort_stress_3_11085_0,combined_abort_stress,abort_constraint_discovery_v5,0.55,0.08,1,0,0,0,1,0,4.12948,0.84314,0.20418,4.12948,0.03603,0.43952,0.28165,0.12696,0.15911,0.04038,0.21188,11,0,none,a0:none:120
3,11085,combined_abort_stress_3_11085_0,combined_abort_stress,oracle_constraints,0.55,0.08,1,1,0,1,2,0,3.05540,0.84314,0.27595,3.33540,0.02814,1.00000,1.00000,0.01535,0.05238,0.00906,0.09813,11,0,none,a0:visible_collision:49;a1:none:76
3,11086,combined_abort_stress_3_11086_0,combined_abort_stress,constraint_classifier,0.55,0.08,0,1,1,1,6,0,6.72279,0.84264,0.04387,8.04279,-0.02556,0.41916,0.26515,0.18021,0.19607,0.29757,0.36188,11,0,human_stop,a0:force_limit:72;a1:visible_collision:48;a2:human_stop:27;a3:human_stop:40;a4:human_stop:43;a5:human_stop:41
3,11086,combined_abort_stress_3_11086_0,combined_abort_stress,risk_filter_uncertainty,0.55,0.08,1,1,1,1,4,0,7.12543,0.84264,0.11826,7.96543,-0.02752,0.50444,0.33729,0.11310,0.09839,0.14223,0.19187,11,0,none,a0:force_limit:73;a1:visible_collision:38;a2:force_limit:69;a3:none:104
3,11086,combined_abort_stress_3_11086_0,combined_abort_stress,robust_barrier_mpc,0.55,0.08,1,1,0,1,2,0,5.79777,0.84264,0.14534,6.07777,-0.00084,0.42507,0.26990,0.15240,0.15043,0.06314,0.29875,11,0,none,a0:force_limit:75;a1:none:120
3,11086,combined_abort_stress_3_11086_0,combined_abort_stress,conformal_abort_risk_filter,0.55,0.08,0,1,1,1,6,0,6.80530,0.84264,0.04334,8.12530,-0.01497,0.39223,0.24396,0.13817,0.10524,0.20565,0.19375,11,0,human_stop,a0:force_limit:69;a1:visible_collision:53;a2:human_stop:28;a3:human_stop:42;a4:human_stop:43;a5:human_stop:44
3,11086,combined_abort_stress_3_11086_0,combined_abort_stress,kernel_trace_constraint_classifier,0.55,0.08,1,1,1,1,3,0,7.26837,0.84264,0.11593,7.82837,-0.00891,0.35400,0.21507,0.23215,0.22116,0.09507,0.39437,11,0,none,a0:force_limit:83;a1:visible_collision:64;a2:none:120
3,11086,combined_abort_stress_3_11086_0,combined_abort_stress,particle_constraint_belief,0.55,0.08,1,1,1,1,3,0,7.49683,0.84264,0.11240,8.05683,-0.01625,0.45924,0.29806,0.14824,0.16210,0.07919,0.30000,11,0,none,a0:force_limit:74;a1:force_limit:67;a2:none:120
3,11086,combined_abort_stress_3_11086_0,combined_abort_stress,abort_constraint_discovery_v5,0.55,0.08,1,0,0,0,1,0,4.44999,0.84264,0.18936,4.44999,0.00567,0.43008,0.27395,0.18898,0.19784,0.05323,0.31375,11,0,none,a0:none:120
3,11086,combined_abort_stress_3_11086_0,combined_abort_stress,oracle_constraints,0.55,0.08,1,0,0,0,1,0,2.38254,0.84264,0.35367,2.38254,0.02292,1.00000,1.00000,0.02505,0.08207,0.02811,0.16000,11,0,none,a0:none:95
3,11087,combined_abort_stress_3_11087_0,combined_abort_stress,constraint_classifier,0.55,0.08,1,0,0,0,1,0,2.65813,0.84985,0.31972,2.65813,0.03728,0.36582,0.22385,0.16641,0.15775,0.19919,0.27563,11,0,none,a0:none:103
3,11087,combined_abort_stress_3_11087_0,combined_abort_stress,risk_filter_uncertainty,0.55,0.08,1,0,0,0,1,0,2.51154,0.84985,0.33838,2.51154,0.02757,0.41126,0.25886,0.11678,0.09436,0.13939,0.14750,11,0,none,a0:none:101
3,11087,combined_abort_stress_3_11087_0,combined_abort_stress,robust_barrier_mpc,0.55,0.08,0,1,1,1,6,0,9.02346,0.84985,0.03296,10.34346,-0.01917,0.43636,0.27907,0.14637,0.16798,0.20282,0.30562,11,0,fixture_snag,a0:force_limit:102;a1:visible_collision:54;a2:human_stop:49;a3:fixture_snag:51;a4:fixture_snag:55;a5:fixture_snag:56
3,11087,combined_abort_stress_3_11087_0,combined_abort_stress,conformal_abort_risk_filter,0.55,0.08,1,0,0,0,1,0,2.36772,0.84985,0.35893,2.36772,0.02404,0.37917,0.23393,0.12538,0.08893,0.15096,0.15875,11,0,none,a0:none:101
3,11087,combined_abort_stress_3_11087_0,combined_abort_stress,kernel_trace_constraint_classifier,0.55,0.08,1,0,0,0,1,0,2.40111,0.84985,0.35394,2.40111,0.02407,0.32873,0.19669,0.21805,0.21328,0.18988,0.31125,11,0,none,a0:none:103
3,11087,combined_abort_stress_3_11087_0,combined_abort_stress,particle_constraint_belief,0.55,0.08,1,0,0,0,1,0,2.41170,0.84985,0.35239,2.41170,0.03370,0.37062,0.22746,0.14623,0.13306,0.16505,0.23312,11,0,none,a0:none:106
3,11087,combined_abort_stress_3_11087_0,combined_abort_stress,abort_constraint_discovery_v5,0.55,0.08,0,0,0,0,1,1,0.00000,0.84985,0.00000,0.12000,1.00000,0.39763,0.24815,0.18964,0.19811,1.00000,0.28000,11,0,no_path,a0:no_path
3,11087,combined_abort_stress_3_11087_0,combined_abort_stress,oracle_constraints,0.55,0.08,0,1,1,1,6,0,6.02375,0.84985,0.04938,7.34375,0.04434,1.00000,1.00000,0.02240,0.07220,0.00913,0.14125,11,0,visible_collision,a0:visible_collision:43;a1:visible_collision:41;a2:visible_collision:42;a3:visible_collision:42;a4:visible_collision:41;a5:visible_collision:43
4,11080,combined_abort_stress_4_11080_0,combined_abort_stress,constraint_classifier,0.55,0.08,1,1,1,1,6,0,9.18216,0.85430,0.09304,10.58216,-0.01411,0.50480,0.33761,0.14254,0.22985,0.12880,0.34000,11,0,none,a0:human_stop:41;a1:visible_collision:41;a2:human_stop:41;a3:visible_collision:36;a4:force_limit:50;a5:none:120
4,11080,combined_abort_stress_4_11080_0,combined_abort_stress,risk_filter_uncertainty,0.55,0.08,1,1,1,1,3,0,4.61777,0.85430,0.18500,5.17777,-0.01237,0.59751,0.42604,0.08228,0.12215,0.12656,0.18563,11,0,none,a0:human_stop:38;a1:force_limit:55;a2:none:104
4,11080,combined_abort_stress_4_11080_0,combined_abort_stress,robust_barrier_mpc,0.55,0.08,1,0,0,0,1,0,3.83544,0.85430,0.22274,3.83544,0.01726,0.52443,0.35541,0.10965,0.15560,0.08914,0.26813,11,0,none,a0:none:120
4,11080,combined_abort_stress_4_11080_0,combined_abort_stress,conformal_abort_risk_filter,0.55,0.08,0,1,1,1,6,0,4.85155,0.85430,0.06163,6.17155,-0.03035,0.59350,0.42197,0.09254,0.13668,0.26174,0.19187,11,0,force_limit,a0:force_limit:43;a1:visible_collision:42;a2:human_stop:35;a3:force_limit:20;a4:human_stop:35;a5:force_limit:18
4,11080,combined_abort_stress_4_11080_0,combined_abort_stress,kernel_trace_constraint_classifier,0.55,0.08,1,0,0,0,1,0,2.78122,0.85430,0.30717,2.78122,0.03048,0.40957,0.25753,0.18356,0.24131,0.16312,0.35437,11,0,none,a0:none:118
4,11080,combined_abort_stress_4_11080_0,combined_abort_stress,particle_constraint_belief,0.55,0.08,1,1,1,1,4,0,7.79010,0.85430,0.10966,8.63010,-0.01116,0.48523,0.32033,0.12318,0.18329,0.09578,0.28625,11,0,none,a0:visible_collision:66;a1:human_stop:44;a2:visible_collision:46;a3:none:120
4,11080,combined_abort_stress_4_11080_0,combined_abort_stress,abort_constraint_discovery_v5,0.55,0.08,0,0,0,0,1,1,0.00000,0.85430,0.00000,0.12000,1.00000,0.49264,0.32682,0.17519,0.28130,1.00000,0.35125,11,0,no_path,a0:no_path
4,11080,combined_abort_stress_4_11080_0,combined_abort_stress,oracle_constraints,0.55,0.08,1,0,0,0,1,0,2.29003,0.85430,0.37305,2.29003,0.03670,1.00000,1.00000,0.01960,0.06547,0.01245,0.11563,11,0,none,a0:none:98
4,11081,combined_abort_stress_4_11081_0,combined_abort_stress,constraint_classifier,0.55,0.08,1,0,0,0,1,0,2.82291,0.82971,0.29392,2.82291,0.02705,0.35775,0.21784,0.15793,0.16225,0.13588,0.23938,11,0,none,a0:none:120
4,11081,combined_abort_stress_4_11081_0,combined_abort_stress,risk_filter_uncertainty,0.55,0.08,0,1,1,1,6,0,8.21612,0.82971,0.03535,9.53612,-0.01659,0.40364,0.25285,0.12504,0.13205,0.19223,0.21625,11,0,fixture_snag,a0:fixture_snag:46;a1:collision_margin:54;a2:visible_collision:67;a3:human_stop:42;a4:fixture_snag:65;a5:fixture_snag:47
4,11081,combined_abort_stress_4_11081_0,combined_abort_stress,robust_barrier_mpc,0.55,0.08,1,0,0,0,1,0,3.31847,0.82971,0.25003,3.31847,0.02571,0.36998,0.22698,0.14027,0.13049,0.08488,0.23062,11,0,none,a0:none:120
4,11081,combined_abort_stress_4_11081_0,combined_abort_stress,conformal_abort_risk_filter,0.55,0.08,1,0,0,0,1,0,2.94814,0.82971,0.28144,2.94814,0.04185,0.36111,0.22034,0.11635,0.08339,0.09490,0.14250,11,0,none,a0:none:120
4,11081,combined_abort_stress_4_11081_0,combined_abort_stress,kernel_trace_constraint_classifier,0.55,0.08,1,0,0,0,1,0,3.51550,0.82971,0.23602,3.51550,0.02423,0.28614,0.16695,0.20962,0.20124,0.07623,0.29625,11,0,none,a0:none:120
4,11081,combined_abort_stress_4_11081_0,combined_abort_stress,particle_constraint_belief,0.55,0.08,1,0,0,0,1,0,3.15305,0.82971,0.26315,3.15305,0.02962,0.34944,0.21171,0.13992,0.12870,0.08984,0.20875,11,0,none,a0:none:120
4,11081,combined_abort_stress_4_11081_0,combined_abort_stress,abort_constraint_discovery_v5,0.55,0.08,1,0,0,0,1,0,3.02453,0.82971,0.27433,3.02453,0.03188,0.51351,0.34545,0.14646,0.21633,0.11449,0.28875,11,0,none,a0:none:118
4,11081,combined_abort_stress_4_11081_0,combined_abort_stress,oracle_constraints,0.55,0.08,1,1,1,1,3,0,2.75313,0.82971,0.30137,3.31313,0.00714,1.00000,1.00000,0.01918,0.06460,0.01865,0.12750,11,0,none,a0:visible_collision:18;a1:visible_collision:16;a2:none:83
4,11082,combined_abort_stress_4_11082_0,combined_abort_stress,constraint_classifier,0.55,0.08,1,1,1,1,4,0,5.91691,0.85002,0.14366,6.75691,-0.01529,0.39040,0.24254,0.15059,0.22758,0.25671,0.29063,10,1,none,a0:fixture_snag:45;a1:fixture_snag:40;a2:force_limit:58;a3:none:83
4,11082,combined_abort_stress_4_11082_0,combined_abort_stress,risk_filter_uncertainty,0.55,0.08,1,1,1,1,4,0,5.94437,0.85002,0.14300,6.78437,-0.01797,0.43683,0.27945,0.10676,0.15208,0.17028,0.19187,10,1,none,a0:fixture_snag:37;a1:fixture_snag:45;a2:unstable_slip:65;a3:none:94
4,11082,combined_abort_stress_4_11082_0,combined_abort_stress,robust_barrier_mpc,0.55,0.08,1,0,0,0,1,0,2.99529,0.85002,0.28378,2.99529,0.00550,0.28854,0.16859,0.14168,0.15477,0.03074,0.21625,10,1,none,a0:none:120
4,11082,combined_abort_stress_4_11082_0,combined_abort_stress,conformal_abort_risk_filter,0.55,0.08,1,1,1,1,4,0,5.63965,0.85002,0.15072,6.47965,-0.01265,0.47301,0.30976,0.10093,0.14343,0.17733,0.14313,10,1,none,a0:fixture_snag:45;a1:fixture_snag:39;a2:force_limit:58;a3:none:81
4,11082,combined_abort_stress_4_11082_0,combined_abort_stress,kernel_trace_constraint_classifier,0.55,0.08,1,1,1,1,4,0,6.11870,0.85002,0.13892,6.95870,-0.01606,0.31056,0.18382,0.21081,0.28439,0.23919,0.40313,10,1,none,a0:fixture_snag:46;a1:fixture_snag:43;a2:force_limit:58;a3:none:98
4,11082,combined_abort_stress_4_11082_0,combined_abort_stress,particle_constraint_belief,0.55,0.08,1,0,0,0,1,0,3.13443,0.85002,0.27119,3.13443,0.00453,0.31461,0.18667,0.12575,0.14106,0.04260,0.17813,10,1,none,a0:none:118
4,11082,combined_abort_stress_4_11082_0,combined_abort_stress,abort_constraint_discovery_v5,0.55,0.08,1,0,0,0,1,0,2.71359,0.85002,0.31324,2.71359,0.01518,0.32168,0.19167,0.13905,0.14517,0.02872,0.16812,10,1,none,a0:none:110
4,11082,combined_abort_stress_4_11082_0,combined_abort_stress,oracle_constraints,0.55,0.08,0,1,1,1,6,0,8.16832,0.85002,0.03642,9.48832,0.01868,1.00000,1.00000,0.01667,0.05595,0.01089,0.10000,10,1,visible_collision,a0:visible_collision:54;a1:visible_collision:54;a2:visible_collision:52;a3:visible_collision:56;a4:visible_collision:54;a5:visible_collision:56
4,11083,combined_abort_stress_4_11083_0,combined_abort_stress,constraint_classifier,0.55,0.08,1,0,0,0,1,0,2.37229,0.84179,0.35484,2.37229,0.03645,0.39735,0.24793,0.14805,0.16861,0.21290,0.25125,11,0,none,a0:none:88
4,11083,combined_abort_stress_4_11083_0,combined_abort_stress,risk_filter_uncertainty,0.55,0.08,1,0,0,0,1,0,2.02782,0.84179,0.41512,2.02782,0.03535,0.35443,0.21538,0.10844,0.08922,0.13427,0.12062,11,0,none,a0:none:87
4,11083,combined_abort_stress_4_11083_0,combined_abort_stress,robust_barrier_mpc,0.55,0.08,1,0,0,0,1,0,2.14095,0.84179,0.39319,2.14095,0.04310,0.40636,0.25499,0.13186,0.12512,0.19546,0.22750,11,0,none,a0:none:93
4,11083,combined_abort_stress_4_11083_0,combined_abort_stress,conformal_abort_risk_filter,0.55,0.08,1,0,0,0,1,0,2.20713,0.84179,0.38140,2.20713,0.02666,0.40670,0.25526,0.10838,0.08037,0.14655,0.13500,11,0,none,a0:none:89
4,11083,combined_abort_stress_4_11083_0,combined_abort_stress,kernel_trace_constraint_classifier,0.55,0.08,1,0,0,0,1,0,2.06610,0.84179,0.40743,2.06610,0.03290,0.31765,0.18881,0.19975,0.19443,0.18394,0.29875,11,0,none,a0:none:90
4,11083,combined_abort_stress_4_11083_0,combined_abort_stress,particle_constraint_belief,0.55,0.08,1,0,0,0,1,0,1.94945,0.84179,0.43181,1.94945,0.03093,0.39695,0.24762,0.12987,0.11987,0.17036,0.20125,11,0,none,a0:none:90
4,11083,combined_abort_stress_4_11083_0,combined_abort_stress,abort_constraint_discovery_v5,0.55,0.08,0,0,0,0,1,1,0.00000,0.84179,0.00000,0.12000,1.00000,0.48189,0.31743,0.15092,0.18212,1.00000,0.27063,11,0,no_path,a0:no_path
4,11083,combined_abort_stress_4_11083_0,combined_abort_stress,oracle_constraints,0.55,0.08,1,0,0,0,1,0,2.03974,0.84179,0.41270,2.03974,0.04013,1.00000,1.00000,0.01854,0.06020,0.00790,0.12625,11,0,none,a0:none:85
4,11084,combined_abort_stress_4_11084_0,combined_abort_stress,constraint_classifier,0.55,0.08,1,0,0,0,1,0,2.59826,0.84419,0.32491,2.59826,0.02481,0.52951,0.36009,0.11569,0.16124,0.11482,0.24750,11,0,none,a0:none:113
4,11084,combined_abort_stress_4_11084_0,combined_abort_stress,risk_filter_uncertainty,0.55,0.08,0,1,1,1,6,0,5.47077,0.84419,0.05401,6.79077,-0.02360,0.49565,0.32948,0.09683,0.10577,0.21749,0.16437,11,0,human_stop,a0:fixture_snag:55;a1:force_limit:29;a2:fixture_snag:33;a3:fixture_snag:34;a4:human_stop:37;a5:human_stop:39
4,11084,combined_abort_stress_4_11084_0,combined_abort_stress,robust_barrier_mpc,0.55,0.08,1,0,0,0,1,0,2.74061,0.84419,0.30803,2.74061,0.02354,0.52115,0.35240,0.10781,0.13152,0.08188,0.24625,11,0,none,a0:none:115
4,11084,combined_abort_stress_4_11084_0,combined_abort_stress,conformal_abort_risk_filter,0.55,0.08,1,0,0,0,1,0,2.62120,0.84419,0.32206,2.62120,0.01165,0.56731,0.39597,0.08597,0.08671,0.08960,0.13687,11,0,none,a0:none:114
4,11084,combined_abort_stress_4_11084_0,combined_abort_stress,kernel_trace_constraint_classifier,0.55,0.08,1,0,0,0,1,0,2.88668,0.84419,0.29245,2.88668,0.00524,0.44512,0.28627,0.15400,0.17796,0.07479,0.28687,11,0,none,a0:none:114
4,11084,combined_abort_stress_4_11084_0,combined_abort_stress,particle_constraint_belief,0.55,0.08,1,0,0,0,1,0,2.68974,0.84419,0.31386,2.68974,0.02733,0.54174,0.37150,0.10106,0.12657,0.08338,0.21375,11,0,none,a0:none:116
4,11084,combined_abort_stress_4_11084_0,combined_abort_stress,abort_constraint_discovery_v5,0.55,0.08,1,0,0,0,1,0,3.58227,0.84419,0.23566,3.58227,0.02892,0.59187,0.42032,0.11606,0.17917,0.09742,0.26125,11,0,none,a0:none:120
4,11084,combined_abort_stress_4_11084_0,combined_abort_stress,oracle_constraints,0.55,0.08,1,0,0,0,1,0,2.67563,0.84419,0.31551,2.67563,0.01581,1.00000,1.00000,0.01780,0.06050,0.02260,0.12312,11,0,none,a0:none:106
4,11085,combined_abort_stress_4_11085_0,combined_abort_stress,constraint_classifier,0.55,0.08,0,1,1,1,6,0,7.45392,0.84727,0.03978,8.77392,-0.01821,0.40674,0.25528,0.17885,0.20655,0.25281,0.34000,11,0,human_stop,a0:unstable_slip:71;a1:human_stop:33;a2:unstable_slip:67;a3:fixture_snag:53;a4:fixture_snag:41;a5:human_stop:49
4,11085,combined_abort_stress_4_11085_0,combined_abort_stress,risk_filter_uncertainty,0.55,0.08,0,1,1,1,6,0,5.92520,0.84727,0.05005,7.24520,-0.02364,0.40964,0.25758,0.12581,0.11281,0.23845,0.16875,11,0,fixture_snag,a0:fixture_snag:40;a1:human_stop:32;a2:fixture_snag:33;a3:fixture_snag:55;a4:fixture_snag:36;a5:fixture_snag:33
4,11085,combined_abort_stress_4_11085_0,combined_abort_stress,robust_barrier_mpc,0.55,0.08,0,1,1,1,6,0,6.42934,0.84727,0.04612,7.74934,-0.02671,0.40673,0.25528,0.15687,0.16589,0.21547,0.30312,11,0,fixture_snag,a0:unstable_slip:75;a1:human_stop:33;a2:fixture_snag:52;a3:human_stop:32;a4:human_stop:35;a5:fixture_snag:37
4,11085,combined_abort_stress_4_11085_0,combined_abort_stress,conformal_abort_risk_filter,0.55,0.08,0,1,1,1,6,0,6.48581,0.84727,0.04572,7.80581,-0.01308,0.41985,0.26570,0.12127,0.09782,0.22211,0.18500,11,0,fixture_snag,a0:unstable_slip:71;a1:human_stop:36;a2:fixture_snag:43;a3:fixture_snag:53;a4:human_stop:34;a5:fixture_snag:34
4,11085,combined_abort_stress_4_11085_0,combined_abort_stress,kernel_trace_constraint_classifier,0.55,0.08,1,1,1,1,6,0,10.43003,0.84727,0.08123,11.83003,-0.01774,0.33371,0.20027,0.24673,0.25502,0.12120,0.40437,11,0,none,a0:unstable_slip:73;a1:human_stop:35;a2:fixture_snag:48;a3:visible_collision:57;a4:fixture_snag:54;a5:none:120
4,11085,combined_abort_stress_4_11085_0,combined_abort_stress,particle_constraint_belief,0.55,0.08,0,1,1,1,6,0,9.42177,0.84727,0.03147,10.74177,-0.01705,0.41758,0.26389,0.15601,0.17976,0.19758,0.31250,11,0,unstable_slip,a0:unstable_slip:74;a1:visible_collision:76;a2:fixture_snag:34;a3:fixture_snag:58;a4:human_stop:32;a5:unstable_slip:107
4,11085,combined_abort_stress_4_11085_0,combined_abort_stress,abort_constraint_discovery_v5,0.55,0.08,0,0,0,0,1,1,0.00000,0.84727,0.00000,0.12000,1.00000,0.37519,0.23092,0.19481,0.20790,1.00000,0.26062,11,0,no_path,a0:no_path
4,11085,combined_abort_stress_4_11085_0,combined_abort_stress,oracle_constraints,0.55,0.08,1,0,0,0,1,0,2.65745,0.84727,0.31883,2.65745,0.00503,1.00000,1.00000,0.02238,0.07546,0.03719,0.14250,11,0,none,a0:none:105
4,11086,combined_abort_stress_4_11086_0,combined_abort_stress,constraint_classifier,0.55,0.08,1,0,0,0,1,0,2.10291,0.84112,0.39998,2.10291,0.00940,0.37175,0.22831,0.14091,0.16230,0.10894,0.22312,11,0,none,a0:none:87
4,11086,combined_abort_stress_4_11086_0,combined_abort_stress,risk_filter_uncertainty,0.55,0.08,1,1,1,1,4,0,4.54394,0.84112,0.18511,5.38394,-0.02163,0.39443,0.24566,0.10796,0.10943,0.21474,0.15625,11,0,none,a0:fixture_snag:35;a1:fixture_snag:29;a2:fixture_snag:33;a3:none:86
4,11086,combined_abort_stress_4_11086_0,combined_abort_stress,robust_barrier_mpc,0.55,0.08,1,0,0,0,1,0,2.15333,0.84112,0.39062,2.15333,0.01077,0.37911,0.23389,0.12457,0.11568,0.09143,0.21000,11,0,none,a0:none:86
4,11086,combined_abort_stress_4_11086_0,combined_abort_stress,conformal_abort_risk_filter,0.55,0.08,1,0,0,0,1,0,1.89617,0.84112,0.44359,1.89617,0.02416,0.39286,0.24444,0.10313,0.08066,0.08209,0.13187,11,0,none,a0:none:87
4,11086,combined_abort_stress_4_11086_0,combined_abort_stress,kernel_trace_constraint_classifier,0.55,0.08,1,0,0,0,1,0,1.89683,0.84112,0.44344,1.89683,0.00826,0.31373,0.18605,0.18236,0.18052,0.07025,0.26937,11,0,none,a0:none:87
4,11086,combined_abort_stress_4_11086_0,combined_abort_stress,particle_constraint_belief,0.55,0.08,1,0,0,0,1,0,2.02454,0.84112,0.41546,2.02454,0.02140,0.39323,0.24474,0.12033,0.11369,0.06762,0.18250,11,0,none,a0:none:88
4,11086,combined_abort_stress_4_11086_0,combined_abort_stress,abort_constraint_discovery_v5,0.55,0.08,0,0,0,0,1,1,0.00000,0.84112,0.00000,0.12000,1.00000,0.42038,0.26613,0.16899,0.21966,1.00000,0.27937,11,0,no_path,a0:no_path
4,11086,combined_abort_stress_4_11086_0,combined_abort_stress,oracle_constraints,0.55,0.08,1,0,0,0,1,0,1.86395,0.84112,0.45126,1.86395,0.02378,1.00000,1.00000,0.01791,0.06048,0.02019,0.11313,11,0,none,a0:none:86
4,11087,combined_abort_stress_4_11087_0,combined_abort_stress,constraint_classifier,0.55,0.08,0,1,1,1,6,0,7.54072,0.85996,0.03991,8.86072,-0.01726,0.43681,0.27944,0.15977,0.20963,0.33546,0.32375,11,0,force_limit,a0:visible_collision:23;a1:fixture_snag:63;a2:unstable_slip:68;a3:fixture_snag:50;a4:collision_margin:49;a5:force_limit:32
4,11087,combined_abort_stress_4_11087_0,combined_abort_stress,risk_filter_uncertainty,0.55,0.08,0,1,1,1,6,0,6.29387,0.85996,0.04782,7.61387,-0.02689,0.45339,0.29315,0.10916,0.09768,0.20974,0.16375,11,0,collision_margin,a0:collision_margin:39;a1:collision_margin:33;a2:fixture_snag:53;a3:visible_collision:61;a4:collision_margin:31;a5:collision_margin:39
4,11087,combined_abort_stress_4_11087_0,combined_abort_stress,robust_barrier_mpc,0.55,0.08,1,1,1,1,3,0,7.41427,0.85996,0.11599,7.97427,-0.01214,0.47910,0.31501,0.12683,0.15800,0.07265,0.25750,11,0,none,a0:fixture_snag:63;a1:unstable_slip:83;a2:none:120
4,11087,combined_abort_stress_4_11087_0,combined_abort_stress,conformal_abort_risk_filter,0.55,0.08,0,1,1,1,6,0,5.97200,0.85996,0.05040,7.29200,-0.02166,0.41453,0.26146,0.11038,0.08885,0.24132,0.16125,11,0,collision_margin,a0:visible_collision:24;a1:fixture_snag:64;a2:visible_collision:38;a3:collision_margin:30;a4:fixture_snag:48;a5:collision_margin:32
4,11087,combined_abort_stress_4_11087_0,combined_abort_stress,kernel_trace_constraint_classifier,0.55,0.08,1,1,1,1,5,0,9.13948,0.85996,0.09409,10.25948,-0.02419,0.34395,0.20769,0.22349,0.23031,0.06969,0.35938,11,0,none,a0:fixture_snag:67;a1:visible_collision:25;a2:visible_collision:70;a3:collision_margin:61;a4:none:120
4,11087,combined_abort_stress_4_11087_0,combined_abort_stress,particle_constraint_belief,0.55,0.08,1,1,1,1,3,0,6.78400,0.85996,0.12676,7.34400,-0.00875,0.41727,0.26364,0.12748,0.13218,0.06541,0.21625,11,0,none,a0:fixture_snag:64;a1:visible_collision:51;a2:none:120
4,11087,combined_abort_stress_4_11087_0,combined_abort_stress,abort_constraint_discovery_v5,0.55,0.08,1,0,0,0,1,0,2.52471,0.85996,0.34062,2.52471,0.03520,0.47937,0.31524,0.14915,0.20082,0.12935,0.26250,11,0,none,a0:none:106
4,11087,combined_abort_stress_4_11087_0,combined_abort_stress,oracle_constraints,0.55,0.08,1,0,0,0,1,0,2.62795,0.85996,0.32724,2.62795,0.03373,1.00000,1.00000,0.01999,0.06600,0.01388,0.13125,11,0,none,a0:none:101
5,11080,combined_abort_stress_5_11080_0,combined_abort_stress,constraint_classifier,0.55,0.08,1,1,1,1,3,0,6.58822,0.85090,0.12915,7.14822,-0.01062,0.46990,0.30710,0.14007,0.19643,0.07189,0.30188,11,0,none,a0:unstable_slip:67;a1:collision_margin:46;a2:none:120
5,11080,combined_abort_stress_5_11080_0,combined_abort_stress,risk_filter_uncertainty,0.55,0.08,0,1,1,1,6,0,6.86539,0.85090,0.04338,8.18539,-0.01194,0.46502,0.30295,0.10805,0.11205,0.21764,0.18000,11,0,collision_margin,a0:collision_margin:46;a1:visible_collision:39;a2:collision_margin:46;a3:collision_margin:48;a4:collision_margin:48;a5:collision_margin:46
5,11080,combined_abort_stress_5_11080_0,combined_abort_stress,robust_barrier_mpc,0.55,0.08,1,1,0,1,2,0,5.64881,0.85090,0.15063,5.92881,0.01623,0.40065,0.25051,0.13490,0.15315,0.06089,0.26312,11,0,none,a0:visible_collision:68;a1:none:120
5,11080,combined_abort_stress_5_11080_0,combined_abort_stress,conformal_abort_risk_filter,0.55,0.08,1,0,0,0,1,0,2.21619,0.85090,0.38395,2.21619,0.00249,0.50235,0.33542,0.09438,0.09345,0.14260,0.14250,11,0,none,a0:none:91
5,11080,combined_abort_stress_5_11080_0,combined_abort_stress,kernel_trace_constraint_classifier,0.55,0.08,0,1,1,1,6,1,9.36476,0.85090,0.03180,10.58476,-0.01886,0.35473,0.21561,0.26103,0.31359,1.00000,0.45062,11,0,no_path,a0:unstable_slip:86;a1:visible_collision:108;a2:collision_margin:48;a3:fixture_snag:78;a4:fixture_snag:76;a5:no_path
5,11080,combined_abort_stress_5_11080_0,combined_abort_stress,particle_constraint_belief,0.55,0.08,1,0,0,0,1,0,2.19524,0.85090,0.38761,2.19524,0.00731,0.46729,0.30488,0.11347,0.12901,0.17108,0.21063,11,0,none,a0:none:94
5,11080,combined_abort_stress_5_11080_0,combined_abort_stress,abort_constraint_discovery_v5,0.55,0.08,0,0,0,0,1,1,0.00000,0.85090,0.00000,0.12000,1.00000,0.44663,0.28752,0.17178,0.23543,1.00000,0.32125,11,0,no_path,a0:no_path
5,11080,combined_abort_stress_5_11080_0,combined_abort_stress,oracle_constraints,0.55,0.08,1,0,0,0,1,0,2.12513,0.85090,0.40040,2.12513,0.04279,1.00000,1.00000,0.01902,0.06397,0.01301,0.12375,11,0,none,a0:none:95
5,11081,combined_abort_stress_5_11081_0,combined_abort_stress,constraint_classifier,0.55,0.08,0,1,1,1,6,0,8.68145,0.84752,0.03417,10.00145,-0.02256,0.43910,0.28131,0.15162,0.18534,0.13350,0.28813,11,0,visible_collision,a0:fixture_snag:59;a1:unstable_slip:38;a2:fixture_snag:57;a3:force_limit:38;a4:fixture_snag:55;a5:visible_collision:82
5,11081,combined_abort_stress_5_11081_0,combined_abort_stress,risk_filter_uncertainty,0.55,0.08,0,1,1,1,6,0,6.40907,0.84752,0.04628,7.72907,-0.02161,0.43277,0.27614,0.10663,0.10565,0.21786,0.17000,11,0,fixture_snag,a0:fixture_snag:52;a1:unstable_slip:35;a2:fixture_snag:51;a3:human_stop:33;a4:fixture_snag:46;a5:fixture_snag:44
5,11081,combined_abort_stress_5_11081_0,combined_abort_stress,robust_barrier_mpc,0.55,0.08,1,1,1,1,6,0,9.50778,0.84752,0.08914,10.90778,-0.01416,0.41379,0.26087,0.14619,0.16712,0.15325,0.28937,11,0,none,a0:fixture_snag:67;a1:fixture_snag:69;a2:human_stop:32;a3:unstable_slip:45;a4:fixture_snag:74;a5:none:120
5,11081,combined_abort_stress_5_11081_0,combined_abort_stress,conformal_abort_risk_filter,0.55,0.08,0,1,1,1,6,0,6.31766,0.84752,0.04695,7.63766,-0.01539,0.45436,0.29396,0.10153,0.10026,0.19005,0.18063,11,0,human_stop,a0:fixture_snag:57;a1:fixture_snag:55;a2:unstable_slip:41;a3:unstable_slip:39;a4:fixture_snag:41;a5:human_stop:33
5,11081,combined_abort_stress_5_11081_0,combined_abort_stress,kernel_trace_constraint_classifier,0.55,0.08,0,1,1,1,6,1,7.92302,0.84752,0.03744,9.14302,-0.00484,0.35210,0.21366,0.23837,0.25516,1.00000,0.39437,11,0,no_path,a0:fixture_snag:59;a1:fixture_snag:61;a2:visible_collision:97;a3:unstable_slip:45;a4:visible_collision:81;a5:no_path
5,11081,combined_abort_stress_5_11081_0,combined_abort_stress,particle_constraint_belief,0.55,0.08,1,1,1,1,6,0,9.76644,0.84752,0.08678,11.16644,-0.02226,0.41791,0.26415,0.14306,0.17639,0.17186,0.29125,11,0,none,a0:fixture_snag:65;a1:fixture_snag:62;a2:visible_collision:94;a3:unstable_slip:44;a4:visible_collision:33;a5:none:120
5,11081,combined_abort_stress_5_11081_0,combined_abort_stress,abort_constraint_discovery_v5,0.55,0.08,0,1,1,1,4,1,4.99060,0.84752,0.05944,5.77060,-0.01265,0.47522,0.31166,0.15405,0.19542,1.00000,0.30125,11,0,no_path,a0:visible_collision:83;a1:fixture_snag:65;a2:fixture_snag:59;a3:no_path
5,11081,combined_abort_stress_5_11081_0,combined_abort_stress,oracle_constraints,0.55,0.08,0,1,1,1,6,0,10.50342,0.84752,0.02824,11.82342,-0.00066,1.00000,1.00000,0.02054,0.06825,0.01787,0.12750,11,0,visible_collision,a0:visible_collision:73;a1:visible_collision:74;a2:visible_collision:75;a3:fixture_snag:53;a4:visible_collision:73;a5:visible_collision:75
5,11082,combined_abort_stress_5_11082_0,combined_abort_stress,constraint_classifier,0.55,0.08,1,0,0,0,1,0,1.94870,0.85146,0.43694,1.94870,0.01491,0.38347,0.23722,0.15793,0.14873,0.13808,0.23813,11,0,none,a0:none:88
5,11082,combined_abort_stress_5_11082_0,combined_abort_stress,risk_filter_uncertainty,0.55,0.08,1,1,1,1,4,0,5.03557,0.85146,0.16909,5.87557,-0.01003,0.42829,0.27250,0.12450,0.12494,0.20830,0.17813,11,0,none,a0:fixture_snag:39;a1:human_stop:38;a2:fixture_snag:43;a3:none:86
5,11082,combined_abort_stress_5_11082_0,combined_abort_stress,robust_barrier_mpc,0.55,0.08,1,0,0,0,1,0,2.20074,0.85146,0.38690,2.20074,0.01506,0.32310,0.19268,0.16458,0.17152,0.10228,0.24688,11,0,none,a0:none:96
5,11082,combined_abort_stress_5_11082_0,combined_abort_stress,conformal_abort_risk_filter,0.55,0.08,1,0,0,0,1,0,1.80233,0.85146,0.47242,1.80233,0.01697,0.39070,0.24277,0.12187,0.08336,0.10005,0.12875,11,0,none,a0:none:88
5,11082,combined_abort_stress_5_11082_0,combined_abort_stress,kernel_trace_constraint_classifier,0.55,0.08,1,0,0,0,1,0,2.22727,0.85146,0.38229,2.22727,0.00782,0.31954,0.19015,0.20221,0.19417,0.11547,0.29812,11,0,none,a0:none:97
5,11082,combined_abort_stress_5_11082_0,combined_abort_stress,particle_constraint_belief,0.55,0.08,1,0,0,0,1,0,2.13967,0.85146,0.39794,2.13967,0.00912,0.36299,0.22174,0.14364,0.13260,0.10544,0.21125,11,0,none,a0:none:92
5,11082,combined_abort_stress_5_11082_0,combined_abort_stress,abort_constraint_discovery_v5,0.55,0.08,0,1,1,0,3,1,2.19445,0.85146,0.13580,2.75445,-0.00361,0.35294,0.21429,0.20238,0.21820,1.00000,0.25312,11,0,no_path,a0:fixture_snag:51;a1:fixture_snag:44;a2:no_path
5,11082,combined_abort_stress_5_11082_0,combined_abort_stress,oracle_constraints,0.55,0.08,1,1,1,1,5,0,7.06124,0.85146,0.12058,8.18124,-0.00049,1.00000,1.00000,0.02027,0.06642,0.02303,0.14000,11,0,none,a0:visible_collision:56;a1:visible_collision:60;a2:fixture_snag:33;a3:visible_collision:56;a4:none:79
5,11083,combined_abort_stress_5_11083_0,combined_abort_stress,constraint_classifier,0.55,0.08,1,0,0,0,1,0,1.95181,0.83356,0.42707,1.95181,0.00769,0.40067,0.25053,0.14321,0.13373,0.21950,0.24188,11,0,none,a0:none:81
5,11083,combined_abort_stress_5_11083_0,combined_abort_stress,risk_filter_uncertainty,0.55,0.08,1,0,0,0,1,0,1.80470,0.83356,0.46188,1.80470,0.01634,0.39695,0.24762,0.11011,0.08152,0.14983,0.11625,11,0,none,a0:none:81
5,11083,combined_abort_stress_5_11083_0,combined_abort_stress,robust_barrier_mpc,0.55,0.08,1,0,0,0,1,0,1.75554,0.83356,0.47481,1.75554,0.01989,0.42286,0.26812,0.12434,0.11740,0.14195,0.19875,11,0,none,a0:none:83
5,11083,combined_abort_stress_5_11083_0,combined_abort_stress,conformal_abort_risk_filter,0.55,0.08,1,0,0,0,1,0,2.08096,0.83356,0.40056,2.08096,0.00412,0.40964,0.25758,0.10857,0.06827,0.16141,0.13000,11,0,none,a0:none:81
5,11083,combined_abort_stress_5_11083_0,combined_abort_stress,kernel_trace_constraint_classifier,0.55,0.08,1,0,0,0,1,0,2.10831,0.83356,0.39537,2.10831,0.01534,0.33281,0.19962,0.18346,0.17650,0.16599,0.26875,11,0,none,a0:none:82
5,11083,combined_abort_stress_5_11083_0,combined_abort_stress,particle_constraint_belief,0.55,0.08,1,0,0,0,1,0,2.01947,0.83356,0.41276,2.01947,0.00750,0.40864,0.25679,0.12659,0.12143,0.16721,0.18875,11,0,none,a0:none:82
5,11083,combined_abort_stress_5_11083_0,combined_abort_stress,abort_constraint_discovery_v5,0.55,0.08,0,0,0,0,1,1,0.00000,0.83356,0.00000,0.12000,1.00000,0.48496,0.32010,0.13156,0.11439,1.00000,0.20312,11,0,no_path,a0:no_path
5,11083,combined_abort_stress_5_11083_0,combined_abort_stress,oracle_constraints,0.55,0.08,1,0,0,0,1,0,2.01140,0.83356,0.41442,2.01140,0.02244,1.00000,1.00000,0.02100,0.06787,0.02928,0.12937,11,0,none,a0:none:84
5,11084,combined_abort_stress_5_11084_0,combined_abort_stress,constraint_classifier,0.55,0.08,0,1,1,1,6,0,5.65741,0.83448,0.05163,6.97741,-0.02194,0.46483,0.30279,0.14900,0.17151,0.23332,0.27125,11,0,unstable_slip,a0:visible_collision:44;a1:collision_margin:37;a2:collision_margin:32;a3:unstable_slip:45;a4:collision_margin:43;a5:unstable_slip:39
5,11084,combined_abort_stress_5_11084_0,combined_abort_stress,risk_filter_uncertainty,0.55,0.08,0,1,1,1,6,0,5.45214,0.83448,0.05357,6.77214,-0.02170,0.42017,0.26596,0.11747,0.09493,0.24893,0.16000,11,0,collision_margin,a0:collision_margin:42;a1:visible_collision:58;a2:collision_margin:31;a3:collision_margin:34;a4:collision_margin:30;a5:collision_margin:30
5,11084,combined_abort_stress_5_11084_0,combined_abort_stress,robust_barrier_mpc,0.55,0.08,1,0,0,0,1,0,2.77510,0.83448,0.30070,2.77510,0.04205,0.44822,0.28884,0.12712,0.11493,0.12766,0.23062,11,0,none,a0:none:111
5,11084,combined_abort_stress_5_11084_0,combined_abort_stress,conformal_abort_risk_filter,0.55,0.08,1,0,0,0,1,0,2.47666,0.83448,0.33694,2.47666,0.03750,0.47668,0.31293,0.10134,0.05942,0.12189,0.10375,11,0,none,a0:none:95
5,11084,combined_abort_stress_5_11084_0,combined_abort_stress,kernel_trace_constraint_classifier,0.55,0.08,1,0,0,0,1,0,2.41364,0.83448,0.34574,2.41364,0.03118,0.37160,0.22820,0.17335,0.15500,0.14386,0.27625,11,0,none,a0:none:110
5,11084,combined_abort_stress_5_11084_0,combined_abort_stress,particle_constraint_belief,0.55,0.08,1,0,0,0,1,0,2.70234,0.83448,0.30880,2.70234,0.03138,0.44867,0.28922,0.11807,0.09757,0.12612,0.19125,11,0,none,a0:none:105
5,11084,combined_abort_stress_5_11084_0,combined_abort_stress,abort_constraint_discovery_v5,0.55,0.08,1,0,0,0,1,0,2.35687,0.83448,0.35406,2.35687,0.02430,0.46390,0.30200,0.15213,0.17237,0.06607,0.26937,11,0,none,a0:none:95
5,11084,combined_abort_stress_5_11084_0,combined_abort_stress,oracle_constraints,0.55,0.08,0,1,1,1,6,0,3.06525,0.83448,0.09528,4.38525,0.16066,1.00000,1.00000,0.02076,0.06808,0.00805,0.13750,11,0,visible_collision,a0:visible_collision:20;a1:visible_collision:24;a2:visible_collision:19;a3:visible_collision:22;a4:visible_collision:19;a5:visible_collision:21
5,11085,combined_abort_stress_5_11085_0,combined_abort_stress,constraint_classifier,0.55,0.08,1,0,0,0,1,0,1.80366,0.85589,0.47453,1.80366,0.01122,0.27597,0.16008,0.17613,0.16888,0.14724,0.25438,11,0,none,a0:none:84
5,11085,combined_abort_stress_5_11085_0,combined_abort_stress,risk_filter_uncertainty,0.55,0.08,1,0,0,0,1,0,1.96164,0.85589,0.43631,1.96164,0.00504,0.33503,0.20122,0.11573,0.10707,0.11865,0.11563,11,0,none,a0:none:84
5,11085,combined_abort_stress_5_11085_0,combined_abort_stress,robust_barrier_mpc,0.55,0.08,1,0,0,0,1,0,1.99730,0.85589,0.42853,1.99730,0.01039,0.28670,0.16734,0.15648,0.15153,0.12416,0.23125,11,0,none,a0:none:86
5,11085,combined_abort_stress_5_11085_0,combined_abort_stress,conformal_abort_risk_filter,0.55,0.08,1,0,0,0,1,0,2.22009,0.85589,0.38552,2.22009,0.01557,0.26761,0.15447,0.13045,0.10849,0.11013,0.13562,11,0,none,a0:none:84
5,11085,combined_abort_stress_5_11085_0,combined_abort_stress,kernel_trace_constraint_classifier,0.55,0.08,1,0,0,0,1,0,1.98014,0.85589,0.43224,1.98014,0.02341,0.27630,0.16029,0.20546,0.20936,0.09719,0.26750,11,0,none,a0:none:84
5,11085,combined_abort_stress_5_11085_0,combined_abort_stress,particle_constraint_belief,0.55,0.08,1,0,0,0,1,0,1.85422,0.85589,0.46159,1.85422,0.00829,0.30095,0.17713,0.15030,0.14492,0.11374,0.19750,11,0,none,a0:none:84
5,11085,combined_abort_stress_5_11085_0,combined_abort_stress,abort_constraint_discovery_v5,0.55,0.08,0,1,0,0,2,1,1.26072,0.85589,0.23761,1.60072,-0.00437,0.35949,0.21913,0.20267,0.19558,1.00000,0.30750,11,0,no_path,a0:human_stop:53;a1:no_path
5,11085,combined_abort_stress_5_11085_0,combined_abort_stress,oracle_constraints,0.55,0.08,1,0,0,0,1,0,1.78725,0.85589,0.47889,1.78725,0.01215,1.00000,1.00000,0.01902,0.06360,0.01955,0.13062,11,0,none,a0:none:84
5,11086,combined_abort_stress_5_11086_0,combined_abort_stress,constraint_classifier,0.55,0.08,1,1,1,0,3,0,6.04556,0.84228,0.13932,6.60556,-0.02935,0.42609,0.27072,0.15959,0.18793,0.12684,0.29875,11,0,none,a0:fixture_snag:61;a1:human_stop:48;a2:none:120
5,11086,combined_abort_stress_5_11086_0,combined_abort_stress,risk_filter_uncertainty,0.55,0.08,0,1,1,1,6,0,6.22928,0.84228,0.04732,7.54928,-0.03236,0.48330,0.31865,0.10834,0.10422,0.24156,0.18563,11,0,force_limit,a0:human_stop:52;a1:fixture_snag:58;a2:force_limit:29;a3:fixture_snag:50;a4:human_stop:31;a5:force_limit:26
5,11086,combined_abort_stress_5_11086_0,combined_abort_stress,robust_barrier_mpc,0.55,0.08,1,0,0,0,1,0,2.93308,0.84228,0.28717,2.93308,0.00516,0.45806,0.29707,0.13249,0.14312,0.10220,0.25500,11,0,none,a0:none:120
5,11086,combined_abort_stress_5_11086_0,combined_abort_stress,conformal_abort_risk_filter,0.55,0.08,0,1,1,1,6,0,5.84427,0.84228,0.05044,7.16427,-0.02586,0.47368,0.31034,0.10932,0.09949,0.16005,0.17625,11,0,human_stop,a0:force_limit:26;a1:fixture_snag:61;a2:force_limit:29;a3:human_stop:29;a4:human_stop:29;a5:human_stop:51
5,11086,combined_abort_stress_5_11086_0,combined_abort_stress,kernel_trace_constraint_classifier,0.55,0.08,1,0,0,0,1,0,2.79812,0.84228,0.30102,2.79812,0.00430,0.36906,0.22629,0.19746,0.20626,0.11894,0.32812,11,0,none,a0:none:120
5,11086,combined_abort_stress_5_11086_0,combined_abort_stress,particle_constraint_belief,0.55,0.08,1,0,0,0,1,0,3.07398,0.84228,0.27400,3.07398,0.02183,0.45407,0.29372,0.12804,0.13541,0.11702,0.22812,11,0,none,a0:none:120
5,11086,combined_abort_stress_5_11086_0,combined_abort_stress,abort_constraint_discovery_v5,0.55,0.08,0,0,0,0,1,1,0.00000,0.84228,0.00000,0.12000,1.00000,0.51209,0.34417,0.15627,0.22774,1.00000,0.30688,11,0,no_path,a0:no_path
5,11086,combined_abort_stress_5_11086_0,combined_abort_stress,oracle_constraints,0.55,0.08,1,0,0,0,1,0,1.81487,0.84228,0.46410,1.81487,0.00181,1.00000,1.00000,0.02045,0.06822,0.07007,0.13250,11,0,none,a0:none:74
5,11087,combined_abort_stress_5_11087_0,combined_abort_stress,constraint_classifier,0.55,0.08,1,1,1,1,3,0,3.93984,0.83786,0.21266,4.49984,-0.01209,0.40523,0.25410,0.15765,0.14747,0.13341,0.23438,11,0,none,a0:force_limit:24;a1:force_limit:24;a2:none:110
5,11087,combined_abort_stress_5_11087_0,combined_abort_stress,risk_filter_uncertainty,0.55,0.08,0,1,1,1,6,0,5.49791,0.83786,0.05334,6.81791,-0.03079,0.39300,0.24455,0.13311,0.09060,0.23200,0.17313,11,0,fixture_snag,a0:collision_margin:46;a1:fixture_snag:47;a2:force_limit:25;a3:force_limit:36;a4:collision_margin:43;a5:fixture_snag:26
5,11087,combined_abort_stress_5_11087_0,combined_abort_stress,robust_barrier_mpc,0.55,0.08,1,1,0,1,2,0,3.75358,0.83786,0.22322,4.03358,-0.02774,0.36661,0.22445,0.15625,0.14825,0.12677,0.23375,11,0,none,a0:collision_margin:47;a1:none:111
5,11087,combined_abort_stress_5_11087_0,combined_abort_stress,conformal_abort_risk_filter,0.55,0.08,1,1,0,1,2,0,3.24696,0.83786,0.25804,3.52696,-0.00364,0.37530,0.23099,0.13247,0.09270,0.10163,0.11500,11,0,none,a0:force_limit:24;a1:none:110
5,11087,combined_abort_stress_5_11087_0,combined_abort_stress,kernel_trace_constraint_classifier,0.55,0.08,1,0,0,0,1,0,2.57566,0.83786,0.32530,2.57566,0.00173,0.30088,0.17708,0.20089,0.19141,0.08833,0.27563,11,0,none,a0:none:112
5,11087,combined_abort_stress_5_11087_0,combined_abort_stress,particle_constraint_belief,0.55,0.08,1,0,0,0,1,0,2.73699,0.83786,0.30612,2.73699,0.01188,0.37407,0.23007,0.14589,0.12812,0.09851,0.18937,11,0,none,a0:none:112
5,11087,combined_abort_stress_5_11087_0,combined_abort_stress,abort_constraint_discovery_v5,0.55,0.08,0,0,0,0,1,1,0.00000,0.83786,0.00000,0.12000,1.00000,0.46078,0.29936,0.15791,0.16439,1.00000,0.23438,11,0,no_path,a0:no_path
5,11087,combined_abort_stress_5_11087_0,combined_abort_stress,oracle_constraints,0.55,0.08,1,0,0,0,1,0,2.63264,0.83786,0.31826,2.63264,0.00992,1.00000,1.00000,0.02490,0.08307,0.01851,0.14813,11,0,none,a0:none:104
6,11080,combined_abort_stress_6_11080_0,combined_abort_stress,constraint_classifier,0.55,0.08,1,0,0,0,1,0,3.08096,0.88300,0.28660,3.08096,0.01302,0.42905,0.27312,0.13956,0.16406,0.11190,0.24750,11,0,none,a0:none:118
6,11080,combined_abort_stress_6_11080_0,combined_abort_stress,risk_filter_uncertainty,0.55,0.08,0,1,1,1,6,0,6.63262,0.88300,0.04660,7.95262,-0.02170,0.40959,0.25753,0.10925,0.10542,0.18434,0.16437,11,0,collision_margin,a0:collision_margin:56;a1:fixture_snag:46;a2:fixture_snag:35;a3:collision_margin:47;a4:collision_margin:41;a5:collision_margin:53
6,11080,combined_abort_stress_6_11080_0,combined_abort_stress,robust_barrier_mpc,0.55,0.08,1,0,0,0,1,0,2.85065,0.88300,0.30976,2.85065,0.01756,0.43262,0.27602,0.12665,0.12707,0.09835,0.23000,11,0,none,a0:none:120
6,11080,combined_abort_stress_6_11080_0,combined_abort_stress,conformal_abort_risk_filter,0.55,0.08,1,0,0,0,1,0,2.91395,0.88300,0.30303,2.91395,0.01336,0.41608,0.26269,0.10128,0.08533,0.08397,0.14188,11,0,none,a0:none:119
6,11080,combined_abort_stress_6_11080_0,combined_abort_stress,kernel_trace_constraint_classifier,0.55,0.08,0,1,1,1,6,1,7.54287,0.88300,0.04097,8.76287,-0.01132,0.26779,0.15460,0.27427,0.27924,1.00000,0.39563,11,0,no_path,a0:fixture_snag:51;a1:visible_collision:46;a2:fixture_snag:44;a3:visible_collision:103;a4:visible_collision:86;a5:no_path
6,11080,combined_abort_stress_6_11080_0,combined_abort_stress,particle_constraint_belief,0.55,0.08,1,0,0,0,1,0,2.90081,0.88300,0.30440,2.90081,0.02211,0.38563,0.23888,0.12563,0.12759,0.07769,0.20813,11,0,none,a0:none:120
6,11080,combined_abort_stress_6_11080_0,combined_abort_stress,abort_constraint_discovery_v5,0.55,0.08,1,0,0,0,1,0,3.28976,0.88300,0.26841,3.28976,0.03316,0.47793,0.31400,0.15900,0.22651,0.08162,0.28813,11,0,none,a0:none:120
6,11080,combined_abort_stress_6_11080_0,combined_abort_stress,oracle_constraints,0.55,0.08,1,0,0,0,1,0,3.13369,0.88300,0.28178,3.13369,0.01574,1.00000,1.00000,0.02014,0.06708,0.02165,0.12250,11,0,none,a0:none:114
6,11081,combined_abort_stress_6_11081_0,combined_abort_stress,constraint_classifier,0.55,0.08,1,0,0,0,1,0,1.90596,0.83738,0.43935,1.90596,0.01617,0.35800,0.21803,0.15326,0.14624,0.14633,0.23125,10,1,none,a0:none:80
6,11081,combined_abort_stress_6_11081_0,combined_abort_stress,risk_filter_uncertainty,0.55,0.08,1,0,0,0,1,0,2.05862,0.83738,0.40677,2.05862,0.02484,0.36322,0.22191,0.12022,0.09571,0.12577,0.14000,10,1,none,a0:none:80
6,11081,combined_abort_stress_6_11081_0,combined_abort_stress,robust_barrier_mpc,0.55,0.08,1,1,1,1,3,0,3.67274,0.83738,0.22800,4.23274,-0.02005,0.36425,0.22268,0.15045,0.15310,0.24097,0.23875,10,1,none,a0:fixture_snag:39;a1:fixture_snag:35;a2:none:80
6,11081,combined_abort_stress_6_11081_0,combined_abort_stress,conformal_abort_risk_filter,0.55,0.08,1,0,0,0,1,0,1.85701,0.83738,0.45093,1.85701,0.00779,0.36675,0.22455,0.11733,0.09031,0.10802,0.12375,10,1,none,a0:none:80
6,11081,combined_abort_stress_6_11081_0,combined_abort_stress,kernel_trace_constraint_classifier,0.55,0.08,1,0,0,0,1,0,1.75995,0.83738,0.47580,1.75995,0.01151,0.30556,0.18033,0.20010,0.19796,0.09421,0.27313,10,1,none,a0:none:80
6,11081,combined_abort_stress_6_11081_0,combined_abort_stress,particle_constraint_belief,0.55,0.08,1,0,0,0,1,0,1.90664,0.83738,0.43919,1.90664,0.01795,0.36965,0.22673,0.13742,0.12929,0.09653,0.18937,10,1,none,a0:none:81
6,11081,combined_abort_stress_6_11081_0,combined_abort_stress,abort_constraint_discovery_v5,0.55,0.08,1,0,0,0,1,0,3.61075,0.83738,0.23191,3.61075,-0.00826,0.45031,0.29058,0.15699,0.18048,0.18258,0.27063,10,1,none,a0:none:120
6,11081,combined_abort_stress_6_11081_0,combined_abort_stress,oracle_constraints,0.55,0.08,1,0,0,0,1,0,1.64301,0.83738,0.50966,1.64301,0.03007,1.00000,1.00000,0.02076,0.06995,0.02018,0.13187,10,1,none,a0:none:80
6,11082,combined_abort_stress_6_11082_0,combined_abort_stress,constraint_classifier,0.55,0.08,1,0,0,0,1,0,1.98396,0.83413,0.42044,1.98396,0.02781,0.36765,0.22523,0.14369,0.13136,0.15688,0.20813,11,0,none,a0:none:83
6,11082,combined_abort_stress_6_11082_0,combined_abort_stress,risk_filter_uncertainty,0.55,0.08,1,0,0,0,1,0,1.79606,0.83413,0.46442,1.79606,0.02596,0.33252,0.19941,0.11850,0.10390,0.13583,0.12375,11,0,none,a0:none:82
6,11082,combined_abort_stress_6_11082_0,combined_abort_stress,robust_barrier_mpc,0.55,0.08,1,0,0,0,1,0,1.85667,0.83413,0.44926,1.85667,0.03317,0.35120,0.21300,0.14368,0.13518,0.12147,0.20625,11,0,none,a0:none:85
6,11082,combined_abort_stress_6_11082_0,combined_abort_stress,conformal_abort_risk_filter,0.55,0.08,1,0,0,0,1,0,2.09624,0.83413,0.39792,2.09624,0.02885,0.40196,0.25153,0.11250,0.07074,0.11306,0.12312,11,0,none,a0:none:83
6,11082,combined_abort_stress_6_11082_0,combined_abort_stress,kernel_trace_constraint_classifier,0.55,0.08,1,0,0,0,1,0,2.13286,0.83413,0.39109,2.13286,0.02634,0.29338,0.17190,0.19354,0.18373,0.11306,0.26438,11,0,none,a0:none:92
6,11082,combined_abort_stress_6_11082_0,combined_abort_stress,particle_constraint_belief,0.55,0.08,1,0,0,0,1,0,1.96801,0.83413,0.42385,1.96801,0.04017,0.35867,0.21853,0.13244,0.11530,0.12162,0.18875,11,0,none,a0:none:85
6,11082,combined_abort_stress_6_11082_0,combined_abort_stress,abort_constraint_discovery_v5,0.55,0.08,1,0,0,0,1,0,4.54586,0.83413,0.18349,4.54586,0.01280,0.45392,0.29360,0.13858,0.16502,0.10996,0.23438,11,0,none,a0:none:120
6,11082,combined_abort_stress_6_11082_0,combined_abort_stress,oracle_constraints,0.55,0.08,1,0,0,0,1,0,1.78743,0.83413,0.46667,1.78743,0.04095,1.00000,1.00000,0.01875,0.06250,0.00796,0.13187,11,0,none,a0:none:82
6,11083,combined_abort_stress_6_11083_0,combined_abort_stress,constraint_classifier,0.55,0.08,0,1,1,1,6,0,7.70326,0.84028,0.03818,9.02326,-0.01193,0.38331,0.23710,0.18907,0.21869,0.19934,0.33313,11,0,collision_margin,a0:fixture_snag:38;a1:fixture_snag:34;a2:visible_collision:83;a3:collision_margin:50;a4:fixture_snag:51;a5:collision_margin:50
6,11083,combined_abort_stress_6_11083_0,combined_abort_stress,risk_filter_uncertainty,0.55,0.08,0,1,1,1,6,0,5.39736,0.84028,0.05449,6.71736,-0.02930,0.41046,0.25823,0.12061,0.09582,0.24942,0.16437,11,0,fixture_snag,a0:fixture_snag:37;a1:fixture_snag:33;a2:fixture_snag:44;a3:collision_margin:46;a4:fixture_snag:29;a5:fixture_snag:28
6,11083,combined_abort_stress_6_11083_0,combined_abort_stress,robust_barrier_mpc,0.55,0.08,1,1,1,1,5,0,8.74626,0.84028,0.09607,9.86626,-0.02802,0.45063,0.29084,0.14796,0.18033,0.15607,0.30312,11,0,none,a0:fixture_snag:48;a1:fixture_snag:40;a2:fixture_snag:38;a3:unstable_slip:110;a4:none:110
6,11083,combined_abort_stress_6_11083_0,combined_abort_stress,conformal_abort_risk_filter,0.55,0.08,1,1,1,1,4,0,5.85626,0.84028,0.14348,6.69626,-0.02213,0.42609,0.27072,0.11631,0.07586,0.12364,0.14125,11,0,none,a0:fixture_snag:39;a1:fixture_snag:33;a2:collision_margin:48;a3:none:107
6,11083,combined_abort_stress_6_11083_0,combined_abort_stress,kernel_trace_constraint_classifier,0.55,0.08,1,1,1,1,3,0,4.75382,0.84028,0.17676,5.31382,-0.02480,0.34066,0.20530,0.21057,0.20915,0.12283,0.30875,11,0,none,a0:fixture_snag:42;a1:fixture_snag:37;a2:none:109
6,11083,combined_abort_stress_6_11083_0,combined_abort_stress,particle_constraint_belief,0.55,0.08,0,1,1,1,6,0,6.27830,0.84028,0.04684,7.59830,-0.00650,0.35575,0.21636,0.16721,0.18488,0.28105,0.27187,11,0,fixture_snag,a0:fixture_snag:44;a1:fixture_snag:36;a2:collision_margin:47;a3:fixture_snag:31;a4:visible_collision:84;a5:fixture_snag:32
6,11083,combined_abort_stress_6_11083_0,combined_abort_stress,abort_constraint_discovery_v5,0.55,0.08,1,0,0,0,1,0,2.79465,0.84028,0.30067,2.79465,0.01992,0.46154,0.30000,0.15893,0.15637,0.05501,0.22750,11,0,none,a0:none:110
6,11083,combined_abort_stress_6_11083_0,combined_abort_stress,oracle_constraints,0.55,0.08,1,0,0,0,1,0,2.41620,0.84028,0.34777,2.41620,0.00927,1.00000,1.00000,0.02243,0.07514,0.01899,0.14625,11,0,none,a0:none:100
6,11084,combined_abort_stress_6_11084_0,combined_abort_stress,constraint_classifier,0.55,0.08,0,1,1,1,6,0,7.50095,0.83143,0.03880,8.82095,-0.01831,0.37104,0.22778,0.17766,0.17243,0.12350,0.26438,11,0,visible_collision,a0:fixture_snag:41;a1:fixture_snag:36;a2:human_stop:31;a3:collision_margin:43;a4:collision_margin:48;a5:visible_collision:99
6,11084,combined_abort_stress_6_11084_0,combined_abort_stress,risk_filter_uncertainty,0.55,0.08,1,1,1,1,3,0,5.26718,0.83143,0.15785,5.82718,-0.00022,0.37349,0.22963,0.13264,0.11679,0.11691,0.16125,11,0,none,a0:fixture_snag:34;a1:visible_collision:74;a2:none:102
6,11084,combined_abort_stress_6_11084_0,combined_abort_stress,robust_barrier_mpc,0.55,0.08,1,0,0,0,1,0,2.39844,0.83143,0.34665,2.39844,0.00983,0.35130,0.21308,0.15330,0.13847,0.03663,0.20938,11,0,none,a0:none:96
6,11084,combined_abort_stress_6_11084_0,combined_abort_stress,conformal_abort_risk_filter,0.55,0.08,0,1,1,1,6,0,4.81681,0.83143,0.06041,6.13681,-0.02260,0.38735,0.24020,0.13631,0.11331,0.22410,0.16625,11,0,human_stop,a0:fixture_snag:43;a1:human_stop:35;a2:human_stop:28;a3:collision_margin:45;a4:human_stop:24;a5:human_stop:23
6,11084,combined_abort_stress_6_11084_0,combined_abort_stress,kernel_trace_constraint_classifier,0.55,0.08,0,1,1,1,5,1,5.93790,0.83143,0.04901,6.93790,-0.01813,0.35774,0.21784,0.23457,0.23073,1.00000,0.37062,11,0,no_path,a0:fixture_snag:40;a1:human_stop:33;a2:collision_margin:47;a3:force_limit:115;a4:no_path
6,11084,combined_abort_stress_6_11084_0,combined_abort_stress,particle_constraint_belief,0.55,0.08,1,0,0,0,1,0,2.22677,0.83143,0.37338,2.22677,0.00747,0.37236,0.22877,0.13842,0.10867,0.04081,0.17563,11,0,none,a0:none:94
6,11084,combined_abort_stress_6_11084_0,combined_abort_stress,abort_constraint_discovery_v5,0.55,0.08,0,1,0,0,2,1,1.24478,0.83143,0.23378,1.58478,-0.00152,0.44238,0.28401,0.14957,0.14380,1.00000,0.18625,11,0,no_path,a0:fixture_snag:48;a1:no_path
6,11084,combined_abort_stress_6_11084_0,combined_abort_stress,oracle_constraints,0.55,0.08,1,1,1,1,3,0,5.72079,0.83143,0.14533,6.28079,0.01540,1.00000,1.00000,0.02311,0.07597,0.02028,0.15000,11,0,none,a0:visible_collision:68;a1:visible_collision:69;a2:none:91
6,11085,combined_abort_stress_6_11085_0,combined_abort_stress,constraint_classifier,0.55,0.08,1,1,1,1,4,0,5.54314,0.83797,0.15117,6.38314,-0.00887,0.48205,0.31757,0.12280,0.17789,0.18710,0.25125,11,0,none,a0:fixture_snag:38;a1:force_limit:35;a2:collision_margin:39;a3:none:108
6,11085,combined_abort_stress_6_11085_0,combined_abort_stress,risk_filter_uncertainty,0.55,0.08,1,1,1,1,5,0,5.67862,0.83797,0.14757,6.79862,-0.02714,0.55140,0.38065,0.08239,0.10487,0.13008,0.15313,11,0,none,a0:force_limit:36;a1:fixture_snag:38;a2:collision_margin:41;a3:collision_margin:33;a4:none:103
6,11085,combined_abort_stress_6_11085_0,combined_abort_stress,robust_barrier_mpc,0.55,0.08,1,1,1,1,3,0,3.97214,0.83797,0.21096,4.53214,-0.00765,0.52830,0.35897,0.09614,0.11643,0.20101,0.21688,11,0,none,a0:collision_margin:41;a1:fixture_snag:37;a2:none:73
6,11085,combined_abort_stress_6_11085_0,combined_abort_stress,conformal_abort_risk_filter,0.55,0.08,0,1,1,1,6,0,5.76112,0.83797,0.05091,7.08112,-0.02832,0.47768,0.31378,0.10004,0.13182,0.23150,0.16562,11,0,collision_margin,a0:human_stop:21;a1:force_limit:37;a2:collision_margin:41;a3:visible_collision:59;a4:collision_margin:32;a5:collision_margin:36
6,11085,combined_abort_stress_6_11085_0,combined_abort_stress,kernel_trace_constraint_classifier,0.55,0.08,1,1,1,1,3,0,4.36462,0.83797,0.19199,4.92462,-0.00553,0.33957,0.20451,0.18315,0.21379,0.13239,0.32000,11,0,none,a0:fixture_snag:39;a1:visible_collision:27;a2:none:110
6,11085,combined_abort_stress_6_11085_0,combined_abort_stress,particle_constraint_belief,0.55,0.08,1,1,1,1,3,0,4.94700,0.83797,0.16939,5.50700,-0.02139,0.51587,0.34759,0.09808,0.12977,0.13237,0.20062,11,0,none,a0:fixture_snag:37;a1:force_limit:38;a2:none:111
6,11085,combined_abort_stress_6_11085_0,combined_abort_stress,abort_constraint_discovery_v5,0.55,0.08,1,0,0,0,1,0,3.50056,0.83797,0.23938,3.50056,0.02421,0.44444,0.28571,0.15453,0.21073,0.24550,0.27375,11,0,none,a0:none:120
6,11085,combined_abort_stress_6_11085_0,combined_abort_stress,oracle_constraints,0.55,0.08,1,0,0,0,1,0,1.97198,0.83797,0.42494,1.97198,0.01898,1.00000,1.00000,0.01650,0.05654,0.01330,0.11438,11,0,none,a0:none:73
6,11086,combined_abort_stress_6_11086_0,combined_abort_stress,constraint_classifier,0.55,0.08,1,1,0,1,2,0,3.49795,0.83490,0.23868,3.77795,-0.02685,0.35350,0.21470,0.16931,0.18203,0.17106,0.26312,11,0,none,a0:fixture_snag:36;a1:none:104
6,11086,combined_abort_stress_6_11086_0,combined_abort_stress,risk_filter_uncertainty,0.55,0.08,1,1,1,1,3,0,3.70715,0.83490,0.22521,4.26715,-0.00605,0.38249,0.23647,0.12427,0.09088,0.13668,0.14188,11,0,none,a0:fixture_snag:35;a1:fixture_snag:31;a2:none:99
6,11086,combined_abort_stress_6_11086_0,combined_abort_stress,robust_barrier_mpc,0.55,0.08,1,1,0,1,2,0,3.24846,0.83490,0.25701,3.52846,-0.00664,0.35966,0.21926,0.15528,0.17060,0.12784,0.24250,11,0,none,a0:fixture_snag:37;a1:none:105
6,11086,combined_abort_stress_6_11086_0,combined_abort_stress,conformal_abort_risk_filter,0.55,0.08,1,1,0,0,2,0,3.30888,0.83490,0.25232,3.58888,-0.00247,0.33023,0.19777,0.12636,0.11781,0.13100,0.13937,11,0,none,a0:fixture_snag:34;a1:none:104
6,11086,combined_abort_stress_6_11086_0,combined_abort_stress,kernel_trace_constraint_classifier,0.55,0.08,1,1,0,1,2,0,3.63277,0.83490,0.22983,3.91277,-0.02894,0.28690,0.16747,0.22033,0.24058,0.13429,0.32375,11,0,none,a0:fixture_snag:35;a1:none:107
6,11086,combined_abort_stress_6_11086_0,combined_abort_stress,particle_constraint_belief,0.55,0.08,1,1,0,0,2,0,3.16661,0.83490,0.26366,3.44661,-0.00003,0.36890,0.22616,0.14756,0.16217,0.13398,0.21625,11,0,none,a0:fixture_snag:34;a1:none:105
6,11086,combined_abort_stress_6_11086_0,combined_abort_stress,abort_constraint_discovery_v5,0.55,0.08,0,1,1,1,6,0,13.33087,0.83490,0.02192,14.65087,-0.00681,0.46501,0.30294,0.19204,0.27505,0.34482,0.39750,11,0,visible_collision,a0:force_limit:120;a1:unstable_slip:120;a2:force_limit:120;a3:visible_collision:50;a4:visible_collision:53;a5:visible_collision:57
6,11086,combined_abort_stress_6_11086_0,combined_abort_stress,oracle_constraints,0.55,0.08,1,0,0,0,1,0,2.50562,0.83490,0.33321,2.50562,0.00588,1.00000,1.00000,0.02027,0.06738,0.01983,0.12937,11,0,none,a0:none:96
6,11087,combined_abort_stress_6_11087_0,combined_abort_stress,constraint_classifier,0.55,0.08,1,1,1,1,5,0,7.50461,0.84619,0.11276,8.62461,-0.01533,0.37274,0.22906,0.17973,0.21823,0.16543,0.32312,11,0,none,a0:human_stop:40;a1:fixture_snag:46;a2:fixture_snag:41;a3:fixture_snag:45;a4:none:120
6,11087,combined_abort_stress_6_11087_0,combined_abort_stress,risk_filter_uncertainty,0.55,0.08,0,1,1,1,6,0,6.37393,0.84619,0.04647,7.69393,-0.01312,0.46154,0.30000,0.11258,0.10269,0.23846,0.16625,11,0,human_stop,a0:fixture_snag:46;a1:fixture_snag:40;a2:fixture_snag:44;a3:collision_margin:46;a4:fixture_snag:41;a5:human_stop:53
6,11087,combined_abort_stress_6_11087_0,combined_abort_stress,robust_barrier_mpc,0.55,0.08,1,1,1,1,4,0,7.98289,0.84619,0.10600,8.82289,-0.01864,0.46365,0.30179,0.14498,0.20363,0.10427,0.32937,11,0,none,a0:fixture_snag:52;a1:fixture_snag:46;a2:unstable_slip:90;a3:none:120
6,11087,combined_abort_stress_6_11087_0,combined_abort_stress,conformal_abort_risk_filter,0.55,0.08,1,1,1,1,5,0,7.42879,0.84619,0.11391,8.54879,-0.01562,0.45261,0.29250,0.11788,0.13727,0.25023,0.19687,11,0,none,a0:unstable_slip:83;a1:fixture_snag:52;a2:fixture_snag:41;a3:fixture_snag:42;a4:none:77
6,11087,combined_abort_stress_6_11087_0,combined_abort_stress,kernel_trace_constraint_classifier,0.55,0.08,1,1,1,1,3,0,5.80825,0.84619,0.14569,6.36825,-0.01570,0.32902,0.19690,0.23138,0.25653,0.13322,0.35625,11,0,none,a0:fixture_snag:55;a1:fixture_snag:49;a2:none:120
6,11087,combined_abort_stress_6_11087_0,combined_abort_stress,particle_constraint_belief,0.55,0.08,1,1,1,0,3,0,6.29409,0.84619,0.13444,6.85409,-0.00503,0.39441,0.24565,0.15170,0.19204,0.11138,0.27625,11,0,none,a0:fixture_snag:55;a1:fixture_snag:46;a2:none:120
6,11087,combined_abort_stress_6_11087_0,combined_abort_stress,abort_constraint_discovery_v5,0.55,0.08,0,1,0,0,2,1,1.65940,0.84619,0.17848,1.99940,-0.00308,0.38544,0.23873,0.21531,0.28095,1.00000,0.33750,11,0,no_path,a0:fixture_snag:60;a1:no_path
6,11087,combined_abort_stress_6_11087_0,combined_abort_stress,oracle_constraints,0.55,0.08,1,0,0,0,1,0,2.04026,0.84619,0.41475,2.04026,0.01598,1.00000,1.00000,0.02095,0.06941,0.03868,0.12625,11,0,none,a0:none:77
7,11080,combined_abort_stress_7_11080_0,combined_abort_stress,constraint_classifier,0.55,0.08,1,1,1,1,3,0,5.19679,0.83893,0.16143,5.75679,-0.01008,0.37355,0.22967,0.15527,0.15340,0.08128,0.24500,11,0,none,a0:fixture_snag:41;a1:fixture_snag:35;a2:none:120
7,11080,combined_abort_stress_7_11080_0,combined_abort_stress,risk_filter_uncertainty,0.55,0.08,1,1,0,1,2,0,3.47220,0.83893,0.24161,3.75220,-0.00668,0.38647,0.23952,0.11065,0.08887,0.11119,0.12562,11,0,none,a0:fixture_snag:39;a1:none:108
7,11080,combined_abort_stress_7_11080_0,combined_abort_stress,robust_barrier_mpc,0.55,0.08,1,1,1,0,3,0,5.93087,0.83893,0.14145,6.49087,-0.00343,0.34622,0.20935,0.15126,0.14779,0.07315,0.23875,11,0,none,a0:fixture_snag:48;a1:fixture_snag:42;a2:none:120
7,11080,combined_abort_stress_7_11080_0,combined_abort_stress,conformal_abort_risk_filter,0.55,0.08,1,1,1,1,3,0,5.39448,0.83893,0.15552,5.95448,-0.01558,0.36199,0.22099,0.11545,0.07731,0.06657,0.14313,11,0,none,a0:fixture_snag:42;a1:fixture_snag:35;a2:none:120
7,11080,combined_abort_stress_7_11080_0,combined_abort_stress,kernel_trace_constraint_classifier,0.55,0.08,1,1,1,1,4,0,7.52656,0.83893,0.11146,8.36656,-0.01284,0.36767,0.22524,0.20729,0.21982,0.14176,0.34625,11,0,none,a0:fixture_snag:44;a1:unstable_slip:103;a2:fixture_snag:40;a3:none:116
7,11080,combined_abort_stress_7_11080_0,combined_abort_stress,particle_constraint_belief,0.55,0.08,1,1,0,1,2,0,4.83470,0.83893,0.17352,5.11470,-0.02819,0.33210,0.19912,0.13871,0.11780,0.05344,0.20563,11,0,none,a0:fixture_snag:45;a1:none:120
7,11080,combined_abort_stress_7_11080_0,combined_abort_stress,abort_constraint_discovery_v5,0.55,0.08,0,1,0,1,2,1,1.26578,0.83893,0.23197,1.60578,-0.01670,0.38491,0.23832,0.14818,0.12903,1.00000,0.19812,11,0,no_path,a0:fixture_snag:47;a1:no_path
7,11080,combined_abort_stress_7_11080_0,combined_abort_stress,oracle_constraints,0.55,0.08,1,1,1,1,3,0,6.65840,0.83893,0.12600,7.21840,0.00845,1.00000,1.00000,0.01888,0.06117,0.01846,0.13312,11,0,none,a0:visible_collision:81;a1:visible_collision:78;a2:none:104
7,11081,combined_abort_stress_7_11081_0,combined_abort_stress,constraint_classifier,0.55,0.08,1,0,0,0,1,0,2.54605,0.84105,0.33034,2.54605,0.00856,0.27840,0.16171,0.18173,0.17147,0.13413,0.25062,11,0,none,a0:none:104
7,11081,combined_abort_stress_7_11081_0,combined_abort_stress,risk_filter_uncertainty,0.55,0.08,1,1,0,1,2,0,3.35443,0.84105,0.25073,3.63443,-0.00876,0.37969,0.23433,0.12137,0.07851,0.14286,0.14313,11,0,none,a0:force_limit:49;a1:none:81
7,11081,combined_abort_stress_7_11081_0,combined_abort_stress,robust_barrier_mpc,0.55,0.08,1,0,0,0,1,0,2.46052,0.84105,0.34182,2.46052,0.01772,0.29160,0.17068,0.16395,0.15950,0.09389,0.22437,11,0,none,a0:none:110
7,11081,combined_abort_stress_7_11081_0,combined_abort_stress,conformal_abort_risk_filter,0.55,0.08,1,0,0,0,1,0,2.40323,0.84105,0.34997,2.40323,0.01161,0.24299,0.13830,0.13565,0.10503,0.10130,0.12750,11,0,none,a0:none:104
7,11081,combined_abort_stress_7_11081_0,combined_abort_stress,kernel_trace_constraint_classifier,0.55,0.08,1,0,0,0,1,0,2.84932,0.84105,0.29518,2.84932,0.01088,0.23876,0.13557,0.23192,0.22095,0.08527,0.30500,11,0,none,a0:none:108
7,11081,combined_abort_stress_7_11081_0,combined_abort_stress,particle_constraint_belief,0.55,0.08,1,0,0,0,1,0,2.52828,0.84105,0.33266,2.52828,0.01984,0.28257,0.16453,0.15734,0.14195,0.08233,0.20062,11,0,none,a0:none:109
7,11081,combined_abort_stress_7_11081_0,combined_abort_stress,abort_constraint_discovery_v5,0.55,0.08,1,1,0,1,2,0,4.67225,0.84105,0.18001,4.95225,0.02082,0.30112,0.17724,0.18962,0.20435,0.11401,0.19625,11,0,none,a0:visible_collision:97;a1:none:102
7,11081,combined_abort_stress_7_11081_0,combined_abort_stress,oracle_constraints,0.55,0.08,1,1,0,0,2,0,2.86790,0.84105,0.29326,3.14790,-0.00239,1.00000,1.00000,0.02267,0.07663,0.02770,0.14000,11,0,none,a0:fixture_snag:32;a1:none:83
7,11082,combined_abort_stress_7_11082_0,combined_abort_stress,constraint_classifier,0.55,0.08,0,1,1,1,6,0,7.63195,0.85741,0.03932,8.95195,-0.04992,0.42225,0.26763,0.15912,0.19923,0.31125,0.30688,10,1,visible_collision,a0:fixture_snag:56;a1:unstable_slip:65;a2:collision_margin:41;a3:human_stop:31;a4:visible_collision:68;a5:visible_collision:26
7,11082,combined_abort_stress_7_11082_0,combined_abort_stress,risk_filter_uncertainty,0.55,0.08,1,1,1,0,3,0,4.64051,0.85741,0.18477,5.20051,-0.00328,0.45077,0.29096,0.10811,0.08809,0.12434,0.15438,10,1,none,a0:collision_margin:37;a1:fixture_snag:45;a2:none:110
7,11082,combined_abort_stress_7_11082_0,combined_abort_stress,robust_barrier_mpc,0.55,0.08,1,1,1,1,3,0,6.26362,0.85741,0.13689,6.82362,-0.01610,0.39041,0.24255,0.14493,0.15842,0.13711,0.23375,10,1,none,a0:fixture_snag:63;a1:fixture_snag:65;a2:none:117
7,11082,combined_abort_stress_7_11082_0,combined_abort_stress,conformal_abort_risk_filter,0.55,0.08,0,1,1,1,6,0,7.46153,0.85741,0.04022,8.78153,-0.00887,0.46957,0.30682,0.10800,0.10484,0.18185,0.15625,10,1,unstable_slip,a0:fixture_snag:54;a1:fixture_snag:47;a2:unstable_slip:60;a3:force_limit:38;a4:human_stop:28;a5:unstable_slip:80
7,11082,combined_abort_stress_7_11082_0,combined_abort_stress,kernel_trace_constraint_classifier,0.55,0.08,1,1,1,1,4,0,6.56466,0.85741,0.13061,7.40466,-0.00519,0.35801,0.21803,0.21017,0.23481,0.15753,0.33313,10,1,none,a0:fixture_snag:57;a1:fixture_snag:53;a2:force_limit:41;a3:none:120
7,11082,combined_abort_stress_7_11082_0,combined_abort_stress,particle_constraint_belief,0.55,0.08,1,1,1,1,6,0,9.01955,0.85741,0.09506,10.41955,-0.00873,0.46057,0.29918,0.13322,0.16469,0.15882,0.26500,10,1,none,a0:fixture_snag:59;a1:fixture_snag:56;a2:visible_collision:27;a3:unstable_slip:65;a4:force_limit:37;a5:none:120
7,11082,combined_abort_stress_7_11082_0,combined_abort_stress,abort_constraint_discovery_v5,0.55,0.08,0,1,1,1,6,0,9.36997,0.85741,0.03203,10.68997,-0.01181,0.42093,0.26657,0.21941,0.29963,0.33178,0.40625,10,1,unstable_slip,a0:fixture_snag:68;a1:unstable_slip:67;a2:fixture_snag:51;a3:collision_margin:54;a4:collision_margin:58;a5:unstable_slip:64
7,11082,combined_abort_stress_7_11082_0,combined_abort_stress,oracle_constraints,0.55,0.08,1,0,0,0,1,0,2.49972,0.85741,0.34300,2.49972,0.01977,1.00000,1.00000,0.02206,0.07598,0.02857,0.13125,10,1,none,a0:none:98
7,11083,combined_abort_stress_7_11083_0,combined_abort_stress,constraint_classifier,0.55,0.08,1,0,0,0,1,0,1.98642,0.84552,0.42565,1.98642,0.03391,0.52673,0.35753,0.10958,0.11015,0.17116,0.18313,11,0,none,a0:none:84
7,11083,combined_abort_stress_7_11083_0,combined_abort_stress,risk_filter_uncertainty,0.55,0.08,1,0,0,0,1,0,2.08011,0.84552,0.40648,2.08011,0.03673,0.34667,0.20968,0.10232,0.06154,0.13536,0.10187,11,0,none,a0:none:86
7,11083,combined_abort_stress_7_11083_0,combined_abort_stress,robust_barrier_mpc,0.55,0.08,1,0,0,0,1,0,1.79473,0.84552,0.47111,1.79473,0.03651,0.46729,0.30488,0.11527,0.09290,0.14191,0.20187,11,0,none,a0:none:92
7,11083,combined_abort_stress_7_11083_0,combined_abort_stress,conformal_abort_risk_filter,0.55,0.08,1,0,0,0,1,0,1.93419,0.84552,0.43714,1.93419,0.03155,0.44068,0.28261,0.09090,0.04536,0.11865,0.08875,11,0,none,a0:none:84
7,11083,combined_abort_stress_7_11083_0,combined_abort_stress,kernel_trace_constraint_classifier,0.55,0.08,1,0,0,0,1,0,2.15893,0.84552,0.39164,2.15893,0.03931,0.39652,0.24729,0.14711,0.11857,0.12948,0.22687,11,0,none,a0:none:95
7,11083,combined_abort_stress_7_11083_0,combined_abort_stress,particle_constraint_belief,0.55,0.08,1,0,0,0,1,0,2.07060,0.84552,0.40835,2.07060,0.02492,0.46610,0.30387,0.10491,0.07705,0.13762,0.16250,11,0,none,a0:none:85
7,11083,combined_abort_stress_7_11083_0,combined_abort_stress,abort_constraint_discovery_v5,0.55,0.08,1,0,0,0,1,0,1.94542,0.84552,0.43462,1.94542,0.02396,0.54430,0.37391,0.13577,0.20603,0.06213,0.26250,11,0,none,a0:none:85
7,11083,combined_abort_stress_7_11083_0,combined_abort_stress,oracle_constraints,0.55,0.08,1,0,0,0,1,0,2.09764,0.84552,0.40308,2.09764,0.03598,1.00000,1.00000,0.01912,0.06432,0.00799,0.13250,11,0,none,a0:none:84
7,11084,combined_abort_stress_7_11084_0,combined_abort_stress,constraint_classifier,0.55,0.08,1,1,0,1,2,0,3.89941,0.84851,0.21760,4.17941,-0.01341,0.32956,0.19729,0.16937,0.18653,0.13553,0.26500,11,0,none,a0:fixture_snag:42;a1:none:120
7,11084,combined_abort_stress_7_11084_0,combined_abort_stress,risk_filter_uncertainty,0.55,0.08,0,1,1,1,6,0,5.75010,0.84851,0.05165,7.07010,-0.01935,0.39913,0.24932,0.12091,0.11891,0.24645,0.16625,11,0,fixture_snag,a0:fixture_snag:40;a1:fixture_snag:33;a2:fixture_snag:33;a3:human_stop:31;a4:visible_collision:56;a5:fixture_snag:31
7,11084,combined_abort_stress_7_11084_0,combined_abort_stress,robust_barrier_mpc,0.55,0.08,1,0,0,0,1,0,2.90596,0.84851,0.29199,2.90596,0.02678,0.35189,0.21351,0.15104,0.17534,0.10086,0.22625,11,0,none,a0:none:120
7,11084,combined_abort_stress_7_11084_0,combined_abort_stress,conformal_abort_risk_filter,0.55,0.08,1,1,0,1,2,0,4.16783,0.84851,0.20358,4.44783,-0.01647,0.40268,0.25210,0.12339,0.12707,0.09931,0.15750,11,0,none,a0:fixture_snag:41;a1:none:120
7,11084,combined_abort_stress_7_11084_0,combined_abort_stress,kernel_trace_constraint_classifier,0.55,0.08,1,1,0,0,2,0,4.20431,0.84851,0.20182,4.48431,-0.00313,0.27848,0.16176,0.23106,0.25615,0.11452,0.32250,11,0,none,a0:fixture_snag:44;a1:none:120
7,11084,combined_abort_stress_7_11084_0,combined_abort_stress,particle_constraint_belief,0.55,0.08,1,1,1,1,4,0,7.04044,0.84851,0.12052,7.88044,-0.00655,0.34530,0.20868,0.15832,0.18267,0.12594,0.24375,11,0,none,a0:visible_collision:65;a1:fixture_snag:42;a2:fixture_snag:38;a3:none:120
7,11084,combined_abort_stress_7_11084_0,combined_abort_stress,abort_constraint_discovery_v5,0.55,0.08,0,0,0,0,1,1,0.00000,0.84851,0.00000,0.12000,1.00000,0.37479,0.23061,0.17829,0.18593,1.00000,0.24500,11,0,no_path,a0:no_path
7,11084,combined_abort_stress_7_11084_0,combined_abort_stress,oracle_constraints,0.55,0.08,0,1,1,1,6,0,5.42707,0.84851,0.05472,6.74707,-0.01117,1.00000,1.00000,0.02054,0.06758,0.08109,0.12187,11,0,fixture_snag,a0:human_stop:28;a1:visible_collision:63;a2:fixture_snag:28;a3:human_stop:31;a4:human_stop:31;a5:fixture_snag:32
7,11085,combined_abort_stress_7_11085_0,combined_abort_stress,constraint_classifier,0.55,0.08,1,0,0,0,1,0,1.82269,0.84355,0.46281,1.82269,0.00961,0.45965,0.29841,0.12527,0.15433,0.16848,0.23688,10,1,none,a0:none:72
7,11085,combined_abort_stress_7_11085_0,combined_abort_stress,risk_filter_uncertainty,0.55,0.08,1,1,1,1,4,0,4.61299,0.84355,0.18286,5.45299,-0.02767,0.43802,0.28042,0.10748,0.12402,0.21867,0.18313,10,1,none,a0:fixture_snag:31;a1:collision_margin:39;a2:fixture_snag:42;a3:none:72
7,11085,combined_abort_stress_7_11085_0,combined_abort_stress,robust_barrier_mpc,0.55,0.08,1,1,1,1,4,0,5.10778,0.84355,0.16515,5.94778,-0.01187,0.42414,0.26915,0.12941,0.15714,0.27586,0.26375,10,1,none,a0:fixture_snag:40;a1:collision_margin:48;a2:human_stop:40;a3:none:78
7,11085,combined_abort_stress_7_11085_0,combined_abort_stress,conformal_abort_risk_filter,0.55,0.08,1,0,0,0,1,0,1.64932,0.84355,0.51145,1.64932,0.02334,0.44865,0.28920,0.09614,0.08814,0.14100,0.11188,10,1,none,a0:none:72
7,11085,combined_abort_stress_7_11085_0,combined_abort_stress,kernel_trace_constraint_classifier,0.55,0.08,1,0,0,0,1,0,1.60365,0.84355,0.52602,1.60365,0.02473,0.34087,0.20545,0.17547,0.18181,0.21485,0.29500,10,1,none,a0:none:72
7,11085,combined_abort_stress_7_11085_0,combined_abort_stress,particle_constraint_belief,0.55,0.08,1,0,0,0,1,0,2.00019,0.84355,0.42174,2.00019,0.00805,0.42692,0.27139,0.11555,0.13282,0.21203,0.20563,10,1,none,a0:none:78
7,11085,combined_abort_stress_7_11085_0,combined_abort_stress,abort_constraint_discovery_v5,0.55,0.08,1,0,0,0,1,0,2.39494,0.84355,0.35222,2.39494,0.03218,0.52025,0.35158,0.13405,0.20912,0.12879,0.28187,10,1,none,a0:none:108
7,11085,combined_abort_stress_7_11085_0,combined_abort_stress,oracle_constraints,0.55,0.08,1,0,0,0,1,0,1.90952,0.84355,0.44176,1.90952,0.02633,1.00000,1.00000,0.01923,0.06388,0.02097,0.11937,10,1,none,a0:none:72
7,11086,combined_abort_stress_7_11086_0,combined_abort_stress,constraint_classifier,0.55,0.08,1,1,1,1,5,0,7.05073,0.83503,0.11843,8.17073,-0.02608,0.30015,0.17658,0.18738,0.20272,0.09187,0.27000,11,0,none,a0:collision_margin:31;a1:collision_margin:26;a2:visible_collision:75;a3:visible_collision:21;a4:none:120
7,11086,combined_abort_stress_7_11086_0,combined_abort_stress,risk_filter_uncertainty,0.55,0.08,0,1,1,1,6,0,4.96807,0.83503,0.05883,6.28807,-0.02352,0.34943,0.21170,0.12525,0.12877,0.12769,0.13375,11,0,visible_collision,a0:collision_margin:30;a1:collision_margin:25;a2:collision_margin:27;a3:collision_margin:33;a4:collision_margin:27;a5:visible_collision:53
7,11086,combined_abort_stress_7_11086_0,combined_abort_stress,robust_barrier_mpc,0.55,0.08,1,1,0,1,2,0,3.62748,0.83503,0.23020,3.90748,-0.01365,0.32247,0.19223,0.16591,0.18259,0.09714,0.22625,11,0,none,a0:collision_margin:28;a1:none:120
7,11086,combined_abort_stress_7_11086_0,combined_abort_stress,conformal_abort_risk_filter,0.55,0.08,1,1,1,1,3,0,4.08733,0.83503,0.20430,4.64733,-0.01747,0.37587,0.23143,0.12875,0.11478,0.10583,0.13125,11,0,none,a0:collision_margin:30;a1:collision_margin:27;a2:none:116
7,11086,combined_abort_stress_7_11086_0,combined_abort_stress,kernel_trace_constraint_classifier,0.55,0.08,1,1,1,1,5,0,11.20064,0.83503,0.07455,12.32064,-0.03625,0.29483,0.17290,0.27687,0.30274,0.05667,0.43000,11,0,none,a0:collision_margin:30;a1:visible_collision:79;a2:visible_collision:107;a3:force_limit:106;a4:none:120
7,11086,combined_abort_stress_7_11086_0,combined_abort_stress,particle_constraint_belief,0.55,0.08,1,1,1,1,3,0,5.71609,0.83503,0.14608,6.27609,-0.00697,0.31707,0.18841,0.16197,0.17257,0.07347,0.22062,11,0,none,a0:visible_collision:65;a1:collision_margin:30;a2:none:120
7,11086,combined_abort_stress_7_11086_0,combined_abort_stress,abort_constraint_discovery_v5,0.55,0.08,0,0,0,0,1,1,0.00000,0.83503,0.00000,0.12000,1.00000,0.31959,0.19018,0.19972,0.22557,1.00000,0.22562,11,0,no_path,a0:no_path
7,11086,combined_abort_stress_7_11086_0,combined_abort_stress,oracle_constraints,0.55,0.08,1,0,0,0,1,0,2.67043,0.83503,0.31270,2.67043,0.03693,1.00000,1.00000,0.02329,0.07592,0.00886,0.13812,11,0,none,a0:none:105
7,11087,combined_abort_stress_7_11087_0,combined_abort_stress,constraint_classifier,0.55,0.08,1,0,0,0,1,0,2.26111,0.85799,0.37945,2.26111,0.03556,0.39116,0.24313,0.14079,0.16785,0.16185,0.25062,11,0,none,a0:none:94
7,11087,combined_abort_stress_7_11087_0,combined_abort_stress,risk_filter_uncertainty,0.55,0.08,1,0,0,0,1,0,2.30220,0.85799,0.37268,2.30220,0.02106,0.35602,0.21656,0.10370,0.09214,0.12929,0.12187,11,0,none,a0:none:90
7,11087,combined_abort_stress_7_11087_0,combined_abort_stress,robust_barrier_mpc,0.55,0.08,1,0,0,0,1,0,2.27741,0.85799,0.37674,2.27741,0.03415,0.39304,0.24459,0.12821,0.13136,0.10459,0.24250,11,0,none,a0:none:100
7,11087,combined_abort_stress_7_11087_0,combined_abort_stress,conformal_abort_risk_filter,0.55,0.08,1,0,0,0,1,0,2.35688,0.85799,0.36404,2.35688,0.04489,0.35385,0.21495,0.10398,0.09332,0.11526,0.12687,11,0,none,a0:none:94
7,11087,combined_abort_stress_7_11087_0,combined_abort_stress,kernel_trace_constraint_classifier,0.55,0.08,1,0,0,0,1,0,2.33224,0.85799,0.36788,2.33224,0.04629,0.30631,0.18085,0.18500,0.19346,0.13478,0.29938,11,0,none,a0:none:100
7,11087,combined_abort_stress_7_11087_0,combined_abort_stress,particle_constraint_belief,0.55,0.08,1,0,0,0,1,0,2.43568,0.85799,0.35226,2.43568,0.03463,0.37548,0.23113,0.12302,0.13239,0.11346,0.20938,11,0,none,a0:none:99
7,11087,combined_abort_stress_7_11087_0,combined_abort_stress,abort_constraint_discovery_v5,0.55,0.08,0,0,0,0,1,1,0.00000,0.85799,0.00000,0.12000,1.00000,0.50825,0.34071,0.13120,0.19027,1.00000,0.26188,11,0,no_path,a0:no_path
7,11087,combined_abort_stress_7_11087_0,combined_abort_stress,oracle_constraints,0.55,0.08,1,0,0,0,1,0,1.99297,0.85799,0.43051,1.99297,0.03189,1.00000,1.00000,0.01717,0.05764,0.00796,0.11688,11,0,none,a0:none:86
0,11120,combined_abort_stress_0_11120_0,combined_abort_stress,constraint_classifier,0.55,0.12,1,1,1,1,6,0,9.76750,0.84979,0.08700,11.16750,-0.00964,0.41129,0.25888,0.16799,0.23665,0.14585,0.34687,11,0,none,a0:force_limit:99;a1:collision_margin:38;a2:fixture_snag:40;a3:visible_collision:23;a4:fixture_snag:63;a5:none:120
0,11120,combined_abort_stress_0_11120_0,combined_abort_stress,risk_filter_uncertainty,0.55,0.12,0,1,1,1,6,0,6.43119,0.84979,0.04625,7.75119,-0.01828,0.47393,0.31056,0.09371,0.10089,0.24547,0.14563,11,0,collision_margin,a0:collision_margin:41;a1:fixture_snag:55;a2:fixture_snag:43;a3:collision_margin:36;a4:fixture_snag:39;a5:collision_margin:37
0,11120,combined_abort_stress_0_11120_0,combined_abort_stress,robust_barrier_mpc,0.55,0.12,1,1,1,1,3,0,6.11711,0.84979,0.13892,6.67711,-0.01271,0.43354,0.27677,0.13143,0.17637,0.12075,0.27687,11,0,none,a0:force_limit:99;a1:visible_collision:21;a2:none:120
0,11120,combined_abort_stress_0_11120_0,combined_abort_stress,conformal_abort_risk_filter,0.55,0.12,0,1,1,1,6,0,7.29561,0.84979,0.04077,8.61561,-0.00626,0.46452,0.30252,0.10002,0.11378,0.22904,0.17250,11,0,collision_margin,a0:force_limit:98;a1:collision_margin:37;a2:collision_margin:34;a3:collision_margin:36;a4:unstable_slip:38;a5:collision_margin:35
0,11120,combined_abort_stress_0_11120_0,combined_abort_stress,kernel_trace_constraint_classifier,0.55,0.12,1,1,0,1,2,0,5.68435,0.84979,0.14950,5.96435,-0.01305,0.37898,0.23379,0.19288,0.23058,0.10455,0.33375,11,0,none,a0:force_limit:100;a1:none:120
0,11120,combined_abort_stress_0_11120_0,combined_abort_stress,particle_constraint_belief,0.55,0.12,1,0,0,0,1,0,3.35663,0.84979,0.25317,3.35663,0.00984,0.41785,0.26410,0.11738,0.11397,0.05531,0.19000,11,0,none,a0:none:120
0,11120,combined_abort_stress_0_11120_0,combined_abort_stress,abort_constraint_discovery_v5,0.55,0.12,0,0,0,0,1,1,0.00000,0.84979,0.00000,0.12000,1.00000,0.43312,0.27642,0.16368,0.18100,1.00000,0.27437,11,0,no_path,a0:no_path
0,11120,combined_abort_stress_0_11120_0,combined_abort_stress,oracle_constraints,0.55,0.12,1,1,1,1,3,0,5.48218,0.84979,0.15501,6.04218,0.03483,1.00000,1.00000,0.01821,0.05962,0.00744,0.11812,11,0,none,a0:visible_collision:49;a1:visible_collision:50;a2:none:120
0,11121,combined_abort_stress_0_11121_0,combined_abort_stress,constraint_classifier,0.55,0.12,1,1,0,1,2,0,3.43223,0.84531,0.24629,3.71223,-0.01603,0.33272,0.19956,0.14852,0.15919,0.12535,0.23000,11,0,none,a0:fixture_snag:33;a1:none:115
0,11121,combined_abort_stress_0_11121_0,combined_abort_stress,risk_filter_uncertainty,0.55,0.12,1,1,1,1,3,0,4.71784,0.84531,0.17917,5.27784,-0.02217,0.38955,0.24189,0.10734,0.11059,0.11352,0.15125,11,0,none,a0:fixture_snag:33;a1:collision_margin:45;a2:none:110
0,11121,combined_abort_stress_0_11121_0,combined_abort_stress,robust_barrier_mpc,0.55,0.12,1,0,0,0,1,0,3.04063,0.84531,0.27801,3.04063,0.00576,0.31540,0.18722,0.14419,0.15387,0.08846,0.22500,11,0,none,a0:none:120
0,11121,combined_abort_stress_0_11121_0,combined_abort_stress,conformal_abort_risk_filter,0.55,0.12,1,0,0,0,1,0,3.04001,0.84531,0.27806,3.04001,0.01063,0.36856,0.22591,0.10711,0.08584,0.09359,0.11875,11,0,none,a0:none:117
0,11121,combined_abort_stress_0_11121_0,combined_abort_stress,kernel_trace_constraint_classifier,0.55,0.12,1,0,0,0,1,0,2.88661,0.84531,0.29284,2.88661,0.02253,0.27663,0.16052,0.19258,0.19688,0.09877,0.28125,11,0,none,a0:none:118
0,11121,combined_abort_stress_0_11121_0,combined_abort_stress,particle_constraint_belief,0.55,0.12,1,0,0,0,1,0,2.72026,0.84531,0.31075,2.72026,0.01758,0.35246,0.21393,0.13135,0.13426,0.10380,0.19312,11,0,none,a0:none:118
0,11121,combined_abort_stress_0_11121_0,combined_abort_stress,abort_constraint_discovery_v5,0.55,0.12,0,1,1,1,3,1,3.96278,0.84531,0.07466,4.52278,-0.01040,0.44584,0.28687,0.15965,0.20963,1.00000,0.28625,11,0,no_path,a0:visible_collision:89;a1:collision_margin:80;a2:no_path
0,11121,combined_abort_stress_0_11121_0,combined_abort_stress,oracle_constraints,0.55,0.12,1,0,0,0,1,0,2.78961,0.84531,0.30302,2.78961,0.00477,1.00000,1.00000,0.01773,0.05986,0.02342,0.11188,11,0,none,a0:none:105
0,11122,combined_abort_stress_0_11122_0,combined_abort_stress,constraint_classifier,0.55,0.12,0,1,1,1,6,0,6.84314,0.85523,0.04374,8.16314,-0.00711,0.33557,0.20161,0.19800,0.21349,0.36528,0.32125,11,0,collision_margin,a0:visible_collision:55;a1:collision_margin:44;a2:collision_margin:40;a3:force_limit:55;a4:collision_margin:42;a5:collision_margin:34
0,11122,combined_abort_stress_0_11122_0,combined_abort_stress,risk_filter_uncertainty,0.55,0.12,1,1,0,1,2,0,2.59930,0.85523,0.32902,2.87930,-0.00978,0.31354,0.18592,0.12977,0.07436,0.15985,0.11875,11,0,none,a0:collision_margin:40;a1:none:80
0,11122,combined_abort_stress_0_11122_0,combined_abort_stress,robust_barrier_mpc,0.55,0.12,1,1,1,1,3,0,3.85725,0.85523,0.22172,4.41725,-0.00614,0.33779,0.20322,0.15675,0.14634,0.20873,0.22937,11,0,none,a0:collision_margin:41;a1:fixture_snag:36;a2:none:81
0,11122,combined_abort_stress_0_11122_0,combined_abort_stress,conformal_abort_risk_filter,0.55,0.12,1,1,1,1,4,0,5.60654,0.85523,0.15254,6.44654,-0.02725,0.33068,0.19809,0.14418,0.12773,0.18768,0.16937,11,0,none,a0:visible_collision:56;a1:collision_margin:46;a2:collision_margin:42;a3:none:82
0,11122,combined_abort_stress_0_11122_0,combined_abort_stress,kernel_trace_constraint_classifier,0.55,0.12,1,1,1,1,3,0,5.44007,0.85523,0.15721,6.00007,-0.02182,0.25345,0.14511,0.25768,0.26347,0.23035,0.35375,11,0,none,a0:collision_margin:46;a1:visible_collision:89;a2:none:86
0,11122,combined_abort_stress_0_11122_0,combined_abort_stress,particle_constraint_belief,0.55,0.12,1,1,1,1,3,0,5.48298,0.85523,0.15598,6.04298,-0.00465,0.27967,0.16257,0.17499,0.17667,0.12594,0.24000,11,0,none,a0:collision_margin:42;a1:visible_collision:56;a2:none:120
0,11122,combined_abort_stress_0_11122_0,combined_abort_stress,abort_constraint_discovery_v5,0.55,0.12,0,1,1,1,3,1,3.09727,0.85523,0.09664,3.65727,-0.01404,0.42925,0.27328,0.17096,0.17014,1.00000,0.24875,11,0,no_path,a0:visible_collision:51;a1:collision_margin:74;a2:no_path
0,11122,combined_abort_stress_0_11122_0,combined_abort_stress,oracle_constraints,0.55,0.12,1,1,1,1,3,0,5.15705,0.85523,0.16584,5.71705,0.00997,1.00000,1.00000,0.02094,0.06940,0.01743,0.14438,11,0,none,a0:visible_collision:58;a1:visible_collision:58;a2:none:80
0,11123,combined_abort_stress_0_11123_0,combined_abort_stress,constraint_classifier,0.55,0.12,1,0,0,0,1,0,1.91650,0.85373,0.44546,1.91650,0.01009,0.38057,0.23500,0.12539,0.15603,0.09665,0.20438,11,0,none,a0:none:87
0,11123,combined_abort_stress_0_11123_0,combined_abort_stress,risk_filter_uncertainty,0.55,0.12,1,1,1,1,5,0,5.28631,0.85373,0.16150,6.40631,-0.00775,0.40000,0.25000,0.09940,0.12431,0.21433,0.15500,11,0,none,a0:fixture_snag:33;a1:fixture_snag:27;a2:human_stop:35;a3:fixture_snag:28;a4:none:86
0,11123,combined_abort_stress_0_11123_0,combined_abort_stress,robust_barrier_mpc,0.55,0.12,1,0,0,0,1,0,2.28024,0.85373,0.37440,2.28024,0.01790,0.34549,0.20882,0.12555,0.13635,0.07674,0.22125,11,0,none,a0:none:87
0,11123,combined_abort_stress_0_11123_0,combined_abort_stress,conformal_abort_risk_filter,0.55,0.12,1,0,0,0,1,0,2.04414,0.85373,0.41765,2.04414,0.01023,0.39009,0.24231,0.09201,0.08664,0.07237,0.09750,11,0,none,a0:none:87
0,11123,combined_abort_stress_0_11123_0,combined_abort_stress,kernel_trace_constraint_classifier,0.55,0.12,1,0,0,0,1,0,2.07730,0.85373,0.41098,2.07730,0.01588,0.29392,0.17228,0.16832,0.17808,0.06674,0.26562,11,0,none,a0:none:89
0,11123,combined_abort_stress_0_11123_0,combined_abort_stress,particle_constraint_belief,0.55,0.12,1,0,0,0,1,0,1.96733,0.85373,0.43395,1.96733,0.00678,0.35586,0.21644,0.11312,0.12237,0.06172,0.17313,11,0,none,a0:none:88
0,11123,combined_abort_stress_0_11123_0,combined_abort_stress,abort_constraint_discovery_v5,0.55,0.12,1,0,0,0,1,0,1.90961,0.85373,0.44707,1.90961,0.02362,0.40141,0.25110,0.14880,0.20589,0.16803,0.25062,11,0,none,a0:none:86
0,11123,combined_abort_stress_0_11123_0,combined_abort_stress,oracle_constraints,0.55,0.12,1,0,0,0,1,0,1.79278,0.85373,0.47620,1.79278,0.00889,1.00000,1.00000,0.01717,0.05815,0.02006,0.10437,11,0,none,a0:none:86
0,11124,combined_abort_stress_0_11124_0,combined_abort_stress,constraint_classifier,0.55,0.12,1,0,0,0,1,0,2.01102,0.84483,0.42010,2.01102,0.02745,0.45249,0.29240,0.14181,0.17973,0.16957,0.28000,11,0,none,a0:none:86
0,11124,combined_abort_stress_0_11124_0,combined_abort_stress,risk_filter_uncertainty,0.55,0.12,1,1,1,1,4,0,5.50393,0.84483,0.15350,6.34393,-0.03229,0.43058,0.27436,0.11311,0.11097,0.21550,0.17625,11,0,none,a0:human_stop:39;a1:visible_collision:40;a2:human_stop:54;a3:none:89
0,11124,combined_abort_stress_0_11124_0,combined_abort_stress,robust_barrier_mpc,0.55,0.12,1,0,0,0,1,0,2.36812,0.84483,0.35675,2.36812,0.02286,0.44341,0.28486,0.12814,0.14420,0.13444,0.26875,11,0,none,a0:none:102
0,11124,combined_abort_stress_0_11124_0,combined_abort_stress,conformal_abort_risk_filter,0.55,0.12,1,0,0,0,1,0,1.99120,0.84483,0.42428,1.99120,0.03700,0.41412,0.26113,0.10589,0.10031,0.11495,0.13125,11,0,none,a0:none:86
0,11124,combined_abort_stress_0_11124_0,combined_abort_stress,kernel_trace_constraint_classifier,0.55,0.12,1,0,0,0,1,0,2.23036,0.84483,0.37878,2.23036,0.03947,0.37823,0.23322,0.18702,0.20901,0.12597,0.32500,11,0,none,a0:none:100
0,11124,combined_abort_stress_0_11124_0,combined_abort_stress,particle_constraint_belief,0.55,0.12,0,1,1,1,6,0,5.23588,0.84483,0.05647,6.55588,-0.01056,0.45469,0.29423,0.13326,0.16974,0.29486,0.27250,11,0,human_stop,a0:visible_collision:61;a1:human_stop:33;a2:human_stop:31;a3:human_stop:32;a4:human_stop:36;a5:human_stop:31
0,11124,combined_abort_stress_0_11124_0,combined_abort_stress,abort_constraint_discovery_v5,0.55,0.12,1,0,0,0,1,0,1.91806,0.84483,0.44046,1.91806,0.03368,0.55162,0.38086,0.13609,0.20350,0.08673,0.28937,11,0,none,a0:none:87
0,11124,combined_abort_stress_0_11124_0,combined_abort_stress,oracle_constraints,0.55,0.12,1,0,0,0,1,0,2.11786,0.84483,0.39891,2.11786,0.03515,1.00000,1.00000,0.02072,0.06883,0.00814,0.13437,11,0,none,a0:none:84
0,11125,combined_abort_stress_0_11125_0,combined_abort_stress,constraint_classifier,0.55,0.12,1,0,0,0,1,0,1.95363,0.85340,0.43683,1.95363,0.04449,0.35640,0.21684,0.14762,0.20731,0.17333,0.26500,11,0,none,a0:none:84
0,11125,combined_abort_stress_0_11125_0,combined_abort_stress,risk_filter_uncertainty,0.55,0.12,1,1,1,1,3,0,4.17204,0.85340,0.20455,4.73204,-0.02761,0.40371,0.25291,0.10268,0.13350,0.22004,0.17313,11,0,none,a0:visible_collision:41;a1:collision_margin:41;a2:none:82
0,11125,combined_abort_stress_0_11125_0,combined_abort_stress,robust_barrier_mpc,0.55,0.12,1,0,0,0,1,0,1.88206,0.85340,0.45344,1.88206,0.03516,0.35209,0.21366,0.13107,0.15865,0.15067,0.24813,11,0,none,a0:none:87
0,11125,combined_abort_stress_0_11125_0,combined_abort_stress,conformal_abort_risk_filter,0.55,0.12,1,0,0,0,1,0,1.90449,0.85340,0.44810,1.90449,0.03957,0.41278,0.26006,0.09769,0.12329,0.12353,0.15812,11,0,none,a0:none:84
0,11125,combined_abort_stress_0_11125_0,combined_abort_stress,kernel_trace_constraint_classifier,0.55,0.12,1,0,0,0,1,0,2.04875,0.85340,0.41654,2.04875,0.03569,0.30015,0.17657,0.19706,0.23942,0.14632,0.32438,11,0,none,a0:none:84
0,11125,combined_abort_stress_0_11125_0,combined_abort_stress,particle_constraint_belief,0.55,0.12,1,0,0,0,1,0,1.94932,0.85340,0.43779,1.94932,0.03646,0.37137,0.22803,0.12394,0.16419,0.14073,0.22687,11,0,none,a0:none:86
0,11125,combined_abort_stress_0_11125_0,combined_abort_stress,abort_constraint_discovery_v5,0.55,0.12,0,0,0,0,1,1,0.00000,0.85340,0.00000,0.12000,1.00000,0.45608,0.29540,0.14922,0.19912,1.00000,0.27375,11,0,no_path,a0:no_path
0,11125,combined_abort_stress_0_11125_0,combined_abort_stress,oracle_constraints,0.55,0.12,1,1,0,1,2,0,2.86471,0.85340,0.29790,3.14471,0.03289,1.00000,1.00000,0.01689,0.05687,0.00793,0.09625,11,0,none,a0:visible_collision:49;a1:none:82
0,11126,combined_abort_stress_0_11126_0,combined_abort_stress,constraint_classifier,0.55,0.12,1,1,1,1,5,0,6.20453,0.84997,0.13699,7.32453,-0.00550,0.33430,0.20070,0.18491,0.20104,0.23130,0.29625,11,0,none,a0:collision_margin:35;a1:collision_margin:34;a2:visible_collision:53;a3:collision_margin:46;a4:none:99
0,11126,combined_abort_stress_0_11126_0,combined_abort_stress,risk_filter_uncertainty,0.55,0.12,0,1,1,1,6,0,5.64493,0.84997,0.05270,6.96493,-0.02226,0.38710,0.24000,0.12606,0.09634,0.23577,0.15687,11,0,collision_margin,a0:collision_margin:32;a1:collision_margin:48;a2:collision_margin:34;a3:collision_margin:35;a4:collision_margin:36;a5:collision_margin:35
0,11126,combined_abort_stress_0_11126_0,combined_abort_stress,robust_barrier_mpc,0.55,0.12,1,1,0,1,2,0,5.09870,0.84997,0.16670,5.37870,-0.00200,0.40062,0.25048,0.15360,0.17997,0.09493,0.27187,11,0,none,a0:force_limit:63;a1:none:120
0,11126,combined_abort_stress_0_11126_0,combined_abort_stress,conformal_abort_risk_filter,0.55,0.12,0,1,1,1,6,0,5.97047,0.84997,0.04983,7.29047,-0.02668,0.37450,0.23039,0.12962,0.11460,0.23878,0.18000,11,0,collision_margin,a0:collision_margin:35;a1:visible_collision:70;a2:collision_margin:33;a3:collision_margin:35;a4:collision_margin:34;a5:collision_margin:31
0,11126,combined_abort_stress_0_11126_0,combined_abort_stress,kernel_trace_constraint_classifier,0.55,0.12,1,0,0,0,1,0,3.51196,0.84997,0.24202,3.51196,0.01783,0.28954,0.16928,0.23023,0.23934,0.08840,0.33250,11,0,none,a0:none:120
0,11126,combined_abort_stress_0_11126_0,combined_abort_stress,particle_constraint_belief,0.55,0.12,1,0,0,0,1,0,3.32102,0.84997,0.25594,3.32102,0.00132,0.35836,0.21830,0.15434,0.17124,0.09268,0.23250,11,0,none,a0:none:120
0,11126,combined_abort_stress_0_11126_0,combined_abort_stress,abort_constraint_discovery_v5,0.55,0.12,0,0,0,0,1,1,0.00000,0.84997,0.00000,0.12000,1.00000,0.40785,0.25617,0.18708,0.23245,1.00000,0.28000,11,0,no_path,a0:no_path
0,11126,combined_abort_stress_0_11126_0,combined_abort_stress,oracle_constraints,0.55,0.12,1,1,1,1,4,0,7.33084,0.84997,0.11595,8.17084,0.00113,1.00000,1.00000,0.02217,0.07500,0.05272,0.13375,11,0,none,a0:visible_collision:62;a1:visible_collision:63;a2:visible_collision:61;a3:none:93
0,11127,combined_abort_stress_0_11127_0,combined_abort_stress,constraint_classifier,0.55,0.12,1,0,0,0,1,0,2.00951,0.85105,0.42351,2.00951,0.03235,0.46465,0.30263,0.12745,0.14580,0.25176,0.23938,11,0,none,a0:none:86
0,11127,combined_abort_stress_0_11127_0,combined_abort_stress,risk_filter_uncertainty,0.55,0.12,1,0,0,0,1,0,1.97725,0.85105,0.43042,1.97725,0.04387,0.45161,0.29167,0.09920,0.08008,0.13764,0.13937,11,0,none,a0:none:88
0,11127,combined_abort_stress_0_11127_0,combined_abort_stress,robust_barrier_mpc,0.55,0.12,1,0,0,0,1,0,2.20559,0.85105,0.38586,2.20559,0.03129,0.48464,0.31982,0.11650,0.11043,0.13197,0.23438,11,0,none,a0:none:94
0,11127,combined_abort_stress_0_11127_0,combined_abort_stress,conformal_abort_risk_filter,0.55,0.12,1,0,0,0,1,0,2.05638,0.85105,0.41386,2.05638,0.03537,0.47689,0.31310,0.09670,0.06923,0.17578,0.12500,11,0,none,a0:none:86
0,11127,combined_abort_stress_0_11127_0,combined_abort_stress,kernel_trace_constraint_classifier,0.55,0.12,1,0,0,0,1,0,2.42415,0.85105,0.35107,2.42415,0.03173,0.37647,0.23188,0.17811,0.17643,0.15107,0.29313,11,0,none,a0:none:99
0,11127,combined_abort_stress_0_11127_0,combined_abort_stress,particle_constraint_belief,0.55,0.12,1,0,0,0,1,0,2.09328,0.85105,0.40656,2.09328,0.03795,0.47124,0.30825,0.11423,0.11224,0.16807,0.20500,11,0,none,a0:none:94
0,11127,combined_abort_stress_0_11127_0,combined_abort_stress,abort_constraint_discovery_v5,0.55,0.12,0,0,0,0,1,1,0.00000,0.85105,0.00000,0.12000,1.00000,0.53530,0.36547,0.13125,0.15184,1.00000,0.24875,11,0,no_path,a0:no_path
0,11127,combined_abort_stress_0_11127_0,combined_abort_stress,oracle_constraints,0.55,0.12,1,1,0,1,2,0,3.17705,0.85105,0.26788,3.45705,0.01196,1.00000,1.00000,0.01977,0.06682,0.00848,0.13187,11,0,none,a0:visible_collision:41;a1:none:86
1,11120,combined_abort_stress_1_11120_0,combined_abort_stress,constraint_classifier,0.55,0.12,1,0,0,0,1,0,1.84212,0.84178,0.45696,1.84212,0.00506,0.41956,0.26547,0.15421,0.16973,0.19825,0.26438,11,0,none,a0:none:87
1,11120,combined_abort_stress_1_11120_0,combined_abort_stress,risk_filter_uncertainty,0.55,0.12,1,0,0,0,1,0,2.02671,0.84178,0.41534,2.02671,0.01106,0.44348,0.28492,0.11562,0.09571,0.12814,0.15563,11,0,none,a0:none:83
1,11120,combined_abort_stress_1_11120_0,combined_abort_stress,robust_barrier_mpc,0.55,0.12,1,0,0,0,1,0,2.03175,0.84178,0.41431,2.03175,0.01066,0.43548,0.27835,0.14640,0.16936,0.12094,0.25562,11,0,none,a0:none:90
1,11120,combined_abort_stress_1_11120_0,combined_abort_stress,conformal_abort_risk_filter,0.55,0.12,1,0,0,0,1,0,1.92855,0.84178,0.43648,1.92855,0.01879,0.46799,0.30548,0.11305,0.08915,0.14627,0.15125,11,0,none,a0:none:87
1,11120,combined_abort_stress_1_11120_0,combined_abort_stress,kernel_trace_constraint_classifier,0.55,0.12,1,0,0,0,1,0,2.17505,0.84178,0.38702,2.17505,0.01398,0.35694,0.21724,0.19913,0.20793,0.14897,0.30938,11,0,none,a0:none:92
1,11120,combined_abort_stress_1_11120_0,combined_abort_stress,particle_constraint_belief,0.55,0.12,1,0,0,0,1,0,2.25087,0.84178,0.37398,2.25087,0.01284,0.43694,0.27955,0.13728,0.15039,0.15356,0.22000,11,0,none,a0:none:88
1,11120,combined_abort_stress_1_11120_0,combined_abort_stress,abort_constraint_discovery_v5,0.55,0.12,1,0,0,0,1,0,4.39716,0.84178,0.19144,4.39716,0.01326,0.48729,0.32213,0.15027,0.19273,0.09479,0.28625,11,0,none,a0:none:120
1,11120,combined_abort_stress_1_11120_0,combined_abort_stress,oracle_constraints,0.55,0.12,1,0,0,0,1,0,2.10749,0.84178,0.39942,2.10749,0.00354,1.00000,1.00000,0.02024,0.06755,0.02014,0.13187,11,0,none,a0:none:83
1,11121,combined_abort_stress_1_11121_0,combined_abort_stress,constraint_classifier,0.55,0.12,1,1,1,1,4,0,5.69792,0.84432,0.14818,6.53792,-0.00975,0.37094,0.22770,0.16136,0.16824,0.19689,0.27500,11,0,none,a0:human_stop:46;a1:fixture_snag:42;a2:fixture_snag:39;a3:none:113
1,11121,combined_abort_stress_1_11121_0,combined_abort_stress,risk_filter_uncertainty,0.55,0.12,0,1,1,1,6,0,5.77935,0.84432,0.05113,7.09935,-0.01931,0.47748,0.31361,0.10358,0.08495,0.22681,0.14813,11,0,fixture_snag,a0:human_stop:42;a1:fixture_snag:41;a2:fixture_snag:32;a3:fixture_snag:42;a4:fixture_snag:33;a5:fixture_snag:35
1,11121,combined_abort_stress_1_11121_0,combined_abort_stress,robust_barrier_mpc,0.55,0.12,0,1,1,1,6,0,5.71018,0.84432,0.05175,7.03018,-0.02087,0.42349,0.26862,0.12809,0.12058,0.23665,0.22187,11,0,fixture_snag,a0:human_stop:46;a1:fixture_snag:35;a2:fixture_snag:37;a3:fixture_snag:36;a4:fixture_snag:33;a5:fixture_snag:33
1,11121,combined_abort_stress_1_11121_0,combined_abort_stress,conformal_abort_risk_filter,0.55,0.12,0,1,1,1,6,0,5.75960,0.84432,0.05131,7.07960,-0.02859,0.40169,0.25132,0.11899,0.09044,0.18671,0.16625,11,0,fixture_snag,a0:force_limit:43;a1:fixture_snag:42;a2:fixture_snag:34;a3:fixture_snag:34;a4:fixture_snag:33;a5:fixture_snag:40
1,11121,combined_abort_stress_1_11121_0,combined_abort_stress,kernel_trace_constraint_classifier,0.55,0.12,1,1,0,1,2,0,4.21685,0.84432,0.20023,4.49685,-0.01706,0.33426,0.20067,0.20781,0.21357,0.16907,0.31938,11,0,none,a0:fixture_snag:48;a1:none:115
1,11121,combined_abort_stress_1_11121_0,combined_abort_stress,particle_constraint_belief,0.55,0.12,1,1,1,1,5,0,7.14474,0.84432,0.11817,8.26474,-0.01403,0.41404,0.26106,0.13511,0.13060,0.10689,0.22687,11,0,none,a0:force_limit:44;a1:fixture_snag:40;a2:fixture_snag:34;a3:fixture_snag:36;a4:none:120
1,11121,combined_abort_stress_1_11121_0,combined_abort_stress,abort_constraint_discovery_v5,0.55,0.12,0,1,1,1,6,0,5.30476,0.84432,0.05571,6.62476,0.00460,0.44183,0.28355,0.17747,0.19867,0.26007,0.29500,11,0,visible_collision,a0:visible_collision:34;a1:visible_collision:32;a2:visible_collision:35;a3:visible_collision:37;a4:visible_collision:37;a5:visible_collision:42
1,11121,combined_abort_stress_1_11121_0,combined_abort_stress,oracle_constraints,0.55,0.12,1,1,1,1,5,0,9.54881,0.84432,0.08842,10.66881,0.00782,1.00000,1.00000,0.02176,0.07243,0.01982,0.12937,11,0,none,a0:visible_collision:73;a1:visible_collision:76;a2:visible_collision:70;a3:visible_collision:71;a4:none:105
1,11122,combined_abort_stress_1_11122_0,combined_abort_stress,constraint_classifier,0.55,0.12,0,1,1,1,6,0,6.18363,0.88312,0.04999,7.50363,-0.03690,0.43490,0.27788,0.15940,0.19131,0.31736,0.31812,11,0,human_stop,a0:force_limit:40;a1:collision_margin:37;a2:force_limit:39;a3:visible_collision:37;a4:force_limit:44;a5:human_stop:45
1,11122,combined_abort_stress_1_11122_0,combined_abort_stress,risk_filter_uncertainty,0.55,0.12,1,1,0,0,2,0,3.43682,0.88312,0.25696,3.71682,-0.00570,0.48770,0.32249,0.10443,0.09864,0.12613,0.17188,11,0,none,a0:collision_margin:41;a1:none:105
1,11122,combined_abort_stress_1_11122_0,combined_abort_stress,robust_barrier_mpc,0.55,0.12,1,1,0,1,2,0,5.15670,0.88312,0.17126,5.43670,-0.02493,0.48765,0.32245,0.12851,0.15035,0.06994,0.27187,11,0,none,a0:force_limit:43;a1:none:120
1,11122,combined_abort_stress_1_11122_0,combined_abort_stress,conformal_abort_risk_filter,0.55,0.12,0,1,1,1,6,0,5.42215,0.88312,0.05701,6.74215,-0.01190,0.48723,0.32208,0.10646,0.10677,0.22567,0.18500,11,0,force_limit,a0:collision_margin:41;a1:human_stop:35;a2:force_limit:37;a3:force_limit:36;a4:human_stop:34;a5:force_limit:39
1,11122,combined_abort_stress_1_11122_0,combined_abort_stress,kernel_trace_constraint_classifier,0.55,0.12,1,1,0,1,2,0,5.21479,0.88312,0.16935,5.49479,-0.00709,0.36223,0.22117,0.21635,0.22469,0.08764,0.35000,11,0,none,a0:force_limit:40;a1:none:120
1,11122,combined_abort_stress_1_11122_0,combined_abort_stress,particle_constraint_belief,0.55,0.12,1,1,1,1,3,0,6.10129,0.88312,0.14474,6.66129,-0.03551,0.46429,0.30233,0.12900,0.14886,0.08558,0.25188,11,0,none,a0:collision_margin:42;a1:collision_margin:37;a2:none:120
1,11122,combined_abort_stress_1_11122_0,combined_abort_stress,abort_constraint_discovery_v5,0.55,0.12,0,0,0,0,1,1,0.00000,0.88312,0.00000,0.12000,1.00000,0.53015,0.36069,0.15789,0.21750,1.00000,0.31250,11,0,no_path,a0:no_path
1,11122,combined_abort_stress_1_11122_0,combined_abort_stress,oracle_constraints,0.55,0.12,0,1,1,1,6,0,4.25251,0.88312,0.07268,5.57251,0.04380,1.00000,1.00000,0.02136,0.07153,0.01636,0.13312,11,0,visible_collision,a0:visible_collision:27;a1:visible_collision:27;a2:visible_collision:30;a3:visible_collision:27;a4:visible_collision:33;a5:visible_collision:32
1,11123,combined_abort_stress_1_11123_0,combined_abort_stress,constraint_classifier,0.55,0.12,1,0,0,0,1,0,1.88986,0.84161,0.44533,1.88986,0.03891,0.48077,0.31646,0.13354,0.13521,0.23282,0.25062,10,1,none,a0:none:82
1,11123,combined_abort_stress_1_11123_0,combined_abort_stress,risk_filter_uncertainty,0.55,0.12,1,0,0,0,1,0,1.76544,0.84161,0.47672,1.76544,0.03470,0.44342,0.28487,0.10161,0.06876,0.14309,0.13125,10,1,none,a0:none:81
1,11123,combined_abort_stress_1_11123_0,combined_abort_stress,robust_barrier_mpc,0.55,0.12,1,0,0,0,1,0,2.14929,0.84161,0.39158,2.14929,0.03898,0.46405,0.30213,0.12567,0.12157,0.21471,0.24313,10,1,none,a0:none:88
1,11123,combined_abort_stress_1_11123_0,combined_abort_stress,conformal_abort_risk_filter,0.55,0.12,1,0,0,0,1,0,1.95465,0.84161,0.43057,1.95465,0.01712,0.43645,0.27914,0.10594,0.06910,0.16402,0.12125,10,1,none,a0:none:82
1,11123,combined_abort_stress_1_11123_0,combined_abort_stress,kernel_trace_constraint_classifier,0.55,0.12,1,0,0,0,1,0,2.10667,0.84161,0.39950,2.10667,0.01891,0.39503,0.24613,0.18178,0.17380,0.21010,0.31312,10,1,none,a0:none:88
1,11123,combined_abort_stress_1_11123_0,combined_abort_stress,particle_constraint_belief,0.55,0.12,1,0,0,0,1,0,1.99385,0.84161,0.42211,1.99385,0.04130,0.48561,0.32067,0.12048,0.11058,0.18832,0.20813,10,1,none,a0:none:85
1,11123,combined_abort_stress_1_11123_0,combined_abort_stress,abort_constraint_discovery_v5,0.55,0.12,1,1,0,1,2,0,4.69338,0.84161,0.17932,4.97338,-0.00697,0.50273,0.33577,0.16426,0.20315,0.18495,0.31812,10,1,none,a0:fixture_snag:60;a1:none:120
1,11123,combined_abort_stress_1_11123_0,combined_abort_stress,oracle_constraints,0.55,0.12,1,0,0,0,1,0,2.11123,0.84161,0.39864,2.11123,0.02999,1.00000,1.00000,0.02128,0.07090,0.00840,0.13937,10,1,none,a0:none:80
1,11124,combined_abort_stress_1_11124_0,combined_abort_stress,constraint_classifier,0.55,0.12,1,0,0,0,1,0,2.46483,0.86682,0.35168,2.46483,0.01002,0.43023,0.27407,0.12208,0.12784,0.09036,0.20750,10,1,none,a0:none:98
1,11124,combined_abort_stress_1_11124_0,combined_abort_stress,risk_filter_uncertainty,0.55,0.12,0,1,1,1,6,0,4.83136,0.86682,0.06280,6.15136,-0.01700,0.39312,0.24465,0.10220,0.09618,0.24079,0.13937,10,1,fixture_snag,a0:fixture_snag:44;a1:fixture_snag:40;a2:fixture_snag:31;a3:fixture_snag:32;a4:fixture_snag:29;a5:fixture_snag:27
1,11124,combined_abort_stress_1_11124_0,combined_abort_stress,robust_barrier_mpc,0.55,0.12,1,1,1,1,4,0,6.18476,0.86682,0.14015,7.02476,-0.01061,0.45902,0.29787,0.11536,0.12309,0.15710,0.22812,10,1,none,a0:fixture_snag:47;a1:fixture_snag:47;a2:human_stop:58;a3:none:105
1,11124,combined_abort_stress_1_11124_0,combined_abort_stress,conformal_abort_risk_filter,0.55,0.12,1,0,0,0,1,0,2.56008,0.86682,0.33859,2.56008,0.00052,0.42045,0.26619,0.09228,0.06685,0.09444,0.10500,10,1,none,a0:none:97
1,11124,combined_abort_stress_1_11124_0,combined_abort_stress,kernel_trace_constraint_classifier,0.55,0.12,1,1,0,0,2,0,5.03715,0.86682,0.17209,5.31715,-0.00550,0.32170,0.19168,0.18067,0.18451,0.06659,0.29688,10,1,none,a0:fixture_snag:55;a1:none:120
1,11124,combined_abort_stress_1_11124_0,combined_abort_stress,particle_constraint_belief,0.55,0.12,1,1,0,0,2,0,5.16976,0.86682,0.16767,5.44976,-0.00080,0.45621,0.29551,0.11215,0.11445,0.06578,0.19187,10,1,none,a0:human_stop:60;a1:none:120
1,11124,combined_abort_stress_1_11124_0,combined_abort_stress,abort_constraint_discovery_v5,0.55,0.12,1,0,0,0,1,0,2.86807,0.86682,0.30223,2.86807,0.00762,0.44257,0.28416,0.14808,0.16086,0.15308,0.25500,10,1,none,a0:none:111
1,11124,combined_abort_stress_1_11124_0,combined_abort_stress,oracle_constraints,0.55,0.12,0,1,1,1,6,0,10.08128,0.86682,0.03009,11.40128,-0.00080,1.00000,1.00000,0.01729,0.05938,0.01874,0.11500,10,1,visible_collision,a0:visible_collision:72;a1:visible_collision:72;a2:visible_collision:70;a3:fixture_snag:37;a4:visible_collision:77;a5:visible_collision:71
1,11125,combined_abort_stress_1_11125_0,combined_abort_stress,constraint_classifier,0.55,0.12,1,1,1,1,5,0,8.44928,0.84311,0.09979,9.56928,-0.00993,0.39237,0.24407,0.17370,0.20888,0.23859,0.32812,11,0,none,a0:fixture_snag:41;a1:human_stop:37;a2:fixture_snag:57;a3:unstable_slip:82;a4:none:120
1,11125,combined_abort_stress_1_11125_0,combined_abort_stress,risk_filter_uncertainty,0.55,0.12,1,0,0,0,1,0,2.17037,0.84311,0.38847,2.17037,0.00571,0.38426,0.23782,0.11960,0.12392,0.14079,0.13937,11,0,none,a0:none:86
1,11125,combined_abort_stress_1_11125_0,combined_abort_stress,robust_barrier_mpc,0.55,0.12,1,0,0,0,1,0,2.07301,0.84311,0.40671,2.07301,0.00488,0.36066,0.22000,0.14860,0.16237,0.14904,0.21250,11,0,none,a0:none:87
1,11125,combined_abort_stress_1_11125_0,combined_abort_stress,conformal_abort_risk_filter,0.55,0.12,1,0,0,0,1,0,1.84270,0.84311,0.45754,1.84270,0.02412,0.37251,0.22888,0.12974,0.13128,0.15517,0.15125,11,0,none,a0:none:87
1,11125,combined_abort_stress_1_11125_0,combined_abort_stress,kernel_trace_constraint_classifier,0.55,0.12,1,0,0,0,1,0,2.14725,0.84311,0.39265,2.14725,0.02304,0.26912,0.15548,0.23166,0.25593,0.14822,0.31062,11,0,none,a0:none:89
1,11125,combined_abort_stress_1_11125_0,combined_abort_stress,particle_constraint_belief,0.55,0.12,1,0,0,0,1,0,2.01703,0.84311,0.41800,2.01703,0.00655,0.34296,0.20697,0.15517,0.18257,0.16971,0.21563,11,0,none,a0:none:87
1,11125,combined_abort_stress_1_11125_0,combined_abort_stress,abort_constraint_discovery_v5,0.55,0.12,0,0,0,0,1,1,0.00000,0.84311,0.00000,0.12000,1.00000,0.39076,0.24283,0.16658,0.17270,1.00000,0.22125,11,0,no_path,a0:no_path
1,11125,combined_abort_stress_1_11125_0,combined_abort_stress,oracle_constraints,0.55,0.12,1,0,0,0,1,0,2.16133,0.84311,0.39009,2.16133,0.00251,1.00000,1.00000,0.02026,0.06851,0.03256,0.13062,11,0,none,a0:none:87
1,11126,combined_abort_stress_1_11126_0,combined_abort_stress,constraint_classifier,0.55,0.12,1,0,0,0,1,0,2.29432,0.85320,0.37187,2.29432,0.02268,0.40064,0.25050,0.15884,0.15871,0.12542,0.24750,11,0,none,a0:none:89
1,11126,combined_abort_stress_1_11126_0,combined_abort_stress,risk_filter_uncertainty,0.55,0.12,1,1,1,1,4,0,4.70815,0.85320,0.18122,5.54815,-0.02182,0.41015,0.25798,0.12026,0.07924,0.19731,0.15000,11,0,none,a0:fixture_snag:42;a1:human_stop:36;a2:human_stop:32;a3:none:86
1,11126,combined_abort_stress_1_11126_0,combined_abort_stress,robust_barrier_mpc,0.55,0.12,1,0,0,0,1,0,2.16750,0.85320,0.39363,2.16750,0.00187,0.40260,0.25203,0.15409,0.15997,0.09266,0.23938,11,0,none,a0:none:88
1,11126,combined_abort_stress_1_11126_0,combined_abort_stress,conformal_abort_risk_filter,0.55,0.12,1,0,0,0,1,0,2.17483,0.85320,0.39230,2.17483,0.01333,0.40654,0.25513,0.12306,0.09866,0.09171,0.12187,11,0,none,a0:none:89
1,11126,combined_abort_stress_1_11126_0,combined_abort_stress,kernel_trace_constraint_classifier,0.55,0.12,1,0,0,0,1,0,2.36435,0.85320,0.36086,2.36435,0.00656,0.31824,0.18923,0.20969,0.21939,0.10068,0.31000,11,0,none,a0:none:95
1,11126,combined_abort_stress_1_11126_0,combined_abort_stress,particle_constraint_belief,0.55,0.12,1,0,0,0,1,0,2.21695,0.85320,0.38485,2.21695,0.00159,0.39497,0.24609,0.14377,0.14660,0.08362,0.20250,11,0,none,a0:none:90
1,11126,combined_abort_stress_1_11126_0,combined_abort_stress,abort_constraint_discovery_v5,0.55,0.12,1,0,0,0,1,0,2.17416,0.85320,0.39243,2.17416,0.01110,0.49390,0.32794,0.14723,0.17254,0.16908,0.26438,11,0,none,a0:none:93
1,11126,combined_abort_stress_1_11126_0,combined_abort_stress,oracle_constraints,0.55,0.12,1,0,0,0,1,0,2.11402,0.85320,0.40359,2.11402,0.01014,1.00000,1.00000,0.02113,0.06990,0.01958,0.14563,11,0,none,a0:none:85
1,11127,combined_abort_stress_1_11127_0,combined_abort_stress,constraint_classifier,0.55,0.12,1,1,0,0,2,0,3.32351,0.84451,0.25410,3.60351,-0.00221,0.39024,0.24242,0.14331,0.17508,0.15112,0.26625,11,0,none,a0:collision_margin:35;a1:none:110
1,11127,combined_abort_stress_1_11127_0,combined_abort_stress,risk_filter_uncertainty,0.55,0.12,0,1,1,1,6,0,6.03756,0.84451,0.04896,7.35756,-0.02908,0.45553,0.29494,0.10208,0.10979,0.24029,0.17000,11,0,collision_margin,a0:collision_margin:37;a1:collision_margin:36;a2:visible_collision:50;a3:collision_margin:36;a4:collision_margin:34;a5:collision_margin:35
1,11127,combined_abort_stress_1_11127_0,combined_abort_stress,robust_barrier_mpc,0.55,0.12,1,0,0,0,1,0,2.86220,0.84451,0.29505,2.86220,0.02503,0.39864,0.24894,0.12488,0.14092,0.13098,0.24875,11,0,none,a0:none:118
1,11127,combined_abort_stress_1_11127_0,combined_abort_stress,conformal_abort_risk_filter,0.55,0.12,1,0,0,0,1,0,2.51250,0.84451,0.33612,2.51250,0.04089,0.39716,0.24779,0.10113,0.09445,0.11288,0.14625,11,0,none,a0:none:109
1,11127,combined_abort_stress_1_11127_0,combined_abort_stress,kernel_trace_constraint_classifier,0.55,0.12,1,0,0,0,1,0,2.88524,0.84451,0.29270,2.88524,0.04328,0.34081,0.20541,0.18677,0.20020,0.10293,0.30000,11,0,none,a0:none:113
1,11127,combined_abort_stress_1_11127_0,combined_abort_stress,particle_constraint_belief,0.55,0.12,1,0,0,0,1,0,2.73572,0.84451,0.30870,2.73572,0.03453,0.40596,0.25467,0.12021,0.13557,0.10642,0.21750,11,0,none,a0:none:117
1,11127,combined_abort_stress_1_11127_0,combined_abort_stress,abort_constraint_discovery_v5,0.55,0.12,0,0,0,0,1,1,0.00000,0.84451,0.00000,0.12000,1.00000,0.43778,0.28023,0.17920,0.23107,1.00000,0.29875,11,0,no_path,a0:no_path
1,11127,combined_abort_stress_1_11127_0,combined_abort_stress,oracle_constraints,0.55,0.12,1,0,0,0,1,0,2.30030,0.84451,0.36713,2.30030,0.04592,1.00000,1.00000,0.01863,0.06138,0.00946,0.11812,11,0,none,a0:none:95
2,11120,combined_abort_stress_2_11120_0,combined_abort_stress,constraint_classifier,0.55,0.12,1,1,0,1,2,0,2.90648,0.84404,0.29040,3.18648,-0.01029,0.29644,0.17401,0.15341,0.12892,0.21398,0.19125,11,0,none,a0:collision_margin:38;a1:none:83
2,11120,combined_abort_stress_2_11120_0,combined_abort_stress,risk_filter_uncertainty,0.55,0.12,1,1,0,1,2,0,3.02066,0.84404,0.27942,3.30066,-0.00976,0.23497,0.13313,0.12302,0.10599,0.13893,0.10375,11,0,none,a0:collision_margin:41;a1:none:84
2,11120,combined_abort_stress_2_11120_0,combined_abort_stress,robust_barrier_mpc,0.55,0.12,1,1,1,0,3,0,5.67713,0.84404,0.14867,6.23713,-0.00515,0.27018,0.15619,0.16270,0.17138,0.21164,0.23125,11,0,none,a0:collision_margin:54;a1:fixture_snag:90;a2:none:89
2,11120,combined_abort_stress_2_11120_0,combined_abort_stress,conformal_abort_risk_filter,0.55,0.12,1,1,0,1,2,0,2.96248,0.84404,0.28491,3.24248,-0.02450,0.25824,0.14826,0.12252,0.08763,0.14849,0.10250,11,0,none,a0:collision_margin:39;a1:none:83
2,11120,combined_abort_stress_2_11120_0,combined_abort_stress,kernel_trace_constraint_classifier,0.55,0.12,0,1,1,1,6,0,8.25904,0.84404,0.03577,9.57904,-0.02144,0.22892,0.12925,0.27223,0.30079,0.20539,0.39375,11,0,fixture_snag,a0:collision_margin:37;a1:visible_collision:62;a2:visible_collision:52;a3:fixture_snag:81;a4:human_stop:17;a5:fixture_snag:88
2,11120,combined_abort_stress_2_11120_0,combined_abort_stress,particle_constraint_belief,0.55,0.12,1,0,0,0,1,0,1.93378,0.84404,0.43647,1.93378,0.02386,0.23223,0.13137,0.13831,0.10911,0.16578,0.13875,11,0,none,a0:none:84
2,11120,combined_abort_stress_2_11120_0,combined_abort_stress,abort_constraint_discovery_v5,0.55,0.12,1,0,0,0,1,0,2.19568,0.84404,0.38441,2.19568,0.02616,0.34010,0.20489,0.12045,0.08713,0.02830,0.12125,11,0,none,a0:none:80
2,11120,combined_abort_stress_2_11120_0,combined_abort_stress,oracle_constraints,0.55,0.12,1,0,0,0,1,0,1.94682,0.84404,0.43355,1.94682,0.02606,1.00000,1.00000,0.01924,0.06446,0.00790,0.12500,11,0,none,a0:none:82
2,11121,combined_abort_stress_2_11121_0,combined_abort_stress,constraint_classifier,0.55,0.12,1,0,0,0,1,0,2.35238,0.83340,0.35428,2.35238,0.00832,0.35099,0.21285,0.16557,0.16841,0.12991,0.24625,11,0,none,a0:none:98
2,11121,combined_abort_stress_2_11121_0,combined_abort_stress,risk_filter_uncertainty,0.55,0.12,0,1,1,1,6,0,4.96399,0.83340,0.05876,6.28399,-0.02201,0.38445,0.23797,0.12104,0.11301,0.24771,0.15812,11,0,fixture_snag,a0:fixture_snag:31;a1:fixture_snag:47;a2:fixture_snag:33;a3:fixture_snag:34;a4:fixture_snag:30;a5:fixture_snag:32
2,11121,combined_abort_stress_2_11121_0,combined_abort_stress,robust_barrier_mpc,0.55,0.12,0,1,1,1,6,0,5.91876,0.83340,0.04928,7.23876,-0.02525,0.30904,0.18276,0.18670,0.22568,0.26865,0.29750,11,0,fixture_snag,a0:visible_collision:77;a1:fixture_snag:33;a2:fixture_snag:32;a3:fixture_snag:30;a4:fixture_snag:29;a5:fixture_snag:32
2,11121,combined_abort_stress_2_11121_0,combined_abort_stress,conformal_abort_risk_filter,0.55,0.12,1,0,0,0,1,0,2.24677,0.83340,0.37093,2.24677,0.02649,0.36406,0.22254,0.12281,0.10810,0.10107,0.14000,11,0,none,a0:none:98
2,11121,combined_abort_stress_2_11121_0,combined_abort_stress,kernel_trace_constraint_classifier,0.55,0.12,0,1,1,1,5,1,6.45042,0.83340,0.04522,7.45042,-0.01566,0.24972,0.14267,0.28611,0.31491,1.00000,0.41937,11,0,no_path,a0:visible_collision:81;a1:fixture_snag:55;a2:fixture_snag:34;a3:visible_collision:99;a4:no_path
2,11121,combined_abort_stress_2_11121_0,combined_abort_stress,particle_constraint_belief,0.55,0.12,1,1,1,1,5,0,8.62427,0.83340,0.09663,9.74427,-0.01095,0.30137,0.17742,0.17891,0.21228,0.09588,0.27937,11,0,none,a0:visible_collision:79;a1:fixture_snag:31;a2:fixture_snag:55;a3:fixture_snag:31;a4:none:120
2,11121,combined_abort_stress_2_11121_0,combined_abort_stress,abort_constraint_discovery_v5,0.55,0.12,1,0,0,0,1,0,3.90867,0.83340,0.21322,3.90867,0.04459,0.44807,0.28872,0.17069,0.19865,0.13180,0.29000,11,0,none,a0:none:120
2,11121,combined_abort_stress_2_11121_0,combined_abort_stress,oracle_constraints,0.55,0.12,1,1,1,1,3,0,5.84596,0.83340,0.14256,6.40596,0.01497,1.00000,1.00000,0.01989,0.06758,0.02146,0.13125,11,0,none,a0:visible_collision:73;a1:visible_collision:73;a2:none:94
2,11122,combined_abort_stress_2_11122_0,combined_abort_stress,constraint_classifier,0.55,0.12,0,1,1,1,6,0,8.25265,0.83967,0.03561,9.57265,-0.01249,0.37086,0.22764,0.18216,0.25626,0.28837,0.36062,11,0,unstable_slip,a0:fixture_snag:34;a1:visible_collision:91;a2:unstable_slip:43;a3:visible_collision:87;a4:fixture_snag:34;a5:unstable_slip:40
2,11122,combined_abort_stress_2_11122_0,combined_abort_stress,risk_filter_uncertainty,0.55,0.12,1,1,0,1,2,0,2.44814,0.83967,0.34298,2.72814,-0.01660,0.45588,0.29524,0.09589,0.10566,0.19165,0.14375,11,0,none,a0:fixture_snag:32;a1:none:72
2,11122,combined_abort_stress_2_11122_0,combined_abort_stress,robust_barrier_mpc,0.55,0.12,1,1,1,1,3,0,5.66474,0.83967,0.14823,6.22474,-0.00743,0.42809,0.27234,0.13248,0.16593,0.11405,0.26250,11,0,none,a0:fixture_snag:37;a1:visible_collision:92;a2:none:111
2,11122,combined_abort_stress_2_11122_0,combined_abort_stress,conformal_abort_risk_filter,0.55,0.12,1,1,1,1,3,0,4.53915,0.83967,0.18498,5.09915,-0.00690,0.47619,0.31250,0.08910,0.08971,0.12089,0.13812,11,0,none,a0:fixture_snag:33;a1:fixture_snag:33;a2:none:107
2,11122,combined_abort_stress_2_11122_0,combined_abort_stress,kernel_trace_constraint_classifier,0.55,0.12,1,1,1,1,3,0,5.88665,0.83967,0.14264,6.44665,-0.01431,0.30686,0.18124,0.21797,0.25620,0.11970,0.35313,11,0,none,a0:fixture_snag:37;a1:visible_collision:90;a2:none:119
2,11122,combined_abort_stress_2_11122_0,combined_abort_stress,particle_constraint_belief,0.55,0.12,0,1,1,1,6,0,7.70920,0.83967,0.03812,9.02920,-0.02545,0.37847,0.23340,0.14996,0.19876,0.25404,0.27187,11,0,fixture_snag,a0:fixture_snag:37;a1:visible_collision:85;a2:visible_collision:91;a3:fixture_snag:36;a4:fixture_snag:37;a5:fixture_snag:35
2,11122,combined_abort_stress_2_11122_0,combined_abort_stress,abort_constraint_discovery_v5,0.55,0.12,1,1,0,1,2,0,5.72007,0.83967,0.14679,6.00007,0.04642,0.51934,0.35075,0.11680,0.15485,0.07766,0.22812,11,0,none,a0:visible_collision:93;a1:none:120
2,11122,combined_abort_stress_2_11122_0,combined_abort_stress,oracle_constraints,0.55,0.12,1,0,0,0,1,0,1.83306,0.83967,0.45807,1.83306,0.03649,1.00000,1.00000,0.01599,0.05596,0.01949,0.11125,11,0,none,a0:none:74
2,11123,combined_abort_stress_2_11123_0,combined_abort_stress,constraint_classifier,0.55,0.12,1,0,0,0,1,0,2.84745,0.83310,0.29258,2.84745,0.00477,0.29982,0.17635,0.17285,0.17965,0.07324,0.20938,11,0,none,a0:none:117
2,11123,combined_abort_stress_2_11123_0,combined_abort_stress,risk_filter_uncertainty,0.55,0.12,0,1,1,1,6,0,4.62191,0.83310,0.06309,5.94191,-0.02719,0.35394,0.21503,0.13943,0.11103,0.25937,0.14813,11,0,human_stop,a0:fixture_snag:51;a1:human_stop:28;a2:human_stop:26;a3:collision_margin:31;a4:human_stop:26;a5:human_stop:26
2,11123,combined_abort_stress_2_11123_0,combined_abort_stress,robust_barrier_mpc,0.55,0.12,1,0,0,0,1,0,3.07478,0.83310,0.27095,3.07478,0.02005,0.30798,0.18202,0.16807,0.18486,0.05578,0.19187,11,0,none,a0:none:119
2,11123,combined_abort_stress_2_11123_0,combined_abort_stress,conformal_abort_risk_filter,0.55,0.12,0,1,1,1,6,0,6.81252,0.83310,0.04280,8.13252,-0.01881,0.27435,0.15899,0.16245,0.17866,0.21819,0.16937,11,0,human_stop,a0:visible_collision:86;a1:visible_collision:80;a2:human_stop:26;a3:human_stop:26;a4:human_stop:25;a5:human_stop:25
2,11123,combined_abort_stress_2_11123_0,combined_abort_stress,kernel_trace_constraint_classifier,0.55,0.12,1,0,0,0,1,0,3.03298,0.83310,0.27468,3.03298,0.02700,0.27070,0.15654,0.21555,0.22732,0.04806,0.24750,11,0,none,a0:none:120
2,11123,combined_abort_stress_2_11123_0,combined_abort_stress,particle_constraint_belief,0.55,0.12,0,1,1,1,6,0,8.74673,0.83310,0.03334,10.06673,-0.04041,0.27680,0.16063,0.21097,0.26375,0.30182,0.31562,11,0,human_stop,a0:visible_collision:91;a1:visible_collision:85;a2:fixture_snag:64;a3:collision_margin:78;a4:human_stop:28;a5:human_stop:26
2,11123,combined_abort_stress_2_11123_0,combined_abort_stress,abort_constraint_discovery_v5,0.55,0.12,1,1,1,1,3,0,7.22662,0.83310,0.11528,7.78662,-0.00937,0.35724,0.21747,0.20520,0.21408,0.08004,0.29938,11,0,none,a0:visible_collision:64;a1:unstable_slip:94;a2:none:120
2,11123,combined_abort_stress_2_11123_0,combined_abort_stress,oracle_constraints,0.55,0.12,1,1,0,1,2,0,4.80316,0.83310,0.17345,5.08316,0.01268,1.00000,1.00000,0.02448,0.08171,0.01698,0.14500,11,0,none,a0:visible_collision:85;a1:none:115
2,11124,combined_abort_stress_2_11124_0,combined_abort_stress,constraint_classifier,0.55,0.12,1,1,0,0,2,0,3.01935,0.86617,0.28687,3.29935,-0.00159,0.44007,0.28211,0.13521,0.16197,0.18082,0.25250,11,0,none,a0:fixture_snag:35;a1:none:93
2,11124,combined_abort_stress_2_11124_0,combined_abort_stress,risk_filter_uncertainty,0.55,0.12,1,1,1,1,4,0,5.35035,0.86617,0.16189,6.19035,-0.01730,0.50317,0.33616,0.09784,0.10541,0.12005,0.16750,11,0,none,a0:fixture_snag:36;a1:collision_margin:43;a2:unstable_slip:40;a3:none:102
2,11124,combined_abort_stress_2_11124_0,combined_abort_stress,robust_barrier_mpc,0.55,0.12,1,0,0,0,1,0,2.60420,0.86617,0.33260,2.60420,0.03784,0.39607,0.24694,0.13756,0.13955,0.15369,0.25375,11,0,none,a0:none:108
2,11124,combined_abort_stress_2_11124_0,combined_abort_stress,conformal_abort_risk_filter,0.55,0.12,1,1,0,1,2,0,3.03933,0.86617,0.28499,3.31933,-0.01889,0.47706,0.31325,0.09900,0.09032,0.12857,0.14438,11,0,none,a0:fixture_snag:36;a1:none:93
2,11124,combined_abort_stress_2_11124_0,combined_abort_stress,kernel_trace_constraint_classifier,0.55,0.12,0,1,1,1,6,1,7.79282,0.86617,0.03890,9.01282,-0.01144,0.32420,0.19346,0.26003,0.27780,1.00000,0.41937,11,0,no_path,a0:visible_collision:68;a1:fixture_snag:36;a2:collision_margin:38;a3:visible_collision:107;a4:fixture_snag:84;a5:no_path
2,11124,combined_abort_stress_2_11124_0,combined_abort_stress,particle_constraint_belief,0.55,0.12,1,0,0,0,1,0,2.42269,0.86617,0.35752,2.42269,0.03895,0.42458,0.26950,0.12223,0.12836,0.12994,0.20750,11,0,none,a0:none:107
2,11124,combined_abort_stress_2_11124_0,combined_abort_stress,abort_constraint_discovery_v5,0.55,0.12,1,0,0,0,1,0,2.23633,0.86617,0.38732,2.23633,0.04438,0.48980,0.32432,0.15168,0.21309,0.07274,0.27000,11,0,none,a0:none:95
2,11124,combined_abort_stress_2_11124_0,combined_abort_stress,oracle_constraints,0.55,0.12,1,1,1,1,4,0,4.27899,0.86617,0.20242,5.11899,0.01398,1.00000,1.00000,0.01852,0.06175,0.00760,0.12812,11,0,none,a0:visible_collision:48;a1:visible_collision:23;a2:visible_collision:22;a3:none:90
2,11125,combined_abort_stress_2_11125_0,combined_abort_stress,constraint_classifier,0.55,0.12,1,1,0,1,2,0,4.45817,0.85132,0.19096,4.73817,-0.01567,0.37660,0.23199,0.17055,0.19135,0.07590,0.29688,11,0,none,a0:fixture_snag:57;a1:none:120
2,11125,combined_abort_stress_2_11125_0,combined_abort_stress,risk_filter_uncertainty,0.55,0.12,0,1,1,1,6,0,8.93514,0.85132,0.03335,10.25514,-0.01840,0.42932,0.27333,0.12964,0.12557,0.21588,0.21688,11,0,collision_margin,a0:fixture_snag:54;a1:fixture_snag:59;a2:collision_margin:57;a3:collision_margin:50;a4:visible_collision:65;a5:collision_margin:59
2,11125,combined_abort_stress_2_11125_0,combined_abort_stress,robust_barrier_mpc,0.55,0.12,1,1,0,1,2,0,4.31445,0.85132,0.19732,4.59445,-0.01042,0.37895,0.23377,0.15191,0.15031,0.10428,0.27437,11,0,none,a0:fixture_snag:63;a1:none:120
2,11125,combined_abort_stress_2_11125_0,combined_abort_stress,conformal_abort_risk_filter,0.55,0.12,1,1,1,1,6,0,10.54486,0.85132,0.08073,11.94486,-0.02109,0.44850,0.28908,0.12409,0.14314,0.12082,0.23500,11,0,none,a0:fixture_snag:58;a1:force_limit:106;a2:human_stop:34;a3:collision_margin:50;a4:collision_margin:61;a5:none:120
2,11125,combined_abort_stress_2_11125_0,combined_abort_stress,kernel_trace_constraint_classifier,0.55,0.12,1,1,1,1,3,0,7.65991,0.85132,0.11114,8.21991,-0.01681,0.31471,0.18674,0.24898,0.26861,0.11215,0.40687,11,0,none,a0:fixture_snag:59;a1:force_limit:104;a2:none:120
2,11125,combined_abort_stress_2_11125_0,combined_abort_stress,particle_constraint_belief,0.55,0.12,1,1,1,1,3,0,6.16121,0.85132,0.13817,6.72121,-0.01670,0.39816,0.24857,0.14969,0.16706,0.11049,0.26687,11,0,none,a0:fixture_snag:61;a1:visible_collision:66;a2:none:120
2,11125,combined_abort_stress_2_11125_0,combined_abort_stress,abort_constraint_discovery_v5,0.55,0.12,1,0,0,0,1,0,3.23760,0.85132,0.26295,3.23760,0.00421,0.45141,0.29150,0.14566,0.14349,0.02483,0.25750,11,0,none,a0:none:120
2,11125,combined_abort_stress_2_11125_0,combined_abort_stress,oracle_constraints,0.55,0.12,1,0,0,0,1,0,2.57455,0.85132,0.33067,2.57455,0.03330,1.00000,1.00000,0.02270,0.07603,0.02147,0.14125,11,0,none,a0:none:110
2,11126,combined_abort_stress_2_11126_0,combined_abort_stress,constraint_classifier,0.55,0.12,1,0,0,0,1,0,1.96180,0.84177,0.42908,1.96180,0.02564,0.40614,0.25482,0.14182,0.19146,0.08019,0.24750,11,0,none,a0:none:87
2,11126,combined_abort_stress_2_11126_0,combined_abort_stress,risk_filter_uncertainty,0.55,0.12,1,1,1,1,3,0,3.72707,0.84177,0.22585,4.28707,-0.00602,0.37529,0.23099,0.11509,0.11685,0.16782,0.15438,11,0,none,a0:fixture_snag:32;a1:fixture_snag:28;a2:none:89
2,11126,combined_abort_stress_2_11126_0,combined_abort_stress,robust_barrier_mpc,0.55,0.12,1,0,0,0,1,0,2.07273,0.84177,0.40612,2.07273,0.01103,0.42274,0.26802,0.12473,0.15140,0.07555,0.23312,11,0,none,a0:none:88
2,11126,combined_abort_stress_2_11126_0,combined_abort_stress,conformal_abort_risk_filter,0.55,0.12,1,0,0,0,1,0,2.13497,0.84177,0.39428,2.13497,0.00349,0.40526,0.25413,0.10398,0.10975,0.06309,0.11875,11,0,none,a0:none:87
2,11126,combined_abort_stress_2_11126_0,combined_abort_stress,kernel_trace_constraint_classifier,0.55,0.12,1,0,0,0,1,0,2.17537,0.84177,0.38695,2.17537,0.00734,0.28986,0.16949,0.19230,0.21489,0.04889,0.31250,11,0,none,a0:none:88
2,11126,combined_abort_stress_2_11126_0,combined_abort_stress,particle_constraint_belief,0.55,0.12,1,0,0,0,1,0,2.18970,0.84177,0.38442,2.18970,0.00177,0.39686,0.24755,0.12388,0.15109,0.05256,0.19937,11,0,none,a0:none:88
2,11126,combined_abort_stress_2_11126_0,combined_abort_stress,abort_constraint_discovery_v5,0.55,0.12,1,0,0,0,1,0,2.21935,0.84177,0.37929,2.21935,0.01008,0.44626,0.28722,0.17755,0.25268,0.15957,0.34063,11,0,none,a0:none:89
2,11126,combined_abort_stress_2_11126_0,combined_abort_stress,oracle_constraints,0.55,0.12,1,0,0,0,1,0,2.02501,0.84177,0.41569,2.02501,0.02726,1.00000,1.00000,0.01937,0.06519,0.01292,0.11875,11,0,none,a0:none:73
2,11127,combined_abort_stress_2_11127_0,combined_abort_stress,constraint_classifier,0.55,0.12,1,0,0,0,1,0,1.99431,0.84599,0.42420,1.99431,0.01498,0.33007,0.19765,0.16733,0.18317,0.19685,0.26062,11,0,none,a0:none:85
2,11127,combined_abort_stress_2_11127_0,combined_abort_stress,risk_filter_uncertainty,0.55,0.12,1,0,0,0,1,0,2.05796,0.84599,0.41108,2.05796,0.01640,0.40097,0.25076,0.11590,0.09938,0.11149,0.13687,11,0,none,a0:none:85
2,11127,combined_abort_stress_2_11127_0,combined_abort_stress,robust_barrier_mpc,0.55,0.12,1,0,0,0,1,0,1.94588,0.84599,0.43476,1.94588,0.01452,0.36913,0.22634,0.15003,0.17686,0.15526,0.25062,11,0,none,a0:none:85
2,11127,combined_abort_stress_2_11127_0,combined_abort_stress,conformal_abort_risk_filter,0.55,0.12,1,0,0,0,1,0,2.02746,0.84599,0.41726,2.02746,0.02905,0.36150,0.22063,0.12079,0.11044,0.14166,0.14438,11,0,none,a0:none:86
2,11127,combined_abort_stress_2_11127_0,combined_abort_stress,kernel_trace_constraint_classifier,0.55,0.12,1,0,0,0,1,0,2.08562,0.84599,0.40563,2.08562,0.01421,0.26928,0.15559,0.22344,0.23857,0.12103,0.32375,11,0,none,a0:none:87
2,11127,combined_abort_stress_2_11127_0,combined_abort_stress,particle_constraint_belief,0.55,0.12,1,0,0,0,1,0,1.91329,0.84599,0.44216,1.91329,0.02338,0.35401,0.21508,0.14600,0.16763,0.14370,0.22062,11,0,none,a0:none:86
2,11127,combined_abort_stress_2_11127_0,combined_abort_stress,abort_constraint_discovery_v5,0.55,0.12,1,0,0,0,1,0,4.37802,0.84599,0.19323,4.37802,0.01895,0.43116,0.27483,0.14891,0.16024,0.03999,0.22312,11,0,none,a0:none:120
2,11127,combined_abort_stress_2_11127_0,combined_abort_stress,oracle_constraints,0.55,0.12,1,0,0,0,1,0,2.13735,0.84599,0.39581,2.13735,0.00786,1.00000,1.00000,0.01978,0.06529,0.01955,0.12187,11,0,none,a0:none:85
3,11120,combined_abort_stress_3_11120_0,combined_abort_stress,constraint_classifier,0.55,0.12,1,0,0,0,1,0,1.98174,0.85396,0.43091,1.98174,0.04211,0.38185,0.23598,0.13996,0.12534,0.17460,0.19625,11,0,none,a0:none:87
3,11120,combined_abort_stress_3_11120_0,combined_abort_stress,risk_filter_uncertainty,0.55,0.12,1,1,1,1,5,0,5.71198,0.85396,0.14950,6.83198,-0.00664,0.36073,0.22006,0.11592,0.09529,0.22545,0.13937,11,0,none,a0:visible_collision:38;a1:collision_margin:39;a2:collision_margin:36;a3:fixture_snag:36;a4:none:84
3,11120,combined_abort_stress_3_11120_0,combined_abort_stress,robust_barrier_mpc,0.55,0.12,1,0,0,0,1,0,2.20178,0.85396,0.38785,2.20178,0.04187,0.37218,0.22864,0.13358,0.10616,0.13690,0.19812,11,0,none,a0:none:95
3,11120,combined_abort_stress_3_11120_0,combined_abort_stress,conformal_abort_risk_filter,0.55,0.12,1,0,0,0,1,0,1.76557,0.85396,0.48367,1.76557,0.03633,0.34031,0.20505,0.11094,0.05295,0.12509,0.10437,11,0,none,a0:none:87
3,11120,combined_abort_stress_3_11120_0,combined_abort_stress,kernel_trace_constraint_classifier,0.55,0.12,1,1,1,1,6,0,15.51201,0.85396,0.05505,16.91201,-0.02153,0.28387,0.16541,0.29397,0.31022,0.13442,0.44688,11,0,none,a0:visible_collision:50;a1:fixture_snag:78;a2:fixture_snag:69;a3:visible_collision:120;a4:human_stop:115;a5:none:120
3,11120,combined_abort_stress_3_11120_0,combined_abort_stress,particle_constraint_belief,0.55,0.12,0,1,1,1,6,0,7.26284,0.85396,0.04115,8.58284,-0.02774,0.34185,0.20617,0.15517,0.15509,0.32462,0.25688,11,0,visible_collision,a0:visible_collision:52;a1:fixture_snag:79;a2:visible_collision:29;a3:collision_margin:49;a4:fixture_snag:76;a5:visible_collision:19
3,11120,combined_abort_stress_3_11120_0,combined_abort_stress,abort_constraint_discovery_v5,0.55,0.12,1,0,0,0,1,0,4.50770,0.85396,0.18944,4.50770,0.01042,0.41402,0.26105,0.16006,0.14859,0.03147,0.24000,11,0,none,a0:none:120
3,11120,combined_abort_stress_3_11120_0,combined_abort_stress,oracle_constraints,0.55,0.12,1,0,0,0,1,0,1.87194,0.85396,0.45619,1.87194,0.03492,1.00000,1.00000,0.02263,0.07281,0.01194,0.13437,11,0,none,a0:none:83
3,11121,combined_abort_stress_3_11121_0,combined_abort_stress,constraint_classifier,0.55,0.12,1,0,0,0,1,0,2.49601,0.84101,0.33694,2.49601,0.03076,0.29760,0.17481,0.17807,0.17036,0.18067,0.24938,11,0,none,a0:none:99
3,11121,combined_abort_stress_3_11121_0,combined_abort_stress,risk_filter_uncertainty,0.55,0.12,1,1,0,1,2,0,3.34062,0.84101,0.25175,3.62062,-0.00247,0.37363,0.22973,0.12264,0.10737,0.12841,0.14313,11,0,none,a0:force_limit:47;a1:none:96
3,11121,combined_abort_stress_3_11121_0,combined_abort_stress,robust_barrier_mpc,0.55,0.12,1,0,0,0,1,0,2.65388,0.84101,0.31690,2.65388,0.02901,0.28279,0.16468,0.16758,0.17477,0.14750,0.22562,11,0,none,a0:none:104
3,11121,combined_abort_stress_3_11121_0,combined_abort_stress,conformal_abort_risk_filter,0.55,0.12,1,0,0,0,1,0,2.31298,0.84101,0.36361,2.31298,0.03534,0.28054,0.16316,0.13813,0.11158,0.12833,0.13500,11,0,none,a0:none:100
3,11121,combined_abort_stress_3_11121_0,combined_abort_stress,kernel_trace_constraint_classifier,0.55,0.12,1,0,0,0,1,0,2.38776,0.84101,0.35222,2.38776,0.02612,0.25943,0.14905,0.22624,0.21911,0.15278,0.27313,11,0,none,a0:none:105
3,11121,combined_abort_stress_3_11121_0,combined_abort_stress,particle_constraint_belief,0.55,0.12,1,0,0,0,1,0,2.10389,0.84101,0.39974,2.10389,0.03310,0.28938,0.16916,0.15879,0.14844,0.13271,0.20000,11,0,none,a0:none:103
3,11121,combined_abort_stress_3_11121_0,combined_abort_stress,abort_constraint_discovery_v5,0.55,0.12,1,0,0,0,1,0,2.20955,0.84101,0.38063,2.20955,0.03773,0.32143,0.19149,0.18969,0.18593,0.06561,0.20875,11,0,none,a0:none:93
3,11121,combined_abort_stress_3_11121_0,combined_abort_stress,oracle_constraints,0.55,0.12,1,1,1,1,3,0,3.75772,0.84101,0.22381,4.31772,0.02047,1.00000,1.00000,0.02300,0.07691,0.00796,0.14125,11,0,none,a0:human_stop:24;a1:visible_collision:41;a2:none:90
3,11122,combined_abort_stress_3_11122_0,combined_abort_stress,constraint_classifier,0.55,0.12,1,0,0,0,1,0,1.95323,0.83550,0.42775,1.95323,0.01239,0.43826,0.28062,0.13659,0.11242,0.07975,0.20938,10,1,none,a0:none:83
3,11122,combined_abort_stress_3_11122_0,combined_abort_stress,risk_filter_uncertainty,0.55,0.12,1,1,1,1,3,0,3.77554,0.83550,0.22129,4.33554,-0.01575,0.40329,0.25258,0.11699,0.07955,0.18557,0.15375,10,1,none,a0:fixture_snag:30;a1:unstable_slip:43;a2:none:83
3,11122,combined_abort_stress_3_11122_0,combined_abort_stress,robust_barrier_mpc,0.55,0.12,1,0,0,0,1,0,2.08427,0.83550,0.40086,2.08427,0.01438,0.36577,0.22382,0.14403,0.11248,0.05726,0.22250,10,1,none,a0:none:85
3,11122,combined_abort_stress_3_11122_0,combined_abort_stress,conformal_abort_risk_filter,0.55,0.12,1,0,0,0,1,0,2.13720,0.83550,0.39093,2.13720,0.00943,0.33990,0.20475,0.11529,0.05096,0.06089,0.10375,10,1,none,a0:none:83
3,11122,combined_abort_stress_3_11122_0,combined_abort_stress,kernel_trace_constraint_classifier,0.55,0.12,1,1,0,0,2,0,3.07686,0.83550,0.27154,3.35686,-0.00458,0.34049,0.20517,0.19448,0.17555,0.14403,0.28687,10,1,none,a0:fixture_snag:33;a1:none:87
3,11122,combined_abort_stress_3_11122_0,combined_abort_stress,particle_constraint_belief,0.55,0.12,1,0,0,0,1,0,1.96795,0.83550,0.42455,1.96795,0.01715,0.39552,0.24651,0.12746,0.07809,0.05484,0.18500,10,1,none,a0:none:84
3,11122,combined_abort_stress_3_11122_0,combined_abort_stress,abort_constraint_discovery_v5,0.55,0.12,1,0,0,0,1,0,2.22814,0.83550,0.37497,2.22814,0.01063,0.39628,0.24710,0.18035,0.16306,0.11506,0.25375,10,1,none,a0:none:87
3,11122,combined_abort_stress_3_11122_0,combined_abort_stress,oracle_constraints,0.55,0.12,1,0,0,0,1,0,2.03375,0.83550,0.41082,2.03375,0.01628,1.00000,1.00000,0.02343,0.07627,0.02847,0.15000,10,1,none,a0:none:84
3,11123,combined_abort_stress_3_11123_0,combined_abort_stress,constraint_classifier,0.55,0.12,1,0,0,0,1,0,2.34604,0.84198,0.35890,2.34604,0.02909,0.32246,0.19222,0.15706,0.15184,0.14705,0.22250,11,0,none,a0:none:89
3,11123,combined_abort_stress_3_11123_0,combined_abort_stress,risk_filter_uncertainty,0.55,0.12,1,0,0,0,1,0,1.68638,0.84198,0.49929,1.68638,0.02855,0.31233,0.18506,0.11100,0.09500,0.11582,0.10562,11,0,none,a0:none:84
3,11123,combined_abort_stress_3_11123_0,combined_abort_stress,robust_barrier_mpc,0.55,0.12,1,0,0,0,1,0,2.08475,0.84198,0.40388,2.08475,0.01994,0.30515,0.18004,0.14774,0.15224,0.15940,0.21750,11,0,none,a0:none:88
3,11123,combined_abort_stress_3_11123_0,combined_abort_stress,conformal_abort_risk_filter,0.55,0.12,1,0,0,0,1,0,2.08875,0.84198,0.40311,2.08875,0.01469,0.31980,0.19033,0.11775,0.09485,0.11070,0.12375,11,0,none,a0:none:89
3,11123,combined_abort_stress_3_11123_0,combined_abort_stress,kernel_trace_constraint_classifier,0.55,0.12,1,0,0,0,1,0,2.19777,0.84198,0.38311,2.19777,0.01684,0.25688,0.14737,0.21077,0.21276,0.10037,0.28625,11,0,none,a0:none:90
3,11123,combined_abort_stress_3_11123_0,combined_abort_stress,particle_constraint_belief,0.55,0.12,1,0,0,0,1,0,1.92259,0.84198,0.43794,1.92259,0.01758,0.31600,0.18765,0.13864,0.13328,0.11602,0.19000,11,0,none,a0:none:90
3,11123,combined_abort_stress_3_11123_0,combined_abort_stress,abort_constraint_discovery_v5,0.55,0.12,1,1,0,1,2,0,4.40375,0.84198,0.19120,4.68375,0.01571,0.39155,0.24344,0.15611,0.17248,0.16312,0.20312,11,0,none,a0:visible_collision:89;a1:none:89
3,11123,combined_abort_stress_3_11123_0,combined_abort_stress,oracle_constraints,0.55,0.12,1,0,0,0,1,0,2.07743,0.84198,0.40530,2.07743,0.01202,1.00000,1.00000,0.01756,0.06002,0.02013,0.12250,11,0,none,a0:none:84
3,11124,combined_abort_stress_3_11124_0,combined_abort_stress,constraint_classifier,0.55,0.12,1,0,0,0,1,0,1.90899,0.84033,0.44020,1.90899,0.03031,0.48264,0.31808,0.13416,0.14898,0.24399,0.24875,11,0,none,a0:none:83
3,11124,combined_abort_stress_3_11124_0,combined_abort_stress,risk_filter_uncertainty,0.55,0.12,1,0,0,0,1,0,1.68773,0.84033,0.49791,1.68773,0.03094,0.48608,0.32107,0.09599,0.07133,0.14820,0.11750,11,0,none,a0:none:80
3,11124,combined_abort_stress_3_11124_0,combined_abort_stress,robust_barrier_mpc,0.55,0.12,1,0,0,0,1,0,2.04717,0.84033,0.41048,2.04717,0.02252,0.51389,0.34579,0.11926,0.13549,0.19823,0.23062,11,0,none,a0:none:85
3,11124,combined_abort_stress_3_11124_0,combined_abort_stress,conformal_abort_risk_filter,0.55,0.12,1,0,0,0,1,0,1.81556,0.84033,0.46285,1.81556,0.04816,0.51074,0.34295,0.09993,0.08232,0.17784,0.13250,11,0,none,a0:none:83
3,11124,combined_abort_stress_3_11124_0,combined_abort_stress,kernel_trace_constraint_classifier,0.55,0.12,1,0,0,0,1,0,2.01593,0.84033,0.41685,2.01593,0.03710,0.38681,0.23978,0.17581,0.18998,0.18792,0.28750,11,0,none,a0:none:84
3,11124,combined_abort_stress_3_11124_0,combined_abort_stress,particle_constraint_belief,0.55,0.12,1,0,0,0,1,0,1.86401,0.84033,0.45082,1.86401,0.03378,0.49713,0.33079,0.11768,0.13325,0.19114,0.19750,11,0,none,a0:none:84
3,11124,combined_abort_stress_3_11124_0,combined_abort_stress,abort_constraint_discovery_v5,0.55,0.12,0,0,0,0,1,1,0.00000,0.84033,0.00000,0.12000,1.00000,0.42999,0.27387,0.17241,0.22159,1.00000,0.31250,11,0,no_path,a0:no_path
3,11124,combined_abort_stress_3_11124_0,combined_abort_stress,oracle_constraints,0.55,0.12,1,0,0,0,1,0,1.77016,0.84033,0.47472,1.77016,0.03507,1.00000,1.00000,0.02043,0.06851,0.01096,0.12937,11,0,none,a0:none:80
3,11125,combined_abort_stress_3_11125_0,combined_abort_stress,constraint_classifier,0.55,0.12,1,0,0,0,1,0,2.37324,0.86786,0.36568,2.37324,0.00197,0.34323,0.20717,0.16658,0.17102,0.10357,0.24250,11,0,none,a0:none:101
3,11125,combined_abort_stress_3_11125_0,combined_abort_stress,risk_filter_uncertainty,0.55,0.12,0,1,1,1,6,0,7.16211,0.86786,0.04241,8.48211,-0.01587,0.42041,0.26615,0.11844,0.11249,0.24741,0.17000,11,0,human_stop,a0:fixture_snag:51;a1:force_limit:53;a2:fixture_snag:45;a3:fixture_snag:49;a4:fixture_snag:43;a5:human_stop:39
3,11125,combined_abort_stress_3_11125_0,combined_abort_stress,robust_barrier_mpc,0.55,0.12,1,0,0,0,1,0,2.47131,0.86786,0.35117,2.47131,0.01544,0.33091,0.19826,0.15991,0.18282,0.10080,0.20750,11,0,none,a0:none:100
3,11125,combined_abort_stress_3_11125_0,combined_abort_stress,conformal_abort_risk_filter,0.55,0.12,1,0,0,0,1,0,2.34486,0.86786,0.37011,2.34486,0.01844,0.37825,0.23324,0.12672,0.11062,0.08258,0.12812,11,0,none,a0:none:101
3,11125,combined_abort_stress_3_11125_0,combined_abort_stress,kernel_trace_constraint_classifier,0.55,0.12,1,0,0,0,1,0,2.38706,0.86786,0.36357,2.38706,0.00293,0.28363,0.16525,0.21958,0.23121,0.07024,0.29125,11,0,none,a0:none:102
3,11125,combined_abort_stress_3_11125_0,combined_abort_stress,particle_constraint_belief,0.55,0.12,1,0,0,0,1,0,2.29404,0.86786,0.37831,2.29404,0.01873,0.33905,0.20413,0.14842,0.15286,0.07307,0.19187,11,0,none,a0:none:102
3,11125,combined_abort_stress_3_11125_0,combined_abort_stress,abort_constraint_discovery_v5,0.55,0.12,1,0,0,0,1,0,2.54882,0.86786,0.34049,2.54882,0.01865,0.34264,0.20674,0.17105,0.16442,0.13642,0.19937,11,0,none,a0:none:102
3,11125,combined_abort_stress_3_11125_0,combined_abort_stress,oracle_constraints,0.55,0.12,1,0,0,0,1,0,2.28144,0.86786,0.38040,2.28144,0.02130,1.00000,1.00000,0.02223,0.07446,0.02656,0.13625,11,0,none,a0:none:97
3,11126,combined_abort_stress_3_11126_0,combined_abort_stress,constraint_classifier,0.55,0.12,1,0,0,0,1,0,2.92447,0.84268,0.28815,2.92447,0.02482,0.36728,0.22495,0.15269,0.15963,0.08047,0.23625,11,0,none,a0:none:119
3,11126,combined_abort_stress_3_11126_0,combined_abort_stress,risk_filter_uncertainty,0.55,0.12,0,1,1,1,6,0,7.64960,0.84268,0.03856,8.96960,-0.02061,0.45185,0.29187,0.11596,0.11464,0.19100,0.19937,11,0,fixture_snag,a0:human_stop:40;a1:fixture_snag:54;a2:fixture_snag:59;a3:collision_margin:52;a4:fixture_snag:46;a5:fixture_snag:54
3,11126,combined_abort_stress_3_11126_0,combined_abort_stress,robust_barrier_mpc,0.55,0.12,1,0,0,0,1,0,3.12230,0.84268,0.26989,3.12230,0.01407,0.37094,0.22770,0.14724,0.15173,0.05174,0.26625,11,0,none,a0:none:120
3,11126,combined_abort_stress_3_11126_0,combined_abort_stress,conformal_abort_risk_filter,0.55,0.12,1,0,0,0,1,0,2.93040,0.84268,0.28756,2.93040,0.00400,0.32843,0.19648,0.11684,0.09402,0.06113,0.11688,11,0,none,a0:none:120
3,11126,combined_abort_stress_3_11126_0,combined_abort_stress,kernel_trace_constraint_classifier,0.55,0.12,1,0,0,0,1,0,2.93942,0.84268,0.28668,2.93942,0.00977,0.28951,0.16926,0.19293,0.18639,0.07516,0.28500,11,0,none,a0:none:120
3,11126,combined_abort_stress_3_11126_0,combined_abort_stress,particle_constraint_belief,0.55,0.12,1,0,0,0,1,0,3.03432,0.84268,0.27772,3.03432,0.01794,0.36531,0.22348,0.13562,0.12798,0.04919,0.20062,11,0,none,a0:none:120
3,11126,combined_abort_stress_3_11126_0,combined_abort_stress,abort_constraint_discovery_v5,0.55,0.12,1,0,0,0,1,0,3.55109,0.84268,0.23730,3.55109,0.01940,0.49878,0.33225,0.17886,0.26928,0.15443,0.37312,11,0,none,a0:none:120
3,11126,combined_abort_stress_3_11126_0,combined_abort_stress,oracle_constraints,0.55,0.12,1,0,0,0,1,0,2.09443,0.84268,0.40234,2.09443,0.00985,1.00000,1.00000,0.02170,0.07198,0.04274,0.13812,11,0,none,a0:none:82
3,11127,combined_abort_stress_3_11127_0,combined_abort_stress,constraint_classifier,0.55,0.12,1,1,1,1,3,0,5.17283,0.87663,0.16947,5.73283,-0.01792,0.47769,0.31379,0.15725,0.20276,0.14268,0.33563,11,0,none,a0:fixture_snag:47;a1:fixture_snag:43;a2:none:120
3,11127,combined_abort_stress_3_11127_0,combined_abort_stress,risk_filter_uncertainty,0.55,0.12,0,1,1,1,6,0,6.20305,0.87663,0.04946,7.52305,-0.02191,0.46630,0.30404,0.11388,0.11103,0.20160,0.20250,11,0,fixture_snag,a0:fixture_snag:41;a1:force_limit:33;a2:fixture_snag:32;a3:visible_collision:63;a4:fixture_snag:35;a5:fixture_snag:33
3,11127,combined_abort_stress_3_11127_0,combined_abort_stress,robust_barrier_mpc,0.55,0.12,1,1,1,1,3,0,5.24118,0.87663,0.16726,5.80118,-0.02155,0.49513,0.32902,0.14015,0.16994,0.14187,0.30875,11,0,none,a0:fixture_snag:51;a1:fixture_snag:49;a2:none:120
3,11127,combined_abort_stress_3_11127_0,combined_abort_stress,conformal_abort_risk_filter,0.55,0.12,1,1,0,1,2,0,4.16006,0.87663,0.21073,4.44006,-0.01976,0.50000,0.33333,0.10766,0.10389,0.10869,0.17688,11,0,none,a0:fixture_snag:48;a1:none:120
3,11127,combined_abort_stress_3_11127_0,combined_abort_stress,kernel_trace_constraint_classifier,0.55,0.12,1,1,0,1,2,0,4.00791,0.87663,0.21873,4.28791,-0.00698,0.44114,0.28299,0.20028,0.22376,0.10357,0.36375,11,0,none,a0:fixture_snag:47;a1:none:120
3,11127,combined_abort_stress_3_11127_0,combined_abort_stress,particle_constraint_belief,0.55,0.12,1,1,0,1,2,0,4.04484,0.87663,0.21673,4.32484,-0.02713,0.52345,0.35451,0.12925,0.15637,0.11755,0.27250,11,0,none,a0:fixture_snag:51;a1:none:120
3,11127,combined_abort_stress_3_11127_0,combined_abort_stress,abort_constraint_discovery_v5,0.55,0.12,0,1,0,0,2,1,1.31741,0.87663,0.23290,1.65741,-0.00007,0.47226,0.30912,0.19761,0.27300,1.00000,0.38875,11,0,no_path,a0:fixture_snag:54;a1:no_path
3,11127,combined_abort_stress_3_11127_0,combined_abort_stress,oracle_constraints,0.55,0.12,1,0,0,0,1,0,2.30809,0.87663,0.37981,2.30809,0.00258,1.00000,1.00000,0.02342,0.07856,0.05568,0.14062,11,0,none,a0:none:85
4,11120,combined_abort_stress_4_11120_0,combined_abort_stress,constraint_classifier,0.55,0.12,0,1,1,1,6,0,3.33046,0.84515,0.08882,4.65046,-0.01846,0.30000,0.17647,0.16907,0.13873,0.31030,0.22312,11,0,fixture_snag,a0:fixture_snag:32;a1:fixture_snag:27;a2:fixture_snag:21;a3:fixture_snag:20;a4:fixture_snag:19;a5:fixture_snag:21
4,11120,combined_abort_stress_4_11120_0,combined_abort_stress,risk_filter_uncertainty,0.55,0.12,1,1,1,1,3,0,3.87569,0.84515,0.21806,4.43569,-0.03011,0.24213,0.13774,0.13150,0.11400,0.11436,0.11875,11,0,none,a0:fixture_snag:27;a1:fixture_snag:23;a2:none:99
4,11120,combined_abort_stress_4_11120_0,combined_abort_stress,robust_barrier_mpc,0.55,0.12,0,1,1,1,6,0,6.12533,0.84515,0.04829,7.44533,-0.02830,0.36476,0.22306,0.15173,0.15096,0.23254,0.26500,11,0,human_stop,a0:fixture_snag:35;a1:fixture_snag:27;a2:unstable_slip:111;a3:fixture_snag:20;a4:fixture_snag:26;a5:human_stop:33
4,11120,combined_abort_stress_4_11120_0,combined_abort_stress,conformal_abort_risk_filter,0.55,0.12,0,1,1,1,6,0,3.46033,0.84515,0.08548,4.78033,-0.02041,0.26415,0.15217,0.13924,0.09984,0.21500,0.12562,11,0,fixture_snag,a0:fixture_snag:33;a1:fixture_snag:26;a2:fixture_snag:24;a3:fixture_snag:22;a4:fixture_snag:21;a5:fixture_snag:22
4,11120,combined_abort_stress_4_11120_0,combined_abort_stress,kernel_trace_constraint_classifier,0.55,0.12,1,1,1,1,5,0,7.29553,0.84515,0.11584,8.41553,-0.02070,0.22193,0.12481,0.25262,0.25231,0.23549,0.32812,11,0,none,a0:fixture_snag:36;a1:fixture_snag:29;a2:collision_margin:83;a3:collision_margin:41;a4:none:112
4,11120,combined_abort_stress_4_11120_0,combined_abort_stress,particle_constraint_belief,0.55,0.12,0,1,1,1,6,0,6.89248,0.84515,0.04292,8.21248,-0.02208,0.31307,0.18559,0.16392,0.16702,0.25893,0.27187,11,0,fixture_snag,a0:fixture_snag:34;a1:fixture_snag:29;a2:unstable_slip:111;a3:collision_margin:83;a4:fixture_snag:23;a5:fixture_snag:21
4,11120,combined_abort_stress_4_11120_0,combined_abort_stress,abort_constraint_discovery_v5,0.55,0.12,1,0,0,0,1,0,2.47157,0.84515,0.34195,2.47157,0.01746,0.31461,0.18667,0.17013,0.15051,0.03127,0.19437,11,0,none,a0:none:98
4,11120,combined_abort_stress_4_11120_0,combined_abort_stress,oracle_constraints,0.55,0.12,1,0,0,0,1,0,2.25825,0.84515,0.37425,2.25825,0.01159,1.00000,1.00000,0.02408,0.07992,0.03154,0.13937,11,0,none,a0:none:80
4,11121,combined_abort_stress_4_11121_0,combined_abort_stress,constraint_classifier,0.55,0.12,1,0,0,0,1,0,1.93051,0.84474,0.43757,1.93051,0.02861,0.39498,0.24609,0.14978,0.13493,0.17060,0.26188,11,0,none,a0:none:82
4,11121,combined_abort_stress_4_11121_0,combined_abort_stress,risk_filter_uncertainty,0.55,0.12,1,0,0,0,1,0,1.88556,0.84474,0.44800,1.88556,0.01446,0.39583,0.24675,0.10546,0.05030,0.11383,0.10312,11,0,none,a0:none:82
4,11121,combined_abort_stress_4_11121_0,combined_abort_stress,robust_barrier_mpc,0.55,0.12,1,0,0,0,1,0,1.86320,0.84474,0.45338,1.86320,0.01957,0.46099,0.29954,0.12032,0.10162,0.13190,0.21563,11,0,none,a0:none:82
4,11121,combined_abort_stress_4_11121_0,combined_abort_stress,conformal_abort_risk_filter,0.55,0.12,1,0,0,0,1,0,1.89501,0.84474,0.44577,1.89501,0.01561,0.36526,0.22343,0.11522,0.06431,0.12813,0.14375,11,0,none,a0:none:82
4,11121,combined_abort_stress_4_11121_0,combined_abort_stress,kernel_trace_constraint_classifier,0.55,0.12,1,0,0,0,1,0,1.75650,0.84474,0.48092,1.75650,0.02160,0.34161,0.20599,0.19272,0.17276,0.12201,0.26562,11,0,none,a0:none:82
4,11121,combined_abort_stress_4_11121_0,combined_abort_stress,particle_constraint_belief,0.55,0.12,1,0,0,0,1,0,1.98748,0.84474,0.42503,1.98748,0.01512,0.39925,0.24942,0.12898,0.10709,0.13029,0.19812,11,0,none,a0:none:82
4,11121,combined_abort_stress_4_11121_0,combined_abort_stress,abort_constraint_discovery_v5,0.55,0.12,1,0,0,0,1,0,4.56469,0.84474,0.18506,4.56469,0.00445,0.50291,0.33592,0.16032,0.19446,0.10069,0.29313,11,0,none,a0:none:120
4,11121,combined_abort_stress_4_11121_0,combined_abort_stress,oracle_constraints,0.55,0.12,1,0,0,0,1,0,1.99664,0.84474,0.42308,1.99664,0.01938,1.00000,1.00000,0.02175,0.07291,0.01956,0.13687,11,0,none,a0:none:82
4,11122,combined_abort_stress_4_11122_0,combined_abort_stress,constraint_classifier,0.55,0.12,1,1,0,1,2,0,3.29225,0.84101,0.25545,3.57225,-0.01705,0.36688,0.22465,0.15584,0.17484,0.16772,0.25750,11,0,none,a0:fixture_snag:39;a1:none:100
4,11122,combined_abort_stress_4_11122_0,combined_abort_stress,risk_filter_uncertainty,0.55,0.12,1,1,0,1,2,0,3.54459,0.84101,0.23727,3.82459,-0.02659,0.34624,0.20937,0.11507,0.09110,0.10521,0.14688,11,0,none,a0:fixture_snag:40;a1:none:96
4,11122,combined_abort_stress_4_11122_0,combined_abort_stress,robust_barrier_mpc,0.55,0.12,1,0,0,0,1,0,2.33539,0.84101,0.36011,2.33539,0.00719,0.34267,0.20676,0.14496,0.13512,0.13570,0.25188,11,0,none,a0:none:100
4,11122,combined_abort_stress_4_11122_0,combined_abort_stress,conformal_abort_risk_filter,0.55,0.12,1,0,0,0,1,0,2.35878,0.84101,0.35654,2.35878,0.01909,0.30467,0.17971,0.11695,0.09568,0.12336,0.12687,11,0,none,a0:none:101
4,11122,combined_abort_stress_4_11122_0,combined_abort_stress,kernel_trace_constraint_classifier,0.55,0.12,1,0,0,0,1,0,2.23935,0.84101,0.37556,2.23935,0.01625,0.30528,0.18013,0.20183,0.20373,0.11483,0.31062,11,0,none,a0:none:102
4,11122,combined_abort_stress_4_11122_0,combined_abort_stress,particle_constraint_belief,0.55,0.12,1,0,0,0,1,0,2.55411,0.84101,0.32928,2.55411,0.01331,0.36567,0.22374,0.13667,0.13028,0.13365,0.20750,11,0,none,a0:none:102
4,11122,combined_abort_stress_4_11122_0,combined_abort_stress,abort_constraint_discovery_v5,0.55,0.12,0,1,1,1,3,1,4.08663,0.84101,0.07203,4.64663,-0.02002,0.40198,0.25155,0.15713,0.16032,1.00000,0.25188,11,0,no_path,a0:visible_collision:93;a1:collision_margin:83;a2:no_path
4,11122,combined_abort_stress_4_11122_0,combined_abort_stress,oracle_constraints,0.55,0.12,1,0,0,0,1,0,2.07427,0.84101,0.40545,2.07427,0.01467,1.00000,1.00000,0.01880,0.06322,0.02169,0.12750,11,0,none,a0:none:91
4,11123,combined_abort_stress_4_11123_0,combined_abort_stress,constraint_classifier,0.55,0.12,0,1,1,1,6,0,7.53105,0.83718,0.03891,8.85105,-0.02902,0.52055,0.35185,0.14097,0.19565,0.23307,0.31438,11,0,visible_collision,a0:force_limit:76;a1:fixture_snag:57;a2:unstable_slip:35;a3:fixture_snag:44;a4:fixture_snag:52;a5:visible_collision:45
4,11123,combined_abort_stress_4_11123_0,combined_abort_stress,risk_filter_uncertainty,0.55,0.12,0,1,1,1,6,0,5.81081,0.83718,0.05043,7.13081,-0.01385,0.45560,0.29500,0.11555,0.09461,0.16731,0.18188,11,0,fixture_snag,a0:visible_collision:39;a1:fixture_snag:52;a2:unstable_slip:32;a3:collision_margin:36;a4:visible_collision:25;a5:fixture_snag:50
4,11123,combined_abort_stress_4_11123_0,combined_abort_stress,robust_barrier_mpc,0.55,0.12,1,1,1,1,3,0,7.63916,0.83718,0.10959,8.19916,-0.01035,0.49778,0.33136,0.12867,0.15872,0.09186,0.28000,11,0,none,a0:force_limit:84;a1:fixture_snag:64;a2:none:120
4,11123,combined_abort_stress_4_11123_0,combined_abort_stress,conformal_abort_risk_filter,0.55,0.12,0,1,1,1,6,0,7.06081,0.83718,0.04150,8.38081,-0.02972,0.54511,0.37467,0.09811,0.09907,0.16616,0.18375,11,0,fixture_snag,a0:force_limit:73;a1:fixture_snag:61;a2:unstable_slip:34;a3:collision_margin:29;a4:fixture_snag:41;a5:fixture_snag:53
4,11123,combined_abort_stress_4_11123_0,combined_abort_stress,kernel_trace_constraint_classifier,0.55,0.12,1,0,0,0,1,0,2.35619,0.83718,0.35531,2.35619,0.00577,0.39377,0.24515,0.17642,0.16535,0.14755,0.29938,11,0,none,a0:none:105
4,11123,combined_abort_stress_4_11123_0,combined_abort_stress,particle_constraint_belief,0.55,0.12,1,1,0,1,2,0,4.71250,0.83718,0.17765,4.99250,-0.00320,0.51550,0.34725,0.11755,0.14508,0.15674,0.24125,11,0,none,a0:force_limit:79;a1:none:120
4,11123,combined_abort_stress_4_11123_0,combined_abort_stress,abort_constraint_discovery_v5,0.55,0.12,0,0,0,0,1,1,0.00000,0.83718,0.00000,0.12000,1.00000,0.57686,0.40535,0.12299,0.14958,1.00000,0.25250,11,0,no_path,a0:no_path
4,11123,combined_abort_stress_4_11123_0,combined_abort_stress,oracle_constraints,0.55,0.12,1,0,0,0,1,0,2.57016,0.83718,0.32573,2.57016,0.02510,1.00000,1.00000,0.02133,0.07028,0.01426,0.14188,11,0,none,a0:none:98
4,11124,combined_abort_stress_4_11124_0,combined_abort_stress,constraint_classifier,0.55,0.12,1,0,0,0,1,0,2.11823,0.84243,0.39771,2.11823,0.02738,0.40273,0.25214,0.14731,0.12052,0.16483,0.22062,11,0,none,a0:none:85
4,11124,combined_abort_stress_4_11124_0,combined_abort_stress,risk_filter_uncertainty,0.55,0.12,1,0,0,0,1,0,1.67767,0.84243,0.50214,1.67767,0.04298,0.28362,0.16524,0.13131,0.08758,0.13533,0.11000,11,0,none,a0:none:85
4,11124,combined_abort_stress_4_11124_0,combined_abort_stress,robust_barrier_mpc,0.55,0.12,1,0,0,0,1,0,2.17273,0.84243,0.38773,2.17273,0.03383,0.38163,0.23581,0.14440,0.13259,0.15031,0.20813,11,0,none,a0:none:87
4,11124,combined_abort_stress_4_11124_0,combined_abort_stress,conformal_abort_risk_filter,0.55,0.12,1,0,0,0,1,0,2.00729,0.84243,0.41969,2.00729,0.02501,0.36275,0.22156,0.12056,0.06858,0.11700,0.10938,11,0,none,a0:none:85
4,11124,combined_abort_stress_4_11124_0,combined_abort_stress,kernel_trace_constraint_classifier,0.55,0.12,1,0,0,0,1,0,2.06520,0.84243,0.40792,2.06520,0.04245,0.30625,0.18081,0.19209,0.17440,0.11821,0.25438,11,0,none,a0:none:93
4,11124,combined_abort_stress_4_11124_0,combined_abort_stress,particle_constraint_belief,0.55,0.12,1,0,0,0,1,0,1.92379,0.84243,0.43790,1.92379,0.03242,0.35938,0.21905,0.13920,0.11764,0.11658,0.17438,11,0,none,a0:none:87
4,11124,combined_abort_stress_4_11124_0,combined_abort_stress,abort_constraint_discovery_v5,0.55,0.12,1,0,0,0,1,0,1.93825,0.84243,0.43463,1.93825,0.01583,0.50174,0.33488,0.13771,0.14591,0.11126,0.21313,11,0,none,a0:none:83
4,11124,combined_abort_stress_4_11124_0,combined_abort_stress,oracle_constraints,0.55,0.12,1,0,0,0,1,0,2.03227,0.84243,0.41453,2.03227,0.04221,1.00000,1.00000,0.02340,0.07783,0.00792,0.14563,11,0,none,a0:none:83
4,11125,combined_abort_stress_4_11125_0,combined_abort_stress,constraint_classifier,0.55,0.12,0,1,1,1,6,0,4.12929,0.83079,0.07042,5.44929,-0.02063,0.46729,0.30488,0.14153,0.17368,0.35943,0.26813,11,0,force_limit,a0:fixture_snag:34;a1:fixture_snag:32;a2:collision_margin:37;a3:force_limit:24;a4:force_limit:21;a5:force_limit:20
4,11125,combined_abort_stress_4_11125_0,combined_abort_stress,risk_filter_uncertainty,0.55,0.12,0,1,1,1,6,0,4.54734,0.83079,0.06394,5.86734,-0.01785,0.46512,0.30303,0.10864,0.09468,0.25786,0.16250,11,0,fixture_snag,a0:collision_margin:34;a1:fixture_snag:33;a2:force_limit:25;a3:fixture_snag:30;a4:force_limit:20;a5:fixture_snag:29
4,11125,combined_abort_stress_4_11125_0,combined_abort_stress,robust_barrier_mpc,0.55,0.12,1,0,0,0,1,0,3.24399,0.83079,0.25610,3.24399,0.00421,0.40000,0.25000,0.14132,0.14844,0.10484,0.23250,11,0,none,a0:none:120
4,11125,combined_abort_stress_4_11125_0,combined_abort_stress,conformal_abort_risk_filter,0.55,0.12,1,1,1,1,6,0,6.93694,0.83079,0.11976,8.33694,-0.02097,0.53392,0.36418,0.10093,0.09547,0.09574,0.15250,11,0,none,a0:fixture_snag:34;a1:fixture_snag:30;a2:collision_margin:34;a3:fixture_snag:37;a4:force_limit:22;a5:none:120
4,11125,combined_abort_stress_4_11125_0,combined_abort_stress,kernel_trace_constraint_classifier,0.55,0.12,1,0,0,0,1,0,3.25315,0.83079,0.25538,3.25315,0.01018,0.31683,0.18824,0.20362,0.20151,0.10063,0.30875,11,0,none,a0:none:120
4,11125,combined_abort_stress_4_11125_0,combined_abort_stress,particle_constraint_belief,0.55,0.12,1,0,0,0,1,0,3.46010,0.83079,0.24010,3.46010,0.01231,0.39779,0.24828,0.13269,0.12424,0.09668,0.20625,11,0,none,a0:none:120
4,11125,combined_abort_stress_4_11125_0,combined_abort_stress,abort_constraint_discovery_v5,0.55,0.12,0,0,0,0,1,1,0.00000,0.83079,0.00000,0.12000,1.00000,0.48326,0.31862,0.16075,0.21864,1.00000,0.29625,11,0,no_path,a0:no_path
4,11125,combined_abort_stress_4_11125_0,combined_abort_stress,oracle_constraints,0.55,0.12,1,0,0,0,1,0,2.75092,0.83079,0.30200,2.75092,0.02030,1.00000,1.00000,0.02063,0.06820,0.01504,0.13312,11,0,none,a0:none:114
4,11126,combined_abort_stress_4_11126_0,combined_abort_stress,constraint_classifier,0.55,0.12,1,0,0,0,1,0,1.91021,0.84818,0.44402,1.91021,0.00602,0.33333,0.20000,0.15314,0.17295,0.24118,0.22250,11,0,none,a0:none:83
4,11126,combined_abort_stress_4_11126_0,combined_abort_stress,risk_filter_uncertainty,0.55,0.12,1,0,0,0,1,0,1.85316,0.84818,0.45769,1.85316,0.01154,0.30563,0.18038,0.11108,0.08075,0.14190,0.10312,11,0,none,a0:none:83
4,11126,combined_abort_stress_4_11126_0,combined_abort_stress,robust_barrier_mpc,0.55,0.12,1,0,0,0,1,0,1.95649,0.84818,0.43352,1.95649,0.01028,0.34074,0.20536,0.13956,0.12953,0.17968,0.20750,11,0,none,a0:none:83
4,11126,combined_abort_stress_4_11126_0,combined_abort_stress,conformal_abort_risk_filter,0.55,0.12,1,0,0,0,1,0,1.95261,0.84818,0.43438,1.95261,0.01109,0.31043,0.18373,0.11757,0.08658,0.17626,0.11563,11,0,none,a0:none:83
4,11126,combined_abort_stress_4_11126_0,combined_abort_stress,kernel_trace_constraint_classifier,0.55,0.12,1,0,0,0,1,0,1.90715,0.84818,0.44474,1.90715,0.00093,0.26880,0.15527,0.19859,0.19455,0.17987,0.26062,11,0,none,a0:none:85
4,11126,combined_abort_stress_4_11126_0,combined_abort_stress,particle_constraint_belief,0.55,0.12,1,0,0,0,1,0,1.97680,0.84818,0.42907,1.97680,0.00749,0.32787,0.19608,0.13546,0.12123,0.17996,0.17500,11,0,none,a0:none:84
4,11126,combined_abort_stress_4_11126_0,combined_abort_stress,abort_constraint_discovery_v5,0.55,0.12,1,0,0,0,1,0,4.35581,0.84818,0.19472,4.35581,0.02348,0.50495,0.33775,0.13575,0.17681,0.06648,0.24875,11,0,none,a0:none:120
4,11126,combined_abort_stress_4_11126_0,combined_abort_stress,oracle_constraints,0.55,0.12,1,0,0,0,1,0,1.81832,0.84818,0.46646,1.81832,0.01767,1.00000,1.00000,0.01950,0.06398,0.05040,0.13000,11,0,none,a0:none:83
4,11127,combined_abort_stress_4_11127_0,combined_abort_stress,constraint_classifier,0.55,0.12,1,1,0,0,2,0,2.61867,0.83212,0.31776,2.89867,-0.00053,0.34066,0.20530,0.14734,0.13138,0.21768,0.20688,10,1,none,a0:collision_margin:29;a1:none:71
4,11127,combined_abort_stress_4_11127_0,combined_abort_stress,risk_filter_uncertainty,0.55,0.12,1,1,1,1,4,0,4.62899,0.83212,0.17976,5.46899,-0.02625,0.34583,0.20907,0.12986,0.11611,0.21947,0.16562,10,1,none,a0:human_stop:25;a1:collision_margin:40;a2:fixture_snag:32;a3:none:75
4,11127,combined_abort_stress_4_11127_0,combined_abort_stress,robust_barrier_mpc,0.55,0.12,1,0,0,0,1,0,2.55557,0.83212,0.32561,2.55557,0.02458,0.34082,0.20542,0.14228,0.13412,0.09903,0.19937,10,1,none,a0:none:104
4,11127,combined_abort_stress_4_11127_0,combined_abort_stress,conformal_abort_risk_filter,0.55,0.12,1,0,0,0,1,0,1.67584,0.83212,0.49654,1.67584,0.02870,0.35979,0.21935,0.11832,0.07788,0.16185,0.10187,10,1,none,a0:none:71
4,11127,combined_abort_stress_4_11127_0,combined_abort_stress,kernel_trace_constraint_classifier,0.55,0.12,1,0,0,0,1,0,2.36692,0.83212,0.35156,2.36692,0.03281,0.29224,0.17112,0.19512,0.18647,0.08104,0.27625,10,1,none,a0:none:108
4,11127,combined_abort_stress_4_11127_0,combined_abort_stress,particle_constraint_belief,0.55,0.12,1,0,0,0,1,0,2.35358,0.83212,0.35355,2.35358,0.02564,0.35412,0.21516,0.13094,0.10535,0.07772,0.17625,10,1,none,a0:none:107
4,11127,combined_abort_stress_4_11127_0,combined_abort_stress,abort_constraint_discovery_v5,0.55,0.12,1,1,1,1,3,0,3.99282,0.83212,0.20840,4.55282,0.00857,0.36201,0.22101,0.17152,0.16971,0.11738,0.21438,10,1,none,a0:visible_collision:22;a1:visible_collision:49;a2:none:94
4,11127,combined_abort_stress_4_11127_0,combined_abort_stress,oracle_constraints,0.55,0.12,1,0,0,0,1,0,1.75126,0.83212,0.47515,1.75126,0.03201,1.00000,1.00000,0.02121,0.07006,0.01443,0.13437,10,1,none,a0:none:71
5,11120,combined_abort_stress_5_11120_0,combined_abort_stress,constraint_classifier,0.55,0.12,0,1,1,1,6,0,10.42867,0.84526,0.02837,11.74867,-0.01307,0.46211,0.30048,0.16589,0.24460,0.16972,0.37000,11,0,visible_collision,a0:collision_margin:35;a1:human_stop:39;a2:force_limit:44;a3:unstable_slip:78;a4:human_stop:119;a5:visible_collision:93
5,11120,combined_abort_stress_5_11120_0,combined_abort_stress,risk_filter_uncertainty,0.55,0.12,0,1,1,1,6,0,5.64678,0.84526,0.05239,6.96678,-0.02102,0.51404,0.34593,0.10419,0.08970,0.22213,0.15625,11,0,unstable_slip,a0:collision_margin:35;a1:force_limit:48;a2:human_stop:34;a3:human_stop:31;a4:human_stop:29;a5:unstable_slip:51
5,11120,combined_abort_stress_5_11120_0,combined_abort_stress,robust_barrier_mpc,0.55,0.12,1,0,0,0,1,0,3.28621,0.84526,0.25721,3.28621,0.01216,0.46454,0.30254,0.12553,0.12970,0.10037,0.21937,11,0,none,a0:none:120
5,11120,combined_abort_stress_5_11120_0,combined_abort_stress,conformal_abort_risk_filter,0.55,0.12,0,1,1,1,6,0,6.17253,0.84526,0.04793,7.49253,-0.02433,0.55242,0.38162,0.10114,0.10724,0.20616,0.17688,11,0,human_stop,a0:collision_margin:35;a1:unstable_slip:58;a2:force_limit:45;a3:human_stop:37;a4:force_limit:29;a5:human_stop:38
5,11120,combined_abort_stress_5_11120_0,combined_abort_stress,kernel_trace_constraint_classifier,0.55,0.12,1,1,0,0,2,0,3.85418,0.84526,0.21931,4.13418,-0.00471,0.36261,0.22145,0.19109,0.20009,0.11793,0.30812,11,0,none,a0:collision_margin:38;a1:none:120
5,11120,combined_abort_stress_5_11120_0,combined_abort_stress,particle_constraint_belief,0.55,0.12,1,1,1,1,4,0,7.28752,0.84526,0.11599,8.12752,-0.03019,0.45997,0.29867,0.13071,0.14524,0.11814,0.23375,11,0,none,a0:visible_collision:26;a1:fixture_snag:67;a2:fixture_snag:61;a3:none:120
5,11120,combined_abort_stress_5_11120_0,combined_abort_stress,abort_constraint_discovery_v5,0.55,0.12,0,0,0,0,1,1,0.00000,0.84526,0.00000,0.12000,1.00000,0.48889,0.32353,0.15013,0.17554,1.00000,0.26062,11,0,no_path,a0:no_path
5,11120,combined_abort_stress_5_11120_0,combined_abort_stress,oracle_constraints,0.55,0.12,1,0,0,0,1,0,2.00488,0.84526,0.42160,2.00488,0.00791,1.00000,1.00000,0.02121,0.07012,0.05146,0.13312,11,0,none,a0:none:90
5,11121,combined_abort_stress_5_11121_0,combined_abort_stress,constraint_classifier,0.55,0.12,1,1,0,1,2,0,3.21740,0.85814,0.26672,3.49740,0.04132,0.37209,0.22857,0.15855,0.17444,0.21361,0.27500,11,0,none,a0:visible_collision:20;a1:none:105
5,11121,combined_abort_stress_5_11121_0,combined_abort_stress,risk_filter_uncertainty,0.55,0.12,1,1,0,1,2,0,3.18346,0.85814,0.26956,3.46346,-0.01179,0.48736,0.32219,0.09208,0.08814,0.12204,0.14375,11,0,none,a0:unstable_slip:38;a1:none:99
5,11121,combined_abort_stress_5_11121_0,combined_abort_stress,robust_barrier_mpc,0.55,0.12,1,0,0,0,1,0,2.51883,0.85814,0.34069,2.51883,0.02123,0.43993,0.28199,0.11530,0.09818,0.13674,0.21000,11,0,none,a0:none:106
5,11121,combined_abort_stress_5_11121_0,combined_abort_stress,conformal_abort_risk_filter,0.55,0.12,1,1,0,1,2,0,3.47348,0.85814,0.24705,3.75348,-0.01669,0.41649,0.26301,0.10819,0.08803,0.13870,0.16000,11,0,none,a0:unstable_slip:35;a1:none:105
5,11121,combined_abort_stress_5_11121_0,combined_abort_stress,kernel_trace_constraint_classifier,0.55,0.12,1,0,0,0,1,0,2.65152,0.85814,0.32364,2.65152,0.04007,0.33429,0.20069,0.19990,0.18716,0.13961,0.30562,11,0,none,a0:none:107
5,11121,combined_abort_stress_5_11121_0,combined_abort_stress,particle_constraint_belief,0.55,0.12,1,0,0,0,1,0,2.23028,0.85814,0.38477,2.23028,0.04104,0.39405,0.24537,0.12377,0.11795,0.14380,0.20813,11,0,none,a0:none:107
5,11121,combined_abort_stress_5_11121_0,combined_abort_stress,abort_constraint_discovery_v5,0.55,0.12,1,1,0,1,2,0,3.82385,0.85814,0.22442,4.10385,-0.00436,0.44183,0.28355,0.18408,0.23510,0.30868,0.29625,11,0,none,a0:unstable_slip:36;a1:none:113
5,11121,combined_abort_stress_5_11121_0,combined_abort_stress,oracle_constraints,0.55,0.12,1,0,0,0,1,0,2.07514,0.85814,0.41353,2.07514,0.00786,1.00000,1.00000,0.02021,0.06873,0.02876,0.12812,11,0,none,a0:none:82
5,11122,combined_abort_stress_5_11122_0,combined_abort_stress,constraint_classifier,0.55,0.12,0,1,1,1,6,0,4.21284,0.84650,0.07033,5.53284,-0.03068,0.35034,0.21237,0.17189,0.16905,0.34896,0.21688,11,0,collision_margin,a0:visible_collision:18;a1:fixture_snag:57;a2:visible_collision:17;a3:collision_margin:20;a4:collision_margin:23;a5:collision_margin:24
5,11122,combined_abort_stress_5_11122_0,combined_abort_stress,risk_filter_uncertainty,0.55,0.12,0,1,1,1,6,0,5.23046,0.84650,0.05664,6.55046,-0.02661,0.34538,0.20874,0.14082,0.14627,0.26216,0.16062,11,0,collision_margin,a0:collision_margin:24;a1:fixture_snag:49;a2:collision_margin:23;a3:visible_collision:64;a4:collision_margin:23;a5:collision_margin:23
5,11122,combined_abort_stress_5_11122_0,combined_abort_stress,robust_barrier_mpc,0.55,0.12,1,1,1,1,5,0,8.36984,0.84650,0.10114,9.48984,-0.02091,0.36522,0.22340,0.17097,0.18269,0.16960,0.28063,11,0,none,a0:fixture_snag:63;a1:collision_margin:33;a2:human_stop:103;a3:collision_margin:33;a4:none:117
5,11122,combined_abort_stress_5_11122_0,combined_abort_stress,conformal_abort_risk_filter,0.55,0.12,0,1,1,1,6,0,4.26720,0.84650,0.06943,5.58720,-0.02567,0.37923,0.23398,0.13059,0.10637,0.20759,0.12625,11,0,collision_margin,a0:collision_margin:23;a1:collision_margin:25;a2:visible_collision:20;a3:fixture_snag:56;a4:collision_margin:22;a5:collision_margin:25
5,11122,combined_abort_stress_5_11122_0,combined_abort_stress,kernel_trace_constraint_classifier,0.55,0.12,0,1,1,1,5,1,7.44028,0.84650,0.03982,8.44028,-0.02437,0.28637,0.16712,0.26461,0.27487,1.00000,0.39062,11,0,no_path,a0:human_stop:105;a1:visible_collision:62;a2:fixture_snag:61;a3:fixture_snag:80;a4:no_path
5,11122,combined_abort_stress_5_11122_0,combined_abort_stress,particle_constraint_belief,0.55,0.12,0,1,1,1,6,0,6.99689,0.84650,0.04234,8.31689,-0.02267,0.30236,0.17811,0.17953,0.19101,0.28225,0.24625,11,0,collision_margin,a0:fixture_snag:64;a1:fixture_snag:81;a2:collision_margin:27;a3:visible_collision:72;a4:collision_margin:26;a5:collision_margin:25
5,11122,combined_abort_stress_5_11122_0,combined_abort_stress,abort_constraint_discovery_v5,0.55,0.12,0,1,1,1,4,1,5.65576,0.84650,0.05238,6.43576,-0.00938,0.39782,0.24830,0.20182,0.20314,1.00000,0.30812,11,0,no_path,a0:human_stop:97;a1:fixture_snag:74;a2:fixture_snag:75;a3:no_path
5,11122,combined_abort_stress_5_11122_0,combined_abort_stress,oracle_constraints,0.55,0.12,1,0,0,0,1,0,2.66183,0.84650,0.31801,2.66183,0.03363,1.00000,1.00000,0.02356,0.07758,0.01849,0.15063,11,0,none,a0:none:102
5,11123,combined_abort_stress_5_11123_0,combined_abort_stress,constraint_classifier,0.55,0.12,1,0,0,0,1,0,2.42722,0.84976,0.35010,2.42722,0.01947,0.38629,0.23938,0.16222,0.15042,0.17353,0.25250,11,0,none,a0:none:105
5,11123,combined_abort_stress_5_11123_0,combined_abort_stress,risk_filter_uncertainty,0.55,0.12,1,1,1,1,3,0,6.03115,0.84976,0.14090,6.59115,-0.02359,0.40705,0.25553,0.12955,0.08554,0.10442,0.17062,11,0,none,a0:force_limit:41;a1:visible_collision:81;a2:none:110
5,11123,combined_abort_stress_5_11123_0,combined_abort_stress,robust_barrier_mpc,0.55,0.12,1,0,0,0,1,0,2.42606,0.84976,0.35026,2.42606,0.01967,0.39531,0.24635,0.15091,0.14849,0.11078,0.22437,11,0,none,a0:none:107
5,11123,combined_abort_stress_5_11123_0,combined_abort_stress,conformal_abort_risk_filter,0.55,0.12,1,0,0,0,1,0,2.41925,0.84976,0.35125,2.41925,0.01738,0.41841,0.26455,0.12516,0.08458,0.13226,0.15000,11,0,none,a0:none:105
5,11123,combined_abort_stress_5_11123_0,combined_abort_stress,kernel_trace_constraint_classifier,0.55,0.12,0,1,1,1,6,1,9.89011,0.84976,0.03007,11.11011,-0.00677,0.28831,0.16843,0.30336,0.31168,1.00000,0.47125,11,0,no_path,a0:visible_collision:87;a1:force_limit:44;a2:fixture_snag:57;a3:unstable_slip:120;a4:visible_collision:97;a5:no_path
5,11123,combined_abort_stress_5_11123_0,combined_abort_stress,particle_constraint_belief,0.55,0.12,0,1,1,1,6,0,9.39428,0.84976,0.03166,10.71428,-0.02538,0.39630,0.24712,0.17720,0.21600,0.28474,0.32438,11,0,fixture_snag,a0:visible_collision:87;a1:force_limit:40;a2:human_stop:104;a3:fixture_snag:38;a4:human_stop:76;a5:fixture_snag:38
5,11123,combined_abort_stress_5_11123_0,combined_abort_stress,abort_constraint_discovery_v5,0.55,0.12,0,0,0,0,1,1,0.00000,0.84976,0.00000,0.12000,1.00000,0.45552,0.29493,0.15473,0.15324,1.00000,0.20250,11,0,no_path,a0:no_path
5,11123,combined_abort_stress_5_11123_0,combined_abort_stress,oracle_constraints,0.55,0.12,1,1,0,1,2,0,4.40285,0.84976,0.19300,4.68285,0.01774,1.00000,1.00000,0.02277,0.07398,0.02725,0.14875,11,0,none,a0:visible_collision:77;a1:none:98
5,11124,combined_abort_stress_5_11124_0,combined_abort_stress,constraint_classifier,0.55,0.12,1,0,0,0,1,0,1.72073,0.85129,0.49473,1.72073,0.01057,0.39122,0.24318,0.14346,0.14172,0.14735,0.21375,11,0,none,a0:none:84
5,11124,combined_abort_stress_5_11124_0,combined_abort_stress,risk_filter_uncertainty,0.55,0.12,1,0,0,0,1,0,1.93813,0.85129,0.43923,1.93813,0.01384,0.37688,0.23220,0.10812,0.07595,0.10914,0.12062,11,0,none,a0:none:84
5,11124,combined_abort_stress_5_11124_0,combined_abort_stress,robust_barrier_mpc,0.55,0.12,1,0,0,0,1,0,1.94723,0.85129,0.43718,1.94723,0.01173,0.41379,0.26087,0.13120,0.13801,0.11263,0.21625,11,0,none,a0:none:84
5,11124,combined_abort_stress_5_11124_0,combined_abort_stress,conformal_abort_risk_filter,0.55,0.12,1,0,0,0,1,0,2.02358,0.85129,0.42069,2.02358,0.01823,0.39295,0.24451,0.11135,0.07973,0.10902,0.12000,11,0,none,a0:none:84
5,11124,combined_abort_stress_5_11124_0,combined_abort_stress,kernel_trace_constraint_classifier,0.55,0.12,1,0,0,0,1,0,2.14095,0.85129,0.39762,2.14095,0.00821,0.31614,0.18775,0.17988,0.17186,0.09429,0.24750,11,0,none,a0:none:84
5,11124,combined_abort_stress_5_11124_0,combined_abort_stress,particle_constraint_belief,0.55,0.12,1,0,0,0,1,0,2.02724,0.85129,0.41992,2.02724,0.01251,0.39425,0.24552,0.12794,0.12660,0.10496,0.17625,11,0,none,a0:none:84
5,11124,combined_abort_stress_5_11124_0,combined_abort_stress,abort_constraint_discovery_v5,0.55,0.12,0,1,1,1,3,1,4.68698,0.85129,0.06357,5.24698,-0.02040,0.46875,0.30612,0.14967,0.16457,1.00000,0.23187,11,0,no_path,a0:visible_collision:103;a1:collision_margin:88;a2:no_path
5,11124,combined_abort_stress_5_11124_0,combined_abort_stress,oracle_constraints,0.55,0.12,1,0,0,0,1,0,1.96913,0.85129,0.43232,1.96913,0.01448,1.00000,1.00000,0.02113,0.06930,0.01955,0.12812,11,0,none,a0:none:84
5,11125,combined_abort_stress_5_11125_0,combined_abort_stress,constraint_classifier,0.55,0.12,1,0,0,0,1,0,1.99507,0.83607,0.41907,1.99507,0.03436,0.52763,0.35835,0.11123,0.15670,0.15564,0.23500,11,0,none,a0:none:84
5,11125,combined_abort_stress_5_11125_0,combined_abort_stress,risk_filter_uncertainty,0.55,0.12,1,1,1,1,4,0,4.75605,0.83607,0.17579,5.59605,-0.02076,0.51494,0.34675,0.08930,0.10296,0.23238,0.15625,11,0,none,a0:visible_collision:37;a1:force_limit:39;a2:collision_margin:34;a3:none:82
5,11125,combined_abort_stress_5_11125_0,combined_abort_stress,robust_barrier_mpc,0.55,0.12,1,0,0,0,1,0,2.20696,0.83607,0.37884,2.20696,0.03412,0.56711,0.39578,0.09320,0.10945,0.15706,0.21500,11,0,none,a0:none:85
5,11125,combined_abort_stress_5_11125_0,combined_abort_stress,conformal_abort_risk_filter,0.55,0.12,1,0,0,0,1,0,2.03510,0.83607,0.41083,2.03510,0.04535,0.53634,0.36644,0.08140,0.08142,0.11124,0.13375,11,0,none,a0:none:84
5,11125,combined_abort_stress_5_11125_0,combined_abort_stress,kernel_trace_constraint_classifier,0.55,0.12,0,1,1,1,5,1,7.66583,0.83607,0.03817,8.66583,-0.00781,0.33993,0.20477,0.24681,0.28975,1.00000,0.42125,11,0,no_path,a0:visible_collision:54;a1:force_limit:55;a2:visible_collision:115;a3:fixture_snag:89;a4:no_path
5,11125,combined_abort_stress_5_11125_0,combined_abort_stress,particle_constraint_belief,0.55,0.12,1,0,0,0,1,0,1.93002,0.83607,0.43319,1.93002,0.04948,0.56033,0.38920,0.09211,0.11757,0.13252,0.19000,11,0,none,a0:none:85
5,11125,combined_abort_stress_5_11125_0,combined_abort_stress,abort_constraint_discovery_v5,0.55,0.12,0,0,0,0,1,1,0.00000,0.83607,0.00000,0.12000,1.00000,0.57848,0.40695,0.11472,0.14731,1.00000,0.23875,11,0,no_path,a0:no_path
5,11125,combined_abort_stress_5_11125_0,combined_abort_stress,oracle_constraints,0.55,0.12,1,0,0,0,1,0,1.96803,0.83607,0.42483,1.96803,0.03685,1.00000,1.00000,0.01848,0.06190,0.00814,0.11563,11,0,none,a0:none:82
5,11126,combined_abort_stress_5_11126_0,combined_abort_stress,constraint_classifier,0.55,0.12,1,0,0,0,1,0,1.95259,0.85021,0.43543,1.95259,0.01785,0.41426,0.26124,0.14182,0.15868,0.17520,0.24563,11,0,none,a0:none:86
5,11126,combined_abort_stress_5_11126_0,combined_abort_stress,risk_filter_uncertainty,0.55,0.12,1,0,0,0,1,0,2.14903,0.85021,0.39562,2.14903,0.01657,0.45221,0.29217,0.10328,0.09489,0.12735,0.14563,11,0,none,a0:none:85
5,11126,combined_abort_stress_5_11126_0,combined_abort_stress,robust_barrier_mpc,0.55,0.12,1,0,0,0,1,0,1.98155,0.85021,0.42906,1.98155,0.02914,0.40072,0.25056,0.12993,0.12835,0.14419,0.22687,11,0,none,a0:none:87
5,11126,combined_abort_stress_5_11126_0,combined_abort_stress,conformal_abort_risk_filter,0.55,0.12,1,0,0,0,1,0,2.04703,0.85021,0.41534,2.04703,0.02239,0.41204,0.25948,0.10279,0.08230,0.12933,0.14750,11,0,none,a0:none:86
5,11126,combined_abort_stress_5_11126_0,combined_abort_stress,kernel_trace_constraint_classifier,0.55,0.12,1,0,0,0,1,0,2.16297,0.85021,0.39307,2.16297,0.01857,0.34985,0.21201,0.19275,0.19224,0.12566,0.30625,11,0,none,a0:none:88
5,11126,combined_abort_stress_5_11126_0,combined_abort_stress,particle_constraint_belief,0.55,0.12,1,0,0,0,1,0,2.14347,0.85021,0.39665,2.14347,0.01950,0.41210,0.25952,0.12328,0.12064,0.14208,0.20813,11,0,none,a0:none:86
5,11126,combined_abort_stress_5_11126_0,combined_abort_stress,abort_constraint_discovery_v5,0.55,0.12,1,0,0,0,1,0,4.60583,0.85021,0.18459,4.60583,0.04199,0.49923,0.33265,0.14826,0.21033,0.06935,0.28563,11,0,none,a0:none:120
5,11126,combined_abort_stress_5_11126_0,combined_abort_stress,oracle_constraints,0.55,0.12,1,0,0,0,1,0,2.19551,0.85021,0.38725,2.19551,0.00392,1.00000,1.00000,0.01789,0.06018,0.02014,0.12250,11,0,none,a0:none:85
5,11127,combined_abort_stress_5_11127_0,combined_abort_stress,constraint_classifier,0.55,0.12,0,1,1,1,6,0,4.68139,0.83369,0.06233,6.00139,-0.02158,0.45342,0.29317,0.15641,0.18208,0.35317,0.26875,11,0,force_limit,a0:visible_collision:22;a1:collision_margin:34;a2:visible_collision:37;a3:collision_margin:36;a4:collision_margin:35;a5:force_limit:35
5,11127,combined_abort_stress_5_11127_0,combined_abort_stress,risk_filter_uncertainty,0.55,0.12,1,1,0,1,2,0,2.84962,0.83369,0.29256,3.12962,-0.00916,0.46501,0.30294,0.10574,0.08778,0.16551,0.14313,11,0,none,a0:collision_margin:38;a1:none:87
5,11127,combined_abort_stress_5_11127_0,combined_abort_stress,robust_barrier_mpc,0.55,0.12,1,0,0,0,1,0,1.97368,0.83369,0.42241,1.97368,0.01839,0.41993,0.26577,0.13547,0.13719,0.19425,0.21750,11,0,none,a0:none:91
5,11127,combined_abort_stress_5_11127_0,combined_abort_stress,conformal_abort_risk_filter,0.55,0.12,1,1,1,1,3,0,3.52000,0.83369,0.23684,4.08000,-0.02829,0.46575,0.30357,0.10503,0.08974,0.19553,0.14000,11,0,none,a0:visible_collision:21;a1:collision_margin:35;a2:none:83
5,11127,combined_abort_stress_5_11127_0,combined_abort_stress,kernel_trace_constraint_classifier,0.55,0.12,1,0,0,0,1,0,2.34444,0.83369,0.35560,2.34444,0.03074,0.34462,0.20818,0.17885,0.17492,0.20875,0.27250,11,0,none,a0:none:94
5,11127,combined_abort_stress_5_11127_0,combined_abort_stress,particle_constraint_belief,0.55,0.12,1,0,0,0,1,0,2.00117,0.83369,0.41660,2.00117,0.02851,0.42772,0.27204,0.12659,0.12793,0.19081,0.18188,11,0,none,a0:none:85
5,11127,combined_abort_stress_5_11127_0,combined_abort_stress,abort_constraint_discovery_v5,0.55,0.12,1,0,0,0,1,0,2.03584,0.83369,0.40951,2.03584,0.04433,0.41739,0.26374,0.17658,0.24016,0.16153,0.29750,11,0,none,a0:none:86
5,11127,combined_abort_stress_5_11127_0,combined_abort_stress,oracle_constraints,0.55,0.12,1,0,0,0,1,0,2.01361,0.83369,0.41403,2.01361,0.03044,1.00000,1.00000,0.02171,0.07361,0.00792,0.13375,11,0,none,a0:none:83
6,11120,combined_abort_stress_6_11120_0,combined_abort_stress,constraint_classifier,0.55,0.12,0,1,1,1,6,0,4.81413,0.84951,0.06176,6.13413,-0.01449,0.43678,0.27941,0.15350,0.20470,0.36130,0.31062,11,0,visible_collision,a0:visible_collision:24;a1:collision_margin:52;a2:collision_margin:32;a3:visible_collision:19;a4:collision_margin:50;a5:visible_collision:20
6,11120,combined_abort_stress_6_11120_0,combined_abort_stress,risk_filter_uncertainty,0.55,0.12,1,1,1,1,4,0,4.67937,0.84951,0.18154,5.51937,-0.01187,0.45022,0.29050,0.10654,0.10479,0.16902,0.16437,11,0,none,a0:collision_margin:42;a1:visible_collision:23;a2:collision_margin:33;a3:none:95
6,11120,combined_abort_stress_6_11120_0,combined_abort_stress,robust_barrier_mpc,0.55,0.12,1,1,0,1,2,0,4.26593,0.84951,0.19914,4.54593,-0.01882,0.39255,0.24421,0.13563,0.13526,0.16588,0.24500,11,0,none,a0:collision_margin:56;a1:none:106
6,11120,combined_abort_stress_6_11120_0,combined_abort_stress,conformal_abort_risk_filter,0.55,0.12,0,1,1,1,6,0,4.12189,0.84951,0.07213,5.44189,-0.01768,0.44017,0.28219,0.11049,0.10942,0.24943,0.16812,11,0,force_limit,a0:visible_collision:23;a1:collision_margin:53;a2:collision_margin:32;a3:force_limit:30;a4:force_limit:20;a5:force_limit:19
6,11120,combined_abort_stress_6_11120_0,combined_abort_stress,kernel_trace_constraint_classifier,0.55,0.12,1,1,1,1,4,0,6.25329,0.84951,0.13585,7.09329,-0.01197,0.32902,0.19690,0.21790,0.23305,0.12960,0.35813,11,0,none,a0:collision_margin:61;a1:visible_collision:27;a2:collision_margin:33;a3:none:120
6,11120,combined_abort_stress_6_11120_0,combined_abort_stress,particle_constraint_belief,0.55,0.12,1,1,1,1,4,0,6.31782,0.84951,0.13446,7.15782,-0.01886,0.41885,0.26490,0.13338,0.14404,0.12752,0.23375,11,0,none,a0:collision_margin:54;a1:visible_collision:23;a2:unstable_slip:33;a3:none:120
6,11120,combined_abort_stress_6_11120_0,combined_abort_stress,abort_constraint_discovery_v5,0.55,0.12,0,1,0,1,2,1,0.70838,0.84951,0.41973,1.04838,-0.00831,0.46844,0.30586,0.17583,0.25004,1.00000,0.32125,11,0,no_path,a0:force_limit:35;a1:no_path
6,11120,combined_abort_stress_6_11120_0,combined_abort_stress,oracle_constraints,0.55,0.12,1,0,0,0,1,0,2.22084,0.84951,0.38252,2.22084,0.02349,1.00000,1.00000,0.01777,0.06056,0.01749,0.12437,11,0,none,a0:none:90
6,11121,combined_abort_stress_6_11121_0,combined_abort_stress,constraint_classifier,0.55,0.12,1,0,0,0,1,0,2.33027,0.84564,0.36289,2.33027,0.01287,0.33278,0.19960,0.17496,0.16925,0.19541,0.23062,11,0,none,a0:none:92
6,11121,combined_abort_stress_6_11121_0,combined_abort_stress,risk_filter_uncertainty,0.55,0.12,0,1,1,1,6,0,7.25200,0.84564,0.04081,8.57200,-0.01927,0.36508,0.22330,0.13457,0.10520,0.20909,0.17000,11,0,fixture_snag,a0:human_stop:35;a1:visible_collision:56;a2:human_stop:55;a3:human_stop:44;a4:collision_margin:55;a5:fixture_snag:47
6,11121,combined_abort_stress_6_11121_0,combined_abort_stress,robust_barrier_mpc,0.55,0.12,1,0,0,0,1,0,2.62654,0.84564,0.32196,2.62654,0.02276,0.32258,0.19231,0.16326,0.16795,0.08209,0.20375,11,0,none,a0:none:112
6,11121,combined_abort_stress_6_11121_0,combined_abort_stress,conformal_abort_risk_filter,0.55,0.12,1,0,0,0,1,0,2.40112,0.84564,0.35219,2.40112,0.02245,0.27714,0.16086,0.13641,0.10805,0.13215,0.12562,11,0,none,a0:none:92
6,11121,combined_abort_stress_6_11121_0,combined_abort_stress,kernel_trace_constraint_classifier,0.55,0.12,1,0,0,0,1,0,2.31478,0.84564,0.36532,2.31478,0.02966,0.25844,0.14840,0.22825,0.21816,0.18501,0.28063,11,0,none,a0:none:101
6,11121,combined_abort_stress_6_11121_0,combined_abort_stress,particle_constraint_belief,0.55,0.12,1,0,0,0,1,0,2.52447,0.84564,0.33498,2.52447,0.02969,0.29907,0.17582,0.15885,0.15074,0.11940,0.18937,11,0,none,a0:none:104
6,11121,combined_abort_stress_6_11121_0,combined_abort_stress,abort_constraint_discovery_v5,0.55,0.12,1,0,0,0,1,0,2.25804,0.84564,0.37450,2.25804,0.03318,0.33068,0.19809,0.16641,0.14862,0.06773,0.16875,11,0,none,a0:none:96
6,11121,combined_abort_stress_6_11121_0,combined_abort_stress,oracle_constraints,0.55,0.12,1,0,0,0,1,0,1.98450,0.84564,0.42612,1.98450,0.03834,1.00000,1.00000,0.02399,0.08043,0.01561,0.14500,11,0,none,a0:none:91
6,11122,combined_abort_stress_6_11122_0,combined_abort_stress,constraint_classifier,0.55,0.12,0,1,1,1,6,0,7.49661,0.85573,0.03995,8.81661,-0.01318,0.41615,0.26275,0.15114,0.22300,0.31931,0.30000,11,0,collision_margin,a0:fixture_snag:57;a1:fixture_snag:51;a2:collision_margin:41;a3:force_limit:48;a4:unstable_slip:40;a5:collision_margin:45
6,11122,combined_abort_stress_6_11122_0,combined_abort_stress,risk_filter_uncertainty,0.55,0.12,1,1,1,1,4,0,6.47795,0.85573,0.13210,7.31795,-0.02494,0.52278,0.35390,0.08849,0.12590,0.11277,0.15812,11,0,none,a0:fixture_snag:48;a1:collision_margin:47;a2:human_stop:38;a3:none:114
6,11122,combined_abort_stress_6_11122_0,combined_abort_stress,robust_barrier_mpc,0.55,0.12,1,0,0,0,1,0,2.64720,0.85573,0.32326,2.64720,0.01099,0.41729,0.26366,0.12160,0.15018,0.03907,0.23000,11,0,none,a0:none:117
6,11122,combined_abort_stress_6_11122_0,combined_abort_stress,conformal_abort_risk_filter,0.55,0.12,0,1,1,1,6,0,6.95746,0.85573,0.04305,8.27746,-0.02075,0.48802,0.32277,0.09989,0.14165,0.22999,0.18438,11,0,collision_margin,a0:fixture_snag:58;a1:fixture_snag:49;a2:collision_margin:44;a3:fixture_snag:46;a4:collision_margin:42;a5:collision_margin:44
6,11122,combined_abort_stress_6_11122_0,combined_abort_stress,kernel_trace_constraint_classifier,0.55,0.12,1,1,1,1,5,0,8.12425,0.85573,0.10533,9.24425,-0.00534,0.32216,0.19201,0.22789,0.27596,0.17377,0.38250,11,0,none,a0:fixture_snag:54;a1:fixture_snag:54;a2:collision_margin:43;a3:visible_collision:34;a4:none:120
6,11122,combined_abort_stress_6_11122_0,combined_abort_stress,particle_constraint_belief,0.55,0.12,1,0,0,0,1,0,2.72871,0.85573,0.31360,2.72871,0.02597,0.43265,0.27604,0.11109,0.14256,0.03613,0.20375,11,0,none,a0:none:116
6,11122,combined_abort_stress_6_11122_0,combined_abort_stress,abort_constraint_discovery_v5,0.55,0.12,1,0,0,0,1,0,2.65820,0.85573,0.32192,2.65820,0.01405,0.49320,0.32731,0.13489,0.21629,0.16284,0.26500,11,0,none,a0:none:120
6,11122,combined_abort_stress_6_11122_0,combined_abort_stress,oracle_constraints,0.55,0.12,0,1,1,1,6,0,9.43798,0.85573,0.03173,10.75798,0.00152,1.00000,1.00000,0.01642,0.05513,0.03969,0.10250,11,0,visible_collision,a0:visible_collision:61;a1:visible_collision:58;a2:visible_collision:68;a3:visible_collision:57;a4:visible_collision:59;a5:visible_collision:57
6,11123,combined_abort_stress_6_11123_0,combined_abort_stress,constraint_classifier,0.55,0.12,1,1,1,1,3,0,4.77600,0.84676,0.17730,5.33600,-0.02510,0.27298,0.15806,0.21220,0.24017,0.27560,0.29938,11,0,none,a0:visible_collision:41;a1:collision_margin:47;a2:none:91
6,11123,combined_abort_stress_6_11123_0,combined_abort_stress,risk_filter_uncertainty,0.55,0.12,1,1,1,1,5,0,5.97465,0.84676,0.14173,7.09465,-0.00982,0.28958,0.16930,0.15774,0.13545,0.22313,0.17438,11,0,none,a0:visible_collision:42;a1:collision_margin:36;a2:fixture_snag:50;a3:visible_collision:33;a4:none:85
6,11123,combined_abort_stress_6_11123_0,combined_abort_stress,robust_barrier_mpc,0.55,0.12,1,0,0,0,1,0,2.15679,0.84676,0.39260,2.15679,0.03533,0.30650,0.18099,0.18749,0.21829,0.12177,0.25438,11,0,none,a0:none:88
6,11123,combined_abort_stress_6_11123_0,combined_abort_stress,conformal_abort_risk_filter,0.55,0.12,1,0,0,0,1,0,1.95290,0.84676,0.43359,1.95290,0.03296,0.31416,0.18635,0.15079,0.16142,0.11336,0.13312,11,0,none,a0:none:87
6,11123,combined_abort_stress_6_11123_0,combined_abort_stress,kernel_trace_constraint_classifier,0.55,0.12,1,0,0,0,1,0,2.29905,0.84676,0.36831,2.29905,0.04120,0.24829,0.14174,0.24946,0.28114,0.10308,0.30875,11,0,none,a0:none:92
6,11123,combined_abort_stress_6_11123_0,combined_abort_stress,particle_constraint_belief,0.55,0.12,1,0,0,0,1,0,1.96125,0.84676,0.43175,1.96125,0.03850,0.29966,0.17624,0.17729,0.20482,0.11994,0.22187,11,0,none,a0:none:88
6,11123,combined_abort_stress_6_11123_0,combined_abort_stress,abort_constraint_discovery_v5,0.55,0.12,0,0,0,0,1,1,0.00000,0.84676,0.00000,0.12000,1.00000,0.33898,0.20408,0.19609,0.19889,1.00000,0.21937,11,0,no_path,a0:no_path
6,11123,combined_abort_stress_6_11123_0,combined_abort_stress,oracle_constraints,0.55,0.12,1,0,0,0,1,0,1.91197,0.84676,0.44287,1.91197,0.04798,1.00000,1.00000,0.02435,0.07928,0.00812,0.14938,11,0,none,a0:none:85
6,11124,combined_abort_stress_6_11124_0,combined_abort_stress,constraint_classifier,0.55,0.12,1,0,0,0,1,0,2.24222,0.85026,0.37920,2.24222,0.02924,0.19481,0.10791,0.20677,0.21268,0.19694,0.23688,11,0,none,a0:none:94
6,11124,combined_abort_stress_6_11124_0,combined_abort_stress,risk_filter_uncertainty,0.55,0.12,1,1,1,0,3,0,4.36449,0.85026,0.19481,4.92449,-0.00585,0.33797,0.20335,0.14412,0.14588,0.13631,0.16625,11,0,none,a0:collision_margin:47;a1:collision_margin:38;a2:none:96
6,11124,combined_abort_stress_6_11124_0,combined_abort_stress,robust_barrier_mpc,0.55,0.12,1,0,0,0,1,0,2.51989,0.85026,0.33742,2.51989,0.02828,0.21746,0.12200,0.19242,0.20437,0.14843,0.23125,11,0,none,a0:none:104
6,11124,combined_abort_stress_6_11124_0,combined_abort_stress,conformal_abort_risk_filter,0.55,0.12,1,0,0,0,1,0,2.19295,0.85026,0.38772,2.19295,0.02823,0.20569,0.11463,0.16285,0.16462,0.13647,0.13750,11,0,none,a0:none:94
6,11124,combined_abort_stress_6_11124_0,combined_abort_stress,kernel_trace_constraint_classifier,0.55,0.12,1,0,0,0,1,0,2.48460,0.85026,0.34221,2.48460,0.01647,0.17452,0.09560,0.25529,0.26725,0.14326,0.30312,11,0,none,a0:none:106
6,11124,combined_abort_stress_6_11124_0,combined_abort_stress,particle_constraint_belief,0.55,0.12,1,0,0,0,1,0,2.44467,0.85026,0.34780,2.44467,0.03313,0.21314,0.11928,0.18266,0.18438,0.12351,0.20375,11,0,none,a0:none:104
6,11124,combined_abort_stress_6_11124_0,combined_abort_stress,abort_constraint_discovery_v5,0.55,0.12,0,1,1,1,3,1,1.80271,0.85026,0.16508,2.36271,-0.01799,0.33284,0.19964,0.20435,0.20053,1.00000,0.27250,11,0,no_path,a0:collision_margin:36;a1:human_stop:30;a2:no_path
6,11124,combined_abort_stress_6_11124_0,combined_abort_stress,oracle_constraints,0.55,0.12,1,0,0,0,1,0,1.99994,0.85026,0.42514,1.99994,0.03518,1.00000,1.00000,0.02450,0.08030,0.00815,0.14813,11,0,none,a0:none:90
6,11125,combined_abort_stress_6_11125_0,combined_abort_stress,constraint_classifier,0.55,0.12,1,0,0,0,1,0,2.37952,0.84525,0.35522,2.37952,0.02070,0.34799,0.21065,0.15108,0.15565,0.10360,0.20938,11,0,none,a0:none:101
6,11125,combined_abort_stress_6_11125_0,combined_abort_stress,risk_filter_uncertainty,0.55,0.12,1,1,1,1,3,0,3.94346,0.84525,0.21434,4.50346,-0.02177,0.39189,0.24370,0.11631,0.12239,0.22559,0.16000,11,0,none,a0:fixture_snag:42;a1:collision_margin:43;a2:none:74
6,11125,combined_abort_stress_6_11125_0,combined_abort_stress,robust_barrier_mpc,0.55,0.12,1,0,0,0,1,0,2.49494,0.84525,0.33879,2.49494,0.01937,0.33333,0.20000,0.14580,0.16203,0.08853,0.21250,11,0,none,a0:none:101
6,11125,combined_abort_stress_6_11125_0,combined_abort_stress,conformal_abort_risk_filter,0.55,0.12,1,0,0,0,1,0,2.24409,0.84525,0.37666,2.24409,0.00943,0.35422,0.21523,0.11195,0.10178,0.07950,0.11188,11,0,none,a0:none:101
6,11125,combined_abort_stress_6_11125_0,combined_abort_stress,kernel_trace_constraint_classifier,0.55,0.12,1,0,0,0,1,0,2.48771,0.84525,0.33977,2.48771,0.01346,0.27018,0.15619,0.19444,0.20200,0.07085,0.26188,11,0,none,a0:none:102
6,11125,combined_abort_stress_6_11125_0,combined_abort_stress,particle_constraint_belief,0.55,0.12,1,0,0,0,1,0,2.50050,0.84525,0.33803,2.50050,0.00757,0.32548,0.19437,0.13402,0.13822,0.07405,0.17438,11,0,none,a0:none:103
6,11125,combined_abort_stress_6_11125_0,combined_abort_stress,abort_constraint_discovery_v5,0.55,0.12,0,0,0,0,1,1,0.00000,0.84525,0.00000,0.12000,1.00000,0.36499,0.22323,0.16609,0.17533,1.00000,0.21813,11,0,no_path,a0:no_path
6,11125,combined_abort_stress_6_11125_0,combined_abort_stress,oracle_constraints,0.55,0.12,0,1,1,1,6,0,8.57670,0.84525,0.03449,9.89670,0.01859,1.00000,1.00000,0.01970,0.06479,0.03528,0.11750,11,0,visible_collision,a0:visible_collision:53;a1:visible_collision:55;a2:visible_collision:60;a3:visible_collision:60;a4:visible_collision:54;a5:visible_collision:51
6,11126,combined_abort_stress_6_11126_0,combined_abort_stress,constraint_classifier,0.55,0.12,1,0,0,0,1,0,2.61113,0.84350,0.32304,2.61113,0.01595,0.37906,0.23385,0.13542,0.12579,0.12176,0.21563,11,0,none,a0:none:104
6,11126,combined_abort_stress_6_11126_0,combined_abort_stress,risk_filter_uncertainty,0.55,0.12,1,1,1,1,3,0,3.96303,0.84350,0.21284,4.52303,-0.00434,0.43678,0.27941,0.10697,0.08434,0.19149,0.14125,11,0,none,a0:force_limit:35;a1:fixture_snag:50;a2:none:78
6,11126,combined_abort_stress_6_11126_0,combined_abort_stress,robust_barrier_mpc,0.55,0.12,1,0,0,0,1,0,2.63873,0.84350,0.31966,2.63873,0.02660,0.39238,0.24408,0.12277,0.10004,0.09416,0.19750,11,0,none,a0:none:106
6,11126,combined_abort_stress_6_11126_0,combined_abort_stress,conformal_abort_risk_filter,0.55,0.12,1,0,0,0,1,0,2.59049,0.84350,0.32561,2.59049,0.00821,0.37150,0.22812,0.10676,0.07185,0.09541,0.11500,11,0,none,a0:none:105
6,11126,combined_abort_stress_6_11126_0,combined_abort_stress,kernel_trace_constraint_classifier,0.55,0.12,1,0,0,0,1,0,2.71357,0.84350,0.31084,2.71357,0.01439,0.29916,0.17589,0.17892,0.15684,0.07951,0.24125,11,0,none,a0:none:108
6,11126,combined_abort_stress_6_11126_0,combined_abort_stress,particle_constraint_belief,0.55,0.12,1,0,0,0,1,0,2.68489,0.84350,0.31417,2.68489,0.00547,0.36515,0.22335,0.12117,0.08955,0.09020,0.17062,11,0,none,a0:none:108
6,11126,combined_abort_stress_6_11126_0,combined_abort_stress,abort_constraint_discovery_v5,0.55,0.12,1,0,0,0,1,0,4.00028,0.84350,0.21086,4.00028,0.02794,0.45249,0.29240,0.15490,0.18298,0.22163,0.28375,11,0,none,a0:none:120
6,11126,combined_abort_stress_6_11126_0,combined_abort_stress,oracle_constraints,0.55,0.12,1,1,1,1,3,0,4.76865,0.84350,0.17688,5.32865,0.02672,1.00000,1.00000,0.01795,0.06125,0.01016,0.13062,11,0,none,a0:visible_collision:57;a1:visible_collision:54;a2:none:78
6,11127,combined_abort_stress_6_11127_0,combined_abort_stress,constraint_classifier,0.55,0.12,1,0,0,0,1,0,1.89102,0.85455,0.45190,1.89102,0.01723,0.28188,0.16406,0.17577,0.16187,0.20422,0.22437,11,0,none,a0:none:83
6,11127,combined_abort_stress_6_11127_0,combined_abort_stress,risk_filter_uncertainty,0.55,0.12,1,0,0,0,1,0,1.88086,0.85455,0.45434,1.88086,0.01904,0.29885,0.17568,0.13278,0.13256,0.14206,0.12375,11,0,none,a0:none:84
6,11127,combined_abort_stress_6_11127_0,combined_abort_stress,robust_barrier_mpc,0.55,0.12,1,0,0,0,1,0,1.93210,0.85455,0.44229,1.93210,0.01987,0.27742,0.16105,0.17177,0.16713,0.21859,0.23938,11,0,none,a0:none:86
6,11127,combined_abort_stress_6_11127_0,combined_abort_stress,conformal_abort_risk_filter,0.55,0.12,1,0,0,0,1,0,1.84741,0.85455,0.46257,1.84741,0.01348,0.27014,0.15616,0.13913,0.10675,0.14425,0.11563,11,0,none,a0:none:83
6,11127,combined_abort_stress_6_11127_0,combined_abort_stress,kernel_trace_constraint_classifier,0.55,0.12,1,0,0,0,1,0,1.97374,0.85455,0.43296,1.97374,0.01447,0.23358,0.13223,0.21563,0.21672,0.20223,0.28000,11,0,none,a0:none:86
6,11127,combined_abort_stress_6_11127_0,combined_abort_stress,particle_constraint_belief,0.55,0.12,1,0,0,0,1,0,1.92425,0.85455,0.44409,1.92425,0.01440,0.29050,0.16993,0.15899,0.14580,0.18538,0.18750,11,0,none,a0:none:85
6,11127,combined_abort_stress_6_11127_0,combined_abort_stress,abort_constraint_discovery_v5,0.55,0.12,0,1,1,1,3,1,1.72518,0.85455,0.17337,2.28518,-0.00864,0.46505,0.30298,0.18240,0.19659,1.00000,0.31688,11,0,no_path,a0:collision_margin:33;a1:collision_margin:38;a2:no_path
6,11127,combined_abort_stress_6_11127_0,combined_abort_stress,oracle_constraints,0.55,0.12,1,1,0,1,2,0,3.34135,0.85455,0.25575,3.62135,0.02785,1.00000,1.00000,0.02425,0.07888,0.02448,0.14813,11,0,none,a0:visible_collision:50;a1:none:84
7,11120,combined_abort_stress_7_11120_0,combined_abort_stress,constraint_classifier,0.55,0.12,0,1,1,1,6,0,5.51284,0.84362,0.05356,6.83284,-0.02675,0.47147,0.30845,0.14356,0.17837,0.26897,0.27687,11,0,fixture_snag,a0:fixture_snag:49;a1:fixture_snag:44;a2:fixture_snag:31;a3:fixture_snag:31;a4:fixture_snag:29;a5:fixture_snag:42
7,11120,combined_abort_stress_7_11120_0,combined_abort_stress,risk_filter_uncertainty,0.55,0.12,0,1,1,1,6,0,6.20439,0.84362,0.04759,7.52439,-0.01881,0.45041,0.29067,0.10917,0.08885,0.12716,0.16312,11,0,visible_collision,a0:fixture_snag:43;a1:fixture_snag:30;a2:fixture_snag:32;a3:visible_collision:31;a4:force_limit:29;a5:visible_collision:87
7,11120,combined_abort_stress_7_11120_0,combined_abort_stress,robust_barrier_mpc,0.55,0.12,1,0,0,0,1,0,2.93413,0.84362,0.28752,2.93413,0.00791,0.45754,0.29663,0.12262,0.09961,0.04158,0.22125,11,0,none,a0:none:116
7,11120,combined_abort_stress_7_11120_0,combined_abort_stress,conformal_abort_risk_filter,0.55,0.12,0,1,1,1,6,0,6.75283,0.84362,0.04372,8.07283,-0.02587,0.46278,0.30105,0.11711,0.11352,0.23533,0.17125,11,0,fixture_snag,a0:visible_collision:86;a1:fixture_snag:56;a2:fixture_snag:30;a3:fixture_snag:32;a4:fixture_snag:29;a5:fixture_snag:31
7,11120,combined_abort_stress_7_11120_0,combined_abort_stress,kernel_trace_constraint_classifier,0.55,0.12,0,1,1,1,5,1,5.78050,0.84362,0.05108,6.78050,-0.00488,0.41121,0.25882,0.21280,0.24431,1.00000,0.39563,11,0,no_path,a0:fixture_snag:51;a1:fixture_snag:44;a2:force_limit:44;a3:visible_collision:93;a4:no_path
7,11120,combined_abort_stress_7_11120_0,combined_abort_stress,particle_constraint_belief,0.55,0.12,1,0,0,0,1,0,2.93790,0.84362,0.28715,2.93790,0.01280,0.47036,0.30750,0.11268,0.09986,0.04009,0.18750,11,0,none,a0:none:116
7,11120,combined_abort_stress_7_11120_0,combined_abort_stress,abort_constraint_discovery_v5,0.55,0.12,1,0,0,0,1,0,3.12493,0.84362,0.26996,3.12493,0.00257,0.47887,0.31481,0.16487,0.21032,0.13239,0.30438,11,0,none,a0:none:119
7,11120,combined_abort_stress_7_11120_0,combined_abort_stress,oracle_constraints,0.55,0.12,1,1,1,1,3,0,6.97234,0.84362,0.12100,7.53234,0.02214,1.00000,1.00000,0.02099,0.06774,0.01775,0.13937,11,0,none,a0:visible_collision:83;a1:visible_collision:82;a2:none:108
7,11121,combined_abort_stress_7_11121_0,combined_abort_stress,constraint_classifier,0.55,0.12,1,1,1,1,5,0,8.86584,0.84344,0.09513,9.98584,-0.02178,0.39226,0.24398,0.17939,0.21679,0.14996,0.34687,11,0,none,a0:visible_collision:88;a1:fixture_snag:56;a2:force_limit:43;a3:fixture_snag:51;a4:none:120
7,11121,combined_abort_stress_7_11121_0,combined_abort_stress,risk_filter_uncertainty,0.55,0.12,0,1,1,1,6,0,6.75822,0.84344,0.04368,8.07822,-0.02051,0.55000,0.37931,0.10275,0.10538,0.22197,0.18750,11,0,fixture_snag,a0:fixture_snag:45;a1:collision_margin:46;a2:force_limit:46;a3:fixture_snag:42;a4:collision_margin:43;a5:fixture_snag:40
7,11121,combined_abort_stress_7_11121_0,combined_abort_stress,robust_barrier_mpc,0.55,0.12,1,0,0,0,1,0,3.24405,0.84344,0.26000,3.24405,0.02908,0.46333,0.30152,0.12741,0.13338,0.04876,0.23750,11,0,none,a0:none:120
7,11121,combined_abort_stress_7_11121_0,combined_abort_stress,conformal_abort_risk_filter,0.55,0.12,1,0,0,0,1,0,3.22788,0.84344,0.26130,3.22788,0.02089,0.54222,0.37195,0.10438,0.07249,0.06433,0.14375,11,0,none,a0:none:120
7,11121,combined_abort_stress_7_11121_0,combined_abort_stress,kernel_trace_constraint_classifier,0.55,0.12,1,1,1,1,5,0,9.68494,0.84344,0.08709,10.80494,-0.03043,0.31922,0.18992,0.27165,0.30105,0.29500,0.43812,11,0,none,a0:visible_collision:84;a1:fixture_snag:51;a2:visible_collision:92;a3:fixture_snag:50;a4:none:120
7,11121,combined_abort_stress_7_11121_0,combined_abort_stress,particle_constraint_belief,0.55,0.12,1,0,0,0,1,0,3.03617,0.84344,0.27780,3.03617,0.01549,0.46235,0.30068,0.12073,0.11694,0.05039,0.21937,11,0,none,a0:none:120
7,11121,combined_abort_stress_7_11121_0,combined_abort_stress,abort_constraint_discovery_v5,0.55,0.12,1,0,0,0,1,0,3.30560,0.84344,0.25515,3.30560,0.00453,0.50000,0.33333,0.15199,0.20729,0.15907,0.28500,11,0,none,a0:none:120
7,11121,combined_abort_stress_7_11121_0,combined_abort_stress,oracle_constraints,0.55,0.12,0,1,1,1,6,0,5.67082,0.84344,0.05206,6.99082,0.03661,1.00000,1.00000,0.02104,0.06853,0.00823,0.13750,11,0,visible_collision,a0:visible_collision:31;a1:visible_collision:35;a2:visible_collision:34;a3:visible_collision:55;a4:visible_collision:35;a5:visible_collision:34
7,11122,combined_abort_stress_7_11122_0,combined_abort_stress,constraint_classifier,0.55,0.12,0,1,1,1,6,0,6.09883,0.83047,0.04766,7.41883,-0.01260,0.26176,0.15059,0.20288,0.21642,0.27007,0.28687,11,0,fixture_snag,a0:fixture_snag:50;a1:visible_collision:19;a2:fixture_snag:46;a3:visible_collision:18;a4:visible_collision:70;a5:fixture_snag:47
7,11122,combined_abort_stress_7_11122_0,combined_abort_stress,risk_filter_uncertainty,0.55,0.12,0,1,1,1,6,0,6.26875,0.83047,0.04637,7.58875,-0.03020,0.35741,0.21759,0.13209,0.11790,0.23986,0.19062,11,0,fixture_snag,a0:visible_collision:25;a1:collision_margin:36;a2:fixture_snag:45;a3:visible_collision:65;a4:force_limit:50;a5:fixture_snag:34
7,11122,combined_abort_stress_7_11122_0,combined_abort_stress,robust_barrier_mpc,0.55,0.12,0,1,1,1,6,0,5.93358,0.83047,0.04899,7.25358,-0.02142,0.30645,0.18095,0.16689,0.17765,0.21026,0.24938,11,0,fixture_snag,a0:fixture_snag:46;a1:visible_collision:18;a2:fixture_snag:42;a3:fixture_snag:37;a4:fixture_snag:41;a5:fixture_snag:42
7,11122,combined_abort_stress_7_11122_0,combined_abort_stress,conformal_abort_risk_filter,0.55,0.12,0,1,1,1,6,0,4.59042,0.83047,0.06332,5.91042,-0.02579,0.30631,0.18085,0.13988,0.13137,0.23470,0.13937,11,0,fixture_snag,a0:visible_collision:18;a1:fixture_snag:51;a2:fixture_snag:33;a3:fixture_snag:30;a4:fixture_snag:30;a5:fixture_snag:30
7,11122,combined_abort_stress_7_11122_0,combined_abort_stress,kernel_trace_constraint_classifier,0.55,0.12,0,1,1,1,6,0,9.24660,0.83047,0.03143,10.56660,-0.01648,0.29360,0.17206,0.28513,0.30774,0.31368,0.42812,11,0,collision_margin,a0:visible_collision:66;a1:fixture_snag:51;a2:visible_collision:25;a3:unstable_slip:103;a4:unstable_slip:96;a5:collision_margin:45
7,11122,combined_abort_stress_7_11122_0,combined_abort_stress,particle_constraint_belief,0.55,0.12,0,1,1,1,6,0,7.69304,0.83047,0.03778,9.01304,-0.01461,0.33030,0.19782,0.17694,0.20193,0.26757,0.27437,11,0,fixture_snag,a0:visible_collision:71;a1:fixture_snag:50;a2:visible_collision:19;a3:unstable_slip:104;a4:fixture_snag:44;a5:fixture_snag:33
7,11122,combined_abort_stress_7_11122_0,combined_abort_stress,abort_constraint_discovery_v5,0.55,0.12,0,0,0,0,1,1,0.00000,0.83047,0.00000,0.12000,1.00000,0.33723,0.20281,0.18743,0.17043,1.00000,0.23625,11,0,no_path,a0:no_path
7,11122,combined_abort_stress_7_11122_0,combined_abort_stress,oracle_constraints,0.55,0.12,1,1,0,1,2,0,2.39286,0.83047,0.34706,2.67286,0.03221,1.00000,1.00000,0.02309,0.07803,0.01822,0.13812,11,0,none,a0:visible_collision:22;a1:none:73
7,11123,combined_abort_stress_7_11123_0,combined_abort_stress,constraint_classifier,0.55,0.12,1,0,0,0,1,0,2.21229,0.85430,0.38616,2.21229,0.00687,0.31949,0.19011,0.17089,0.17816,0.19731,0.26000,11,0,none,a0:none:88
7,11123,combined_abort_stress_7_11123_0,combined_abort_stress,risk_filter_uncertainty,0.55,0.12,1,0,0,0,1,0,1.91772,0.85430,0.44548,1.91772,0.02903,0.35096,0.21283,0.12037,0.08146,0.12386,0.12875,11,0,none,a0:none:88
7,11123,combined_abort_stress_7_11123_0,combined_abort_stress,robust_barrier_mpc,0.55,0.12,1,0,0,0,1,0,2.43152,0.85430,0.35134,2.43152,0.00528,0.34343,0.20732,0.15572,0.17046,0.13925,0.24000,11,0,none,a0:none:92
7,11123,combined_abort_stress_7_11123_0,combined_abort_stress,conformal_abort_risk_filter,0.55,0.12,1,0,0,0,1,0,2.13212,0.85430,0.40068,2.13212,0.02542,0.34884,0.21127,0.12604,0.10525,0.14540,0.13750,11,0,none,a0:none:88
7,11123,combined_abort_stress_7_11123_0,combined_abort_stress,kernel_trace_constraint_classifier,0.55,0.12,1,1,0,1,2,0,4.34674,0.85430,0.19654,4.62674,0.00798,0.23250,0.13154,0.25767,0.27808,0.11324,0.36875,11,0,none,a0:visible_collision:72;a1:none:100
7,11123,combined_abort_stress_7_11123_0,combined_abort_stress,particle_constraint_belief,0.55,0.12,1,0,0,0,1,0,2.19616,0.85430,0.38900,2.19616,0.00836,0.33272,0.19956,0.15227,0.16620,0.14588,0.21063,11,0,none,a0:none:91
7,11123,combined_abort_stress_7_11123_0,combined_abort_stress,abort_constraint_discovery_v5,0.55,0.12,0,0,0,0,1,1,0.00000,0.85430,0.00000,0.12000,1.00000,0.40584,0.25458,0.19823,0.24762,1.00000,0.29688,11,0,no_path,a0:no_path
7,11123,combined_abort_stress_7_11123_0,combined_abort_stress,oracle_constraints,0.55,0.12,1,0,0,0,1,0,1.92150,0.85430,0.44460,1.92150,0.01150,1.00000,1.00000,0.02237,0.07480,0.02080,0.13125,11,0,none,a0:none:88
7,11124,combined_abort_stress_7_11124_0,combined_abort_stress,constraint_classifier,0.55,0.12,1,1,0,0,2,0,4.06228,0.86968,0.21409,4.34228,-0.00133,0.49547,0.32932,0.14211,0.15724,0.11487,0.27250,11,0,none,a0:human_stop:42;a1:none:120
7,11124,combined_abort_stress_7_11124_0,combined_abort_stress,risk_filter_uncertainty,0.55,0.12,0,1,1,1,6,0,7.76094,0.86968,0.03922,9.08094,-0.03966,0.55294,0.38211,0.09780,0.10329,0.24595,0.17750,11,0,fixture_snag,a0:fixture_snag:40;a1:force_limit:39;a2:fixture_snag:42;a3:fixture_snag:36;a4:unstable_slip:106;a5:fixture_snag:39
7,11124,combined_abort_stress_7_11124_0,combined_abort_stress,robust_barrier_mpc,0.55,0.12,1,0,0,0,1,0,3.49723,0.86968,0.24868,3.49723,0.00050,0.49342,0.32751,0.13003,0.15303,0.04724,0.23875,11,0,none,a0:none:120
7,11124,combined_abort_stress_7_11124_0,combined_abort_stress,conformal_abort_risk_filter,0.55,0.12,1,1,0,1,2,0,4.33182,0.86968,0.20077,4.61182,-0.01021,0.53556,0.36571,0.10617,0.08723,0.08698,0.15750,11,0,none,a0:fixture_snag:42;a1:none:120
7,11124,combined_abort_stress_7_11124_0,combined_abort_stress,kernel_trace_constraint_classifier,0.55,0.12,0,1,1,1,6,0,12.47853,0.86968,0.02439,13.79853,-0.00991,0.37664,0.23201,0.27873,0.31323,0.12389,0.47937,11,0,visible_collision,a0:fixture_snag:43;a1:unstable_slip:117;a2:visible_collision:95;a3:visible_collision:103;a4:human_stop:83;a5:visible_collision:79
7,11124,combined_abort_stress_7_11124_0,combined_abort_stress,particle_constraint_belief,0.55,0.12,1,1,0,0,2,0,5.81914,0.86968,0.14945,6.09914,-0.00088,0.48101,0.31667,0.12994,0.15584,0.06976,0.25375,11,0,none,a0:unstable_slip:113;a1:none:120
7,11124,combined_abort_stress_7_11124_0,combined_abort_stress,abort_constraint_discovery_v5,0.55,0.12,1,0,0,0,1,0,3.22262,0.86968,0.26987,3.22262,0.01504,0.41184,0.25932,0.19186,0.24935,0.07115,0.32312,11,0,none,a0:none:120
7,11124,combined_abort_stress_7_11124_0,combined_abort_stress,oracle_constraints,0.55,0.12,0,1,1,1,6,0,5.96882,0.86968,0.05100,7.28882,0.04718,1.00000,1.00000,0.02251,0.07439,0.01269,0.14125,11,0,visible_collision,a0:visible_collision:41;a1:visible_collision:37;a2:visible_collision:45;a3:visible_collision:36;a4:visible_collision:39;a5:visible_collision:42
7,11125,combined_abort_stress_7_11125_0,combined_abort_stress,constraint_classifier,0.55,0.12,1,0,0,0,1,0,1.87698,0.84514,0.45027,1.87698,0.02182,0.42681,0.27130,0.13484,0.15153,0.22227,0.23250,11,0,none,a0:none:89
7,11125,combined_abort_stress_7_11125_0,combined_abort_stress,risk_filter_uncertainty,0.55,0.12,1,0,0,0,1,0,1.98994,0.84514,0.42471,1.98994,0.02817,0.40482,0.25378,0.10426,0.09137,0.16122,0.13750,11,0,none,a0:none:85
7,11125,combined_abort_stress_7_11125_0,combined_abort_stress,robust_barrier_mpc,0.55,0.12,1,0,0,0,1,0,1.94968,0.84514,0.43348,1.94968,0.02785,0.41774,0.26402,0.12096,0.10859,0.18063,0.21625,11,0,none,a0:none:89
7,11125,combined_abort_stress_7_11125_0,combined_abort_stress,conformal_abort_risk_filter,0.55,0.12,1,0,0,0,1,0,1.94056,0.84514,0.43552,1.94056,0.02036,0.43672,0.27937,0.09992,0.07543,0.16216,0.13000,11,0,none,a0:none:89
7,11125,combined_abort_stress_7_11125_0,combined_abort_stress,kernel_trace_constraint_classifier,0.55,0.12,0,1,1,1,6,0,8.58048,0.84514,0.03447,9.90048,-0.02693,0.30120,0.17730,0.25088,0.26448,0.14949,0.39687,11,0,fixture_snag,a0:human_stop:74;a1:visible_collision:23;a2:fixture_snag:89;a3:collision_margin:53;a4:fixture_snag:64;a5:fixture_snag:82
7,11125,combined_abort_stress_7_11125_0,combined_abort_stress,particle_constraint_belief,0.55,0.12,1,0,0,0,1,0,2.22223,0.84514,0.38031,2.22223,0.03252,0.41326,0.26044,0.11725,0.11241,0.18007,0.19875,11,0,none,a0:none:90
7,11125,combined_abort_stress_7_11125_0,combined_abort_stress,abort_constraint_discovery_v5,0.55,0.12,0,0,0,0,1,1,0.00000,0.84514,0.00000,0.12000,1.00000,0.58410,0.41253,0.10939,0.14462,1.00000,0.21625,11,0,no_path,a0:no_path
7,11125,combined_abort_stress_7_11125_0,combined_abort_stress,oracle_constraints,0.55,0.12,1,0,0,0,1,0,1.96169,0.84514,0.43082,1.96169,0.03431,1.00000,1.00000,0.01888,0.06295,0.00792,0.12187,11,0,none,a0:none:85
7,11126,combined_abort_stress_7_11126_0,combined_abort_stress,constraint_classifier,0.55,0.12,1,0,0,0,1,0,2.63043,0.85114,0.32357,2.63043,0.01684,0.42947,0.27345,0.14403,0.17771,0.16385,0.27187,11,0,none,a0:none:103
7,11126,combined_abort_stress_7_11126_0,combined_abort_stress,risk_filter_uncertainty,0.55,0.12,0,1,1,1,6,0,5.68796,0.85114,0.05237,7.00796,-0.01674,0.44672,0.28760,0.10977,0.11147,0.24794,0.17813,11,0,fixture_snag,a0:fixture_snag:54;a1:fixture_snag:34;a2:fixture_snag:36;a3:fixture_snag:36;a4:fixture_snag:32;a5:fixture_snag:31
7,11126,combined_abort_stress_7_11126_0,combined_abort_stress,robust_barrier_mpc,0.55,0.12,1,0,0,0,1,0,2.36727,0.85114,0.35954,2.36727,0.00534,0.40758,0.25595,0.13408,0.14405,0.12618,0.26875,11,0,none,a0:none:102
7,11126,combined_abort_stress_7_11126_0,combined_abort_stress,conformal_abort_risk_filter,0.55,0.12,1,0,0,0,1,0,2.51427,0.85114,0.33852,2.51427,0.01612,0.45946,0.29825,0.10338,0.09539,0.12264,0.15063,11,0,none,a0:none:103
7,11126,combined_abort_stress_7_11126_0,combined_abort_stress,kernel_trace_constraint_classifier,0.55,0.12,1,0,0,0,1,0,2.75924,0.85114,0.30847,2.75924,0.00848,0.36538,0.22353,0.19216,0.21061,0.12420,0.32812,11,0,none,a0:none:105
7,11126,combined_abort_stress_7_11126_0,combined_abort_stress,particle_constraint_belief,0.55,0.12,1,0,0,0,1,0,2.42177,0.85114,0.35145,2.42177,0.01152,0.43178,0.27533,0.12503,0.14144,0.12896,0.23500,11,0,none,a0:none:103
7,11126,combined_abort_stress_7_11126_0,combined_abort_stress,abort_constraint_discovery_v5,0.55,0.12,0,0,0,0,1,1,0.00000,0.85114,0.00000,0.12000,1.00000,0.53295,0.36328,0.15031,0.22007,1.00000,0.30938,11,0,no_path,a0:no_path
7,11126,combined_abort_stress_7_11126_0,combined_abort_stress,oracle_constraints,0.55,0.12,1,0,0,0,1,0,2.13539,0.85114,0.39859,2.13539,0.02549,1.00000,1.00000,0.01878,0.06312,0.02000,0.12687,11,0,none,a0:none:94
7,11127,combined_abort_stress_7_11127_0,combined_abort_stress,constraint_classifier,0.55,0.12,1,0,0,0,1,0,2.04325,0.83876,0.41050,2.04325,0.01617,0.37209,0.22857,0.15516,0.16067,0.13067,0.23938,11,0,none,a0:none:90
7,11127,combined_abort_stress_7_11127_0,combined_abort_stress,risk_filter_uncertainty,0.55,0.12,1,0,0,0,1,0,1.94692,0.83876,0.43081,1.94692,0.01589,0.34783,0.21053,0.11419,0.07811,0.11010,0.12187,11,0,none,a0:none:90
7,11127,combined_abort_stress_7_11127_0,combined_abort_stress,robust_barrier_mpc,0.55,0.12,1,0,0,0,1,0,2.40103,0.83876,0.34933,2.40103,0.01295,0.33846,0.20370,0.15196,0.13683,0.11545,0.22875,11,0,none,a0:none:92
7,11127,combined_abort_stress_7_11127_0,combined_abort_stress,conformal_abort_risk_filter,0.55,0.12,1,0,0,0,1,0,2.02549,0.83876,0.41410,2.02549,0.02261,0.32381,0.19318,0.11856,0.08686,0.10015,0.12562,11,0,none,a0:none:90
7,11127,combined_abort_stress_7_11127_0,combined_abort_stress,kernel_trace_constraint_classifier,0.55,0.12,1,0,0,0,1,0,2.09470,0.83876,0.40042,2.09470,0.01853,0.29070,0.17007,0.20702,0.18704,0.08269,0.29313,11,0,none,a0:none:92
7,11127,combined_abort_stress_7_11127_0,combined_abort_stress,particle_constraint_belief,0.55,0.12,1,0,0,0,1,0,2.33179,0.83876,0.35971,2.33179,0.02015,0.34831,0.21088,0.13956,0.12102,0.08841,0.19687,11,0,none,a0:none:93
7,11127,combined_abort_stress_7_11127_0,combined_abort_stress,abort_constraint_discovery_v5,0.55,0.12,1,0,0,0,1,0,4.28362,0.83876,0.19581,4.28362,0.02235,0.37459,0.23046,0.18338,0.17576,0.03945,0.24688,11,0,none,a0:none:120
7,11127,combined_abort_stress_7_11127_0,combined_abort_stress,oracle_constraints,0.55,0.12,1,0,0,0,1,0,2.23573,0.83876,0.37516,2.23573,0.01448,1.00000,1.00000,0.01930,0.06238,0.01956,0.13687,11,0,none,a0:none:90
0,11180,combined_abort_stress_0_11180_0,combined_abort_stress,constraint_classifier,0.55,0.18,1,0,0,0,1,0,2.14059,0.84003,0.39243,2.14059,0.01650,0.36025,0.21970,0.12789,0.15586,0.07545,0.20250,11,0,none,a0:none:86
0,11180,combined_abort_stress_0_11180_0,combined_abort_stress,risk_filter_uncertainty,0.55,0.18,1,1,1,1,3,0,3.82631,0.84003,0.21954,4.38631,-0.02456,0.41558,0.26230,0.09444,0.11487,0.19270,0.14125,11,0,none,a0:fixture_snag:34;a1:fixture_snag:30;a2:none:85
0,11180,combined_abort_stress_0_11180_0,combined_abort_stress,robust_barrier_mpc,0.55,0.18,1,0,0,0,1,0,2.04999,0.84003,0.40977,2.04999,0.01095,0.33478,0.20104,0.11869,0.12070,0.05062,0.18812,11,0,none,a0:none:90
0,11180,combined_abort_stress_0_11180_0,combined_abort_stress,conformal_abort_risk_filter,0.55,0.18,1,0,0,0,1,0,2.14557,0.84003,0.39152,2.14557,0.01267,0.41176,0.25926,0.09213,0.08493,0.05941,0.11313,11,0,none,a0:none:86
0,11180,combined_abort_stress_0_11180_0,combined_abort_stress,kernel_trace_constraint_classifier,0.55,0.18,1,0,0,0,1,0,2.04231,0.84003,0.41131,2.04231,0.00479,0.30796,0.18201,0.16445,0.17603,0.05249,0.25375,11,0,none,a0:none:86
0,11180,combined_abort_stress_0_11180_0,combined_abort_stress,particle_constraint_belief,0.55,0.18,1,0,0,0,1,0,1.93019,0.84003,0.43520,1.93019,0.01538,0.37825,0.23324,0.11034,0.11869,0.05339,0.16500,11,0,none,a0:none:88
0,11180,combined_abort_stress_0_11180_0,combined_abort_stress,abort_constraint_discovery_v5,0.55,0.18,1,0,0,0,1,0,2.02865,0.84003,0.41408,2.02865,0.00588,0.36096,0.22022,0.16840,0.18750,0.13650,0.24000,11,0,none,a0:none:91
0,11180,combined_abort_stress_0_11180_0,combined_abort_stress,oracle_constraints,0.55,0.18,1,0,0,0,1,0,2.03190,0.84003,0.41342,2.03190,0.01729,1.00000,1.00000,0.01800,0.06021,0.02376,0.09938,11,0,none,a0:none:84
0,11181,combined_abort_stress_0_11181_0,combined_abort_stress,constraint_classifier,0.55,0.18,1,0,0,0,1,0,2.10071,0.84543,0.40245,2.10071,0.00740,0.36223,0.22117,0.15527,0.17803,0.19659,0.27813,11,0,none,a0:none:93
0,11181,combined_abort_stress_0_11181_0,combined_abort_stress,risk_filter_uncertainty,0.55,0.18,1,1,0,1,2,0,3.03869,0.84543,0.27822,3.31869,-0.00064,0.39551,0.24650,0.11251,0.10544,0.13087,0.15250,11,0,none,a0:force_limit:37;a1:none:90
0,11181,combined_abort_stress_0_11181_0,combined_abort_stress,robust_barrier_mpc,0.55,0.18,1,0,0,0,1,0,2.09682,0.84543,0.40319,2.09682,0.01847,0.37856,0.23347,0.14043,0.13537,0.14145,0.24750,11,0,none,a0:none:90
0,11181,combined_abort_stress_0_11181_0,combined_abort_stress,conformal_abort_risk_filter,0.55,0.18,1,0,0,0,1,0,2.13109,0.84543,0.39671,2.13109,0.01997,0.38137,0.23562,0.11100,0.09872,0.14697,0.15625,11,0,none,a0:none:93
0,11181,combined_abort_stress_0_11181_0,combined_abort_stress,kernel_trace_constraint_classifier,0.55,0.18,1,1,1,1,6,0,9.39450,0.84543,0.08999,10.79450,-0.02010,0.32633,0.19498,0.24268,0.25389,0.13847,0.38000,11,0,none,a0:fixture_snag:52;a1:force_limit:34;a2:visible_collision:37;a3:collision_margin:49;a4:fixture_snag:46;a5:none:120
0,11181,combined_abort_stress_0_11181_0,combined_abort_stress,particle_constraint_belief,0.55,0.18,1,0,0,0,1,0,2.35132,0.84543,0.35955,2.35132,0.01892,0.36364,0.22222,0.13500,0.13699,0.14592,0.22500,11,0,none,a0:none:94
0,11181,combined_abort_stress_0_11181_0,combined_abort_stress,abort_constraint_discovery_v5,0.55,0.18,1,0,0,0,1,0,4.17309,0.84543,0.20259,4.17309,0.03183,0.45636,0.29563,0.16257,0.20766,0.09068,0.28250,11,0,none,a0:none:120
0,11181,combined_abort_stress_0_11181_0,combined_abort_stress,oracle_constraints,0.55,0.18,1,0,0,0,1,0,2.16843,0.84543,0.38988,2.16843,0.02475,1.00000,1.00000,0.02117,0.06809,0.01959,0.12562,11,0,none,a0:none:90
0,11182,combined_abort_stress_0_11182_0,combined_abort_stress,constraint_classifier,0.55,0.18,0,1,1,1,6,0,6.36637,0.85075,0.04677,7.68637,-0.01613,0.40664,0.25521,0.16831,0.21506,0.40387,0.32812,11,0,force_limit,a0:visible_collision:52;a1:visible_collision:39;a2:visible_collision:17;a3:collision_margin:33;a4:fixture_snag:65;a5:force_limit:48
0,11182,combined_abort_stress_0_11182_0,combined_abort_stress,risk_filter_uncertainty,0.55,0.18,0,1,1,1,6,0,7.25241,0.85075,0.04106,8.57241,-0.01540,0.50000,0.33333,0.10834,0.12932,0.28391,0.19875,11,0,collision_margin,a0:visible_collision:40;a1:fixture_snag:59;a2:collision_margin:42;a3:unstable_slip:64;a4:fixture_snag:54;a5:collision_margin:38
0,11182,combined_abort_stress_0_11182_0,combined_abort_stress,robust_barrier_mpc,0.55,0.18,1,1,1,1,5,0,10.32539,0.85075,0.08239,11.44539,-0.01559,0.47162,0.30857,0.13211,0.17912,0.10535,0.30562,11,0,none,a0:unstable_slip:68;a1:fixture_snag:70;a2:collision_margin:59;a3:fixture_snag:66;a4:none:120
0,11182,combined_abort_stress_0_11182_0,combined_abort_stress,conformal_abort_risk_filter,0.55,0.18,0,1,1,1,6,0,6.46380,0.85075,0.04607,7.78380,-0.01618,0.47525,0.31169,0.11399,0.11130,0.25080,0.19187,11,0,human_stop,a0:visible_collision:54;a1:collision_margin:47;a2:collision_margin:37;a3:fixture_snag:65;a4:collision_margin:35;a5:human_stop:28
0,11182,combined_abort_stress_0_11182_0,combined_abort_stress,kernel_trace_constraint_classifier,0.55,0.18,1,1,1,1,5,0,10.12969,0.85075,0.08399,11.24969,-0.02452,0.36211,0.22108,0.22988,0.26013,0.09242,0.39750,11,0,none,a0:unstable_slip:75;a1:collision_margin:59;a2:fixture_snag:75;a3:collision_margin:34;a4:none:120
0,11182,combined_abort_stress_0_11182_0,combined_abort_stress,particle_constraint_belief,0.55,0.18,1,1,1,1,6,0,10.53752,0.85075,0.08074,11.93752,-0.01797,0.44122,0.28305,0.14237,0.19099,0.10284,0.30688,11,0,none,a0:unstable_slip:62;a1:fixture_snag:68;a2:visible_collision:44;a3:collision_margin:38;a4:fixture_snag:65;a5:none:120
0,11182,combined_abort_stress_0_11182_0,combined_abort_stress,abort_constraint_discovery_v5,0.55,0.18,0,1,1,1,3,1,3.00631,0.85075,0.09905,3.56631,-0.00920,0.44798,0.28864,0.19084,0.29108,1.00000,0.38688,11,0,no_path,a0:unstable_slip:65;a1:collision_margin:48;a2:no_path
0,11182,combined_abort_stress_0_11182_0,combined_abort_stress,oracle_constraints,0.55,0.18,1,0,0,0,1,0,1.84573,0.85075,0.46093,1.84573,0.01301,1.00000,1.00000,0.02167,0.07204,0.05334,0.12375,11,0,none,a0:none:73
0,11183,combined_abort_stress_0_11183_0,combined_abort_stress,constraint_classifier,0.55,0.18,1,1,1,1,3,0,4.92492,0.83707,0.16997,5.48492,-0.00078,0.29204,0.17098,0.19116,0.22464,0.27767,0.30000,11,0,none,a0:force_limit:36;a1:visible_collision:88;a2:none:77
0,11183,combined_abort_stress_0_11183_0,combined_abort_stress,risk_filter_uncertainty,0.55,0.18,1,1,0,1,2,0,3.07952,0.83707,0.27182,3.35952,-0.02226,0.35154,0.21326,0.12139,0.09261,0.15789,0.13937,11,0,none,a0:force_limit:33;a1:none:77
0,11183,combined_abort_stress_0_11183_0,combined_abort_stress,robust_barrier_mpc,0.55,0.18,1,1,1,1,5,0,6.72687,0.83707,0.12444,7.84687,-0.00922,0.31176,0.18467,0.18468,0.23323,0.23516,0.30125,11,0,none,a0:visible_collision:88;a1:force_limit:34;a2:collision_margin:34;a3:force_limit:35;a4:none:85
0,11183,combined_abort_stress_0_11183_0,combined_abort_stress,conformal_abort_risk_filter,0.55,0.18,1,1,0,1,2,0,3.48306,0.83707,0.24033,3.76306,-0.00148,0.33741,0.20294,0.11898,0.10179,0.08127,0.13187,11,0,none,a0:force_limit:36;a1:none:115
0,11183,combined_abort_stress_0_11183_0,combined_abort_stress,kernel_trace_constraint_classifier,0.55,0.18,1,1,1,1,4,0,6.96453,0.83707,0.12019,7.80453,-0.00586,0.24072,0.13683,0.25925,0.29096,0.28385,0.36438,11,0,none,a0:visible_collision:92;a1:fixture_snag:64;a2:force_limit:37;a3:none:79
0,11183,combined_abort_stress_0_11183_0,combined_abort_stress,particle_constraint_belief,0.55,0.18,1,1,1,1,3,0,4.48975,0.83707,0.18644,5.04975,-0.00516,0.32099,0.19118,0.15502,0.17230,0.21872,0.23062,11,0,none,a0:fixture_snag:63;a1:force_limit:32;a2:none:79
0,11183,combined_abort_stress_0_11183_0,combined_abort_stress,abort_constraint_discovery_v5,0.55,0.18,0,1,1,1,6,1,11.99543,0.83707,0.02442,13.21543,-0.02217,0.44219,0.28385,0.19149,0.26716,1.00000,0.36812,11,0,no_path,a0:unstable_slip:120;a1:visible_collision:72;a2:human_stop:110;a3:visible_collision:61;a4:unstable_slip:114;a5:no_path
0,11183,combined_abort_stress_0_11183_0,combined_abort_stress,oracle_constraints,0.55,0.18,1,0,0,0,1,0,1.91741,0.83707,0.43656,1.91741,0.03038,1.00000,1.00000,0.02035,0.06725,0.01017,0.12375,11,0,none,a0:none:79
0,11184,combined_abort_stress_0_11184_0,combined_abort_stress,constraint_classifier,0.55,0.18,1,1,0,1,2,0,4.71862,0.86346,0.18299,4.99862,0.00918,0.43243,0.27586,0.14971,0.20649,0.08382,0.29688,11,0,none,a0:visible_collision:79;a1:none:113
0,11184,combined_abort_stress_0_11184_0,combined_abort_stress,risk_filter_uncertainty,0.55,0.18,0,1,1,1,6,0,5.97277,0.86346,0.05060,7.29277,-0.01433,0.48408,0.31933,0.10126,0.11914,0.24086,0.17500,11,0,fixture_snag,a0:fixture_snag:43;a1:human_stop:35;a2:force_limit:31;a3:collision_margin:48;a4:fixture_snag:34;a5:fixture_snag:34
0,11184,combined_abort_stress_0_11184_0,combined_abort_stress,robust_barrier_mpc,0.55,0.18,1,1,1,1,4,0,7.21304,0.86346,0.11971,8.05304,-0.01235,0.40061,0.25047,0.14966,0.19190,0.08002,0.29250,11,0,none,a0:visible_collision:79;a1:force_limit:28;a2:fixture_snag:37;a3:none:120
0,11184,combined_abort_stress_0_11184_0,combined_abort_stress,conformal_abort_risk_filter,0.55,0.18,0,1,1,1,6,0,4.55966,0.86346,0.06628,5.87966,-0.01479,0.46575,0.30357,0.09174,0.10088,0.21622,0.15438,11,0,force_limit,a0:fixture_snag:54;a1:force_limit:29;a2:force_limit:30;a3:force_limit:30;a4:force_limit:26;a5:force_limit:26
0,11184,combined_abort_stress_0_11184_0,combined_abort_stress,kernel_trace_constraint_classifier,0.55,0.18,1,0,0,0,1,0,2.38041,0.86346,0.36274,2.38041,0.00226,0.37814,0.23315,0.17609,0.20498,0.08698,0.30375,11,0,none,a0:none:109
0,11184,combined_abort_stress_0_11184_0,combined_abort_stress,particle_constraint_belief,0.55,0.18,1,1,1,1,3,0,7.15277,0.86346,0.12072,7.71277,-0.00917,0.41009,0.25794,0.14180,0.19345,0.09262,0.27687,11,0,none,a0:visible_collision:79;a1:fixture_snag:53;a2:none:120
0,11184,combined_abort_stress_0_11184_0,combined_abort_stress,abort_constraint_discovery_v5,0.55,0.18,1,0,0,0,1,0,2.90052,0.86346,0.29769,2.90052,0.00788,0.50321,0.33619,0.13223,0.18081,0.26657,0.27063,11,0,none,a0:none:110
0,11184,combined_abort_stress_0_11184_0,combined_abort_stress,oracle_constraints,0.55,0.18,0,1,1,1,6,0,11.11012,0.86346,0.02720,12.43012,0.00319,1.00000,1.00000,0.01691,0.05773,0.02745,0.11937,11,0,visible_collision,a0:visible_collision:69;a1:visible_collision:78;a2:visible_collision:77;a3:visible_collision:78;a4:visible_collision:75;a5:visible_collision:68
0,11185,combined_abort_stress_0_11185_0,combined_abort_stress,constraint_classifier,0.55,0.18,0,1,1,1,6,0,4.82066,0.83663,0.06074,6.14066,-0.02461,0.41940,0.26534,0.16092,0.16904,0.30996,0.29000,11,0,fixture_snag,a0:fixture_snag:42;a1:fixture_snag:36;a2:fixture_snag:33;a3:fixture_snag:29;a4:fixture_snag:33;a5:fixture_snag:33
0,11185,combined_abort_stress_0_11185_0,combined_abort_stress,risk_filter_uncertainty,0.55,0.18,0,1,1,1,6,0,6.43926,0.83663,0.04547,7.75926,-0.02978,0.50097,0.33420,0.10897,0.08240,0.25152,0.17375,11,0,fixture_snag,a0:fixture_snag:36;a1:fixture_snag:33;a2:unstable_slip:65;a3:fixture_snag:53;a4:fixture_snag:31;a5:fixture_snag:31
0,11185,combined_abort_stress_0_11185_0,combined_abort_stress,robust_barrier_mpc,0.55,0.18,0,1,1,1,6,0,5.34164,0.83663,0.05482,6.66164,-0.02181,0.42105,0.26667,0.13712,0.12035,0.26231,0.23187,11,0,fixture_snag,a0:fixture_snag:50;a1:fixture_snag:38;a2:fixture_snag:32;a3:fixture_snag:34;a4:fixture_snag:35;a5:fixture_snag:34
0,11185,combined_abort_stress_0_11185_0,combined_abort_stress,conformal_abort_risk_filter,0.55,0.18,0,1,1,1,6,0,5.59007,0.83663,0.05238,6.91007,-0.02421,0.48440,0.31961,0.11657,0.09644,0.23888,0.19250,11,0,fixture_snag,a0:fixture_snag:41;a1:fixture_snag:34;a2:fixture_snag:33;a3:fixture_snag:32;a4:unstable_slip:75;a5:fixture_snag:31
0,11185,combined_abort_stress_0_11185_0,combined_abort_stress,kernel_trace_constraint_classifier,0.55,0.18,0,1,1,1,6,0,7.29226,0.83663,0.04016,8.61226,-0.01866,0.36255,0.22141,0.23418,0.22796,0.12643,0.37250,11,0,visible_collision,a0:fixture_snag:42;a1:fixture_snag:37;a2:fixture_snag:42;a3:unstable_slip:74;a4:human_stop:25;a5:visible_collision:94
0,11185,combined_abort_stress_0_11185_0,combined_abort_stress,particle_constraint_belief,0.55,0.18,0,1,1,1,6,0,5.08899,0.83663,0.05754,6.40899,-0.02740,0.42414,0.26915,0.14111,0.12429,0.28659,0.23500,11,0,fixture_snag,a0:fixture_snag:43;a1:fixture_snag:36;a2:fixture_snag:33;a3:fixture_snag:32;a4:fixture_snag:33;a5:fixture_snag:32
0,11185,combined_abort_stress_0_11185_0,combined_abort_stress,abort_constraint_discovery_v5,0.55,0.18,0,1,1,1,3,1,3.09882,0.83663,0.09449,3.65882,-0.00708,0.43814,0.28053,0.19613,0.20867,1.00000,0.33687,11,0,no_path,a0:unstable_slip:71;a1:fixture_snag:52;a2:no_path
0,11185,combined_abort_stress_0_11185_0,combined_abort_stress,oracle_constraints,0.55,0.18,1,0,0,0,1,0,2.46877,0.83663,0.33889,2.46877,0.02277,1.00000,1.00000,0.02265,0.07367,0.04084,0.14813,11,0,none,a0:none:101
0,11186,combined_abort_stress_0_11186_0,combined_abort_stress,constraint_classifier,0.55,0.18,0,1,1,1,6,0,4.57346,0.83952,0.06425,5.89346,-0.01316,0.40136,0.25106,0.14645,0.19342,0.33990,0.25938,11,0,fixture_snag,a0:collision_margin:43;a1:fixture_snag:31;a2:human_stop:33;a3:force_limit:29;a4:fixture_snag:27;a5:fixture_snag:30
0,11186,combined_abort_stress_0_11186_0,combined_abort_stress,risk_filter_uncertainty,0.55,0.18,0,1,1,1,6,0,4.73159,0.83952,0.06210,6.05159,-0.02305,0.40952,0.25749,0.10458,0.11594,0.22448,0.15438,11,0,human_stop,a0:fixture_snag:33;a1:human_stop:36;a2:force_limit:27;a3:fixture_snag:31;a4:fixture_snag:31;a5:human_stop:32
0,11186,combined_abort_stress_0_11186_0,combined_abort_stress,robust_barrier_mpc,0.55,0.18,0,1,1,1,6,0,4.60011,0.83952,0.06387,5.92011,-0.01014,0.36630,0.22422,0.13489,0.14339,0.24176,0.23312,11,0,fixture_snag,a0:fixture_snag:34;a1:fixture_snag:30;a2:human_stop:35;a3:force_limit:29;a4:fixture_snag:32;a5:fixture_snag:31
0,11186,combined_abort_stress_0_11186_0,combined_abort_stress,conformal_abort_risk_filter,0.55,0.18,0,1,1,1,6,0,5.92086,0.83952,0.04963,7.24086,-0.02725,0.47442,0.31098,0.09994,0.11399,0.10659,0.16062,11,0,visible_collision,a0:collision_margin:43;a1:human_stop:32;a2:human_stop:29;a3:fixture_snag:31;a4:fixture_snag:29;a5:visible_collision:87
0,11186,combined_abort_stress_0_11186_0,combined_abort_stress,kernel_trace_constraint_classifier,0.55,0.18,1,1,0,0,2,0,3.95734,0.83952,0.21214,4.23734,-0.01772,0.30514,0.18004,0.19376,0.20823,0.09756,0.30562,11,0,none,a0:human_stop:39;a1:none:120
0,11186,combined_abort_stress_0_11186_0,combined_abort_stress,particle_constraint_belief,0.55,0.18,1,0,0,0,1,0,2.86214,0.83952,0.29332,2.86214,0.01955,0.37996,0.23454,0.12262,0.13221,0.10512,0.19125,11,0,none,a0:none:120
0,11186,combined_abort_stress_0_11186_0,combined_abort_stress,abort_constraint_discovery_v5,0.55,0.18,0,1,0,1,2,1,1.30320,0.83952,0.22547,1.64320,-0.01243,0.46325,0.30145,0.10969,0.10482,1.00000,0.17250,11,0,no_path,a0:collision_margin:56;a1:no_path
0,11186,combined_abort_stress_0_11186_0,combined_abort_stress,oracle_constraints,0.55,0.18,1,0,0,0,1,0,2.48541,0.83952,0.33778,2.48541,0.00814,1.00000,1.00000,0.01726,0.05805,0.05688,0.10812,11,0,none,a0:none:92
0,11187,combined_abort_stress_0_11187_0,combined_abort_stress,constraint_classifier,0.55,0.18,1,1,0,0,2,0,2.56995,0.83605,0.32532,2.84995,-0.02540,0.39652,0.24729,0.14537,0.15747,0.20944,0.23750,11,0,none,a0:human_stop:23;a1:none:91
0,11187,combined_abort_stress_0_11187_0,combined_abort_stress,risk_filter_uncertainty,0.55,0.18,1,1,1,1,3,0,4.56234,0.83605,0.18325,5.12234,-0.01446,0.44737,0.28814,0.10699,0.11187,0.12776,0.16312,11,0,none,a0:unstable_slip:71;a1:human_stop:29;a2:none:95
0,11187,combined_abort_stress_0_11187_0,combined_abort_stress,robust_barrier_mpc,0.55,0.18,1,0,0,0,1,0,2.02682,0.83605,0.41249,2.02682,0.00693,0.40506,0.25397,0.13000,0.13400,0.18087,0.22375,11,0,none,a0:none:92
0,11187,combined_abort_stress_0_11187_0,combined_abort_stress,conformal_abort_risk_filter,0.55,0.18,1,1,0,0,2,0,2.85316,0.83605,0.29302,3.13316,-0.00419,0.40678,0.25532,0.10873,0.08083,0.15157,0.13625,11,0,none,a0:human_stop:26;a1:none:91
0,11187,combined_abort_stress_0_11187_0,combined_abort_stress,kernel_trace_constraint_classifier,0.55,0.18,1,0,0,0,1,0,2.24367,0.83605,0.37263,2.24367,0.00520,0.30091,0.17710,0.19784,0.19492,0.15422,0.28937,11,0,none,a0:none:96
0,11187,combined_abort_stress_0_11187_0,combined_abort_stress,particle_constraint_belief,0.55,0.18,1,0,0,0,1,0,2.21145,0.83605,0.37805,2.21145,0.00668,0.38372,0.23741,0.12998,0.12467,0.16272,0.20062,11,0,none,a0:none:92
0,11187,combined_abort_stress_0_11187_0,combined_abort_stress,abort_constraint_discovery_v5,0.55,0.18,1,0,0,0,1,0,2.49187,0.83605,0.33551,2.49187,0.02740,0.49180,0.32609,0.15942,0.21817,0.21694,0.29750,11,0,none,a0:none:98
0,11187,combined_abort_stress_0_11187_0,combined_abort_stress,oracle_constraints,0.55,0.18,1,0,0,0,1,0,2.21579,0.83605,0.37731,2.21579,0.00685,1.00000,1.00000,0.01841,0.06265,0.02688,0.12187,11,0,none,a0:none:91
1,11180,combined_abort_stress_1_11180_0,combined_abort_stress,constraint_classifier,0.55,0.18,1,1,1,1,5,0,3.95490,0.83094,0.21010,5.07490,-0.01960,0.38066,0.23507,0.16649,0.16788,0.31702,0.27313,11,0,none,a0:collision_margin:31;a1:visible_collision:11;a2:visible_collision:18;a3:collision_margin:26;a4:none:82
1,11180,combined_abort_stress_1_11180_0,combined_abort_stress,risk_filter_uncertainty,0.55,0.18,1,0,0,0,1,0,1.93507,0.83094,0.42941,1.93507,0.04148,0.28770,0.16802,0.12913,0.09746,0.15610,0.12875,11,0,none,a0:none:84
1,11180,combined_abort_stress_1_11180_0,combined_abort_stress,robust_barrier_mpc,0.55,0.18,1,0,0,0,1,0,1.81752,0.83094,0.45718,1.81752,0.03988,0.36218,0.22114,0.15155,0.14013,0.25332,0.24938,11,0,none,a0:none:82
1,11180,combined_abort_stress_1_11180_0,combined_abort_stress,conformal_abort_risk_filter,0.55,0.18,0,1,1,1,6,0,4.22788,0.83094,0.06879,5.54788,-0.01387,0.36632,0.22423,0.13513,0.10825,0.23238,0.15625,11,0,collision_margin,a0:collision_margin:35;a1:collision_margin:36;a2:visible_collision:20;a3:visible_collision:15;a4:visible_collision:43;a5:collision_margin:31
1,11180,combined_abort_stress_1_11180_0,combined_abort_stress,kernel_trace_constraint_classifier,0.55,0.18,1,0,0,0,1,0,1.84075,0.83094,0.45141,1.84075,0.03794,0.28321,0.16497,0.20492,0.18773,0.26156,0.28750,11,0,none,a0:none:83
1,11180,combined_abort_stress_1_11180_0,combined_abort_stress,particle_constraint_belief,0.55,0.18,1,1,1,1,3,0,6.35822,0.83094,0.13069,6.91822,-0.02265,0.33981,0.20468,0.15638,0.14936,0.06835,0.24563,11,0,none,a0:visible_collision:39;a1:collision_margin:35;a2:none:120
1,11180,combined_abort_stress_1_11180_0,combined_abort_stress,abort_constraint_discovery_v5,0.55,0.18,0,0,0,0,1,1,0.00000,0.83094,0.00000,0.12000,1.00000,0.48527,0.32037,0.13400,0.11100,1.00000,0.22000,11,0,no_path,a0:no_path
1,11180,combined_abort_stress_1_11180_0,combined_abort_stress,oracle_constraints,0.55,0.18,1,0,0,0,1,0,1.93067,0.83094,0.43039,1.93067,0.03872,1.00000,1.00000,0.02218,0.07180,0.00814,0.14062,11,0,none,a0:none:81
1,11181,combined_abort_stress_1_11181_0,combined_abort_stress,constraint_classifier,0.55,0.18,1,1,1,1,3,0,5.23935,0.86711,0.16550,5.79935,-0.02833,0.47352,0.31020,0.13389,0.15121,0.17770,0.26562,11,0,none,a0:fixture_snag:48;a1:fixture_snag:46;a2:none:99
1,11181,combined_abort_stress_1_11181_0,combined_abort_stress,risk_filter_uncertainty,0.55,0.18,0,1,1,1,6,0,6.97930,0.86711,0.04348,8.29930,-0.02290,0.51082,0.34302,0.09561,0.08459,0.23662,0.15313,11,0,fixture_snag,a0:fixture_snag:46;a1:fixture_snag:50;a2:fixture_snag:44;a3:fixture_snag:49;a4:fixture_snag:49;a5:fixture_snag:46
1,11181,combined_abort_stress_1_11181_0,combined_abort_stress,robust_barrier_mpc,0.55,0.18,1,1,1,1,3,0,5.05007,0.86711,0.17170,5.61007,-0.03026,0.48693,0.32181,0.12191,0.12365,0.13028,0.24688,11,0,none,a0:fixture_snag:52;a1:fixture_snag:46;a2:none:97
1,11181,combined_abort_stress_1_11181_0,combined_abort_stress,conformal_abort_risk_filter,0.55,0.18,1,1,1,1,3,0,4.32915,0.86711,0.20029,4.88915,-0.01790,0.49793,0.33149,0.10027,0.08117,0.12722,0.16562,11,0,none,a0:fixture_snag:48;a1:fixture_snag:43;a2:none:99
1,11181,combined_abort_stress_1_11181_0,combined_abort_stress,kernel_trace_constraint_classifier,0.55,0.18,1,1,0,1,2,0,3.70952,0.86711,0.23375,3.98952,-0.00655,0.40117,0.25092,0.17791,0.17221,0.08093,0.29125,11,0,none,a0:fixture_snag:47;a1:none:101
1,11181,combined_abort_stress_1_11181_0,combined_abort_stress,particle_constraint_belief,0.55,0.18,1,1,1,1,4,0,6.74358,0.86711,0.12858,7.58358,-0.00498,0.45696,0.29615,0.13222,0.15056,0.15827,0.26375,11,0,none,a0:fixture_snag:50;a1:fixture_snag:44;a2:visible_collision:76;a3:none:102
1,11181,combined_abort_stress_1_11181_0,combined_abort_stress,abort_constraint_discovery_v5,0.55,0.18,1,0,0,0,1,0,2.43472,0.86711,0.35614,2.43472,0.02268,0.44262,0.28421,0.14843,0.18512,0.09454,0.24563,11,0,none,a0:none:103
1,11181,combined_abort_stress_1_11181_0,combined_abort_stress,oracle_constraints,0.55,0.18,1,0,0,0,1,0,2.15798,0.86711,0.40181,2.15798,0.02370,1.00000,1.00000,0.01999,0.06645,0.02361,0.13562,11,0,none,a0:none:92
1,11182,combined_abort_stress_1_11182_0,combined_abort_stress,constraint_classifier,0.55,0.18,0,1,1,1,6,0,6.19361,0.83365,0.04711,7.51361,-0.01722,0.32546,0.19436,0.19756,0.24298,0.32925,0.35687,11,0,fixture_snag,a0:visible_collision:77;a1:fixture_snag:33;a2:collision_margin:42;a3:fixture_snag:47;a4:fixture_snag:31;a5:fixture_snag:32
1,11182,combined_abort_stress_1_11182_0,combined_abort_stress,risk_filter_uncertainty,0.55,0.18,0,1,1,1,6,0,5.86482,0.83365,0.04975,7.18482,-0.02875,0.41718,0.26357,0.11749,0.11952,0.25797,0.18625,11,0,fixture_snag,a0:fixture_snag:33;a1:collision_margin:41;a2:fixture_snag:48;a3:fixture_snag:35;a4:human_stop:32;a5:fixture_snag:31
1,11182,combined_abort_stress_1_11182_0,combined_abort_stress,robust_barrier_mpc,0.55,0.18,1,0,0,0,1,0,2.74686,0.83365,0.30349,2.74686,0.01744,0.40194,0.25152,0.14101,0.16481,0.10788,0.26625,11,0,none,a0:none:104
1,11182,combined_abort_stress_1_11182_0,combined_abort_stress,conformal_abort_risk_filter,0.55,0.18,1,0,0,0,1,0,2.54214,0.83365,0.32793,2.54214,0.02588,0.40573,0.25449,0.10804,0.09988,0.09746,0.14250,11,0,none,a0:none:104
1,11182,combined_abort_stress_1_11182_0,combined_abort_stress,kernel_trace_constraint_classifier,0.55,0.18,1,0,0,0,1,0,2.62729,0.83365,0.31731,2.62729,0.01479,0.33333,0.20000,0.20198,0.21251,0.08135,0.31938,11,0,none,a0:none:107
1,11182,combined_abort_stress_1_11182_0,combined_abort_stress,particle_constraint_belief,0.55,0.18,1,1,0,1,2,0,4.57513,0.83365,0.18221,4.85513,0.00133,0.36160,0.22070,0.15715,0.19758,0.13587,0.27125,11,0,none,a0:visible_collision:82;a1:none:108
1,11182,combined_abort_stress_1_11182_0,combined_abort_stress,abort_constraint_discovery_v5,0.55,0.18,0,0,0,0,1,1,0.00000,0.83365,0.00000,0.12000,1.00000,0.49213,0.32638,0.15896,0.23078,1.00000,0.31750,11,0,no_path,a0:no_path
1,11182,combined_abort_stress_1_11182_0,combined_abort_stress,oracle_constraints,0.55,0.18,1,0,0,0,1,0,1.90603,0.83365,0.43738,1.90603,0.01684,1.00000,1.00000,0.02094,0.07072,0.06164,0.11937,11,0,none,a0:none:80
1,11183,combined_abort_stress_1_11183_0,combined_abort_stress,constraint_classifier,0.55,0.18,0,1,1,1,6,0,3.54384,0.84132,0.08309,4.86384,-0.01918,0.36060,0.21996,0.16133,0.19332,0.32080,0.25875,11,0,human_stop,a0:force_limit:29;a1:force_limit:24;a2:human_stop:24;a3:human_stop:24;a4:visible_collision:21;a5:human_stop:25
1,11183,combined_abort_stress_1_11183_0,combined_abort_stress,risk_filter_uncertainty,0.55,0.18,1,1,0,1,2,0,2.81659,0.84132,0.29870,3.09659,-0.00754,0.38727,0.24013,0.10111,0.09662,0.15289,0.12000,11,0,none,a0:force_limit:27;a1:none:82
1,11183,combined_abort_stress_1_11183_0,combined_abort_stress,robust_barrier_mpc,0.55,0.18,1,1,0,1,2,0,4.05191,0.84132,0.20764,4.33191,-0.01426,0.38559,0.23884,0.13377,0.14550,0.09369,0.23125,11,0,none,a0:fixture_snag:45;a1:none:120
1,11183,combined_abort_stress_1_11183_0,combined_abort_stress,conformal_abort_risk_filter,0.55,0.18,1,1,1,1,4,0,3.90189,0.84132,0.21562,4.74189,-0.01831,0.41837,0.26452,0.11383,0.12035,0.20396,0.12937,11,0,none,a0:force_limit:28;a1:human_stop:24;a2:force_limit:25;a3:none:82
1,11183,combined_abort_stress_1_11183_0,combined_abort_stress,kernel_trace_constraint_classifier,0.55,0.18,1,1,0,1,2,0,4.14020,0.84132,0.20321,4.42020,-0.00837,0.29455,0.17271,0.20118,0.22934,0.08708,0.30875,11,0,none,a0:force_limit:33;a1:none:120
1,11183,combined_abort_stress_1_11183_0,combined_abort_stress,particle_constraint_belief,0.55,0.18,1,1,0,1,2,0,4.07430,0.84132,0.20650,4.35430,-0.00973,0.38846,0.24105,0.13327,0.16445,0.09145,0.20938,11,0,none,a0:force_limit:32;a1:none:120
1,11183,combined_abort_stress_1_11183_0,combined_abort_stress,abort_constraint_discovery_v5,0.55,0.18,0,0,0,0,1,1,0.00000,0.84132,0.00000,0.12000,1.00000,0.41300,0.26024,0.15105,0.16786,1.00000,0.21125,11,0,no_path,a0:no_path
1,11183,combined_abort_stress_1_11183_0,combined_abort_stress,oracle_constraints,0.55,0.18,1,0,0,0,1,0,1.97375,0.84132,0.42626,1.97375,0.02052,1.00000,1.00000,0.02053,0.06962,0.01935,0.11563,11,0,none,a0:none:80
1,11184,combined_abort_stress_1_11184_0,combined_abort_stress,constraint_classifier,0.55,0.18,1,1,1,1,3,0,4.25127,0.84887,0.19967,4.81127,-0.01122,0.32964,0.19734,0.17725,0.16212,0.19925,0.24750,11,0,none,a0:fixture_snag:38;a1:fixture_snag:35;a2:none:100
1,11184,combined_abort_stress_1_11184_0,combined_abort_stress,risk_filter_uncertainty,0.55,0.18,0,1,1,1,6,0,5.30541,0.84887,0.05600,6.62541,-0.02480,0.32688,0.19537,0.12916,0.07880,0.23472,0.14375,11,0,fixture_snag,a0:fixture_snag:35;a1:fixture_snag:42;a2:fixture_snag:34;a3:fixture_snag:35;a4:fixture_snag:37;a5:fixture_snag:35
1,11184,combined_abort_stress_1_11184_0,combined_abort_stress,robust_barrier_mpc,0.55,0.18,0,1,1,1,6,0,7.12107,0.84887,0.04172,8.44107,-0.01830,0.31157,0.18453,0.18701,0.20822,0.20375,0.27437,11,0,fixture_snag,a0:fixture_snag:45;a1:fixture_snag:40;a2:fixture_snag:36;a3:visible_collision:103;a4:fixture_snag:39;a5:fixture_snag:39
1,11184,combined_abort_stress_1_11184_0,combined_abort_stress,conformal_abort_risk_filter,0.55,0.18,1,1,1,1,6,0,7.49129,0.84887,0.11331,8.89129,-0.02942,0.33667,0.20241,0.13187,0.09278,0.18055,0.16500,11,0,none,a0:fixture_snag:42;a1:fixture_snag:38;a2:fixture_snag:34;a3:fixture_snag:40;a4:fixture_snag:45;a5:none:97
1,11184,combined_abort_stress_1_11184_0,combined_abort_stress,kernel_trace_constraint_classifier,0.55,0.18,0,1,1,1,6,0,8.54689,0.84887,0.03476,9.86689,-0.03625,0.29252,0.17131,0.28437,0.29997,0.27423,0.40437,11,0,human_stop,a0:fixture_snag:39;a1:fixture_snag:36;a2:visible_collision:74;a3:visible_collision:94;a4:fixture_snag:54;a5:human_stop:44
1,11184,combined_abort_stress_1_11184_0,combined_abort_stress,particle_constraint_belief,0.55,0.18,1,1,1,1,3,0,6.20607,0.84887,0.13678,6.76607,-0.01701,0.33956,0.20450,0.15903,0.14307,0.04150,0.22125,11,0,none,a0:fixture_snag:40;a1:fixture_snag:37;a2:none:120
1,11184,combined_abort_stress_1_11184_0,combined_abort_stress,abort_constraint_discovery_v5,0.55,0.18,1,0,0,0,1,0,2.14563,0.84887,0.39563,2.14563,0.01027,0.40968,0.25761,0.16119,0.16875,0.02836,0.18875,11,0,none,a0:none:97
1,11184,combined_abort_stress_1_11184_0,combined_abort_stress,oracle_constraints,0.55,0.18,1,0,0,0,1,0,2.60168,0.84887,0.32628,2.60168,0.01078,1.00000,1.00000,0.02365,0.07817,0.03091,0.14688,11,0,none,a0:none:99
1,11185,combined_abort_stress_1_11185_0,combined_abort_stress,constraint_classifier,0.55,0.18,1,0,0,0,1,0,2.43367,0.84922,0.34894,2.43367,0.01381,0.30970,0.18322,0.15136,0.15970,0.07562,0.22625,11,0,none,a0:none:93
1,11185,combined_abort_stress_1_11185_0,combined_abort_stress,risk_filter_uncertainty,0.55,0.18,1,1,0,1,2,0,3.14412,0.84922,0.27010,3.42412,-0.01660,0.37563,0.23125,0.10650,0.10756,0.11735,0.13750,11,0,none,a0:fixture_snag:42;a1:none:93
1,11185,combined_abort_stress_1_11185_0,combined_abort_stress,robust_barrier_mpc,0.55,0.18,1,0,0,0,1,0,2.16794,0.84922,0.39172,2.16794,0.01537,0.32700,0.19545,0.13418,0.13693,0.05778,0.22000,11,0,none,a0:none:96
1,11185,combined_abort_stress_1_11185_0,combined_abort_stress,conformal_abort_risk_filter,0.55,0.18,1,0,0,0,1,0,2.43727,0.84922,0.34843,2.43727,0.01816,0.37076,0.22756,0.10916,0.09236,0.06164,0.13062,11,0,none,a0:none:93
1,11185,combined_abort_stress_1_11185_0,combined_abort_stress,kernel_trace_constraint_classifier,0.55,0.18,1,0,0,0,1,0,2.32822,0.84922,0.36475,2.32822,0.01245,0.27621,0.16023,0.19386,0.19871,0.04640,0.26687,11,0,none,a0:none:96
1,11185,combined_abort_stress_1_11185_0,combined_abort_stress,particle_constraint_belief,0.55,0.18,1,0,0,0,1,0,2.35923,0.84922,0.35995,2.35923,0.02687,0.34298,0.20698,0.12987,0.13530,0.04315,0.19375,11,0,none,a0:none:95
1,11185,combined_abort_stress_1_11185_0,combined_abort_stress,abort_constraint_discovery_v5,0.55,0.18,1,0,0,0,1,0,2.22030,0.84922,0.38248,2.22030,0.00719,0.40727,0.25571,0.15202,0.15243,0.11965,0.23500,11,0,none,a0:none:97
1,11185,combined_abort_stress_1_11185_0,combined_abort_stress,oracle_constraints,0.55,0.18,1,0,0,0,1,0,2.06443,0.84922,0.41136,2.06443,0.02685,1.00000,1.00000,0.01813,0.06135,0.01985,0.10875,11,0,none,a0:none:92
1,11186,combined_abort_stress_1_11186_0,combined_abort_stress,constraint_classifier,0.55,0.18,1,0,0,0,1,0,2.14783,0.84408,0.39299,2.14783,0.02224,0.28843,0.16852,0.18950,0.20168,0.20949,0.24563,11,0,none,a0:none:86
1,11186,combined_abort_stress_1_11186_0,combined_abort_stress,risk_filter_uncertainty,0.55,0.18,1,0,0,0,1,0,2.23794,0.84408,0.37717,2.23794,0.01906,0.29954,0.17615,0.13356,0.10265,0.12583,0.12250,11,0,none,a0:none:86
1,11186,combined_abort_stress_1_11186_0,combined_abort_stress,robust_barrier_mpc,0.55,0.18,1,1,1,0,3,0,4.92668,0.84408,0.17133,5.48668,-0.00567,0.30633,0.18087,0.18785,0.21169,0.22993,0.27563,11,0,none,a0:fixture_snag:45;a1:collision_margin:63;a2:none:86
1,11186,combined_abort_stress_1_11186_0,combined_abort_stress,conformal_abort_risk_filter,0.55,0.18,1,0,0,0,1,0,2.03658,0.84408,0.41446,2.03658,0.00882,0.29464,0.17277,0.14834,0.13816,0.15392,0.13125,11,0,none,a0:none:86
1,11186,combined_abort_stress_1_11186_0,combined_abort_stress,kernel_trace_constraint_classifier,0.55,0.18,1,0,0,0,1,0,1.92404,0.84408,0.43870,1.92404,0.02112,0.25816,0.14821,0.22813,0.23888,0.14647,0.27250,11,0,none,a0:none:87
1,11186,combined_abort_stress_1_11186_0,combined_abort_stress,particle_constraint_belief,0.55,0.18,1,0,0,0,1,0,1.90950,0.84408,0.44204,1.90950,0.01819,0.29250,0.17131,0.16855,0.17262,0.15487,0.19312,11,0,none,a0:none:88
1,11186,combined_abort_stress_1_11186_0,combined_abort_stress,abort_constraint_discovery_v5,0.55,0.18,0,1,0,1,2,1,2.18451,0.84408,0.13524,2.52451,-0.02354,0.38801,0.24070,0.19034,0.18631,1.00000,0.24750,11,0,no_path,a0:collision_margin:82;a1:no_path
1,11186,combined_abort_stress_1_11186_0,combined_abort_stress,oracle_constraints,0.55,0.18,0,1,1,1,6,0,8.39354,0.84408,0.03520,9.71354,0.00444,1.00000,1.00000,0.02422,0.07863,0.03304,0.14875,11,0,visible_collision,a0:visible_collision:56;a1:visible_collision:58;a2:visible_collision:58;a3:visible_collision:58;a4:visible_collision:55;a5:visible_collision:56
1,11187,combined_abort_stress_1_11187_0,combined_abort_stress,constraint_classifier,0.55,0.18,0,1,1,1,6,0,5.08801,0.83169,0.05721,6.40801,-0.01232,0.44781,0.28850,0.14072,0.14445,0.32758,0.23375,11,0,unstable_slip,a0:collision_margin:31;a1:unstable_slip:33;a2:unstable_slip:31;a3:unstable_slip:33;a4:unstable_slip:31;a5:unstable_slip:31
1,11187,combined_abort_stress_1_11187_0,combined_abort_stress,risk_filter_uncertainty,0.55,0.18,0,1,1,1,6,0,4.50516,0.83169,0.06461,5.82516,-0.01912,0.40825,0.25648,0.11402,0.09131,0.24917,0.16562,11,0,fixture_snag,a0:collision_margin:31;a1:fixture_snag:33;a2:collision_margin:30;a3:fixture_snag:31;a4:fixture_snag:30;a5:fixture_snag:29
1,11187,combined_abort_stress_1_11187_0,combined_abort_stress,robust_barrier_mpc,0.55,0.18,1,0,0,0,1,0,3.05413,0.83169,0.27232,3.05413,0.00143,0.40940,0.25738,0.13607,0.12099,0.07840,0.23500,11,0,none,a0:none:120
1,11187,combined_abort_stress_1_11187_0,combined_abort_stress,conformal_abort_risk_filter,0.55,0.18,1,1,1,1,3,0,6.12745,0.83169,0.13573,6.68745,-0.00664,0.47273,0.30952,0.10441,0.10044,0.08450,0.17188,11,0,none,a0:collision_margin:29;a1:force_limit:87;a2:none:120
1,11187,combined_abort_stress_1_11187_0,combined_abort_stress,kernel_trace_constraint_classifier,0.55,0.18,1,1,0,1,2,0,5.54093,0.83169,0.15010,5.82093,-0.00587,0.39344,0.24490,0.19631,0.22213,0.09134,0.35813,11,0,none,a0:force_limit:89;a1:none:120
1,11187,combined_abort_stress_1_11187_0,combined_abort_stress,particle_constraint_belief,0.55,0.18,0,1,1,1,6,0,7.44099,0.83169,0.03912,8.76099,-0.01791,0.46588,0.30368,0.14293,0.18517,0.22972,0.28375,11,0,fixture_snag,a0:force_limit:87;a1:visible_collision:88;a2:collision_margin:28;a3:fixture_snag:34;a4:collision_margin:33;a5:fixture_snag:43
1,11187,combined_abort_stress_1_11187_0,combined_abort_stress,abort_constraint_discovery_v5,0.55,0.18,1,0,0,0,1,0,3.17632,0.83169,0.26184,3.17632,0.03638,0.43296,0.27629,0.16122,0.15756,0.04325,0.24938,11,0,none,a0:none:120
1,11187,combined_abort_stress_1_11187_0,combined_abort_stress,oracle_constraints,0.55,0.18,1,1,1,1,3,0,4.20614,0.83169,0.19773,4.76614,-0.02155,1.00000,1.00000,0.02037,0.06699,0.05475,0.13750,11,0,none,a0:collision_margin:32;a1:human_stop:37;a2:none:83
2,11180,combined_abort_stress_2_11180_0,combined_abort_stress,constraint_classifier,0.55,0.18,1,0,0,0,1,0,1.73306,0.82992,0.47888,1.73306,0.04637,0.33546,0.20154,0.16771,0.16671,0.20205,0.25750,11,0,none,a0:none:84
2,11180,combined_abort_stress_2_11180_0,combined_abort_stress,risk_filter_uncertainty,0.55,0.18,1,0,0,0,1,0,1.82919,0.82992,0.45371,1.82919,0.02983,0.32272,0.19241,0.12971,0.12664,0.14040,0.16062,11,0,none,a0:none:81
2,11180,combined_abort_stress_2_11180_0,combined_abort_stress,robust_barrier_mpc,0.55,0.18,1,0,0,0,1,0,1.90956,0.82992,0.43461,1.90956,0.04239,0.33981,0.20468,0.16008,0.16992,0.18259,0.25250,11,0,none,a0:none:87
2,11180,combined_abort_stress_2_11180_0,combined_abort_stress,conformal_abort_risk_filter,0.55,0.18,1,0,0,0,1,0,1.91927,0.82992,0.43241,1.91927,0.04751,0.37156,0.22817,0.12571,0.10333,0.14329,0.13875,11,0,none,a0:none:84
2,11180,combined_abort_stress_2_11180_0,combined_abort_stress,kernel_trace_constraint_classifier,0.55,0.18,1,0,0,0,1,0,2.25492,0.82992,0.36805,2.25492,0.03727,0.26819,0.15486,0.21981,0.21962,0.14209,0.30438,11,0,none,a0:none:92
2,11180,combined_abort_stress_2_11180_0,combined_abort_stress,particle_constraint_belief,0.55,0.18,1,0,0,0,1,0,2.08749,0.82992,0.39757,2.08749,0.04313,0.32337,0.19287,0.15128,0.15138,0.14805,0.22187,11,0,none,a0:none:88
2,11180,combined_abort_stress_2_11180_0,combined_abort_stress,abort_constraint_discovery_v5,0.55,0.18,0,1,1,1,5,1,7.05039,0.82992,0.04120,8.05039,-0.01422,0.42313,0.26833,0.19556,0.23405,1.00000,0.34187,11,0,no_path,a0:human_stop:59;a1:human_stop:62;a2:visible_collision:80;a3:unstable_slip:63;a4:no_path
2,11180,combined_abort_stress_2_11180_0,combined_abort_stress,oracle_constraints,0.55,0.18,1,0,0,0,1,0,1.91000,0.82992,0.43451,1.91000,0.03823,1.00000,1.00000,0.02436,0.08118,0.01179,0.13375,11,0,none,a0:none:81
2,11181,combined_abort_stress_2_11181_0,combined_abort_stress,constraint_classifier,0.55,0.18,1,0,0,0,1,0,2.17644,0.85036,0.39071,2.17644,0.01178,0.42137,0.26692,0.14966,0.16565,0.20082,0.27437,11,0,none,a0:none:88
2,11181,combined_abort_stress_2_11181_0,combined_abort_stress,risk_filter_uncertainty,0.55,0.18,1,0,0,0,1,0,2.41216,0.85036,0.35253,2.41216,0.01875,0.40275,0.25215,0.10955,0.08647,0.12517,0.13812,11,0,none,a0:none:88
2,11181,combined_abort_stress_2_11181_0,combined_abort_stress,robust_barrier_mpc,0.55,0.18,1,0,0,0,1,0,1.93579,0.85036,0.43928,1.93579,0.02423,0.38052,0.23496,0.14537,0.14100,0.17735,0.27563,11,0,none,a0:none:89
2,11181,combined_abort_stress_2_11181_0,combined_abort_stress,conformal_abort_risk_filter,0.55,0.18,1,0,0,0,1,0,2.22442,0.85036,0.38229,2.22442,0.01040,0.43823,0.28060,0.11225,0.08239,0.14722,0.13312,11,0,none,a0:none:88
2,11181,combined_abort_stress_2_11181_0,combined_abort_stress,kernel_trace_constraint_classifier,0.55,0.18,1,0,0,0,1,0,2.16676,0.85036,0.39246,2.16676,0.02306,0.35965,0.21925,0.18756,0.18014,0.13252,0.29250,11,0,none,a0:none:91
2,11181,combined_abort_stress_2_11181_0,combined_abort_stress,particle_constraint_belief,0.55,0.18,1,0,0,0,1,0,2.06457,0.85036,0.41188,2.06457,0.01527,0.40555,0.25435,0.13417,0.12481,0.15099,0.22562,11,0,none,a0:none:89
2,11181,combined_abort_stress_2_11181_0,combined_abort_stress,abort_constraint_discovery_v5,0.55,0.18,0,0,0,0,1,1,0.00000,0.85036,0.00000,0.12000,1.00000,0.47507,0.31154,0.15807,0.21402,1.00000,0.29125,11,0,no_path,a0:no_path
2,11181,combined_abort_stress_2_11181_0,combined_abort_stress,oracle_constraints,0.55,0.18,1,0,0,0,1,0,2.08512,0.85036,0.40782,2.08512,0.01583,1.00000,1.00000,0.01933,0.06384,0.01980,0.13500,11,0,none,a0:none:88
2,11182,combined_abort_stress_2_11182_0,combined_abort_stress,constraint_classifier,0.55,0.18,0,1,1,0,6,0,4.35477,0.89460,0.07190,5.67477,-0.03888,0.40063,0.25049,0.15276,0.18405,0.33395,0.27687,11,0,human_stop,a0:collision_margin:47;a1:human_stop:25;a2:human_stop:25;a3:human_stop:25;a4:human_stop:24;a5:human_stop:25
2,11182,combined_abort_stress_2_11182_0,combined_abort_stress,risk_filter_uncertainty,0.55,0.18,1,1,1,1,4,0,5.47832,0.89460,0.16330,6.31832,-0.01209,0.40969,0.25762,0.11224,0.10724,0.12564,0.16125,11,0,none,a0:fixture_snag:42;a1:human_stop:34;a2:collision_margin:42;a3:none:105
2,11182,combined_abort_stress_2_11182_0,combined_abort_stress,robust_barrier_mpc,0.55,0.18,1,1,0,1,2,0,3.74982,0.89460,0.23857,4.02982,-0.02567,0.38261,0.23656,0.13054,0.12390,0.17407,0.23688,11,0,none,a0:fixture_snag:51;a1:none:111
2,11182,combined_abort_stress_2_11182_0,combined_abort_stress,conformal_abort_risk_filter,0.55,0.18,0,1,1,1,6,0,4.45964,0.89460,0.07021,5.77964,-0.01972,0.40181,0.25141,0.11184,0.10621,0.21819,0.15438,11,0,human_stop,a0:visible_collision:31;a1:collision_margin:46;a2:human_stop:25;a3:human_stop:28;a4:human_stop:26;a5:human_stop:27
2,11182,combined_abort_stress_2_11182_0,combined_abort_stress,kernel_trace_constraint_classifier,0.55,0.18,1,0,0,0,1,0,2.33536,0.89460,0.38307,2.33536,0.03888,0.30194,0.17782,0.19536,0.19461,0.14370,0.29563,11,0,none,a0:none:113
2,11182,combined_abort_stress_2_11182_0,combined_abort_stress,particle_constraint_belief,0.55,0.18,1,0,0,0,1,0,2.58384,0.89460,0.34623,2.58384,0.03851,0.37786,0.23294,0.12752,0.12583,0.14918,0.20500,11,0,none,a0:none:112
2,11182,combined_abort_stress_2_11182_0,combined_abort_stress,abort_constraint_discovery_v5,0.55,0.18,1,0,0,0,1,0,2.45288,0.89460,0.36471,2.45288,0.04549,0.54690,0.37637,0.12829,0.19618,0.09352,0.27063,11,0,none,a0:none:101
2,11182,combined_abort_stress_2_11182_0,combined_abort_stress,oracle_constraints,0.55,0.18,1,1,1,1,6,0,5.42703,0.89460,0.16484,6.82703,0.00749,1.00000,1.00000,0.01854,0.06236,0.03083,0.12250,11,0,none,a0:visible_collision:27;a1:visible_collision:26;a2:visible_collision:24;a3:visible_collision:28;a4:visible_collision:23;a5:none:84
2,11183,combined_abort_stress_2_11183_0,combined_abort_stress,constraint_classifier,0.55,0.18,0,1,1,1,6,0,6.60245,0.85477,0.04531,7.92245,-0.02152,0.37947,0.23417,0.15772,0.18062,0.30029,0.27750,11,0,fixture_snag,a0:fixture_snag:55;a1:fixture_snag:48;a2:fixture_snag:49;a3:collision_margin:36;a4:visible_collision:15;a5:fixture_snag:48
2,11183,combined_abort_stress_2_11183_0,combined_abort_stress,risk_filter_uncertainty,0.55,0.18,0,1,1,1,6,0,7.71148,0.85477,0.03880,9.03148,-0.02679,0.40491,0.25385,0.11594,0.11354,0.16012,0.18125,11,0,fixture_snag,a0:fixture_snag:51;a1:collision_margin:48;a2:fixture_snag:51;a3:visible_collision:57;a4:collision_margin:46;a5:fixture_snag:60
2,11183,combined_abort_stress_2_11183_0,combined_abort_stress,robust_barrier_mpc,0.55,0.18,1,1,1,1,6,0,11.92280,0.85477,0.07169,13.32280,-0.01650,0.42945,0.27344,0.13930,0.15371,0.10926,0.28313,11,0,none,a0:visible_collision:70;a1:fixture_snag:69;a2:fixture_snag:70;a3:collision_margin:65;a4:fixture_snag:64;a5:none:120
2,11183,combined_abort_stress_2_11183_0,combined_abort_stress,conformal_abort_risk_filter,0.55,0.18,1,1,1,1,5,0,7.22399,0.85477,0.11832,8.34399,-0.01521,0.41290,0.26016,0.11422,0.09775,0.15613,0.16625,11,0,none,a0:fixture_snag:53;a1:fixture_snag:45;a2:fixture_snag:48;a3:collision_margin:44;a4:none:111
2,11183,combined_abort_stress_2_11183_0,combined_abort_stress,kernel_trace_constraint_classifier,0.55,0.18,1,1,1,1,3,0,6.80342,0.85477,0.12564,7.36342,-0.00671,0.33753,0.20303,0.22129,0.24097,0.12053,0.37188,11,0,none,a0:fixture_snag:56;a1:unstable_slip:81;a2:none:120
2,11183,combined_abort_stress_2_11183_0,combined_abort_stress,particle_constraint_belief,0.55,0.18,1,1,1,1,4,0,8.08786,0.85477,0.10569,8.92786,-0.02277,0.39664,0.24738,0.14269,0.14911,0.11665,0.24750,11,0,none,a0:fixture_snag:59;a1:human_stop:53;a2:collision_margin:63;a3:none:120
2,11183,combined_abort_stress_2_11183_0,combined_abort_stress,abort_constraint_discovery_v5,0.55,0.18,0,0,0,0,1,1,0.00000,0.85477,0.00000,0.12000,1.00000,0.44444,0.28571,0.15153,0.19530,1.00000,0.26937,11,0,no_path,a0:no_path
2,11183,combined_abort_stress_2_11183_0,combined_abort_stress,oracle_constraints,0.55,0.18,1,0,0,0,1,0,2.53442,0.85477,0.33727,2.53442,0.03884,1.00000,1.00000,0.01966,0.06626,0.01416,0.12437,11,0,none,a0:none:106
2,11184,combined_abort_stress_2_11184_0,combined_abort_stress,constraint_classifier,0.55,0.18,1,0,0,0,1,0,2.14040,0.86233,0.40288,2.14040,0.04263,0.33157,0.19873,0.16508,0.17566,0.22726,0.22687,11,0,none,a0:none:89
2,11184,combined_abort_stress_2_11184_0,combined_abort_stress,risk_filter_uncertainty,0.55,0.18,1,1,1,1,5,0,5.51583,0.86233,0.15634,6.63583,-0.00993,0.35319,0.21447,0.12811,0.13797,0.23229,0.16625,11,0,none,a0:visible_collision:35;a1:fixture_snag:44;a2:collision_margin:32;a3:collision_margin:35;a4:none:90
2,11184,combined_abort_stress_2_11184_0,combined_abort_stress,robust_barrier_mpc,0.55,0.18,1,0,0,0,1,0,1.98252,0.86233,0.43497,1.98252,0.02586,0.31915,0.18987,0.15921,0.17354,0.16727,0.22500,11,0,none,a0:none:94
2,11184,combined_abort_stress_2_11184_0,combined_abort_stress,conformal_abort_risk_filter,0.55,0.18,1,0,0,0,1,0,2.08503,0.86233,0.41358,2.08503,0.02685,0.37164,0.22823,0.12428,0.11444,0.15878,0.12812,11,0,none,a0:none:89
2,11184,combined_abort_stress_2_11184_0,combined_abort_stress,kernel_trace_constraint_classifier,0.55,0.18,1,0,0,0,1,0,2.32161,0.86233,0.37144,2.32161,0.03155,0.27469,0.15921,0.20873,0.22199,0.15014,0.27750,11,0,none,a0:none:100
2,11184,combined_abort_stress_2_11184_0,combined_abort_stress,particle_constraint_belief,0.55,0.18,1,0,0,0,1,0,2.26974,0.86233,0.37992,2.26974,0.03364,0.34902,0.21140,0.14781,0.15821,0.17210,0.19125,11,0,none,a0:none:90
2,11184,combined_abort_stress_2_11184_0,combined_abort_stress,abort_constraint_discovery_v5,0.55,0.18,0,0,0,0,1,1,0.00000,0.86233,0.00000,0.12000,1.00000,0.38202,0.23611,0.15547,0.14497,1.00000,0.20625,11,0,no_path,a0:no_path
2,11184,combined_abort_stress_2_11184_0,combined_abort_stress,oracle_constraints,0.55,0.18,1,0,0,0,1,0,2.08300,0.86233,0.41399,2.08300,0.04315,1.00000,1.00000,0.02102,0.06994,0.01300,0.12750,11,0,none,a0:none:89
2,11185,combined_abort_stress_2_11185_0,combined_abort_stress,constraint_classifier,0.55,0.18,1,0,0,0,1,0,1.89724,0.83524,0.44024,1.89724,0.02037,0.33657,0.20233,0.17031,0.16083,0.21161,0.24750,11,0,none,a0:none:81
2,11185,combined_abort_stress_2_11185_0,combined_abort_stress,risk_filter_uncertainty,0.55,0.18,1,0,0,0,1,0,2.02105,0.83524,0.41327,2.02105,0.01750,0.31209,0.18490,0.12701,0.09921,0.13145,0.14563,11,0,none,a0:none:80
2,11185,combined_abort_stress_2_11185_0,combined_abort_stress,robust_barrier_mpc,0.55,0.18,1,0,0,0,1,0,1.94116,0.83524,0.43028,1.94116,0.00259,0.33164,0.19878,0.16098,0.16361,0.16339,0.23062,11,0,none,a0:none:81
2,11185,combined_abort_stress_2_11185_0,combined_abort_stress,conformal_abort_risk_filter,0.55,0.18,1,0,0,0,1,0,1.77444,0.83524,0.47070,1.77444,0.00610,0.35294,0.21429,0.12880,0.09735,0.15471,0.13750,11,0,none,a0:none:81
2,11185,combined_abort_stress_2_11185_0,combined_abort_stress,kernel_trace_constraint_classifier,0.55,0.18,1,0,0,0,1,0,2.10648,0.83524,0.39651,2.10648,0.01990,0.28050,0.16313,0.21854,0.22188,0.14787,0.30688,11,0,none,a0:none:84
2,11185,combined_abort_stress_2_11185_0,combined_abort_stress,particle_constraint_belief,0.55,0.18,1,0,0,0,1,0,1.75086,0.83524,0.47704,1.75086,0.00436,0.35229,0.21381,0.15116,0.13974,0.15813,0.20187,11,0,none,a0:none:82
2,11185,combined_abort_stress_2_11185_0,combined_abort_stress,abort_constraint_discovery_v5,0.55,0.18,0,0,0,0,1,1,0.00000,0.83524,0.00000,0.12000,1.00000,0.39000,0.24224,0.17148,0.16244,1.00000,0.23625,11,0,no_path,a0:no_path
2,11185,combined_abort_stress_2_11185_0,combined_abort_stress,oracle_constraints,0.55,0.18,1,1,0,0,2,0,2.87635,0.83524,0.29038,3.15635,-0.00472,1.00000,1.00000,0.02269,0.07503,0.02852,0.13875,11,0,none,a0:fixture_snag:36;a1:none:80
2,11186,combined_abort_stress_2_11186_0,combined_abort_stress,constraint_classifier,0.55,0.18,1,0,0,0,1,0,2.77259,0.84796,0.30584,2.77259,0.01614,0.47857,0.31455,0.12405,0.12359,0.08047,0.21313,11,0,none,a0:none:111
2,11186,combined_abort_stress_2_11186_0,combined_abort_stress,risk_filter_uncertainty,0.55,0.18,0,1,1,1,6,0,6.25442,0.84796,0.04745,7.57442,-0.01145,0.49573,0.32955,0.10001,0.08441,0.20149,0.15563,11,0,fixture_snag,a0:collision_margin:37;a1:human_stop:34;a2:fixture_snag:51;a3:collision_margin:38;a4:fixture_snag:49;a5:fixture_snag:44
2,11186,combined_abort_stress_2_11186_0,combined_abort_stress,robust_barrier_mpc,0.55,0.18,1,0,0,0,1,0,3.09479,0.84796,0.27400,3.09479,0.01536,0.43590,0.27869,0.12070,0.09384,0.05969,0.20438,11,0,none,a0:none:118
2,11186,combined_abort_stress_2_11186_0,combined_abort_stress,conformal_abort_risk_filter,0.55,0.18,0,1,1,1,6,0,5.37982,0.84796,0.05517,6.69982,-0.02933,0.43687,0.27949,0.12029,0.10291,0.23097,0.17500,11,0,human_stop,a0:visible_collision:83;a1:visible_collision:24;a2:collision_margin:38;a3:human_stop:29;a4:human_stop:25;a5:human_stop:26
2,11186,combined_abort_stress_2_11186_0,combined_abort_stress,kernel_trace_constraint_classifier,0.55,0.18,1,1,0,1,2,0,3.13464,0.84796,0.27051,3.41464,0.02250,0.36632,0.22423,0.17991,0.16647,0.06050,0.28625,11,0,none,a0:visible_collision:25;a1:none:115
2,11186,combined_abort_stress_2_11186_0,combined_abort_stress,particle_constraint_belief,0.55,0.18,1,0,0,0,1,0,2.81997,0.84796,0.30070,2.81997,0.00263,0.47465,0.31117,0.10797,0.08333,0.05347,0.17125,11,0,none,a0:none:116
2,11186,combined_abort_stress_2_11186_0,combined_abort_stress,abort_constraint_discovery_v5,0.55,0.18,1,0,0,0,1,0,3.21268,0.84796,0.26394,3.21268,0.02472,0.38291,0.23679,0.16536,0.15283,0.08949,0.22875,11,0,none,a0:none:120
2,11186,combined_abort_stress_2_11186_0,combined_abort_stress,oracle_constraints,0.55,0.18,1,1,1,1,4,0,8.50299,0.84796,0.09972,9.34299,0.01294,1.00000,1.00000,0.02070,0.06899,0.01868,0.13687,11,0,none,a0:visible_collision:82;a1:visible_collision:78;a2:visible_collision:80;a3:none:106
2,11187,combined_abort_stress_2_11187_0,combined_abort_stress,constraint_classifier,0.55,0.18,1,1,0,1,2,0,2.66358,0.85157,0.31971,2.94358,-0.00667,0.31773,0.18887,0.16445,0.18272,0.29387,0.24875,11,0,none,a0:collision_margin:30;a1:none:82
2,11187,combined_abort_stress_2_11187_0,combined_abort_stress,risk_filter_uncertainty,0.55,0.18,1,0,0,0,1,0,1.66479,0.85157,0.51152,1.66479,0.02914,0.28218,0.16427,0.12036,0.09636,0.14120,0.12750,11,0,none,a0:none:85
2,11187,combined_abort_stress_2_11187_0,combined_abort_stress,robust_barrier_mpc,0.55,0.18,1,0,0,0,1,0,2.09289,0.85157,0.40689,2.09289,0.00664,0.27719,0.16090,0.15205,0.14475,0.15064,0.23125,11,0,none,a0:none:89
2,11187,combined_abort_stress_2_11187_0,combined_abort_stress,conformal_abort_risk_filter,0.55,0.18,1,1,0,1,2,0,2.65122,0.85157,0.32120,2.93122,-0.00874,0.31026,0.18362,0.12030,0.09962,0.19967,0.13687,11,0,none,a0:collision_margin:28;a1:none:82
2,11187,combined_abort_stress_2_11187_0,combined_abort_stress,kernel_trace_constraint_classifier,0.55,0.18,1,0,0,0,1,0,2.10217,0.85157,0.40509,2.10217,0.03798,0.22693,0.12799,0.20205,0.19562,0.16670,0.28813,11,0,none,a0:none:93
2,11187,combined_abort_stress_2_11187_0,combined_abort_stress,particle_constraint_belief,0.55,0.18,1,0,0,0,1,0,1.74870,0.85157,0.48698,1.74870,0.04065,0.27680,0.16063,0.14198,0.12923,0.15538,0.19562,11,0,none,a0:none:83
2,11187,combined_abort_stress_2_11187_0,combined_abort_stress,abort_constraint_discovery_v5,0.55,0.18,1,0,0,0,1,0,1.87863,0.85157,0.45330,1.87863,0.01547,0.33616,0.20204,0.18204,0.17796,0.03198,0.24313,11,0,none,a0:none:82
2,11187,combined_abort_stress_2_11187_0,combined_abort_stress,oracle_constraints,0.55,0.18,1,1,1,1,4,0,5.01407,0.85157,0.16984,5.85407,0.02570,1.00000,1.00000,0.02083,0.06898,0.00791,0.12500,11,0,none,a0:visible_collision:39;a1:visible_collision:50;a2:visible_collision:44;a3:none:82
3,11180,combined_abort_stress_3_11180_0,combined_abort_stress,constraint_classifier,0.55,0.18,1,0,0,0,1,0,2.35130,0.87329,0.37141,2.35130,0.01020,0.41132,0.25891,0.13213,0.11442,0.07687,0.19375,11,0,none,a0:none:109
3,11180,combined_abort_stress_3_11180_0,combined_abort_stress,risk_filter_uncertainty,0.55,0.18,0,1,1,1,6,0,5.86559,0.87329,0.05211,7.18559,-0.02955,0.38228,0.23631,0.11108,0.08043,0.18238,0.13062,11,0,fixture_snag,a0:human_stop:32;a1:fixture_snag:53;a2:fixture_snag:39;a3:fixture_snag:35;a4:fixture_snag:37;a5:fixture_snag:48
3,11180,combined_abort_stress_3_11180_0,combined_abort_stress,robust_barrier_mpc,0.55,0.18,1,0,0,0,1,0,2.71132,0.87329,0.32209,2.71132,0.00989,0.38388,0.23753,0.12927,0.10146,0.06747,0.18812,11,0,none,a0:none:110
3,11180,combined_abort_stress_3_11180_0,combined_abort_stress,conformal_abort_risk_filter,0.55,0.18,1,0,0,0,1,0,2.53957,0.87329,0.34387,2.53957,0.01422,0.39394,0.24528,0.10748,0.05264,0.06537,0.11000,11,0,none,a0:none:109
3,11180,combined_abort_stress_3_11180_0,combined_abort_stress,kernel_trace_constraint_classifier,0.55,0.18,1,0,0,0,1,0,2.61307,0.87329,0.33420,2.61307,0.01969,0.33333,0.20000,0.17146,0.13878,0.04896,0.23000,11,0,none,a0:none:110
3,11180,combined_abort_stress_3_11180_0,combined_abort_stress,particle_constraint_belief,0.55,0.18,1,0,0,0,1,0,2.68855,0.87329,0.32482,2.68855,0.01225,0.38763,0.24041,0.11932,0.08235,0.04501,0.16562,11,0,none,a0:none:112
3,11180,combined_abort_stress_3_11180_0,combined_abort_stress,abort_constraint_discovery_v5,0.55,0.18,1,1,0,1,2,0,4.76186,0.87329,0.18339,5.04186,0.00375,0.39779,0.24828,0.15706,0.15558,0.13341,0.20187,11,0,none,a0:visible_collision:87;a1:none:110
3,11180,combined_abort_stress_3_11180_0,combined_abort_stress,oracle_constraints,0.55,0.18,1,0,0,0,1,0,2.48846,0.87329,0.35094,2.48846,0.02327,1.00000,1.00000,0.02149,0.07070,0.01791,0.13750,11,0,none,a0:none:105
3,11181,combined_abort_stress_3_11181_0,combined_abort_stress,constraint_classifier,0.55,0.18,1,0,0,0,1,0,1.93368,0.83499,0.43181,1.93368,0.02585,0.29173,0.17078,0.17782,0.16401,0.15317,0.24125,11,0,none,a0:none:82
3,11181,combined_abort_stress_3_11181_0,combined_abort_stress,risk_filter_uncertainty,0.55,0.18,1,1,1,1,4,0,4.33927,0.83499,0.19243,5.17927,-0.02643,0.33761,0.20308,0.13599,0.09423,0.21228,0.14813,11,0,none,a0:fixture_snag:36;a1:fixture_snag:32;a2:fixture_snag:32;a3:none:82
3,11181,combined_abort_stress_3_11181_0,combined_abort_stress,robust_barrier_mpc,0.55,0.18,1,0,0,0,1,0,2.13281,0.83499,0.39150,2.13281,0.00168,0.29116,0.17039,0.16801,0.16699,0.13052,0.21625,11,0,none,a0:none:84
3,11181,combined_abort_stress_3_11181_0,combined_abort_stress,conformal_abort_risk_filter,0.55,0.18,1,0,0,0,1,0,1.85333,0.83499,0.45053,1.85333,0.02101,0.32420,0.19346,0.13677,0.11022,0.11297,0.12937,11,0,none,a0:none:82
3,11181,combined_abort_stress_3_11181_0,combined_abort_stress,kernel_trace_constraint_classifier,0.55,0.18,1,0,0,0,1,0,2.15715,0.83499,0.38708,2.15715,0.02111,0.25406,0.14552,0.22787,0.22450,0.09831,0.27875,11,0,none,a0:none:84
3,11181,combined_abort_stress_3_11181_0,combined_abort_stress,particle_constraint_belief,0.55,0.18,0,1,1,1,6,0,5.16063,0.83499,0.05663,6.48063,-0.02988,0.29452,0.17269,0.16852,0.17017,0.27944,0.22062,11,0,fixture_snag,a0:fixture_snag:42;a1:fixture_snag:32;a2:fixture_snag:33;a3:fixture_snag:30;a4:fixture_snag:31;a5:fixture_snag:29
3,11181,combined_abort_stress_3_11181_0,combined_abort_stress,abort_constraint_discovery_v5,0.55,0.18,0,0,0,0,1,1,0.00000,0.83499,0.00000,0.12000,1.00000,0.33061,0.19804,0.19846,0.18352,1.00000,0.23750,11,0,no_path,a0:no_path
3,11181,combined_abort_stress_3_11181_0,combined_abort_stress,oracle_constraints,0.55,0.18,1,0,0,0,1,0,1.79054,0.83499,0.46633,1.79054,0.02312,1.00000,1.00000,0.02241,0.07313,0.02013,0.14438,11,0,none,a0:none:82
3,11182,combined_abort_stress_3_11182_0,combined_abort_stress,constraint_classifier,0.55,0.18,1,1,0,0,2,0,3.33649,0.84352,0.25282,3.61649,-0.00516,0.40416,0.25326,0.15846,0.15829,0.18288,0.27875,11,0,none,a0:fixture_snag:39;a1:none:101
3,11182,combined_abort_stress_3_11182_0,combined_abort_stress,risk_filter_uncertainty,0.55,0.18,1,1,1,1,5,0,7.76411,0.84352,0.10864,8.88411,-0.01844,0.50000,0.33333,0.10636,0.09718,0.13284,0.17313,11,0,none,a0:unstable_slip:88;a1:force_limit:49;a2:fixture_snag:38;a3:human_stop:39;a4:none:113
3,11182,combined_abort_stress_3_11182_0,combined_abort_stress,robust_barrier_mpc,0.55,0.18,0,1,1,1,6,0,6.61388,0.84352,0.04464,7.93388,-0.02468,0.41074,0.25845,0.14237,0.13014,0.25977,0.25375,11,0,fixture_snag,a0:fixture_snag:52;a1:fixture_snag:43;a2:fixture_snag:45;a3:fixture_snag:43;a4:fixture_snag:41;a5:fixture_snag:41
3,11182,combined_abort_stress_3_11182_0,combined_abort_stress,conformal_abort_risk_filter,0.55,0.18,1,0,0,0,1,0,2.62546,0.84352,0.32128,2.62546,0.00576,0.39910,0.24930,0.11564,0.07285,0.13428,0.13687,11,0,none,a0:none:102
3,11182,combined_abort_stress_3_11182_0,combined_abort_stress,kernel_trace_constraint_classifier,0.55,0.18,1,0,0,0,1,0,2.78569,0.84352,0.30281,2.78569,0.00394,0.29830,0.17529,0.20445,0.18842,0.13065,0.29812,11,0,none,a0:none:103
3,11182,combined_abort_stress_3_11182_0,combined_abort_stress,particle_constraint_belief,0.55,0.18,1,0,0,0,1,0,2.25590,0.84352,0.37392,2.25590,0.00629,0.39640,0.24719,0.13508,0.10756,0.13817,0.20500,11,0,none,a0:none:103
3,11182,combined_abort_stress_3_11182_0,combined_abort_stress,abort_constraint_discovery_v5,0.55,0.18,0,1,1,1,5,1,6.01914,0.84352,0.04905,7.01914,-0.01552,0.46791,0.30541,0.18120,0.23166,1.00000,0.32562,11,0,no_path,a0:visible_collision:53;a1:visible_collision:48;a2:force_limit:83;a3:force_limit:59;a4:no_path
3,11182,combined_abort_stress_3_11182_0,combined_abort_stress,oracle_constraints,0.55,0.18,1,0,0,0,1,0,2.57324,0.84352,0.32781,2.57324,0.01757,1.00000,1.00000,0.02233,0.07353,0.02915,0.14188,11,0,none,a0:none:107
3,11183,combined_abort_stress_3_11183_0,combined_abort_stress,constraint_classifier,0.55,0.18,1,0,0,0,1,0,2.18289,0.84994,0.38937,2.18289,0.03393,0.36476,0.22306,0.16781,0.16709,0.22462,0.26750,11,0,none,a0:none:98
3,11183,combined_abort_stress_3_11183_0,combined_abort_stress,risk_filter_uncertainty,0.55,0.18,1,0,0,0,1,0,2.39476,0.84994,0.35492,2.39476,0.03738,0.38938,0.24176,0.11948,0.10599,0.13466,0.14563,11,0,none,a0:none:94
3,11183,combined_abort_stress_3_11183_0,combined_abort_stress,robust_barrier_mpc,0.55,0.18,1,0,0,0,1,0,2.44217,0.84994,0.34803,2.44217,0.03803,0.37128,0.22796,0.14755,0.14975,0.16307,0.22000,11,0,none,a0:none:103
3,11183,combined_abort_stress_3_11183_0,combined_abort_stress,conformal_abort_risk_filter,0.55,0.18,1,0,0,0,1,0,2.30828,0.84994,0.36822,2.30828,0.03925,0.39316,0.24468,0.12403,0.09392,0.16136,0.15563,11,0,none,a0:none:98
3,11183,combined_abort_stress_3_11183_0,combined_abort_stress,kernel_trace_constraint_classifier,0.55,0.18,1,0,0,0,1,0,2.22288,0.84994,0.38236,2.22288,0.04109,0.31536,0.18720,0.22331,0.23474,0.19256,0.32688,11,0,none,a0:none:103
3,11183,combined_abort_stress_3_11183_0,combined_abort_stress,particle_constraint_belief,0.55,0.18,1,0,0,0,1,0,2.37114,0.84994,0.35845,2.37114,0.04404,0.38732,0.24017,0.14443,0.14088,0.16677,0.21813,11,0,none,a0:none:103
3,11183,combined_abort_stress_3_11183_0,combined_abort_stress,abort_constraint_discovery_v5,0.55,0.18,0,0,0,0,1,1,0.00000,0.84994,0.00000,0.12000,1.00000,0.39399,0.24532,0.17629,0.18204,1.00000,0.23750,11,0,no_path,a0:no_path
3,11183,combined_abort_stress_3_11183_0,combined_abort_stress,oracle_constraints,0.55,0.18,1,0,0,0,1,0,1.95854,0.84994,0.43397,1.95854,0.03497,1.00000,1.00000,0.02237,0.07446,0.01096,0.13687,11,0,none,a0:none:90
3,11184,combined_abort_stress_3_11184_0,combined_abort_stress,constraint_classifier,0.55,0.18,0,1,1,1,6,0,6.39724,0.82989,0.04540,7.71724,-0.01511,0.34435,0.20799,0.18813,0.19851,0.30247,0.31875,11,0,collision_margin,a0:fixture_snag:69;a1:collision_margin:37;a2:fixture_snag:50;a3:collision_margin:39;a4:fixture_snag:37;a5:collision_margin:38
3,11184,combined_abort_stress_3_11184_0,combined_abort_stress,risk_filter_uncertainty,0.55,0.18,1,1,1,1,6,0,7.59945,0.82989,0.10920,8.99945,-0.02118,0.38800,0.24069,0.12443,0.11725,0.15653,0.17750,11,0,none,a0:collision_margin:41;a1:fixture_snag:33;a2:fixture_snag:44;a3:unstable_slip:50;a4:fixture_snag:35;a5:none:104
3,11184,combined_abort_stress_3_11184_0,combined_abort_stress,robust_barrier_mpc,0.55,0.18,1,1,0,0,2,0,4.76659,0.82989,0.17411,5.04659,-0.00284,0.37003,0.22702,0.15602,0.16193,0.17645,0.27375,11,0,none,a0:fixture_snag:82;a1:none:115
3,11184,combined_abort_stress_3_11184_0,combined_abort_stress,conformal_abort_risk_filter,0.55,0.18,0,1,1,1,6,0,6.74056,0.82989,0.04309,8.06056,-0.02751,0.35225,0.21378,0.13035,0.10960,0.22130,0.18438,11,0,fixture_snag,a0:fixture_snag:69;a1:collision_margin:40;a2:human_stop:50;a3:collision_margin:40;a4:collision_margin:40;a5:fixture_snag:33
3,11184,combined_abort_stress_3_11184_0,combined_abort_stress,kernel_trace_constraint_classifier,0.55,0.18,1,1,1,1,3,0,5.41233,0.82989,0.15333,5.97233,-0.02103,0.29136,0.17052,0.25073,0.25043,0.18519,0.37125,11,0,none,a0:fixture_snag:71;a1:collision_margin:35;a2:none:114
3,11184,combined_abort_stress_3_11184_0,combined_abort_stress,particle_constraint_belief,0.55,0.18,1,1,1,1,3,0,7.29291,0.82989,0.11379,7.85291,-0.00804,0.32191,0.19183,0.17320,0.18526,0.18711,0.28437,11,0,none,a0:visible_collision:103;a1:fixture_snag:77;a2:none:114
3,11184,combined_abort_stress_3_11184_0,combined_abort_stress,abort_constraint_discovery_v5,0.55,0.18,1,0,0,0,1,0,4.23535,0.82989,0.19594,4.23535,0.01008,0.47516,0.31161,0.15149,0.17889,0.06220,0.26750,11,0,none,a0:none:120
3,11184,combined_abort_stress_3_11184_0,combined_abort_stress,oracle_constraints,0.55,0.18,1,0,0,0,1,0,2.01507,0.82989,0.41184,2.01507,0.03310,1.00000,1.00000,0.02193,0.07273,0.03649,0.13500,11,0,none,a0:none:81
3,11185,combined_abort_stress_3_11185_0,combined_abort_stress,constraint_classifier,0.55,0.18,0,1,1,1,6,0,4.36537,0.85142,0.06826,5.68537,-0.01337,0.44218,0.28384,0.13556,0.17672,0.33305,0.24875,11,0,collision_margin,a0:collision_margin:49;a1:human_stop:25;a2:human_stop:23;a3:human_stop:26;a4:collision_margin:25;a5:collision_margin:28
3,11185,combined_abort_stress_3_11185_0,combined_abort_stress,risk_filter_uncertainty,0.55,0.18,0,1,1,1,6,0,5.23391,0.85142,0.05694,6.55391,-0.01762,0.43165,0.27523,0.10044,0.09964,0.24383,0.14188,11,0,collision_margin,a0:collision_margin:42;a1:collision_margin:28;a2:collision_margin:40;a3:collision_margin:30;a4:collision_margin:29;a5:collision_margin:26
3,11185,combined_abort_stress_3_11185_0,combined_abort_stress,robust_barrier_mpc,0.55,0.18,1,1,0,1,2,0,3.82103,0.85142,0.22282,4.10103,-0.00812,0.36749,0.22511,0.13438,0.13410,0.12155,0.23500,11,0,none,a0:collision_margin:48;a1:none:118
3,11185,combined_abort_stress_3_11185_0,combined_abort_stress,conformal_abort_risk_filter,0.55,0.18,0,1,1,1,6,0,4.40255,0.85142,0.06769,5.72255,-0.04767,0.46078,0.29936,0.09689,0.09486,0.20843,0.13625,11,0,human_stop,a0:collision_margin:47;a1:human_stop:24;a2:collision_margin:27;a3:collision_margin:26;a4:collision_margin:27;a5:human_stop:24
3,11185,combined_abort_stress_3_11185_0,combined_abort_stress,kernel_trace_constraint_classifier,0.55,0.18,0,1,1,1,6,0,9.53019,0.85142,0.03127,10.85019,-0.02247,0.32494,0.19399,0.24404,0.28723,0.12901,0.42750,11,0,visible_collision,a0:collision_margin:52;a1:visible_collision:93;a2:force_limit:81;a3:human_stop:27;a4:collision_margin:49;a5:visible_collision:98
3,11185,combined_abort_stress_3_11185_0,combined_abort_stress,particle_constraint_belief,0.55,0.18,1,1,0,0,2,0,3.82028,0.85142,0.22287,4.10028,-0.00487,0.41473,0.26161,0.12132,0.12941,0.12472,0.20375,11,0,none,a0:collision_margin:48;a1:none:120
3,11185,combined_abort_stress_3_11185_0,combined_abort_stress,abort_constraint_discovery_v5,0.55,0.18,0,1,0,1,2,1,1.45148,0.85142,0.20530,1.79148,-0.01000,0.38394,0.23758,0.15257,0.15164,1.00000,0.23938,11,0,no_path,a0:collision_margin:61;a1:no_path
3,11185,combined_abort_stress_3_11185_0,combined_abort_stress,oracle_constraints,0.55,0.18,0,1,1,1,6,0,11.06128,0.85142,0.02694,12.38128,-0.00569,1.00000,1.00000,0.01761,0.05779,0.01781,0.11875,11,0,visible_collision,a0:visible_collision:80;a1:fixture_snag:48;a2:visible_collision:82;a3:visible_collision:80;a4:visible_collision:84;a5:visible_collision:81
3,11186,combined_abort_stress_3_11186_0,combined_abort_stress,constraint_classifier,0.55,0.18,1,0,0,0,1,0,1.74951,0.84794,0.48467,1.74951,0.03766,0.32626,0.19493,0.16922,0.16228,0.21140,0.24438,11,0,none,a0:none:82
3,11186,combined_abort_stress_3_11186_0,combined_abort_stress,risk_filter_uncertainty,0.55,0.18,1,0,0,0,1,0,1.81455,0.84794,0.46730,1.81455,0.03182,0.33962,0.20455,0.12396,0.07604,0.14253,0.12625,11,0,none,a0:none:80
3,11186,combined_abort_stress_3_11186_0,combined_abort_stress,robust_barrier_mpc,0.55,0.18,1,0,0,0,1,0,2.01406,0.84794,0.42101,2.01406,0.03910,0.31773,0.18887,0.16098,0.15644,0.16204,0.23500,11,0,none,a0:none:83
3,11186,combined_abort_stress_3_11186_0,combined_abort_stress,conformal_abort_risk_filter,0.55,0.18,1,0,0,0,1,0,1.91535,0.84794,0.44271,1.91535,0.02569,0.31724,0.18852,0.12941,0.09600,0.14899,0.13312,11,0,none,a0:none:82
3,11186,combined_abort_stress_3_11186_0,combined_abort_stress,kernel_trace_constraint_classifier,0.55,0.18,1,0,0,0,1,0,2.17782,0.84794,0.38935,2.17782,0.03309,0.28442,0.16578,0.21275,0.20639,0.16010,0.27437,11,0,none,a0:none:94
3,11186,combined_abort_stress_3_11186_0,combined_abort_stress,particle_constraint_belief,0.55,0.18,1,0,0,0,1,0,1.88034,0.84794,0.45095,1.88034,0.02949,0.32222,0.19205,0.15229,0.14628,0.17592,0.19875,11,0,none,a0:none:82
3,11186,combined_abort_stress_3_11186_0,combined_abort_stress,abort_constraint_discovery_v5,0.55,0.18,0,1,1,1,5,1,14.89580,0.84794,0.01992,15.89580,-0.01579,0.41240,0.25976,0.21219,0.25504,1.00000,0.38562,11,0,no_path,a0:unstable_slip:120;a1:visible_collision:120;a2:human_stop:120;a3:unstable_slip:120;a4:no_path
3,11186,combined_abort_stress_3_11186_0,combined_abort_stress,oracle_constraints,0.55,0.18,1,0,0,0,1,0,1.87158,0.84794,0.45306,1.87158,0.04472,1.00000,1.00000,0.02153,0.07254,0.00814,0.13875,11,0,none,a0:none:80
3,11187,combined_abort_stress_3_11187_0,combined_abort_stress,constraint_classifier,0.55,0.18,1,0,0,0,1,0,2.12947,0.84407,0.39638,2.12947,0.02035,0.37872,0.23359,0.16359,0.16501,0.14398,0.25875,11,0,none,a0:none:92
3,11187,combined_abort_stress_3_11187_0,combined_abort_stress,risk_filter_uncertainty,0.55,0.18,0,1,1,1,6,0,5.57321,0.84407,0.05301,6.89321,-0.03000,0.43089,0.27461,0.12145,0.09019,0.25538,0.16687,11,0,fixture_snag,a0:fixture_snag:41;a1:force_limit:42;a2:fixture_snag:36;a3:fixture_snag:38;a4:fixture_snag:33;a5:fixture_snag:32
3,11187,combined_abort_stress_3_11187_0,combined_abort_stress,robust_barrier_mpc,0.55,0.18,1,0,0,0,1,0,2.28369,0.84407,0.36961,2.28369,0.01790,0.37417,0.23014,0.15386,0.16124,0.13979,0.23688,11,0,none,a0:none:94
3,11187,combined_abort_stress_3_11187_0,combined_abort_stress,conformal_abort_risk_filter,0.55,0.18,1,0,0,0,1,0,2.28306,0.84407,0.36971,2.28306,0.02751,0.40181,0.25141,0.12429,0.10033,0.10715,0.13625,11,0,none,a0:none:92
3,11187,combined_abort_stress_3_11187_0,combined_abort_stress,kernel_trace_constraint_classifier,0.55,0.18,1,0,0,0,1,0,2.26617,0.84407,0.37247,2.26617,0.01931,0.30748,0.18167,0.21458,0.22414,0.09291,0.31062,11,0,none,a0:none:94
3,11187,combined_abort_stress_3_11187_0,combined_abort_stress,particle_constraint_belief,0.55,0.18,1,0,0,0,1,0,2.40507,0.84407,0.35096,2.40507,0.02544,0.38011,0.23465,0.14658,0.15481,0.10603,0.21125,11,0,none,a0:none:94
3,11187,combined_abort_stress_3_11187_0,combined_abort_stress,abort_constraint_discovery_v5,0.55,0.18,0,0,0,0,1,1,0.00000,0.84407,0.00000,0.12000,1.00000,0.41379,0.26087,0.16823,0.16806,1.00000,0.24000,11,0,no_path,a0:no_path
3,11187,combined_abort_stress_3_11187_0,combined_abort_stress,oracle_constraints,0.55,0.18,1,0,0,0,1,0,1.94060,0.84407,0.43496,1.94060,0.00913,1.00000,1.00000,0.02188,0.07235,0.02434,0.14062,11,0,none,a0:none:78
4,11180,combined_abort_stress_4_11180_0,combined_abort_stress,constraint_classifier,0.55,0.18,1,0,0,0,1,0,2.40537,0.84980,0.35329,2.40537,0.02982,0.39474,0.24590,0.15792,0.14311,0.17437,0.23250,11,0,none,a0:none:103
4,11180,combined_abort_stress_4_11180_0,combined_abort_stress,risk_filter_uncertainty,0.55,0.18,1,1,0,1,2,0,3.38153,0.84980,0.25131,3.66153,-0.00647,0.38512,0.23848,0.12483,0.08555,0.13270,0.13812,11,0,none,a0:collision_margin:32;a1:none:100
4,11180,combined_abort_stress_4_11180_0,combined_abort_stress,robust_barrier_mpc,0.55,0.18,1,0,0,0,1,0,2.57752,0.84980,0.32970,2.57752,0.03121,0.42341,0.26856,0.14704,0.15314,0.14763,0.21563,11,0,none,a0:none:109
4,11180,combined_abort_stress_4_11180_0,combined_abort_stress,conformal_abort_risk_filter,0.55,0.18,1,0,0,0,1,0,2.44392,0.84980,0.34772,2.44392,0.03593,0.38411,0.23770,0.12379,0.08564,0.12979,0.13562,11,0,none,a0:none:103
4,11180,combined_abort_stress_4_11180_0,combined_abort_stress,kernel_trace_constraint_classifier,0.55,0.18,1,0,0,0,1,0,2.67969,0.84980,0.31712,2.67969,0.02584,0.33663,0.20238,0.20896,0.20728,0.14252,0.29437,11,0,none,a0:none:106
4,11180,combined_abort_stress_4_11180_0,combined_abort_stress,particle_constraint_belief,0.55,0.18,1,0,0,0,1,0,2.57258,0.84980,0.33033,2.57258,0.03789,0.41429,0.26126,0.14556,0.14243,0.14075,0.20250,11,0,none,a0:none:107
4,11180,combined_abort_stress_4_11180_0,combined_abort_stress,abort_constraint_discovery_v5,0.55,0.18,1,1,1,0,3,0,7.64177,0.84980,0.11120,8.20177,-0.02406,0.41206,0.25949,0.20380,0.22805,0.21294,0.35000,11,0,none,a0:unstable_slip:116;a1:human_stop:50;a2:none:120
4,11180,combined_abort_stress_4_11180_0,combined_abort_stress,oracle_constraints,0.55,0.18,1,1,0,0,2,0,4.44534,0.84980,0.19117,4.72534,0.02836,1.00000,1.00000,0.02529,0.08386,0.01065,0.14750,11,0,none,a0:human_stop:86;a1:none:96
4,11181,combined_abort_stress_4_11181_0,combined_abort_stress,constraint_classifier,0.55,0.18,1,0,0,0,1,0,1.87613,0.84922,0.45264,1.87613,0.01644,0.40711,0.25558,0.14131,0.16724,0.23542,0.26500,11,0,none,a0:none:84
4,11181,combined_abort_stress_4_11181_0,combined_abort_stress,risk_filter_uncertainty,0.55,0.18,1,1,1,1,3,0,3.99088,0.84922,0.21279,4.55088,-0.01726,0.34353,0.20739,0.11684,0.09377,0.22909,0.14375,11,0,none,a0:visible_collision:39;a1:collision_margin:46;a2:none:83
4,11181,combined_abort_stress_4_11181_0,combined_abort_stress,robust_barrier_mpc,0.55,0.18,1,0,0,0,1,0,1.75623,0.84922,0.48355,1.75623,0.04994,0.40278,0.25217,0.12702,0.12964,0.21930,0.23813,11,0,none,a0:none:86
4,11181,combined_abort_stress_4_11181_0,combined_abort_stress,conformal_abort_risk_filter,0.55,0.18,1,0,0,0,1,0,2.00965,0.84922,0.42257,2.00965,0.03313,0.36983,0.22687,0.10669,0.09285,0.16675,0.13500,11,0,none,a0:none:84
4,11181,combined_abort_stress_4_11181_0,combined_abort_stress,kernel_trace_constraint_classifier,0.55,0.18,1,0,0,0,1,0,2.01535,0.84922,0.42138,2.01535,0.04236,0.31355,0.18592,0.18965,0.19261,0.19145,0.28875,11,0,none,a0:none:85
4,11181,combined_abort_stress_4_11181_0,combined_abort_stress,particle_constraint_belief,0.55,0.18,1,0,0,0,1,0,2.04601,0.84922,0.41506,2.04601,0.02294,0.37500,0.23077,0.12716,0.13138,0.20019,0.20813,11,0,none,a0:none:85
4,11181,combined_abort_stress_4_11181_0,combined_abort_stress,abort_constraint_discovery_v5,0.55,0.18,0,0,0,0,1,1,0.00000,0.84922,0.00000,0.12000,1.00000,0.55988,0.38877,0.14002,0.20575,1.00000,0.28000,11,0,no_path,a0:no_path
4,11181,combined_abort_stress_4_11181_0,combined_abort_stress,oracle_constraints,0.55,0.18,1,0,0,0,1,0,1.91257,0.84922,0.44402,1.91257,0.04285,1.00000,1.00000,0.01873,0.06373,0.00790,0.12187,11,0,none,a0:none:82
4,11182,combined_abort_stress_4_11182_0,combined_abort_stress,constraint_classifier,0.55,0.18,0,1,1,1,6,0,5.73874,0.87418,0.05332,7.05874,-0.01781,0.41734,0.26369,0.14911,0.17111,0.30202,0.25938,11,0,human_stop,a0:fixture_snag:45;a1:human_stop:30;a2:collision_margin:43;a3:collision_margin:42;a4:force_limit:42;a5:human_stop:28
4,11182,combined_abort_stress_4_11182_0,combined_abort_stress,risk_filter_uncertainty,0.55,0.18,0,1,1,1,6,0,5.45969,0.87418,0.05604,6.77969,-0.03084,0.47379,0.31044,0.10476,0.09988,0.23203,0.16812,11,0,fixture_snag,a0:human_stop:31;a1:force_limit:43;a2:fixture_snag:41;a3:human_stop:30;a4:fixture_snag:37;a5:fixture_snag:39
4,11182,combined_abort_stress_4_11182_0,combined_abort_stress,robust_barrier_mpc,0.55,0.18,0,1,1,1,6,0,5.88980,0.87418,0.05195,7.20980,-0.01856,0.43636,0.27907,0.12943,0.13010,0.24222,0.24813,11,0,fixture_snag,a0:fixture_snag:40;a1:human_stop:39;a2:force_limit:43;a3:fixture_snag:36;a4:fixture_snag:38;a5:fixture_snag:36
4,11182,combined_abort_stress_4_11182_0,combined_abort_stress,conformal_abort_risk_filter,0.55,0.18,0,1,1,1,6,0,5.79459,0.87418,0.05280,7.11459,-0.01775,0.48065,0.31635,0.10466,0.09793,0.24479,0.17688,11,0,human_stop,a0:force_limit:49;a1:human_stop:32;a2:human_stop:28;a3:force_limit:42;a4:human_stop:35;a5:human_stop:29
4,11182,combined_abort_stress_4_11182_0,combined_abort_stress,kernel_trace_constraint_classifier,0.55,0.18,1,1,1,1,3,0,5.25818,0.87418,0.16625,5.81818,-0.02275,0.38367,0.23737,0.19605,0.20331,0.11566,0.32937,11,0,none,a0:human_stop:32;a1:force_limit:47;a2:none:120
4,11182,combined_abort_stress_4_11182_0,combined_abort_stress,particle_constraint_belief,0.55,0.18,1,1,1,1,3,0,4.92986,0.87418,0.17732,5.48986,-0.00314,0.44328,0.28475,0.12586,0.13060,0.11658,0.22812,11,0,none,a0:human_stop:33;a1:force_limit:44;a2:none:120
4,11182,combined_abort_stress_4_11182_0,combined_abort_stress,abort_constraint_discovery_v5,0.55,0.18,0,0,0,0,1,1,0.00000,0.87418,0.00000,0.12000,1.00000,0.48746,0.32227,0.13134,0.12248,1.00000,0.21875,11,0,no_path,a0:no_path
4,11182,combined_abort_stress_4_11182_0,combined_abort_stress,oracle_constraints,0.55,0.18,0,1,1,1,6,0,6.35654,0.87418,0.04813,7.67654,-0.01173,1.00000,1.00000,0.01908,0.06499,0.06678,0.13000,11,0,fixture_snag,a0:fixture_snag:44;a1:fixture_snag:40;a2:fixture_snag:42;a3:fixture_snag:44;a4:fixture_snag:42;a5:fixture_snag:42
4,11183,combined_abort_stress_4_11183_0,combined_abort_stress,constraint_classifier,0.55,0.18,1,1,0,0,2,0,3.40760,0.86184,0.25292,3.68760,-0.00895,0.41475,0.26163,0.15867,0.16879,0.23189,0.25625,9,2,none,a0:human_stop:56;a1:none:79
4,11183,combined_abort_stress_4_11183_0,combined_abort_stress,risk_filter_uncertainty,0.55,0.18,1,0,0,0,1,0,2.13224,0.86184,0.40419,2.13224,0.01542,0.29032,0.16981,0.12995,0.09530,0.15915,0.12062,9,2,none,a0:none:81
4,11183,combined_abort_stress_4_11183_0,combined_abort_stress,robust_barrier_mpc,0.55,0.18,1,1,1,1,4,0,6.40572,0.86184,0.13454,7.24572,-0.01485,0.37341,0.22957,0.17157,0.19021,0.14961,0.29125,9,2,none,a0:fixture_snag:45;a1:visible_collision:59;a2:fixture_snag:43;a3:none:107
4,11183,combined_abort_stress_4_11183_0,combined_abort_stress,conformal_abort_risk_filter,0.55,0.18,1,1,1,1,3,0,5.57020,0.86184,0.15472,6.13020,-0.00628,0.37255,0.22892,0.12838,0.09074,0.09324,0.10437,9,2,none,a0:visible_collision:61;a1:human_stop:50;a2:none:111
4,11183,combined_abort_stress_4_11183_0,combined_abort_stress,kernel_trace_constraint_classifier,0.55,0.18,1,1,0,1,2,0,4.32000,0.86184,0.19950,4.60000,0.00431,0.25493,0.14608,0.22042,0.21539,0.08976,0.32500,9,2,none,a0:visible_collision:65;a1:none:112
4,11183,combined_abort_stress_4_11183_0,combined_abort_stress,particle_constraint_belief,0.55,0.18,1,0,0,0,1,0,2.52988,0.86184,0.34066,2.52988,0.00307,0.33333,0.20000,0.14910,0.13084,0.09747,0.19062,9,2,none,a0:none:110
4,11183,combined_abort_stress_4_11183_0,combined_abort_stress,abort_constraint_discovery_v5,0.55,0.18,1,0,0,0,1,0,3.88037,0.86184,0.22210,3.88037,0.03443,0.44812,0.28876,0.15906,0.16887,0.09699,0.26500,9,2,none,a0:none:120
4,11183,combined_abort_stress_4_11183_0,combined_abort_stress,oracle_constraints,0.55,0.18,1,1,0,0,2,0,2.85094,0.86184,0.30230,3.13094,0.02109,1.00000,1.00000,0.02557,0.08494,0.01546,0.15063,9,2,none,a0:human_stop:46;a1:none:79
4,11184,combined_abort_stress_4_11184_0,combined_abort_stress,constraint_classifier,0.55,0.18,1,0,0,0,1,0,2.60673,0.85124,0.32656,2.60673,0.01838,0.40614,0.25482,0.15142,0.14711,0.08616,0.22937,11,0,none,a0:none:113
4,11184,combined_abort_stress_4_11184_0,combined_abort_stress,risk_filter_uncertainty,0.55,0.18,0,1,1,1,6,0,5.50642,0.85124,0.05411,6.82642,-0.02200,0.45291,0.29275,0.11690,0.09663,0.22777,0.17500,11,0,collision_margin,a0:collision_margin:37;a1:fixture_snag:52;a2:collision_margin:38;a3:collision_margin:35;a4:fixture_snag:35;a5:collision_margin:35
4,11184,combined_abort_stress_4_11184_0,combined_abort_stress,robust_barrier_mpc,0.55,0.18,1,0,0,0,1,0,2.94711,0.85124,0.28884,2.94711,0.02130,0.39865,0.24895,0.14662,0.15712,0.07729,0.23312,11,0,none,a0:none:120
4,11184,combined_abort_stress_4_11184_0,combined_abort_stress,conformal_abort_risk_filter,0.55,0.18,0,1,1,1,6,0,5.81570,0.85124,0.05123,7.13570,-0.02578,0.44101,0.28288,0.12023,0.10042,0.19490,0.18625,11,0,human_stop,a0:fixture_snag:61;a1:collision_margin:36;a2:collision_margin:34;a3:force_limit:35;a4:visible_collision:27;a5:human_stop:40
4,11184,combined_abort_stress_4_11184_0,combined_abort_stress,kernel_trace_constraint_classifier,0.55,0.18,1,0,0,0,1,0,2.80053,0.85124,0.30396,2.80053,0.01269,0.30383,0.17913,0.20022,0.20083,0.05449,0.28687,11,0,none,a0:none:118
4,11184,combined_abort_stress_4_11184_0,combined_abort_stress,particle_constraint_belief,0.55,0.18,1,0,0,0,1,0,2.85472,0.85124,0.29819,2.85472,0.01355,0.38491,0.23832,0.13838,0.13742,0.05542,0.19437,11,0,none,a0:none:119
4,11184,combined_abort_stress_4_11184_0,combined_abort_stress,abort_constraint_discovery_v5,0.55,0.18,1,0,0,0,1,0,2.95386,0.85124,0.28818,2.95386,0.02137,0.45722,0.29636,0.17279,0.23132,0.16234,0.30875,11,0,none,a0:none:120
4,11184,combined_abort_stress_4_11184_0,combined_abort_stress,oracle_constraints,0.55,0.18,1,0,0,0,1,0,2.55812,0.85124,0.33276,2.55812,0.02317,1.00000,1.00000,0.02149,0.07180,0.01907,0.13687,11,0,none,a0:none:108
4,11185,combined_abort_stress_4_11185_0,combined_abort_stress,constraint_classifier,0.55,0.18,1,0,0,0,1,0,1.89702,0.84607,0.44600,1.89702,0.02101,0.28243,0.16444,0.17714,0.17392,0.24596,0.24938,11,0,none,a0:none:81
4,11185,combined_abort_stress_4_11185_0,combined_abort_stress,risk_filter_uncertainty,0.55,0.18,1,0,0,0,1,0,1.86969,0.84607,0.45252,1.86969,0.02011,0.30049,0.17681,0.12255,0.09683,0.16156,0.12250,11,0,none,a0:none:75
4,11185,combined_abort_stress_4_11185_0,combined_abort_stress,robust_barrier_mpc,0.55,0.18,1,0,0,0,1,0,2.62592,0.84607,0.32220,2.62592,0.00768,0.25000,0.14286,0.16075,0.16989,0.17311,0.21375,11,0,none,a0:none:85
4,11185,combined_abort_stress_4_11185_0,combined_abort_stress,conformal_abort_risk_filter,0.55,0.18,1,0,0,0,1,0,1.95640,0.84607,0.43246,1.95640,0.02448,0.27442,0.15903,0.13217,0.11317,0.17516,0.13750,11,0,none,a0:none:83
4,11185,combined_abort_stress_4_11185_0,combined_abort_stress,kernel_trace_constraint_classifier,0.55,0.18,1,1,0,1,2,0,3.90603,0.84607,0.21661,4.18603,0.01675,0.21892,0.12291,0.25350,0.27021,0.28044,0.33125,11,0,none,a0:visible_collision:83;a1:none:75
4,11185,combined_abort_stress_4_11185_0,combined_abort_stress,particle_constraint_belief,0.55,0.18,1,0,0,0,1,0,1.92916,0.84607,0.43857,1.92916,0.01897,0.27664,0.16052,0.15712,0.15628,0.22812,0.20312,11,0,none,a0:none:77
4,11185,combined_abort_stress_4_11185_0,combined_abort_stress,abort_constraint_discovery_v5,0.55,0.18,1,0,0,0,1,0,2.66435,0.84607,0.31755,2.66435,0.03868,0.26714,0.15416,0.19560,0.18702,0.09070,0.22437,11,0,none,a0:none:110
4,11185,combined_abort_stress_4_11185_0,combined_abort_stress,oracle_constraints,0.55,0.18,1,0,0,0,1,0,1.86992,0.84607,0.45246,1.86992,0.02522,1.00000,1.00000,0.02238,0.07328,0.01455,0.13125,11,0,none,a0:none:75
4,11186,combined_abort_stress_4_11186_0,combined_abort_stress,constraint_classifier,0.55,0.18,1,0,0,0,1,0,1.79342,0.83598,0.46614,1.79342,0.00454,0.38757,0.24036,0.13647,0.15965,0.17479,0.23250,10,1,none,a0:none:69
4,11186,combined_abort_stress_4_11186_0,combined_abort_stress,risk_filter_uncertainty,0.55,0.18,1,1,1,1,3,0,3.44105,0.83598,0.24294,4.00105,-0.02961,0.41509,0.26190,0.10139,0.11327,0.21839,0.15563,10,1,none,a0:fixture_snag:31;a1:fixture_snag:34;a2:none:71
4,11186,combined_abort_stress_4_11186_0,combined_abort_stress,robust_barrier_mpc,0.55,0.18,1,1,0,1,2,0,3.53922,0.83598,0.23620,3.81922,-0.01580,0.38251,0.23649,0.12686,0.13517,0.12133,0.23375,10,1,none,a0:fixture_snag:34;a1:none:115
4,11186,combined_abort_stress_4_11186_0,combined_abort_stress,conformal_abort_risk_filter,0.55,0.18,1,1,0,0,2,0,2.58297,0.83598,0.32365,2.86297,-0.00122,0.44560,0.28667,0.10030,0.09594,0.17601,0.13187,10,1,none,a0:fixture_snag:30;a1:none:69
4,11186,combined_abort_stress_4_11186_0,combined_abort_stress,kernel_trace_constraint_classifier,0.55,0.18,1,0,0,0,1,0,1.69341,0.83598,0.49367,1.69341,0.00562,0.33073,0.19813,0.18271,0.19412,0.20453,0.29125,10,1,none,a0:none:69
4,11186,combined_abort_stress_4_11186_0,combined_abort_stress,particle_constraint_belief,0.55,0.18,1,1,0,0,2,0,2.64789,0.83598,0.31572,2.92789,-0.00299,0.40077,0.25060,0.11953,0.13822,0.22252,0.21500,10,1,none,a0:fixture_snag:34;a1:none:69
4,11186,combined_abort_stress_4_11186_0,combined_abort_stress,abort_constraint_discovery_v5,0.55,0.18,1,0,0,0,1,0,1.82622,0.83598,0.45776,1.82622,0.00048,0.43173,0.27529,0.13780,0.14677,0.26902,0.22937,10,1,none,a0:none:77
4,11186,combined_abort_stress_4_11186_0,combined_abort_stress,oracle_constraints,0.55,0.18,1,0,0,0,1,0,1.79575,0.83598,0.46553,1.79575,0.00903,1.00000,1.00000,0.01693,0.05808,0.02830,0.10938,10,1,none,a0:none:69
4,11187,combined_abort_stress_4_11187_0,combined_abort_stress,constraint_classifier,0.55,0.18,0,1,1,1,6,0,5.70082,0.84612,0.05195,7.02082,-0.01847,0.41547,0.26221,0.16156,0.21822,0.31567,0.31750,11,0,human_stop,a0:fixture_snag:58;a1:fixture_snag:44;a2:visible_collision:28;a3:human_stop:32;a4:fixture_snag:41;a5:human_stop:26
4,11187,combined_abort_stress_4_11187_0,combined_abort_stress,risk_filter_uncertainty,0.55,0.18,0,1,1,1,6,0,5.34127,0.84612,0.05544,6.66127,-0.02442,0.44980,0.29016,0.10843,0.12811,0.24373,0.19250,11,0,human_stop,a0:collision_margin:37;a1:visible_collision:27;a2:human_stop:26;a3:fixture_snag:53;a4:human_stop:37;a5:human_stop:25
4,11187,combined_abort_stress_4_11187_0,combined_abort_stress,robust_barrier_mpc,0.55,0.18,1,0,0,0,1,0,3.17935,0.84612,0.26613,3.17935,0.00676,0.46057,0.29918,0.12757,0.16557,0.07651,0.27750,11,0,none,a0:none:120
4,11187,combined_abort_stress_4_11187_0,combined_abort_stress,conformal_abort_risk_filter,0.55,0.18,1,0,0,0,1,0,2.89261,0.84612,0.29251,2.89261,0.00539,0.44550,0.28659,0.09803,0.10473,0.08810,0.14500,11,0,none,a0:none:120
4,11187,combined_abort_stress_4_11187_0,combined_abort_stress,kernel_trace_constraint_classifier,0.55,0.18,1,0,0,0,1,0,3.17387,0.84612,0.26659,3.17387,0.01442,0.36209,0.22107,0.18862,0.21839,0.07298,0.32312,11,0,none,a0:none:120
4,11187,combined_abort_stress_4_11187_0,combined_abort_stress,particle_constraint_belief,0.55,0.18,1,0,0,0,1,0,3.14413,0.84612,0.26911,3.14413,0.01783,0.45375,0.29345,0.12246,0.15641,0.07398,0.23938,11,0,none,a0:none:120
4,11187,combined_abort_stress_4_11187_0,combined_abort_stress,abort_constraint_discovery_v5,0.55,0.18,0,1,1,1,3,1,2.20100,0.84612,0.13455,2.76100,-0.01621,0.45186,0.29187,0.18604,0.26385,1.00000,0.36812,11,0,no_path,a0:fixture_snag:51;a1:fixture_snag:45;a2:no_path
4,11187,combined_abort_stress_4_11187_0,combined_abort_stress,oracle_constraints,0.55,0.18,1,1,1,1,5,0,7.27389,0.84612,0.11632,8.39389,-0.00435,1.00000,1.00000,0.01814,0.06100,0.05547,0.11875,11,0,none,a0:collision_margin:40;a1:collision_margin:39;a2:visible_collision:60;a3:visible_collision:63;a4:none:84
5,11180,combined_abort_stress_5_11180_0,combined_abort_stress,constraint_classifier,0.55,0.18,1,1,1,1,5,0,5.97936,0.83246,0.13922,7.09936,-0.01584,0.42947,0.27345,0.16211,0.18287,0.17980,0.26125,11,0,none,a0:fixture_snag:30;a1:fixture_snag:34;a2:human_stop:26;a3:fixture_snag:34;a4:none:108
5,11180,combined_abort_stress_5_11180_0,combined_abort_stress,risk_filter_uncertainty,0.55,0.18,1,1,0,0,2,0,3.60155,0.83246,0.23114,3.88155,-0.00173,0.40685,0.25538,0.11877,0.08662,0.11733,0.15438,11,0,none,a0:fixture_snag:29;a1:none:105
5,11180,combined_abort_stress_5_11180_0,combined_abort_stress,robust_barrier_mpc,0.55,0.18,1,0,0,0,1,0,2.54940,0.83246,0.32653,2.54940,0.00944,0.39080,0.24286,0.15465,0.16645,0.13336,0.24313,11,0,none,a0:none:109
5,11180,combined_abort_stress_5_11180_0,combined_abort_stress,conformal_abort_risk_filter,0.55,0.18,1,1,1,1,4,0,5.02882,0.83246,0.16554,5.86882,-0.02647,0.45161,0.29167,0.12044,0.11402,0.13384,0.15313,11,0,none,a0:fixture_snag:31;a1:fixture_snag:36;a2:fixture_snag:30;a3:none:109
5,11180,combined_abort_stress_5_11180_0,combined_abort_stress,kernel_trace_constraint_classifier,0.55,0.18,0,1,1,1,6,1,7.52296,0.83246,0.03873,8.74296,-0.01734,0.28670,0.16734,0.27686,0.29380,1.00000,0.40750,11,0,no_path,a0:human_stop:27;a1:fixture_snag:63;a2:force_limit:42;a3:visible_collision:95;a4:collision_margin:86;a5:no_path
5,11180,combined_abort_stress_5_11180_0,combined_abort_stress,particle_constraint_belief,0.55,0.18,1,0,0,0,1,0,2.43781,0.83246,0.34148,2.43781,0.01368,0.38859,0.24115,0.14397,0.15839,0.13431,0.21313,11,0,none,a0:none:109
5,11180,combined_abort_stress_5_11180_0,combined_abort_stress,abort_constraint_discovery_v5,0.55,0.18,1,1,0,0,2,0,3.40623,0.83246,0.24439,3.68623,-0.00971,0.45513,0.29461,0.15958,0.18155,0.23673,0.25250,11,0,none,a0:human_stop:29;a1:none:113
5,11180,combined_abort_stress_5_11180_0,combined_abort_stress,oracle_constraints,0.55,0.18,1,0,0,0,1,0,2.60200,0.83246,0.31993,2.60200,0.01816,1.00000,1.00000,0.02248,0.07588,0.02377,0.13750,11,0,none,a0:none:102
5,11181,combined_abort_stress_5_11181_0,combined_abort_stress,constraint_classifier,0.55,0.18,1,0,0,0,1,0,3.10708,0.87605,0.28195,3.10708,0.01769,0.51908,0.35052,0.12938,0.20921,0.16818,0.29563,11,0,none,a0:none:114
5,11181,combined_abort_stress_5_11181_0,combined_abort_stress,risk_filter_uncertainty,0.55,0.18,1,1,0,1,2,0,3.76603,0.87605,0.23262,4.04603,-0.00546,0.60044,0.42902,0.08469,0.12555,0.11479,0.16937,11,0,none,a0:unstable_slip:35;a1:none:110
5,11181,combined_abort_stress_5_11181_0,combined_abort_stress,robust_barrier_mpc,0.55,0.18,1,0,0,0,1,0,3.07429,0.87605,0.28496,3.07429,0.00882,0.52433,0.35532,0.11477,0.17129,0.12171,0.28437,11,0,none,a0:none:116
5,11181,combined_abort_stress_5_11181_0,combined_abort_stress,conformal_abort_risk_filter,0.55,0.18,1,0,0,0,1,0,2.72803,0.87605,0.32113,2.72803,0.00590,0.58503,0.41346,0.08599,0.11967,0.12751,0.16187,11,0,none,a0:none:114
5,11181,combined_abort_stress_5_11181_0,combined_abort_stress,kernel_trace_constraint_classifier,0.55,0.18,1,0,0,0,1,0,2.85093,0.87605,0.30728,2.85093,0.01407,0.43478,0.27778,0.17864,0.24699,0.13695,0.36062,11,0,none,a0:none:118
5,11181,combined_abort_stress_5_11181_0,combined_abort_stress,particle_constraint_belief,0.55,0.18,1,0,0,0,1,0,2.98561,0.87605,0.29342,2.98561,0.00682,0.54027,0.37011,0.10936,0.17462,0.12949,0.25875,11,0,none,a0:none:119
5,11181,combined_abort_stress_5_11181_0,combined_abort_stress,abort_constraint_discovery_v5,0.55,0.18,0,1,1,0,3,1,2.91849,0.87605,0.10506,3.47849,-0.00999,0.48227,0.31776,0.15815,0.25696,1.00000,0.32688,11,0,no_path,a0:unstable_slip:42;a1:human_stop:63;a2:no_path
5,11181,combined_abort_stress_5_11181_0,combined_abort_stress,oracle_constraints,0.55,0.18,1,0,0,0,1,0,2.44544,0.87605,0.35824,2.44544,0.01692,1.00000,1.00000,0.01692,0.05634,0.02250,0.11375,11,0,none,a0:none:105
5,11182,combined_abort_stress_5_11182_0,combined_abort_stress,constraint_classifier,0.55,0.18,1,1,0,1,2,0,4.31696,0.84181,0.19500,4.59696,-0.02314,0.40000,0.25000,0.16189,0.19077,0.20839,0.26000,10,1,none,a0:force_limit:73;a1:none:98
5,11182,combined_abort_stress_5_11182_0,combined_abort_stress,risk_filter_uncertainty,0.55,0.18,0,1,1,1,6,0,6.74261,0.84181,0.04370,8.06261,-0.01872,0.38289,0.23678,0.12662,0.10782,0.23857,0.17938,10,1,collision_margin,a0:collision_margin:56;a1:visible_collision:48;a2:human_stop:42;a3:human_stop:38;a4:force_limit:39;a5:collision_margin:44
5,11182,combined_abort_stress_5_11182_0,combined_abort_stress,robust_barrier_mpc,0.55,0.18,1,1,0,1,2,0,4.04991,0.84181,0.20786,4.32991,-0.00188,0.38871,0.24125,0.15681,0.19325,0.15646,0.27125,10,1,none,a0:force_limit:68;a1:none:111
5,11182,combined_abort_stress_5_11182_0,combined_abort_stress,conformal_abort_risk_filter,0.55,0.18,1,1,0,1,2,0,4.30732,0.84181,0.19544,4.58732,-0.01058,0.34783,0.21053,0.12149,0.11442,0.14491,0.13125,10,1,none,a0:force_limit:72;a1:none:98
5,11182,combined_abort_stress_5_11182_0,combined_abort_stress,kernel_trace_constraint_classifier,0.55,0.18,1,1,0,1,2,0,4.41780,0.84181,0.19055,4.69780,-0.00478,0.32469,0.19381,0.21596,0.24018,0.15241,0.33063,10,1,none,a0:force_limit:77;a1:none:111
5,11182,combined_abort_stress_5_11182_0,combined_abort_stress,particle_constraint_belief,0.55,0.18,1,1,0,1,2,0,4.59164,0.84181,0.18334,4.87164,-0.01213,0.43585,0.27865,0.14430,0.17819,0.13494,0.22812,10,1,none,a0:force_limit:81;a1:none:112
5,11182,combined_abort_stress_5_11182_0,combined_abort_stress,abort_constraint_discovery_v5,0.55,0.18,1,0,0,0,1,0,4.02898,0.84181,0.20894,4.02898,0.00312,0.47231,0.30917,0.14662,0.18971,0.10721,0.25625,10,1,none,a0:none:120
5,11182,combined_abort_stress_5_11182_0,combined_abort_stress,oracle_constraints,0.55,0.18,1,0,0,0,1,0,2.24079,0.84181,0.37568,2.24079,0.03731,1.00000,1.00000,0.02108,0.07141,0.00959,0.12750,10,1,none,a0:none:94
5,11183,combined_abort_stress_5_11183_0,combined_abort_stress,constraint_classifier,0.55,0.18,0,1,1,1,6,0,4.81604,0.83834,0.06093,6.13604,-0.02721,0.36641,0.22430,0.17396,0.16587,0.31821,0.25938,11,0,collision_margin,a0:visible_collision:52;a1:visible_collision:33;a2:visible_collision:24;a3:collision_margin:30;a4:collision_margin:30;a5:collision_margin:26
5,11183,combined_abort_stress_5_11183_0,combined_abort_stress,risk_filter_uncertainty,0.55,0.18,1,1,1,1,3,0,4.08411,0.83834,0.20527,4.64411,-0.02245,0.35974,0.21932,0.12928,0.13591,0.17392,0.14188,11,0,none,a0:visible_collision:41;a1:collision_margin:28;a2:none:95
5,11183,combined_abort_stress_5_11183_0,combined_abort_stress,robust_barrier_mpc,0.55,0.18,1,0,0,0,1,0,2.48008,0.83834,0.33803,2.48008,0.02352,0.37523,0.23094,0.14532,0.12912,0.07299,0.19312,11,0,none,a0:none:107
5,11183,combined_abort_stress_5_11183_0,combined_abort_stress,conformal_abort_risk_filter,0.55,0.18,0,1,1,1,6,0,5.06819,0.83834,0.05789,6.38819,-0.02044,0.33962,0.20455,0.13239,0.10334,0.18138,0.14813,11,0,visible_collision,a0:visible_collision:52;a1:collision_margin:28;a2:collision_margin:27;a3:collision_margin:28;a4:collision_margin:35;a5:visible_collision:31
5,11183,combined_abort_stress_5_11183_0,combined_abort_stress,kernel_trace_constraint_classifier,0.55,0.18,1,1,1,1,5,0,11.03708,0.83834,0.07596,12.15708,-0.01349,0.33102,0.19834,0.24427,0.24362,0.07550,0.39000,11,0,none,a0:visible_collision:48;a1:visible_collision:37;a2:human_stop:61;a3:force_limit:120;a4:none:120
5,11183,combined_abort_stress_5_11183_0,combined_abort_stress,particle_constraint_belief,0.55,0.18,1,0,0,0,1,0,2.72463,0.83834,0.30769,2.72463,0.01924,0.36791,0.22542,0.14114,0.11654,0.05764,0.16937,11,0,none,a0:none:106
5,11183,combined_abort_stress_5_11183_0,combined_abort_stress,abort_constraint_discovery_v5,0.55,0.18,1,0,0,0,1,0,2.29712,0.83834,0.36495,2.29712,0.02169,0.38049,0.23494,0.18123,0.17147,0.02502,0.23438,11,0,none,a0:none:99
5,11183,combined_abort_stress_5_11183_0,combined_abort_stress,oracle_constraints,0.55,0.18,1,0,0,0,1,0,2.09394,0.83834,0.40037,2.09394,0.02350,1.00000,1.00000,0.02458,0.08083,0.01679,0.15000,11,0,none,a0:none:93
5,11184,combined_abort_stress_5_11184_0,combined_abort_stress,constraint_classifier,0.55,0.18,0,1,1,1,6,0,4.72873,0.84082,0.06223,6.04873,-0.02564,0.45161,0.29167,0.13645,0.14662,0.29160,0.23438,11,0,fixture_snag,a0:fixture_snag:31;a1:human_stop:33;a2:human_stop:30;a3:human_stop:35;a4:human_stop:30;a5:fixture_snag:30
5,11184,combined_abort_stress_5_11184_0,combined_abort_stress,risk_filter_uncertainty,0.55,0.18,0,1,1,1,6,0,4.60321,0.84082,0.06393,5.92321,-0.02160,0.45778,0.29683,0.10342,0.08548,0.24081,0.14750,11,0,fixture_snag,a0:fixture_snag:32;a1:fixture_snag:29;a2:fixture_snag:31;a3:fixture_snag:32;a4:fixture_snag:28;a5:fixture_snag:28
5,11184,combined_abort_stress_5_11184_0,combined_abort_stress,robust_barrier_mpc,0.55,0.18,1,1,1,1,3,0,6.03738,0.84082,0.13927,6.59738,-0.02047,0.44194,0.28364,0.13531,0.13288,0.12352,0.25375,11,0,none,a0:fixture_snag:35;a1:visible_collision:90;a2:none:120
5,11184,combined_abort_stress_5_11184_0,combined_abort_stress,conformal_abort_risk_filter,0.55,0.18,0,1,1,1,6,0,4.43526,0.84082,0.06635,5.75526,-0.02043,0.46512,0.30303,0.10579,0.07170,0.20141,0.13500,11,0,fixture_snag,a0:force_limit:29;a1:human_stop:33;a2:human_stop:31;a3:human_stop:31;a4:human_stop:32;a5:fixture_snag:31
5,11184,combined_abort_stress_5_11184_0,combined_abort_stress,kernel_trace_constraint_classifier,0.55,0.18,1,1,1,1,6,0,10.39582,0.84082,0.08088,11.79582,-0.00471,0.35731,0.21751,0.23969,0.25753,0.16783,0.40500,11,0,none,a0:force_limit:28;a1:force_limit:89;a2:visible_collision:92;a3:force_limit:29;a4:collision_margin:79;a5:none:120
5,11184,combined_abort_stress_5_11184_0,combined_abort_stress,particle_constraint_belief,0.55,0.18,0,1,1,1,6,0,7.34710,0.84082,0.04006,8.66710,-0.02654,0.40498,0.25391,0.14897,0.17906,0.26618,0.26750,11,0,human_stop,a0:fixture_snag:30;a1:visible_collision:91;a2:visible_collision:93;a3:human_stop:34;a4:human_stop:32;a5:human_stop:32
5,11184,combined_abort_stress_5_11184_0,combined_abort_stress,abort_constraint_discovery_v5,0.55,0.18,0,1,0,1,2,1,1.31363,0.84082,0.22403,1.65363,-0.01982,0.47988,0.31569,0.15101,0.17688,1.00000,0.28563,11,0,no_path,a0:collision_margin:48;a1:no_path
5,11184,combined_abort_stress_5_11184_0,combined_abort_stress,oracle_constraints,0.55,0.18,1,0,0,0,1,0,2.15186,0.84082,0.39074,2.15186,0.01594,1.00000,1.00000,0.02097,0.06931,0.02524,0.13375,11,0,none,a0:none:88
5,11185,combined_abort_stress_5_11185_0,combined_abort_stress,constraint_classifier,0.55,0.18,0,1,1,1,6,0,5.50120,0.86043,0.05474,6.82120,-0.03062,0.31029,0.18363,0.16276,0.15800,0.30126,0.24688,11,0,fixture_snag,a0:fixture_snag:50;a1:fixture_snag:33;a2:fixture_snag:34;a3:fixture_snag:32;a4:fixture_snag:33;a5:fixture_snag:28
5,11185,combined_abort_stress_5_11185_0,combined_abort_stress,risk_filter_uncertainty,0.55,0.18,1,0,0,0,1,0,2.08949,0.86043,0.41179,2.08949,0.02411,0.31738,0.18862,0.11663,0.11333,0.12688,0.12437,11,0,none,a0:none:89
5,11185,combined_abort_stress_5_11185_0,combined_abort_stress,robust_barrier_mpc,0.55,0.18,1,0,0,0,1,0,2.12222,0.86043,0.40544,2.12222,0.01932,0.34000,0.20482,0.13576,0.13358,0.13204,0.18875,11,0,none,a0:none:91
5,11185,combined_abort_stress_5_11185_0,combined_abort_stress,conformal_abort_risk_filter,0.55,0.18,1,0,0,0,1,0,2.25268,0.86043,0.38196,2.25268,0.01726,0.36554,0.22364,0.11640,0.08885,0.13829,0.11563,11,0,none,a0:none:94
5,11185,combined_abort_stress_5_11185_0,combined_abort_stress,kernel_trace_constraint_classifier,0.55,0.18,1,0,0,0,1,0,2.45572,0.86043,0.35038,2.45572,0.02176,0.25402,0.14549,0.20091,0.19733,0.12927,0.26500,11,0,none,a0:none:95
5,11185,combined_abort_stress_5_11185_0,combined_abort_stress,particle_constraint_belief,0.55,0.18,1,0,0,0,1,0,2.30868,0.86043,0.37270,2.30868,0.02519,0.33263,0.19949,0.13579,0.12775,0.13969,0.17313,11,0,none,a0:none:94
5,11185,combined_abort_stress_5_11185_0,combined_abort_stress,abort_constraint_discovery_v5,0.55,0.18,1,1,1,1,3,0,8.13231,0.86043,0.10580,8.69231,0.02596,0.33840,0.20366,0.17502,0.19106,0.08985,0.20500,11,0,none,a0:visible_collision:94;a1:visible_collision:78;a2:none:120
5,11185,combined_abort_stress_5_11185_0,combined_abort_stress,oracle_constraints,0.55,0.18,1,0,0,0,1,0,2.33130,0.86043,0.36908,2.33130,0.00885,1.00000,1.00000,0.02154,0.07156,0.01980,0.12375,11,0,none,a0:none:89
5,11186,combined_abort_stress_5_11186_0,combined_abort_stress,constraint_classifier,0.55,0.18,0,1,1,1,6,0,5.79291,0.89545,0.05410,7.11291,-0.02068,0.34626,0.20938,0.19352,0.20838,0.33372,0.29812,11,0,fixture_snag,a0:collision_margin:43;a1:fixture_snag:32;a2:fixture_snag:62;a3:fixture_snag:32;a4:fixture_snag:30;a5:fixture_snag:32
5,11186,combined_abort_stress_5_11186_0,combined_abort_stress,risk_filter_uncertainty,0.55,0.18,0,1,1,1,6,0,5.10136,0.89545,0.06144,6.42136,-0.02307,0.37953,0.23421,0.13072,0.09734,0.23056,0.14000,11,0,fixture_snag,a0:collision_margin:44;a1:human_stop:37;a2:fixture_snag:29;a3:fixture_snag:32;a4:human_stop:33;a5:fixture_snag:32
5,11186,combined_abort_stress_5_11186_0,combined_abort_stress,robust_barrier_mpc,0.55,0.18,1,1,1,1,4,0,6.94019,0.89545,0.12902,7.78019,-0.03148,0.40290,0.25227,0.16537,0.18043,0.15973,0.27813,11,0,none,a0:unstable_slip:82;a1:human_stop:42;a2:fixture_snag:35;a3:none:116
5,11186,combined_abort_stress_5_11186_0,combined_abort_stress,conformal_abort_risk_filter,0.55,0.18,0,1,1,1,6,0,5.90219,0.89545,0.05310,7.22219,-0.02859,0.39006,0.24228,0.14156,0.14000,0.23126,0.17375,11,0,human_stop,a0:collision_margin:44;a1:fixture_snag:59;a2:fixture_snag:31;a3:fixture_snag:32;a4:human_stop:35;a5:human_stop:37
5,11186,combined_abort_stress_5_11186_0,combined_abort_stress,kernel_trace_constraint_classifier,0.55,0.18,1,1,1,1,4,0,6.00098,0.89545,0.14922,6.84098,-0.02913,0.29346,0.17197,0.25816,0.27762,0.18325,0.35375,11,0,none,a0:fixture_snag:61;a1:collision_margin:43;a2:fixture_snag:34;a3:none:119
5,11186,combined_abort_stress_5_11186_0,combined_abort_stress,particle_constraint_belief,0.55,0.18,1,1,1,1,5,0,8.58603,0.89545,0.10429,9.70603,-0.02825,0.41040,0.25818,0.16126,0.17814,0.16510,0.27937,11,0,none,a0:unstable_slip:85;a1:fixture_snag:63;a2:human_stop:42;a3:fixture_snag:32;a4:none:117
5,11186,combined_abort_stress_5_11186_0,combined_abort_stress,abort_constraint_discovery_v5,0.55,0.18,0,1,1,1,4,1,4.87119,0.89545,0.06434,5.65119,-0.02314,0.43792,0.28034,0.19262,0.19344,1.00000,0.31500,11,0,no_path,a0:unstable_slip:87;a1:fixture_snag:31;a2:fixture_snag:70;a3:no_path
5,11186,combined_abort_stress_5_11186_0,combined_abort_stress,oracle_constraints,0.55,0.18,0,1,1,1,6,0,4.87817,0.89545,0.06425,6.19817,0.03354,1.00000,1.00000,0.02385,0.07858,0.00803,0.15313,11,0,visible_collision,a0:visible_collision:31;a1:visible_collision:31;a2:visible_collision:32;a3:visible_collision:31;a4:visible_collision:28;a5:visible_collision:51
5,11187,combined_abort_stress_5_11187_0,combined_abort_stress,constraint_classifier,0.55,0.18,0,1,1,1,6,0,5.18047,0.86075,0.05815,6.50047,-0.02777,0.34562,0.20891,0.20233,0.23127,0.32287,0.34563,11,0,human_stop,a0:fixture_snag:34;a1:visible_collision:77;a2:human_stop:27;a3:human_stop:25;a4:human_stop:26;a5:human_stop:26
5,11187,combined_abort_stress_5_11187_0,combined_abort_stress,risk_filter_uncertainty,0.55,0.18,1,1,1,1,3,0,5.05542,0.86075,0.17026,5.61542,-0.01157,0.34866,0.21114,0.13763,0.12332,0.11463,0.18000,11,0,none,a0:fixture_snag:37;a1:visible_collision:72;a2:none:110
5,11187,combined_abort_stress_5_11187_0,combined_abort_stress,robust_barrier_mpc,0.55,0.18,1,0,0,0,1,0,2.76333,0.86075,0.31149,2.76333,0.01472,0.27273,0.15789,0.19067,0.21027,0.14865,0.26625,11,0,none,a0:none:109
5,11187,combined_abort_stress_5_11187_0,combined_abort_stress,conformal_abort_risk_filter,0.55,0.18,0,1,1,1,6,0,5.76584,0.86075,0.05225,7.08584,-0.01823,0.35821,0.21818,0.14148,0.13859,0.22269,0.18875,11,0,human_stop,a0:fixture_snag:33;a1:force_limit:77;a2:human_stop:28;a3:fixture_snag:34;a4:fixture_snag:36;a5:human_stop:29
5,11187,combined_abort_stress_5_11187_0,combined_abort_stress,kernel_trace_constraint_classifier,0.55,0.18,1,1,1,1,5,0,9.55680,0.86075,0.09007,10.67680,-0.00402,0.35118,0.21299,0.26188,0.28635,0.13991,0.43750,11,0,none,a0:visible_collision:77;a1:force_limit:74;a2:fixture_snag:32;a3:unstable_slip:64;a4:none:120
5,11187,combined_abort_stress_5_11187_0,combined_abort_stress,particle_constraint_belief,0.55,0.18,1,1,1,1,5,0,9.48733,0.86075,0.09073,10.60733,-0.02658,0.43108,0.27476,0.16624,0.21585,0.16806,0.35250,11,0,none,a0:force_limit:81;a1:fixture_snag:35;a2:force_limit:75;a3:unstable_slip:72;a4:none:120
5,11187,combined_abort_stress_5_11187_0,combined_abort_stress,abort_constraint_discovery_v5,0.55,0.18,1,0,0,0,1,0,3.67914,0.86075,0.23395,3.67914,0.03371,0.27821,0.16158,0.20712,0.21269,0.11690,0.25812,11,0,none,a0:none:120
5,11187,combined_abort_stress_5_11187_0,combined_abort_stress,oracle_constraints,0.55,0.18,1,0,0,0,1,0,2.01243,0.86075,0.42771,2.01243,0.01960,1.00000,1.00000,0.02539,0.08405,0.04941,0.14625,11,0,none,a0:none:88
6,11180,combined_abort_stress_6_11180_0,combined_abort_stress,constraint_classifier,0.55,0.18,0,1,1,1,6,0,4.70573,0.85073,0.06327,6.02573,-0.01833,0.37383,0.22989,0.16535,0.16169,0.29572,0.26125,11,0,human_stop,a0:fixture_snag:51;a1:fixture_snag:44;a2:human_stop:24;a3:human_stop:24;a4:human_stop:23;a5:human_stop:25
6,11180,combined_abort_stress_6_11180_0,combined_abort_stress,risk_filter_uncertainty,0.55,0.18,1,1,1,0,3,0,4.97292,0.85073,0.17107,5.53292,-0.00364,0.41202,0.25946,0.11509,0.09563,0.12116,0.15125,11,0,none,a0:fixture_snag:45;a1:fixture_snag:40;a2:none:110
6,11180,combined_abort_stress_6_11180_0,combined_abort_stress,robust_barrier_mpc,0.55,0.18,1,0,0,0,1,0,2.58504,0.85073,0.32910,2.58504,0.01750,0.39502,0.24612,0.13241,0.11452,0.02766,0.21125,11,0,none,a0:none:109
6,11180,combined_abort_stress_6_11180_0,combined_abort_stress,conformal_abort_risk_filter,0.55,0.18,0,1,1,1,6,0,4.80476,0.85073,0.06197,6.12476,-0.02166,0.41215,0.25956,0.11879,0.08191,0.21603,0.14813,11,0,fixture_snag,a0:fixture_snag:52;a1:fixture_snag:43;a2:human_stop:24;a3:human_stop:23;a4:fixture_snag:31;a5:fixture_snag:29
6,11180,combined_abort_stress_6_11180_0,combined_abort_stress,kernel_trace_constraint_classifier,0.55,0.18,1,1,1,1,3,0,5.83932,0.85073,0.14569,6.39932,-0.01052,0.30303,0.17857,0.22638,0.22458,0.09651,0.33437,11,0,none,a0:fixture_snag:54;a1:fixture_snag:48;a2:none:120
6,11180,combined_abort_stress_6_11180_0,combined_abort_stress,particle_constraint_belief,0.55,0.18,1,1,1,1,4,0,6.60408,0.85073,0.12882,7.44408,-0.01156,0.38319,0.23701,0.14577,0.13966,0.09431,0.23187,11,0,none,a0:fixture_snag:54;a1:fixture_snag:48;a2:human_stop:24;a3:none:120
6,11180,combined_abort_stress_6_11180_0,combined_abort_stress,abort_constraint_discovery_v5,0.55,0.18,1,0,0,0,1,0,2.72356,0.85073,0.31236,2.72356,0.01624,0.47368,0.31034,0.16349,0.18607,0.05471,0.28750,11,0,none,a0:none:114
6,11180,combined_abort_stress_6_11180_0,combined_abort_stress,oracle_constraints,0.55,0.18,1,0,0,0,1,0,2.83248,0.85073,0.30035,2.83248,0.00571,1.00000,1.00000,0.02216,0.07320,0.02273,0.14000,11,0,none,a0:none:106
6,11181,combined_abort_stress_6_11181_0,combined_abort_stress,constraint_classifier,0.55,0.18,0,1,1,1,6,0,4.07127,0.83219,0.07154,5.39127,-0.02075,0.45455,0.29412,0.14685,0.20833,0.35415,0.30750,11,0,human_stop,a0:human_stop:30;a1:unstable_slip:33;a2:human_stop:29;a3:force_limit:30;a4:unstable_slip:26;a5:human_stop:27
6,11181,combined_abort_stress_6_11181_0,combined_abort_stress,risk_filter_uncertainty,0.55,0.18,0,1,1,1,6,0,5.22597,0.83219,0.05573,6.54597,-0.03042,0.53144,0.36188,0.09160,0.12367,0.20095,0.18937,11,0,force_limit,a0:unstable_slip:40;a1:human_stop:37;a2:fixture_snag:41;a3:human_stop:31;a4:unstable_slip:33;a5:force_limit:28
6,11181,combined_abort_stress_6_11181_0,combined_abort_stress,robust_barrier_mpc,0.55,0.18,0,1,1,1,6,0,5.92236,0.83219,0.04918,7.24236,-0.01720,0.48012,0.31590,0.12642,0.16554,0.28548,0.29000,11,0,human_stop,a0:force_limit:34;a1:fixture_snag:46;a2:fixture_snag:44;a3:fixture_snag:43;a4:unstable_slip:35;a5:human_stop:30
6,11181,combined_abort_stress_6_11181_0,combined_abort_stress,conformal_abort_risk_filter,0.55,0.18,0,1,1,1,6,0,4.44287,0.83219,0.06556,5.76287,-0.01733,0.42827,0.27248,0.09908,0.11855,0.23764,0.17313,11,0,human_stop,a0:human_stop:31;a1:human_stop:28;a2:force_limit:25;a3:unstable_slip:31;a4:human_stop:31;a5:human_stop:31
6,11181,combined_abort_stress_6_11181_0,combined_abort_stress,kernel_trace_constraint_classifier,0.55,0.18,1,1,0,1,2,0,3.85623,0.83219,0.21580,4.13623,-0.00587,0.32514,0.19413,0.20777,0.23037,0.13295,0.33875,11,0,none,a0:unstable_slip:35;a1:none:120
6,11181,combined_abort_stress_6_11181_0,combined_abort_stress,particle_constraint_belief,0.55,0.18,1,1,1,1,3,0,4.85865,0.83219,0.17128,5.41865,-0.00739,0.46758,0.30512,0.12102,0.16114,0.13998,0.24750,11,0,none,a0:force_limit:34;a1:unstable_slip:35;a2:none:120
6,11181,combined_abort_stress_6_11181_0,combined_abort_stress,abort_constraint_discovery_v5,0.55,0.18,1,0,0,0,1,0,3.32374,0.83219,0.25038,3.32374,0.01913,0.50084,0.33408,0.13874,0.16301,0.03911,0.25312,11,0,none,a0:none:120
6,11181,combined_abort_stress_6_11181_0,combined_abort_stress,oracle_constraints,0.55,0.18,1,1,0,1,2,0,4.97904,0.83219,0.16714,5.25904,0.00782,1.00000,1.00000,0.01835,0.06148,0.01779,0.11875,11,0,none,a0:visible_collision:85;a1:none:111
6,11182,combined_abort_stress_6_11182_0,combined_abort_stress,constraint_classifier,0.55,0.18,1,1,1,0,3,0,5.89640,0.85841,0.14558,6.45640,-0.00474,0.46562,0.30346,0.13553,0.18450,0.06343,0.27937,11,0,none,a0:collision_margin:44;a1:collision_margin:38;a2:none:120
6,11182,combined_abort_stress_6_11182_0,combined_abort_stress,risk_filter_uncertainty,0.55,0.18,0,1,1,1,6,0,6.00172,0.85841,0.05006,7.32172,-0.01729,0.47619,0.31250,0.09630,0.10371,0.22492,0.15500,11,0,collision_margin,a0:collision_margin:43;a1:unstable_slip:40;a2:collision_margin:39;a3:collision_margin:38;a4:collision_margin:38;a5:collision_margin:39
6,11182,combined_abort_stress_6_11182_0,combined_abort_stress,robust_barrier_mpc,0.55,0.18,1,0,0,0,1,0,3.70767,0.85841,0.23152,3.70767,0.02209,0.43271,0.27609,0.12196,0.14229,0.03255,0.24625,11,0,none,a0:none:120
6,11182,combined_abort_stress_6_11182_0,combined_abort_stress,conformal_abort_risk_filter,0.55,0.18,1,1,1,1,3,0,5.61967,0.85841,0.15275,6.17967,-0.00724,0.49327,0.32738,0.09861,0.11139,0.05581,0.15812,11,0,none,a0:collision_margin:44;a1:collision_margin:40;a2:none:120
6,11182,combined_abort_stress_6_11182_0,combined_abort_stress,kernel_trace_constraint_classifier,0.55,0.18,1,1,1,1,3,0,5.82888,0.85841,0.14727,6.38888,-0.01397,0.39181,0.24363,0.20182,0.23914,0.19837,0.36750,11,0,none,a0:collision_margin:45;a1:fixture_snag:79;a2:none:117
6,11182,combined_abort_stress_6_11182_0,combined_abort_stress,particle_constraint_belief,0.55,0.18,1,0,0,0,1,0,3.50343,0.85841,0.24502,3.50343,0.00432,0.45385,0.29353,0.11162,0.12547,0.03218,0.20438,11,0,none,a0:none:120
6,11182,combined_abort_stress_6_11182_0,combined_abort_stress,abort_constraint_discovery_v5,0.55,0.18,1,0,0,0,1,0,2.52616,0.85841,0.33981,2.52616,0.02861,0.50362,0.33656,0.15422,0.24484,0.05325,0.31125,11,0,none,a0:none:108
6,11182,combined_abort_stress_6_11182_0,combined_abort_stress,oracle_constraints,0.55,0.18,1,1,0,1,2,0,3.23108,0.85841,0.26567,3.51108,0.02052,1.00000,1.00000,0.01661,0.05577,0.00822,0.12062,11,0,none,a0:visible_collision:26;a1:none:101
6,11183,combined_abort_stress_6_11183_0,combined_abort_stress,constraint_classifier,0.55,0.18,1,0,0,0,1,0,2.04825,0.84912,0.41456,2.04825,0.02633,0.37942,0.23413,0.14958,0.17948,0.22915,0.26750,11,0,none,a0:none:82
6,11183,combined_abort_stress_6_11183_0,combined_abort_stress,risk_filter_uncertainty,0.55,0.18,1,0,0,0,1,0,2.15055,0.84912,0.39484,2.15055,0.01836,0.40695,0.25545,0.10468,0.09580,0.14047,0.13062,11,0,none,a0:none:82
6,11183,combined_abort_stress_6_11183_0,combined_abort_stress,robust_barrier_mpc,0.55,0.18,1,0,0,0,1,0,1.97369,0.84912,0.43022,1.97369,0.03963,0.40339,0.25265,0.13147,0.13948,0.18980,0.24750,11,0,none,a0:none:83
6,11183,combined_abort_stress_6_11183_0,combined_abort_stress,conformal_abort_risk_filter,0.55,0.18,1,0,0,0,1,0,1.90661,0.84912,0.44535,1.90661,0.03245,0.40476,0.25373,0.10681,0.09637,0.16472,0.14125,11,0,none,a0:none:82
6,11183,combined_abort_stress_6_11183_0,combined_abort_stress,kernel_trace_constraint_classifier,0.55,0.18,1,0,0,0,1,0,2.02937,0.84912,0.41841,2.02937,0.02329,0.31714,0.18846,0.20224,0.21286,0.20285,0.31625,11,0,none,a0:none:82
6,11183,combined_abort_stress_6_11183_0,combined_abort_stress,particle_constraint_belief,0.55,0.18,1,0,0,0,1,0,1.98120,0.84912,0.42859,1.98120,0.03614,0.39060,0.24270,0.12975,0.14311,0.18321,0.22437,11,0,none,a0:none:83
6,11183,combined_abort_stress_6_11183_0,combined_abort_stress,abort_constraint_discovery_v5,0.55,0.18,0,1,0,1,2,1,2.12505,0.84912,0.13985,2.46505,-0.00931,0.52900,0.35962,0.15711,0.24029,1.00000,0.32062,11,0,no_path,a0:force_limit:81;a1:no_path
6,11183,combined_abort_stress_6_11183_0,combined_abort_stress,oracle_constraints,0.55,0.18,1,0,0,0,1,0,1.99889,0.84912,0.42479,1.99889,0.02380,1.00000,1.00000,0.01804,0.06102,0.00791,0.12125,11,0,none,a0:none:82
6,11184,combined_abort_stress_6_11184_0,combined_abort_stress,constraint_classifier,0.55,0.18,1,0,0,0,1,0,1.83693,0.84579,0.46044,1.83693,0.02901,0.40511,0.25400,0.14081,0.14284,0.07007,0.21375,11,0,none,a0:none:84
6,11184,combined_abort_stress_6_11184_0,combined_abort_stress,risk_filter_uncertainty,0.55,0.18,1,1,0,1,2,0,2.81261,0.84579,0.30071,3.09261,-0.01564,0.40547,0.25429,0.11603,0.10567,0.13331,0.14563,11,0,none,a0:fixture_snag:33;a1:none:84
6,11184,combined_abort_stress_6_11184_0,combined_abort_stress,robust_barrier_mpc,0.55,0.18,1,0,0,0,1,0,2.19970,0.84579,0.38450,2.19970,0.00980,0.37828,0.23326,0.14452,0.15666,0.06063,0.22812,11,0,none,a0:none:84
6,11184,combined_abort_stress_6_11184_0,combined_abort_stress,conformal_abort_risk_filter,0.55,0.18,1,0,0,0,1,0,1.93909,0.84579,0.43618,1.93909,0.02075,0.40000,0.25000,0.10891,0.07885,0.05575,0.11500,11,0,none,a0:none:84
6,11184,combined_abort_stress_6_11184_0,combined_abort_stress,kernel_trace_constraint_classifier,0.55,0.18,0,1,1,1,6,1,9.53322,0.84579,0.03105,10.75322,-0.01809,0.34896,0.21136,0.26038,0.30261,1.00000,0.44438,11,0,no_path,a0:fixture_snag:38;a1:fixture_snag:35;a2:collision_margin:75;a3:unstable_slip:120;a4:visible_collision:116;a5:no_path
6,11184,combined_abort_stress_6_11184_0,combined_abort_stress,particle_constraint_belief,0.55,0.18,1,0,0,0,1,0,1.98231,0.84579,0.42667,1.98231,0.01050,0.40079,0.25062,0.13081,0.13568,0.04105,0.18625,11,0,none,a0:none:84
6,11184,combined_abort_stress_6_11184_0,combined_abort_stress,abort_constraint_discovery_v5,0.55,0.18,1,0,0,0,1,0,2.19091,0.84579,0.38605,2.19091,0.00271,0.43101,0.27470,0.16576,0.20636,0.20478,0.27437,11,0,none,a0:none:85
6,11184,combined_abort_stress_6_11184_0,combined_abort_stress,oracle_constraints,0.55,0.18,1,0,0,0,1,0,1.99546,0.84579,0.42386,1.99546,0.00429,1.00000,1.00000,0.02055,0.06940,0.02030,0.12875,11,0,none,a0:none:84
6,11185,combined_abort_stress_6_11185_0,combined_abort_stress,constraint_classifier,0.55,0.18,1,1,1,1,3,0,4.04805,0.85185,0.21043,4.60805,-0.01508,0.35312,0.21441,0.17795,0.18648,0.28924,0.27875,11,0,none,a0:collision_margin:38;a1:collision_margin:41;a2:none:74
6,11185,combined_abort_stress_6_11185_0,combined_abort_stress,risk_filter_uncertainty,0.55,0.18,0,1,1,1,6,0,5.37094,0.85185,0.05551,6.69094,-0.02145,0.44055,0.28250,0.12560,0.10843,0.22345,0.17813,11,0,fixture_snag,a0:collision_margin:39;a1:force_limit:38;a2:human_stop:28;a3:collision_margin:41;a4:human_stop:29;a5:fixture_snag:37
6,11185,combined_abort_stress_6_11185_0,combined_abort_stress,robust_barrier_mpc,0.55,0.18,0,1,1,1,6,0,7.51981,0.85185,0.03965,8.83981,-0.03860,0.40552,0.25433,0.15659,0.18097,0.21280,0.31062,11,0,collision_margin,a0:collision_margin:39;a1:fixture_snag:36;a2:force_limit:41;a3:human_stop:30;a4:unstable_slip:120;a5:collision_margin:43
6,11185,combined_abort_stress_6_11185_0,combined_abort_stress,conformal_abort_risk_filter,0.55,0.18,1,1,0,0,2,0,2.81315,0.85185,0.30281,3.09315,-0.00089,0.36093,0.22021,0.13168,0.11188,0.21411,0.15188,11,0,none,a0:collision_margin:38;a1:none:74
6,11185,combined_abort_stress_6_11185_0,combined_abort_stress,kernel_trace_constraint_classifier,0.55,0.18,1,1,0,1,2,0,3.57787,0.85185,0.23809,3.85787,-0.00833,0.32011,0.19055,0.21800,0.23135,0.13933,0.31438,11,0,none,a0:collision_margin:39;a1:none:120
6,11185,combined_abort_stress_6_11185_0,combined_abort_stress,particle_constraint_belief,0.55,0.18,1,1,1,1,3,0,4.75022,0.85185,0.17933,5.31022,-0.00705,0.40722,0.25567,0.15102,0.16245,0.14994,0.23813,11,0,none,a0:collision_margin:37;a1:force_limit:39;a2:none:120
6,11185,combined_abort_stress_6_11185_0,combined_abort_stress,abort_constraint_discovery_v5,0.55,0.18,0,1,1,1,3,1,2.68441,0.85185,0.11107,3.24441,-0.00352,0.41930,0.26526,0.16702,0.16332,1.00000,0.23312,11,0,no_path,a0:visible_collision:54;a1:collision_margin:55;a2:no_path
6,11185,combined_abort_stress_6_11185_0,combined_abort_stress,oracle_constraints,0.55,0.18,1,0,0,0,1,0,2.10239,0.85185,0.40518,2.10239,0.01899,1.00000,1.00000,0.02014,0.06684,0.03281,0.14250,11,0,none,a0:none:78
6,11186,combined_abort_stress_6_11186_0,combined_abort_stress,constraint_classifier,0.55,0.18,1,0,0,0,1,0,2.05910,0.83957,0.40774,2.05910,0.03121,0.34312,0.20709,0.17788,0.18609,0.18804,0.26438,11,0,none,a0:none:86
6,11186,combined_abort_stress_6_11186_0,combined_abort_stress,risk_filter_uncertainty,0.55,0.18,1,1,1,1,3,0,3.92329,0.83957,0.21400,4.48329,-0.02543,0.37576,0.23134,0.13150,0.12619,0.19539,0.16937,11,0,none,a0:visible_collision:39;a1:collision_margin:44;a2:none:85
6,11186,combined_abort_stress_6_11186_0,combined_abort_stress,robust_barrier_mpc,0.55,0.18,1,0,0,0,1,0,2.36632,0.83957,0.35480,2.36632,0.03607,0.35679,0.21713,0.16162,0.17478,0.13465,0.24188,11,0,none,a0:none:93
6,11186,combined_abort_stress_6_11186_0,combined_abort_stress,conformal_abort_risk_filter,0.55,0.18,1,0,0,0,1,0,2.09820,0.83957,0.40014,2.09820,0.03655,0.35426,0.21526,0.13337,0.12101,0.12907,0.13875,11,0,none,a0:none:86
6,11186,combined_abort_stress_6_11186_0,combined_abort_stress,kernel_trace_constraint_classifier,0.55,0.18,1,0,0,0,1,0,2.09591,0.83957,0.40057,2.09591,0.03781,0.27901,0.16212,0.22852,0.24015,0.18103,0.31250,11,0,none,a0:none:85
6,11186,combined_abort_stress_6_11186_0,combined_abort_stress,particle_constraint_belief,0.55,0.18,1,0,0,0,1,0,2.13756,0.83957,0.39277,2.13756,0.02797,0.35979,0.21935,0.15562,0.16701,0.12710,0.21438,11,0,none,a0:none:87
6,11186,combined_abort_stress_6_11186_0,combined_abort_stress,abort_constraint_discovery_v5,0.55,0.18,1,1,0,1,2,0,2.94667,0.83957,0.28492,3.22667,0.03588,0.39527,0.24632,0.16592,0.16077,0.13380,0.23000,11,0,none,a0:visible_collision:37;a1:none:85
6,11186,combined_abort_stress_6_11186_0,combined_abort_stress,oracle_constraints,0.55,0.18,1,0,0,0,1,0,1.99316,0.83957,0.42122,1.99316,0.00837,1.00000,1.00000,0.02349,0.07819,0.02711,0.14000,11,0,none,a0:none:75
6,11187,combined_abort_stress_6_11187_0,combined_abort_stress,constraint_classifier,0.55,0.18,1,1,1,1,3,0,5.44307,0.85216,0.15656,6.00307,-0.01899,0.35077,0.21269,0.16910,0.19097,0.07557,0.28125,11,0,none,a0:human_stop:24;a1:force_limit:48;a2:none:120
6,11187,combined_abort_stress_6_11187_0,combined_abort_stress,risk_filter_uncertainty,0.55,0.18,0,1,1,1,6,0,7.42486,0.85216,0.04017,8.74486,-0.00498,0.39619,0.24703,0.12905,0.12516,0.18989,0.20312,11,0,fixture_snag,a0:force_limit:47;a1:human_stop:46;a2:fixture_snag:43;a3:visible_collision:67;a4:collision_margin:43;a5:fixture_snag:44
6,11187,combined_abort_stress_6_11187_0,combined_abort_stress,robust_barrier_mpc,0.55,0.18,1,1,1,1,4,0,7.24254,0.85216,0.11766,8.08254,-0.01212,0.39826,0.24864,0.14855,0.17599,0.15296,0.30500,11,0,none,a0:fixture_snag:67;a1:fixture_snag:55;a2:force_limit:50;a3:none:120
6,11187,combined_abort_stress_6_11187_0,combined_abort_stress,conformal_abort_risk_filter,0.55,0.18,0,1,1,1,6,0,5.08867,0.85216,0.05861,6.40867,-0.01867,0.30876,0.18256,0.13109,0.14255,0.06242,0.14625,11,0,visible_collision,a0:human_stop:24;a1:human_stop:23;a2:human_stop:29;a3:human_stop:25;a4:human_stop:24;a5:visible_collision:94
6,11187,combined_abort_stress_6_11187_0,combined_abort_stress,kernel_trace_constraint_classifier,0.55,0.18,1,0,0,0,1,0,3.20139,0.85216,0.26618,3.20139,0.02177,0.22687,0.12795,0.22469,0.25821,0.05824,0.29375,11,0,none,a0:none:120
6,11187,combined_abort_stress_6_11187_0,combined_abort_stress,particle_constraint_belief,0.55,0.18,1,1,0,0,2,0,4.76088,0.85216,0.17899,5.04088,-0.00405,0.27660,0.16049,0.16831,0.20425,0.13453,0.22750,11,0,none,a0:fixture_snag:68;a1:none:120
6,11187,combined_abort_stress_6_11187_0,combined_abort_stress,abort_constraint_discovery_v5,0.55,0.18,1,0,0,0,1,0,3.72161,0.85216,0.22898,3.72161,0.00879,0.33390,0.20040,0.19303,0.22585,0.09949,0.24563,11,0,none,a0:none:120
6,11187,combined_abort_stress_6_11187_0,combined_abort_stress,oracle_constraints,0.55,0.18,0,1,1,1,6,0,4.39114,0.85216,0.06792,5.71114,0.04051,1.00000,1.00000,0.02081,0.06994,0.01469,0.12500,11,0,visible_collision,a0:visible_collision:28;a1:visible_collision:27;a2:visible_collision:45;a3:visible_collision:25;a4:visible_collision:27;a5:visible_collision:29
7,11180,combined_abort_stress_7_11180_0,combined_abort_stress,constraint_classifier,0.55,0.18,0,1,1,0,6,0,4.53345,0.84248,0.06504,5.85345,-0.03031,0.41632,0.26288,0.17041,0.17319,0.35387,0.29125,11,0,human_stop,a0:human_stop:34;a1:human_stop:25;a2:human_stop:32;a3:human_stop:26;a4:human_stop:27;a5:human_stop:29
7,11180,combined_abort_stress_7_11180_0,combined_abort_stress,risk_filter_uncertainty,0.55,0.18,1,0,0,0,1,0,2.57749,0.84248,0.32686,2.57749,0.02747,0.47714,0.31332,0.11880,0.09235,0.14730,0.16125,11,0,none,a0:none:98
7,11180,combined_abort_stress_7_11180_0,combined_abort_stress,robust_barrier_mpc,0.55,0.18,1,0,0,0,1,0,2.40969,0.84248,0.34962,2.40969,0.02963,0.39768,0.24819,0.16067,0.16364,0.18188,0.27750,11,0,none,a0:none:106
7,11180,combined_abort_stress_7_11180_0,combined_abort_stress,conformal_abort_risk_filter,0.55,0.18,1,1,1,0,5,0,5.30377,0.84248,0.15885,6.42377,-0.01374,0.43615,0.27889,0.12808,0.09901,0.19156,0.16500,11,0,none,a0:human_stop:36;a1:human_stop:24;a2:human_stop:25;a3:human_stop:35;a4:none:97
7,11180,combined_abort_stress_7_11180_0,combined_abort_stress,kernel_trace_constraint_classifier,0.55,0.18,1,0,0,0,1,0,2.35508,0.84248,0.35773,2.35508,0.03309,0.35859,0.21846,0.22029,0.22884,0.18706,0.34187,11,0,none,a0:none:109
7,11180,combined_abort_stress_7_11180_0,combined_abort_stress,particle_constraint_belief,0.55,0.18,1,1,1,1,3,0,7.25240,0.84248,0.11617,7.81240,-0.03340,0.47334,0.31005,0.15462,0.19130,0.18843,0.32750,11,0,none,a0:human_stop:98;a1:force_limit:93;a2:none:120
7,11180,combined_abort_stress_7_11180_0,combined_abort_stress,abort_constraint_discovery_v5,0.55,0.18,0,0,0,0,1,1,0.00000,0.84248,0.00000,0.12000,1.00000,0.42390,0.26895,0.17811,0.18334,1.00000,0.28625,11,0,no_path,a0:no_path
7,11180,combined_abort_stress_7_11180_0,combined_abort_stress,oracle_constraints,0.55,0.18,1,0,0,0,1,0,2.03328,0.84248,0.41435,2.03328,0.02045,1.00000,1.00000,0.02392,0.07874,0.01703,0.15313,11,0,none,a0:none:94
7,11181,combined_abort_stress_7_11181_0,combined_abort_stress,constraint_classifier,0.55,0.18,1,1,1,1,4,0,7.25263,0.84909,0.11707,8.09263,-0.00679,0.50208,0.33519,0.14007,0.17926,0.07661,0.30500,11,0,none,a0:fixture_snag:41;a1:visible_collision:21;a2:unstable_slip:92;a3:none:120
7,11181,combined_abort_stress_7_11181_0,combined_abort_stress,risk_filter_uncertainty,0.55,0.18,0,1,1,1,6,0,5.51829,0.84909,0.05385,6.83829,-0.02960,0.51392,0.34582,0.09943,0.06720,0.24237,0.14625,11,0,fixture_snag,a0:fixture_snag:40;a1:human_stop:34;a2:fixture_snag:40;a3:fixture_snag:37;a4:fixture_snag:37;a5:fixture_snag:37
7,11181,combined_abort_stress_7_11181_0,combined_abort_stress,robust_barrier_mpc,0.55,0.18,1,1,0,1,2,0,5.43602,0.84909,0.15620,5.71602,-0.01098,0.52359,0.35464,0.12092,0.13978,0.05918,0.26500,11,0,none,a0:unstable_slip:94;a1:none:120
7,11181,combined_abort_stress_7_11181_0,combined_abort_stress,conformal_abort_risk_filter,0.55,0.18,1,1,1,1,3,0,5.78060,0.84909,0.14689,6.34060,0.01948,0.43737,0.27989,0.10608,0.07402,0.06529,0.14875,11,0,none,a0:visible_collision:20;a1:visible_collision:80;a2:none:120
7,11181,combined_abort_stress_7_11181_0,combined_abort_stress,kernel_trace_constraint_classifier,0.55,0.18,1,0,0,0,1,0,3.38215,0.84909,0.25105,3.38215,0.02474,0.41009,0.25794,0.16016,0.13290,0.04653,0.25062,11,0,none,a0:none:120
7,11181,combined_abort_stress_7_11181_0,combined_abort_stress,particle_constraint_belief,0.55,0.18,1,0,0,0,1,0,3.64013,0.84909,0.23326,3.64013,0.02337,0.47925,0.31514,0.11534,0.08837,0.04333,0.18563,11,0,none,a0:none:120
7,11181,combined_abort_stress_7_11181_0,combined_abort_stress,abort_constraint_discovery_v5,0.55,0.18,1,0,0,0,1,0,3.24222,0.84909,0.26189,3.24222,0.02308,0.49612,0.32990,0.15690,0.20156,0.08543,0.33813,11,0,none,a0:none:120
7,11181,combined_abort_stress_7_11181_0,combined_abort_stress,oracle_constraints,0.55,0.18,1,0,0,0,1,0,2.80847,0.84909,0.30233,2.80847,0.03608,1.00000,1.00000,0.01939,0.06506,0.01489,0.14563,11,0,none,a0:none:116
7,11182,combined_abort_stress_7_11182_0,combined_abort_stress,constraint_classifier,0.55,0.18,0,1,1,1,6,0,7.51279,0.85362,0.03977,8.83279,-0.02650,0.35223,0.21376,0.20496,0.23645,0.25173,0.37438,11,0,collision_margin,a0:visible_collision:89;a1:collision_margin:42;a2:collision_margin:34;a3:fixture_snag:60;a4:fixture_snag:43;a5:collision_margin:31
7,11182,combined_abort_stress_7_11182_0,combined_abort_stress,risk_filter_uncertainty,0.55,0.18,0,1,1,1,6,0,6.33259,0.85362,0.04718,7.65259,-0.01871,0.38114,0.23544,0.12700,0.11252,0.17449,0.17438,11,0,fixture_snag,a0:collision_margin:36;a1:fixture_snag:40;a2:fixture_snag:52;a3:fixture_snag:42;a4:fixture_snag:40;a5:fixture_snag:49
7,11182,combined_abort_stress_7_11182_0,combined_abort_stress,robust_barrier_mpc,0.55,0.18,1,0,0,0,1,0,3.00801,0.85362,0.28378,3.00801,0.02914,0.35420,0.21521,0.16411,0.16103,0.07142,0.26562,11,0,none,a0:none:120
7,11182,combined_abort_stress_7_11182_0,combined_abort_stress,conformal_abort_risk_filter,0.55,0.18,1,1,1,1,5,0,9.09450,0.85362,0.09386,10.21450,-0.01381,0.38079,0.23517,0.13205,0.14084,0.12615,0.22062,11,0,none,a0:visible_collision:90;a1:collision_margin:43;a2:collision_margin:33;a3:force_limit:98;a4:none:119
7,11182,combined_abort_stress_7_11182_0,combined_abort_stress,kernel_trace_constraint_classifier,0.55,0.18,0,1,1,1,6,0,9.20623,0.85362,0.03245,10.52623,-0.00719,0.27184,0.15730,0.28855,0.29655,0.10963,0.43562,11,0,collision_margin,a0:visible_collision:88;a1:collision_margin:38;a2:visible_collision:86;a3:fixture_snag:58;a4:fixture_snag:42;a5:collision_margin:77
7,11182,combined_abort_stress_7_11182_0,combined_abort_stress,particle_constraint_belief,0.55,0.18,1,1,1,1,4,0,8.07849,0.85362,0.10567,8.91849,-0.00262,0.32425,0.19349,0.17720,0.18888,0.13492,0.29187,11,0,none,a0:visible_collision:93;a1:visible_collision:84;a2:collision_margin:37;a3:none:120
7,11182,combined_abort_stress_7_11182_0,combined_abort_stress,abort_constraint_discovery_v5,0.55,0.18,1,0,0,0,1,0,3.26910,0.85362,0.26112,3.26910,0.04110,0.46519,0.30309,0.15343,0.16985,0.06538,0.27813,11,0,none,a0:none:120
7,11182,combined_abort_stress_7_11182_0,combined_abort_stress,oracle_constraints,0.55,0.18,1,0,0,0,1,0,2.23494,0.85362,0.38194,2.23494,0.01275,1.00000,1.00000,0.02325,0.07883,0.03776,0.14375,11,0,none,a0:none:93
7,11183,combined_abort_stress_7_11183_0,combined_abort_stress,constraint_classifier,0.55,0.18,0,1,1,1,6,0,5.54001,0.87091,0.05502,6.86001,-0.02833,0.34663,0.20965,0.17391,0.20613,0.32379,0.28437,11,0,collision_margin,a0:collision_margin:39;a1:collision_margin:33;a2:collision_margin:34;a3:collision_margin:37;a4:collision_margin:35;a5:collision_margin:37
7,11183,combined_abort_stress_7_11183_0,combined_abort_stress,risk_filter_uncertainty,0.55,0.18,1,1,1,1,5,0,6.30728,0.87091,0.13808,7.42728,-0.02186,0.43750,0.28000,0.11075,0.10401,0.11817,0.15687,11,0,none,a0:collision_margin:42;a1:collision_margin:39;a2:collision_margin:34;a3:collision_margin:41;a4:none:109
7,11183,combined_abort_stress_7_11183_0,combined_abort_stress,robust_barrier_mpc,0.55,0.18,1,1,1,1,3,0,4.72070,0.87091,0.18449,5.28070,-0.02303,0.35131,0.21308,0.16092,0.20266,0.15649,0.28250,11,0,none,a0:collision_margin:39;a1:collision_margin:36;a2:none:117
7,11183,combined_abort_stress_7_11183_0,combined_abort_stress,conformal_abort_risk_filter,0.55,0.18,1,1,1,1,3,0,4.54421,0.87091,0.19165,5.10421,-0.01047,0.38411,0.23770,0.12448,0.12971,0.14305,0.16000,11,0,none,a0:collision_margin:39;a1:collision_margin:35;a2:none:109
7,11183,combined_abort_stress_7_11183_0,combined_abort_stress,kernel_trace_constraint_classifier,0.55,0.18,1,1,0,1,2,0,3.61644,0.87091,0.24082,3.89644,-0.01271,0.32055,0.19086,0.21661,0.24832,0.12240,0.33313,11,0,none,a0:collision_margin:40;a1:none:120
7,11183,combined_abort_stress_7_11183_0,combined_abort_stress,particle_constraint_belief,0.55,0.18,1,1,0,1,2,0,3.72881,0.87091,0.23356,4.00881,-0.00638,0.37479,0.23061,0.14804,0.18568,0.13291,0.24375,11,0,none,a0:collision_margin:40;a1:none:120
7,11183,combined_abort_stress_7_11183_0,combined_abort_stress,abort_constraint_discovery_v5,0.55,0.18,0,0,0,0,1,1,0.00000,0.87091,0.00000,0.12000,1.00000,0.36439,0.22279,0.21603,0.25815,1.00000,0.32625,11,0,no_path,a0:no_path
7,11183,combined_abort_stress_7_11183_0,combined_abort_stress,oracle_constraints,0.55,0.18,1,0,0,0,1,0,2.43635,0.87091,0.35747,2.43635,0.04162,1.00000,1.00000,0.02124,0.07243,0.00707,0.12312,11,0,none,a0:none:103
7,11184,combined_abort_stress_7_11184_0,combined_abort_stress,constraint_classifier,0.55,0.18,1,1,1,1,3,0,3.52676,0.85109,0.24132,4.08676,-0.02821,0.46602,0.30380,0.13814,0.17876,0.29391,0.26125,11,0,none,a0:unstable_slip:33;a1:unstable_slip:32;a2:none:86
7,11184,combined_abort_stress_7_11184_0,combined_abort_stress,risk_filter_uncertainty,0.55,0.18,1,0,0,0,1,0,1.97770,0.85109,0.43034,1.97770,0.02100,0.42920,0.27324,0.10761,0.10473,0.13460,0.15750,11,0,none,a0:none:90
7,11184,combined_abort_stress_7_11184_0,combined_abort_stress,robust_barrier_mpc,0.55,0.18,1,0,0,0,1,0,2.18563,0.85109,0.38940,2.18563,0.01756,0.46580,0.30361,0.12572,0.14002,0.20188,0.25875,11,0,none,a0:none:94
7,11184,combined_abort_stress_7_11184_0,combined_abort_stress,conformal_abort_risk_filter,0.55,0.18,1,1,0,1,2,0,2.89559,0.85109,0.29393,3.17559,-0.00444,0.44548,0.28657,0.10186,0.09620,0.20619,0.14438,11,0,none,a0:unstable_slip:33;a1:none:86
7,11184,combined_abort_stress_7_11184_0,combined_abort_stress,kernel_trace_constraint_classifier,0.55,0.18,1,0,0,0,1,0,2.33385,0.85109,0.36467,2.33385,0.03930,0.38187,0.23599,0.18495,0.21029,0.19912,0.33000,11,0,none,a0:none:101
7,11184,combined_abort_stress_7_11184_0,combined_abort_stress,particle_constraint_belief,0.55,0.18,1,0,0,0,1,0,2.24493,0.85109,0.37912,2.24493,0.02524,0.45242,0.29234,0.12131,0.13793,0.21847,0.22312,11,0,none,a0:none:90
7,11184,combined_abort_stress_7_11184_0,combined_abort_stress,abort_constraint_discovery_v5,0.55,0.18,0,1,0,0,2,1,2.19122,0.85109,0.13594,2.53122,-0.01266,0.53237,0.36275,0.14824,0.23360,1.00000,0.30938,11,0,no_path,a0:human_stop:86;a1:no_path
7,11184,combined_abort_stress_7_11184_0,combined_abort_stress,oracle_constraints,0.55,0.18,1,0,0,0,1,0,1.93793,0.85109,0.43918,1.93793,0.02982,1.00000,1.00000,0.01831,0.06334,0.01091,0.12500,11,0,none,a0:none:86
7,11185,combined_abort_stress_7_11185_0,combined_abort_stress,constraint_classifier,0.55,0.18,1,0,0,0,1,0,1.69622,0.84180,0.49628,1.69622,0.02908,0.33779,0.20322,0.17533,0.18947,0.25614,0.23187,11,0,none,a0:none:80
7,11185,combined_abort_stress_7_11185_0,combined_abort_stress,risk_filter_uncertainty,0.55,0.18,1,0,0,0,1,0,1.92763,0.84180,0.43670,1.92763,0.03889,0.29837,0.17534,0.13103,0.09543,0.14261,0.12625,11,0,none,a0:none:82
7,11185,combined_abort_stress_7_11185_0,combined_abort_stress,robust_barrier_mpc,0.55,0.18,1,0,0,0,1,0,2.07649,0.84180,0.40540,2.07649,0.02317,0.31741,0.18864,0.16536,0.18066,0.22236,0.22437,11,0,none,a0:none:88
7,11185,combined_abort_stress_7_11185_0,combined_abort_stress,conformal_abort_risk_filter,0.55,0.18,1,0,0,0,1,0,1.84387,0.84180,0.45654,1.84387,0.03479,0.33890,0.20402,0.13763,0.13840,0.17676,0.12000,11,0,none,a0:none:81
7,11185,combined_abort_stress_7_11185_0,combined_abort_stress,kernel_trace_constraint_classifier,0.55,0.18,0,1,1,1,6,0,11.84507,0.84180,0.02487,13.16507,-0.02171,0.30533,0.18017,0.24947,0.26305,0.14346,0.38625,11,0,force_limit,a0:visible_collision:56;a1:human_stop:43;a2:human_stop:45;a3:unstable_slip:119;a4:fixture_snag:68;a5:force_limit:120
7,11185,combined_abort_stress_7_11185_0,combined_abort_stress,particle_constraint_belief,0.55,0.18,1,0,0,0,1,0,1.79798,0.84180,0.46820,1.79798,0.03109,0.31734,0.18860,0.16263,0.18015,0.20013,0.19687,11,0,none,a0:none:84
7,11185,combined_abort_stress_7_11185_0,combined_abort_stress,abort_constraint_discovery_v5,0.55,0.18,0,0,0,0,1,1,0.00000,0.84180,0.00000,0.12000,1.00000,0.36398,0.22248,0.17211,0.17483,1.00000,0.19125,11,0,no_path,a0:no_path
7,11185,combined_abort_stress_7_11185_0,combined_abort_stress,oracle_constraints,0.55,0.18,1,0,0,0,1,0,1.79781,0.84180,0.46824,1.79781,0.02857,1.00000,1.00000,0.02315,0.07569,0.00813,0.14188,11,0,none,a0:none:80
7,11186,combined_abort_stress_7_11186_0,combined_abort_stress,constraint_classifier,0.55,0.18,1,0,0,0,1,0,1.83303,0.84060,0.45858,1.83303,0.02921,0.39732,0.24791,0.10722,0.12276,0.08505,0.18188,9,2,none,a0:none:73
7,11186,combined_abort_stress_7_11186_0,combined_abort_stress,risk_filter_uncertainty,0.55,0.18,1,1,1,1,3,0,3.43709,0.84060,0.24457,3.99709,-0.01139,0.39286,0.24444,0.08367,0.09256,0.18911,0.11188,9,2,none,a0:fixture_snag:37;a1:collision_margin:37;a2:none:75
7,11186,combined_abort_stress_7_11186_0,combined_abort_stress,robust_barrier_mpc,0.55,0.18,1,1,0,1,2,0,2.65684,0.84060,0.31639,2.93684,-0.02863,0.43612,0.27887,0.09448,0.10834,0.19874,0.18563,9,2,none,a0:fixture_snag:42;a1:none:73
7,11186,combined_abort_stress_7_11186_0,combined_abort_stress,conformal_abort_risk_filter,0.55,0.18,1,0,0,0,1,0,1.78179,0.84060,0.47177,1.78179,0.01011,0.37966,0.23431,0.08127,0.07460,0.09515,0.08625,9,2,none,a0:none:77
7,11186,combined_abort_stress_7_11186_0,combined_abort_stress,kernel_trace_constraint_classifier,0.55,0.18,1,0,0,0,1,0,1.77748,0.84060,0.47292,1.77748,0.02189,0.29769,0.17488,0.14271,0.13875,0.12426,0.20000,9,2,none,a0:none:73
7,11186,combined_abort_stress_7_11186_0,combined_abort_stress,particle_constraint_belief,0.55,0.18,1,1,0,1,2,0,2.87498,0.84060,0.29238,3.15498,-0.01868,0.42723,0.27164,0.09513,0.10806,0.14715,0.16812,9,2,none,a0:fixture_snag:42;a1:none:75
7,11186,combined_abort_stress_7_11186_0,combined_abort_stress,abort_constraint_discovery_v5,0.55,0.18,1,1,1,1,3,0,3.60802,0.84060,0.23298,4.16802,-0.01766,0.39777,0.24826,0.14602,0.16154,0.18058,0.23813,9,2,none,a0:fixture_snag:38;a1:collision_margin:34;a2:none:71
7,11186,combined_abort_stress_7_11186_0,combined_abort_stress,oracle_constraints,0.55,0.18,1,0,0,0,1,0,1.84149,0.84060,0.45648,1.84149,0.02481,1.00000,1.00000,0.01657,0.05625,0.01372,0.09813,9,2,none,a0:none:73
7,11187,combined_abort_stress_7_11187_0,combined_abort_stress,constraint_classifier,0.55,0.18,1,0,0,0,1,0,1.88423,0.85590,0.45424,1.88423,0.01545,0.42746,0.27183,0.13669,0.16692,0.14391,0.27125,11,0,none,a0:none:86
7,11187,combined_abort_stress_7_11187_0,combined_abort_stress,risk_filter_uncertainty,0.55,0.18,0,1,1,1,6,0,5.27711,0.85590,0.05677,6.59711,-0.00955,0.44538,0.28649,0.11056,0.10436,0.23679,0.16812,11,0,fixture_snag,a0:fixture_snag:40;a1:fixture_snag:33;a2:fixture_snag:40;a3:force_limit:32;a4:fixture_snag:34;a5:fixture_snag:37
7,11187,combined_abort_stress_7_11187_0,combined_abort_stress,robust_barrier_mpc,0.55,0.18,1,0,0,0,1,0,1.83665,0.85590,0.46601,1.83665,0.00758,0.46254,0.30085,0.12416,0.13932,0.11772,0.25438,11,0,none,a0:none:86
7,11187,combined_abort_stress_7_11187_0,combined_abort_stress,conformal_abort_risk_filter,0.55,0.18,1,0,0,0,1,0,1.86875,0.85590,0.45801,1.86875,0.00975,0.46860,0.30599,0.10034,0.08852,0.10667,0.12937,11,0,none,a0:none:86
7,11187,combined_abort_stress_7_11187_0,combined_abort_stress,kernel_trace_constraint_classifier,0.55,0.18,1,0,0,0,1,0,1.90093,0.85590,0.45025,1.90093,0.01170,0.37607,0.23158,0.18084,0.19411,0.09606,0.30938,11,0,none,a0:none:86
7,11187,combined_abort_stress_7_11187_0,combined_abort_stress,particle_constraint_belief,0.55,0.18,1,0,0,0,1,0,2.09092,0.85590,0.40934,2.09092,0.00838,0.44561,0.28668,0.12006,0.13563,0.10976,0.22687,11,0,none,a0:none:86
7,11187,combined_abort_stress_7_11187_0,combined_abort_stress,abort_constraint_discovery_v5,0.55,0.18,0,1,1,1,4,1,4.52516,0.85590,0.06620,5.30516,-0.01105,0.47293,0.30970,0.16476,0.20402,1.00000,0.30938,11,0,no_path,a0:collision_margin:57;a1:collision_margin:59;a2:collision_margin:61;a3:no_path
7,11187,combined_abort_stress_7_11187_0,combined_abort_stress,oracle_constraints,0.55,0.18,1,0,0,0,1,0,1.97779,0.85590,0.43276,1.97779,0.01127,1.00000,1.00000,0.02030,0.06877,0.01978,0.12937,11,0,none,a0:none:86
0,11250,combined_abort_stress_0_11250_0,combined_abort_stress,constraint_classifier,0.55,0.25,0,1,1,1,6,0,6.59682,0.82885,0.04398,7.91682,-0.02794,0.37107,0.22780,0.15725,0.19044,0.19500,0.27937,11,0,collision_margin,a0:human_stop:30;a1:visible_collision:87;a2:human_stop:31;a3:fixture_snag:35;a4:fixture_snag:34;a5:collision_margin:46
0,11250,combined_abort_stress_0_11250_0,combined_abort_stress,risk_filter_uncertainty,0.55,0.25,0,1,1,1,6,0,4.51606,0.82885,0.06424,5.83606,-0.02837,0.38095,0.23529,0.09866,0.08359,0.24728,0.11812,11,0,fixture_snag,a0:human_stop:30;a1:human_stop:30;a2:fixture_snag:37;a3:fixture_snag:31;a4:fixture_snag:32;a5:fixture_snag:32
0,11250,combined_abort_stress_0_11250_0,combined_abort_stress,robust_barrier_mpc,0.55,0.25,0,1,1,1,6,0,6.54936,0.82885,0.04429,7.86936,-0.02807,0.36923,0.22642,0.14169,0.15495,0.24199,0.24750,11,0,fixture_snag,a0:human_stop:29;a1:visible_collision:95;a2:fixture_snag:38;a3:fixture_snag:33;a4:fixture_snag:33;a5:fixture_snag:33
0,11250,combined_abort_stress_0_11250_0,combined_abort_stress,conformal_abort_risk_filter,0.55,0.25,0,1,1,1,6,0,5.49564,0.82885,0.05279,6.81564,-0.00954,0.40826,0.25648,0.09873,0.09210,0.18858,0.15438,11,0,human_stop,a0:human_stop:30;a1:fixture_snag:61;a2:human_stop:29;a3:visible_collision:36;a4:fixture_snag:34;a5:human_stop:30
0,11250,combined_abort_stress_0_11250_0,combined_abort_stress,kernel_trace_constraint_classifier,0.55,0.25,1,1,1,1,4,0,5.78132,0.82885,0.14337,6.62132,-0.02575,0.32796,0.19615,0.19472,0.21114,0.10423,0.30875,11,0,none,a0:human_stop:34;a1:fixture_snag:64;a2:human_stop:28;a3:none:120
0,11250,combined_abort_stress_0_11250_0,combined_abort_stress,particle_constraint_belief,0.55,0.25,1,1,0,0,2,0,3.81563,0.82885,0.21722,4.09563,-0.01339,0.44924,0.28969,0.10640,0.10440,0.03396,0.17125,11,0,none,a0:human_stop:30;a1:none:120
0,11250,combined_abort_stress_0_11250_0,combined_abort_stress,abort_constraint_discovery_v5,0.55,0.25,1,1,1,1,4,0,8.43944,0.82885,0.09821,9.27944,-0.00300,0.49913,0.33256,0.13628,0.16090,0.06348,0.24250,11,0,none,a0:visible_collision:54;a1:collision_margin:49;a2:visible_collision:92;a3:none:120
0,11250,combined_abort_stress_0_11250_0,combined_abort_stress,oracle_constraints,0.55,0.25,0,1,1,1,6,0,5.24571,0.82885,0.05530,6.56571,0.02259,1.00000,1.00000,0.01791,0.05937,0.02005,0.11812,11,0,visible_collision,a0:visible_collision:37;a1:visible_collision:35;a2:visible_collision:33;a3:visible_collision:38;a4:visible_collision:39;a5:visible_collision:40
0,11251,combined_abort_stress_0_11251_0,combined_abort_stress,constraint_classifier,0.55,0.25,0,1,1,1,6,0,6.72545,0.85095,0.04428,8.04545,-0.02790,0.37898,0.23379,0.17593,0.23176,0.32138,0.32875,11,0,fixture_snag,a0:fixture_snag:55;a1:force_limit:69;a2:visible_collision:28;a3:fixture_snag:45;a4:fixture_snag:38;a5:fixture_snag:39
0,11251,combined_abort_stress_0_11251_0,combined_abort_stress,risk_filter_uncertainty,0.55,0.25,0,1,1,1,6,0,4.92426,0.85095,0.06048,6.24426,-0.02680,0.37615,0.23164,0.12164,0.10522,0.24223,0.14938,11,0,fixture_snag,a0:fixture_snag:36;a1:fixture_snag:46;a2:human_stop:32;a3:fixture_snag:29;a4:fixture_snag:29;a5:fixture_snag:32
0,11251,combined_abort_stress_0_11251_0,combined_abort_stress,robust_barrier_mpc,0.55,0.25,1,1,1,1,3,0,6.04025,0.85095,0.14088,6.60025,-0.02708,0.29173,0.17078,0.17033,0.20224,0.09458,0.26250,11,0,none,a0:visible_collision:83;a1:fixture_snag:37;a2:none:120
0,11251,combined_abort_stress_0_11251_0,combined_abort_stress,conformal_abort_risk_filter,0.55,0.25,0,1,1,1,6,0,5.69655,0.85095,0.05228,7.01655,-0.02187,0.34672,0.20972,0.13402,0.14228,0.19783,0.17250,11,0,fixture_snag,a0:fixture_snag:55;a1:visible_collision:24;a2:fixture_snag:45;a3:fixture_snag:32;a4:fixture_snag:35;a5:fixture_snag:39
0,11251,combined_abort_stress_0_11251_0,combined_abort_stress,kernel_trace_constraint_classifier,0.55,0.25,0,1,1,1,6,0,7.29623,0.85095,0.04082,8.61623,-0.01377,0.25532,0.14634,0.25174,0.27704,0.13030,0.34687,11,0,visible_collision,a0:fixture_snag:52;a1:fixture_snag:45;a2:human_stop:39;a3:fixture_snag:31;a4:fixture_snag:44;a5:visible_collision:91
0,11251,combined_abort_stress_0_11251_0,combined_abort_stress,particle_constraint_belief,0.55,0.25,0,1,1,1,6,0,7.38215,0.85095,0.04034,8.70215,-0.02823,0.30493,0.17989,0.18525,0.23537,0.29887,0.29500,11,0,fixture_snag,a0:visible_collision:85;a1:fixture_snag:57;a2:human_stop:43;a3:fixture_snag:47;a4:fixture_snag:37;a5:fixture_snag:33
0,11251,combined_abort_stress_0_11251_0,combined_abort_stress,abort_constraint_discovery_v5,0.55,0.25,1,1,1,1,3,0,7.25067,0.85095,0.11736,7.81067,0.00980,0.31776,0.18889,0.20087,0.22382,0.08185,0.27813,11,0,none,a0:visible_collision:90;a1:visible_collision:92;a2:none:120
0,11251,combined_abort_stress_0_11251_0,combined_abort_stress,oracle_constraints,0.55,0.25,1,0,0,0,1,0,2.58838,0.85095,0.32876,2.58838,0.00239,1.00000,1.00000,0.01982,0.06726,0.03098,0.12312,11,0,none,a0:none:105
0,11252,combined_abort_stress_0_11252_0,combined_abort_stress,constraint_classifier,0.55,0.25,0,1,1,1,6,0,4.66551,0.83510,0.06265,5.98551,-0.02597,0.34662,0.20964,0.15229,0.15507,0.31573,0.23688,11,0,collision_margin,a0:collision_margin:30;a1:collision_margin:28;a2:collision_margin:30;a3:collision_margin:30;a4:collision_margin:29;a5:collision_margin:29
0,11252,combined_abort_stress_0_11252_0,combined_abort_stress,risk_filter_uncertainty,0.55,0.25,0,1,1,1,6,0,4.66654,0.83510,0.06263,5.98654,-0.01270,0.36364,0.22222,0.11922,0.12167,0.24233,0.15125,11,0,collision_margin,a0:collision_margin:32;a1:collision_margin:34;a2:human_stop:30;a3:collision_margin:29;a4:collision_margin:28;a5:collision_margin:29
0,11252,combined_abort_stress_0_11252_0,combined_abort_stress,robust_barrier_mpc,0.55,0.25,0,1,1,1,6,0,6.40530,0.83510,0.04563,7.72530,-0.02361,0.30820,0.18217,0.16615,0.18149,0.26202,0.25750,11,0,collision_margin,a0:collision_margin:36;a1:human_stop:40;a2:collision_margin:35;a3:visible_collision:76;a4:collision_margin:37;a5:collision_margin:33
0,11252,combined_abort_stress_0_11252_0,combined_abort_stress,conformal_abort_risk_filter,0.55,0.25,0,1,1,1,6,0,4.97630,0.83510,0.05874,6.29630,-0.02570,0.38445,0.23797,0.11255,0.09160,0.22891,0.16562,11,0,human_stop,a0:collision_margin:28;a1:collision_margin:32;a2:collision_margin:32;a3:collision_margin:39;a4:collision_margin:29;a5:human_stop:30
0,11252,combined_abort_stress_0_11252_0,combined_abort_stress,kernel_trace_constraint_classifier,0.55,0.25,1,1,1,1,4,0,7.67476,0.83510,0.10881,8.51476,-0.01506,0.27005,0.15611,0.25211,0.25846,0.07405,0.34375,11,0,none,a0:visible_collision:78;a1:collision_margin:38;a2:collision_margin:66;a3:none:120
0,11252,combined_abort_stress_0_11252_0,combined_abort_stress,particle_constraint_belief,0.55,0.25,1,1,1,1,3,0,6.09184,0.83510,0.13708,6.65184,-0.00371,0.29038,0.16985,0.15524,0.15298,0.07895,0.22062,11,0,none,a0:visible_collision:74;a1:collision_margin:34;a2:none:120
0,11252,combined_abort_stress_0_11252_0,combined_abort_stress,abort_constraint_discovery_v5,0.55,0.25,1,0,0,0,1,0,2.39049,0.83510,0.34934,2.39049,0.03423,0.32108,0.19124,0.16470,0.15265,0.03361,0.19937,11,0,none,a0:none:106
0,11252,combined_abort_stress_0_11252_0,combined_abort_stress,oracle_constraints,0.55,0.25,0,1,1,1,6,0,4.49076,0.83510,0.06509,5.81076,0.03627,1.00000,1.00000,0.01792,0.06095,0.01194,0.12375,11,0,visible_collision,a0:visible_collision:23;a1:visible_collision:24;a2:visible_collision:22;a3:visible_collision:24;a4:visible_collision:25;a5:visible_collision:61
0,11253,combined_abort_stress_0_11253_0,combined_abort_stress,constraint_classifier,0.55,0.25,1,0,0,0,1,0,2.14556,0.84228,0.39257,2.14556,0.02394,0.53788,0.36788,0.10275,0.12108,0.21998,0.20563,9,2,none,a0:none:87
0,11253,combined_abort_stress_0_11253_0,combined_abort_stress,risk_filter_uncertainty,0.55,0.25,1,0,0,0,1,0,2.03103,0.84228,0.41470,2.03103,0.02624,0.53598,0.36610,0.08337,0.07815,0.15489,0.12750,9,2,none,a0:none:86
0,11253,combined_abort_stress_0_11253_0,combined_abort_stress,robust_barrier_mpc,0.55,0.25,1,0,0,0,1,0,1.88585,0.84228,0.44663,1.88585,0.02172,0.52015,0.35149,0.10191,0.11505,0.19361,0.21688,9,2,none,a0:none:89
0,11253,combined_abort_stress_0_11253_0,combined_abort_stress,conformal_abort_risk_filter,0.55,0.25,1,0,0,0,1,0,2.03529,0.84228,0.41384,2.03529,0.02341,0.54839,0.37778,0.08177,0.06704,0.15664,0.10812,9,2,none,a0:none:87
0,11253,combined_abort_stress_0_11253_0,combined_abort_stress,kernel_trace_constraint_classifier,0.55,0.25,1,1,0,1,2,0,4.45295,0.84228,0.18915,4.73295,0.01119,0.46037,0.29901,0.15123,0.16431,0.13352,0.28563,9,2,none,a0:visible_collision:51;a1:none:120
0,11253,combined_abort_stress_0_11253_0,combined_abort_stress,particle_constraint_belief,0.55,0.25,1,0,0,0,1,0,2.27655,0.84228,0.36998,2.27655,0.01213,0.55738,0.38636,0.09275,0.10065,0.17286,0.18063,9,2,none,a0:none:88
0,11253,combined_abort_stress_0_11253_0,combined_abort_stress,abort_constraint_discovery_v5,0.55,0.25,1,0,0,0,1,0,4.49974,0.84228,0.18718,4.49974,0.02314,0.51003,0.34231,0.14915,0.23678,0.08055,0.31188,9,2,none,a0:none:120
0,11253,combined_abort_stress_0_11253_0,combined_abort_stress,oracle_constraints,0.55,0.25,1,0,0,0,1,0,2.23849,0.84228,0.37627,2.23849,0.01767,1.00000,1.00000,0.01831,0.06188,0.03969,0.12437,9,2,none,a0:none:85
0,11254,combined_abort_stress_0_11254_0,combined_abort_stress,constraint_classifier,0.55,0.25,1,0,0,0,1,0,1.76493,0.84224,0.47721,1.76493,0.02431,0.31429,0.18644,0.17946,0.17397,0.15464,0.25188,11,0,none,a0:none:81
0,11254,combined_abort_stress_0_11254_0,combined_abort_stress,risk_filter_uncertainty,0.55,0.25,1,1,1,1,3,0,3.35924,0.84224,0.25072,3.91924,-0.00151,0.31513,0.18703,0.14009,0.14058,0.22511,0.15563,11,0,none,a0:visible_collision:34;a1:collision_margin:33;a2:none:80
0,11254,combined_abort_stress_0_11254_0,combined_abort_stress,robust_barrier_mpc,0.55,0.25,1,0,0,0,1,0,1.99564,0.84224,0.42204,1.99564,0.02053,0.31156,0.18452,0.16842,0.16974,0.17264,0.23125,11,0,none,a0:none:82
0,11254,combined_abort_stress_0_11254_0,combined_abort_stress,conformal_abort_risk_filter,0.55,0.25,1,0,0,0,1,0,1.90898,0.84224,0.44120,1.90898,0.02069,0.30330,0.17876,0.13896,0.11534,0.10907,0.14250,11,0,none,a0:none:81
0,11254,combined_abort_stress_0_11254_0,combined_abort_stress,kernel_trace_constraint_classifier,0.55,0.25,1,0,0,0,1,0,2.03680,0.84224,0.41351,2.03680,0.02365,0.26331,0.15161,0.22601,0.22841,0.13215,0.30438,11,0,none,a0:none:83
0,11254,combined_abort_stress_0_11254_0,combined_abort_stress,particle_constraint_belief,0.55,0.25,1,0,0,0,1,0,2.01864,0.84224,0.41723,2.01864,0.02153,0.31900,0.18977,0.15972,0.15603,0.12809,0.20688,11,0,none,a0:none:81
0,11254,combined_abort_stress_0_11254_0,combined_abort_stress,abort_constraint_discovery_v5,0.55,0.25,0,0,0,0,1,1,0.00000,0.84224,0.00000,0.12000,1.00000,0.37874,0.23361,0.17343,0.15985,1.00000,0.23438,11,0,no_path,a0:no_path
0,11254,combined_abort_stress_0_11254_0,combined_abort_stress,oracle_constraints,0.55,0.25,1,0,0,0,1,0,2.09338,0.84224,0.40234,2.09338,0.02315,1.00000,1.00000,0.02351,0.07649,0.02205,0.14188,11,0,none,a0:none:81
0,11255,combined_abort_stress_0_11255_0,combined_abort_stress,constraint_classifier,0.55,0.25,1,1,1,1,4,0,3.95176,0.84160,0.21297,4.79176,-0.01954,0.42057,0.26628,0.16078,0.16184,0.25007,0.27187,11,0,none,a0:visible_collision:15;a1:human_stop:27;a2:collision_margin:29;a3:none:90
0,11255,combined_abort_stress_0_11255_0,combined_abort_stress,risk_filter_uncertainty,0.55,0.25,1,1,0,0,2,0,3.05338,0.84160,0.27563,3.33338,-0.00186,0.36017,0.21964,0.12301,0.10362,0.15029,0.15375,11,0,none,a0:human_stop:36;a1:none:88
0,11255,combined_abort_stress_0_11255_0,combined_abort_stress,robust_barrier_mpc,0.55,0.25,1,0,0,0,1,0,2.25688,0.84160,0.37291,2.25688,0.03400,0.37760,0.23274,0.15115,0.14765,0.18007,0.24938,11,0,none,a0:none:96
0,11255,combined_abort_stress_0_11255_0,combined_abort_stress,conformal_abort_risk_filter,0.55,0.25,1,1,0,0,2,0,2.79017,0.84160,0.30163,3.07017,-0.01493,0.36923,0.22642,0.12064,0.08136,0.16174,0.14313,11,0,none,a0:human_stop:28;a1:none:90
0,11255,combined_abort_stress_0_11255_0,combined_abort_stress,kernel_trace_constraint_classifier,0.55,0.25,1,0,0,0,1,0,2.26421,0.84160,0.37170,2.26421,0.03019,0.28531,0.16639,0.21072,0.19998,0.18647,0.29688,11,0,none,a0:none:95
0,11255,combined_abort_stress_0_11255_0,combined_abort_stress,particle_constraint_belief,0.55,0.25,1,0,0,0,1,0,2.03361,0.84160,0.41385,2.03361,0.03253,0.35524,0.21598,0.14724,0.13844,0.18268,0.21063,11,0,none,a0:none:90
0,11255,combined_abort_stress_0_11255_0,combined_abort_stress,abort_constraint_discovery_v5,0.55,0.25,0,1,0,0,2,1,0.98333,0.84160,0.29955,1.32333,-0.00650,0.40698,0.25547,0.18341,0.17744,1.00000,0.28875,11,0,no_path,a0:human_stop:34;a1:no_path
0,11255,combined_abort_stress_0_11255_0,combined_abort_stress,oracle_constraints,0.55,0.25,1,0,0,0,1,0,2.19002,0.84160,0.38429,2.19002,0.03408,1.00000,1.00000,0.02158,0.07140,0.00944,0.14125,11,0,none,a0:none:84
0,11256,combined_abort_stress_0_11256_0,combined_abort_stress,constraint_classifier,0.55,0.25,1,0,0,0,1,0,2.67770,0.84959,0.31728,2.67770,0.01693,0.49615,0.32992,0.11158,0.17326,0.10737,0.22125,11,0,none,a0:none:110
0,11256,combined_abort_stress_0_11256_0,combined_abort_stress,risk_filter_uncertainty,0.55,0.25,0,1,1,1,6,0,4.68369,0.84959,0.06349,6.00369,-0.03090,0.49157,0.32588,0.09030,0.12332,0.26764,0.15563,11,0,human_stop,a0:fixture_snag:43;a1:fixture_snag:46;a2:human_stop:31;a3:unstable_slip:22;a4:unstable_slip:23;a5:human_stop:25
0,11256,combined_abort_stress_0_11256_0,combined_abort_stress,robust_barrier_mpc,0.55,0.25,1,0,0,0,1,0,2.84651,0.84959,0.29847,2.84651,0.02094,0.48964,0.32419,0.10694,0.14175,0.09218,0.22812,11,0,none,a0:none:112
0,11256,combined_abort_stress_0_11256_0,combined_abort_stress,conformal_abort_risk_filter,0.55,0.25,1,0,0,0,1,0,2.85160,0.84959,0.29794,2.85160,0.02281,0.51613,0.34783,0.07973,0.09912,0.08204,0.10938,11,0,none,a0:none:110
0,11256,combined_abort_stress_0_11256_0,combined_abort_stress,kernel_trace_constraint_classifier,0.55,0.25,1,0,0,0,1,0,2.75097,0.84959,0.30883,2.75097,0.01849,0.36246,0.22134,0.15741,0.18996,0.07405,0.28250,11,0,none,a0:none:113
0,11256,combined_abort_stress_0_11256_0,combined_abort_stress,particle_constraint_belief,0.55,0.25,1,0,0,0,1,0,3.03901,0.84959,0.27956,3.03901,0.01772,0.48511,0.32022,0.09870,0.13352,0.07422,0.19000,11,0,none,a0:none:115
0,11256,combined_abort_stress_0_11256_0,combined_abort_stress,abort_constraint_discovery_v5,0.55,0.25,1,0,0,0,1,0,3.67918,0.84959,0.23092,3.67918,0.03883,0.49258,0.32677,0.15307,0.27079,0.19242,0.31750,11,0,none,a0:none:120
0,11256,combined_abort_stress_0_11256_0,combined_abort_stress,oracle_constraints,0.55,0.25,0,1,1,1,6,0,11.22779,0.84959,0.02648,12.54779,-0.00189,1.00000,1.00000,0.01648,0.05627,0.02236,0.10375,11,0,visible_collision,a0:fixture_snag:53;a1:visible_collision:80;a2:visible_collision:83;a3:visible_collision:83;a4:visible_collision:85;a5:visible_collision:83
0,11257,combined_abort_stress_0_11257_0,combined_abort_stress,constraint_classifier,0.55,0.25,1,0,0,0,1,0,2.20947,0.86549,0.39172,2.20947,0.03779,0.43053,0.27432,0.15552,0.16515,0.21158,0.26625,11,0,none,a0:none:94
0,11257,combined_abort_stress_0_11257_0,combined_abort_stress,risk_filter_uncertainty,0.55,0.25,0,1,1,1,6,0,5.12421,0.86549,0.05912,6.44421,-0.02050,0.44610,0.28708,0.12479,0.10090,0.24557,0.19312,11,0,collision_margin,a0:collision_margin:33;a1:visible_collision:52;a2:fixture_snag:33;a3:visible_collision:27;a4:human_stop:28;a5:collision_margin:34
0,11257,combined_abort_stress_0_11257_0,combined_abort_stress,robust_barrier_mpc,0.55,0.25,1,1,0,1,2,0,6.00101,0.86549,0.14422,6.28101,0.01002,0.43149,0.27509,0.15152,0.15618,0.08039,0.28563,11,0,none,a0:visible_collision:69;a1:none:120
0,11257,combined_abort_stress_0_11257_0,combined_abort_stress,conformal_abort_risk_filter,0.55,0.25,1,0,0,0,1,0,2.22083,0.86549,0.38972,2.22083,0.03350,0.44350,0.28493,0.11567,0.08310,0.15052,0.15000,11,0,none,a0:none:94
0,11257,combined_abort_stress_0_11257_0,combined_abort_stress,kernel_trace_constraint_classifier,0.55,0.25,1,0,0,0,1,0,2.54885,0.86549,0.33956,2.54885,0.03651,0.36605,0.22403,0.20534,0.21022,0.13950,0.32812,11,0,none,a0:none:106
0,11257,combined_abort_stress_0_11257_0,combined_abort_stress,particle_constraint_belief,0.55,0.25,1,0,0,0,1,0,2.34043,0.86549,0.36980,2.34043,0.03129,0.44519,0.28633,0.13609,0.13979,0.16774,0.22750,11,0,none,a0:none:95
0,11257,combined_abort_stress_0_11257_0,combined_abort_stress,abort_constraint_discovery_v5,0.55,0.25,0,0,0,0,1,1,0.00000,0.86549,0.00000,0.12000,1.00000,0.54674,0.37622,0.15009,0.19220,1.00000,0.29812,11,0,no_path,a0:no_path
0,11257,combined_abort_stress_0_11257_0,combined_abort_stress,oracle_constraints,0.55,0.25,1,0,0,0,1,0,2.14113,0.86549,0.40422,2.14113,0.03512,1.00000,1.00000,0.02243,0.07382,0.01023,0.14313,11,0,none,a0:none:89
1,11250,combined_abort_stress_1_11250_0,combined_abort_stress,constraint_classifier,0.55,0.25,1,0,0,0,1,0,2.02628,0.84645,0.41774,2.02628,0.04557,0.31360,0.18596,0.17890,0.16738,0.25660,0.22750,11,0,none,a0:none:81
1,11250,combined_abort_stress_1_11250_0,combined_abort_stress,risk_filter_uncertainty,0.55,0.25,1,0,0,0,1,0,1.68871,0.84645,0.50124,1.68871,0.03062,0.34979,0.21197,0.13395,0.12006,0.14324,0.14062,11,0,none,a0:none:81
1,11250,combined_abort_stress_1_11250_0,combined_abort_stress,robust_barrier_mpc,0.55,0.25,1,0,0,0,1,0,2.21503,0.84645,0.38214,2.21503,0.02831,0.32000,0.19048,0.16456,0.14877,0.16349,0.19625,11,0,none,a0:none:96
1,11250,combined_abort_stress_1_11250_0,combined_abort_stress,conformal_abort_risk_filter,0.55,0.25,1,0,0,0,1,0,1.80232,0.84645,0.46964,1.80232,0.02889,0.36441,0.22280,0.14394,0.11624,0.18020,0.13187,11,0,none,a0:none:81
1,11250,combined_abort_stress_1_11250_0,combined_abort_stress,kernel_trace_constraint_classifier,0.55,0.25,1,0,0,0,1,0,2.05449,0.84645,0.41200,2.05449,0.03455,0.28017,0.16290,0.23175,0.23501,0.17357,0.28750,11,0,none,a0:none:95
1,11250,combined_abort_stress_1_11250_0,combined_abort_stress,particle_constraint_belief,0.55,0.25,1,0,0,0,1,0,1.82901,0.84645,0.46279,1.82901,0.03764,0.34164,0.20601,0.15964,0.14527,0.20194,0.18812,11,0,none,a0:none:85
1,11250,combined_abort_stress_1_11250_0,combined_abort_stress,abort_constraint_discovery_v5,0.55,0.25,0,0,0,0,1,1,0.00000,0.84645,0.00000,0.12000,1.00000,0.36014,0.21962,0.18246,0.16028,1.00000,0.19437,11,0,no_path,a0:no_path
1,11250,combined_abort_stress_1_11250_0,combined_abort_stress,oracle_constraints,0.55,0.25,1,0,0,0,1,0,1.83124,0.84645,0.46223,1.83124,0.04027,1.00000,1.00000,0.02632,0.08365,0.00816,0.16312,11,0,none,a0:none:81
1,11251,combined_abort_stress_1_11251_0,combined_abort_stress,constraint_classifier,0.55,0.25,1,1,0,0,2,0,2.73270,0.84033,0.30751,3.01270,-0.00007,0.40924,0.25726,0.14005,0.16588,0.21092,0.25938,11,0,none,a0:fixture_snag:36;a1:none:84
1,11251,combined_abort_stress_1_11251_0,combined_abort_stress,risk_filter_uncertainty,0.55,0.25,1,1,0,1,2,0,3.30744,0.84033,0.25407,3.58744,-0.02575,0.43056,0.27434,0.09981,0.10444,0.12352,0.15063,11,0,none,a0:fixture_snag:39;a1:none:84
1,11251,combined_abort_stress_1_11251_0,combined_abort_stress,robust_barrier_mpc,0.55,0.25,1,0,0,0,1,0,1.95570,0.84033,0.42968,1.95570,0.00282,0.39033,0.24249,0.12585,0.12861,0.13434,0.21688,11,0,none,a0:none:84
1,11251,combined_abort_stress_1_11251_0,combined_abort_stress,conformal_abort_risk_filter,0.55,0.25,1,1,0,0,2,0,2.75070,0.84033,0.30550,3.03070,-0.00404,0.42890,0.27300,0.10513,0.08638,0.15429,0.14875,11,0,none,a0:fixture_snag:35;a1:none:84
1,11251,combined_abort_stress_1_11251_0,combined_abort_stress,kernel_trace_constraint_classifier,0.55,0.25,1,0,0,0,1,0,2.04575,0.84033,0.41077,2.04575,0.02254,0.31212,0.18492,0.19622,0.18980,0.14914,0.29313,11,0,none,a0:none:86
1,11251,combined_abort_stress_1_11251_0,combined_abort_stress,particle_constraint_belief,0.55,0.25,1,0,0,0,1,0,1.80982,0.84033,0.46432,1.80982,0.01985,0.40313,0.25245,0.12442,0.12158,0.15946,0.20000,11,0,none,a0:none:84
1,11251,combined_abort_stress_1_11251_0,combined_abort_stress,abort_constraint_discovery_v5,0.55,0.25,0,0,0,0,1,1,0.00000,0.84033,0.00000,0.12000,1.00000,0.39557,0.24655,0.18240,0.20926,1.00000,0.27563,11,0,no_path,a0:no_path
1,11251,combined_abort_stress_1_11251_0,combined_abort_stress,oracle_constraints,0.55,0.25,1,0,0,0,1,0,1.90563,0.84033,0.44097,1.90563,0.01202,1.00000,1.00000,0.01878,0.06437,0.01996,0.11937,11,0,none,a0:none:84
1,11252,combined_abort_stress_1_11252_0,combined_abort_stress,constraint_classifier,0.55,0.25,1,0,0,0,1,0,2.22896,0.83863,0.37624,2.22896,0.00915,0.34036,0.20508,0.15939,0.18191,0.19351,0.26000,11,0,none,a0:none:85
1,11252,combined_abort_stress_1_11252_0,combined_abort_stress,risk_filter_uncertainty,0.55,0.25,1,0,0,0,1,0,1.98249,0.83863,0.42302,1.98249,0.01778,0.35431,0.21530,0.11544,0.10419,0.13225,0.14250,11,0,none,a0:none:85
1,11252,combined_abort_stress_1_11252_0,combined_abort_stress,robust_barrier_mpc,0.55,0.25,1,1,1,1,3,0,4.05028,0.83863,0.20705,4.61028,-0.00750,0.34401,0.20774,0.14318,0.14270,0.21784,0.24500,11,0,none,a0:fixture_snag:38;a1:collision_margin:41;a2:none:85
1,11252,combined_abort_stress_1_11252_0,combined_abort_stress,conformal_abort_risk_filter,0.55,0.25,1,0,0,0,1,0,1.75951,0.83863,0.47663,1.75951,0.01025,0.35971,0.21930,0.11746,0.09292,0.14310,0.13500,11,0,none,a0:none:85
1,11252,combined_abort_stress_1_11252_0,combined_abort_stress,kernel_trace_constraint_classifier,0.55,0.25,1,0,0,0,1,0,2.06854,0.83863,0.40542,2.06854,0.00029,0.28816,0.16833,0.21332,0.20636,0.16289,0.31250,11,0,none,a0:none:85
1,11252,combined_abort_stress_1_11252_0,combined_abort_stress,particle_constraint_belief,0.55,0.25,0,1,1,1,6,0,6.15305,0.83863,0.04770,7.47305,-0.02811,0.36184,0.22088,0.14596,0.15574,0.27885,0.25438,11,0,fixture_snag,a0:fixture_snag:42;a1:fixture_snag:40;a2:collision_margin:63;a3:fixture_snag:40;a4:human_stop:41;a5:fixture_snag:38
1,11252,combined_abort_stress_1_11252_0,combined_abort_stress,abort_constraint_discovery_v5,0.55,0.25,1,0,0,0,1,0,4.75866,0.83863,0.17623,4.75866,0.03085,0.39630,0.24711,0.15229,0.13496,0.03293,0.21188,11,0,none,a0:none:120
1,11252,combined_abort_stress_1_11252_0,combined_abort_stress,oracle_constraints,0.55,0.25,1,0,0,0,1,0,1.81846,0.83863,0.46118,1.81846,0.01764,1.00000,1.00000,0.01877,0.06158,0.02142,0.12562,11,0,none,a0:none:85
1,11253,combined_abort_stress_1_11253_0,combined_abort_stress,constraint_classifier,0.55,0.25,1,1,1,1,4,0,7.20275,0.85302,0.11843,8.04275,-0.00875,0.46978,0.30700,0.12389,0.16878,0.13563,0.24563,9,2,none,a0:collision_margin:71;a1:visible_collision:82;a2:force_limit:31;a3:none:106
1,11253,combined_abort_stress_1_11253_0,combined_abort_stress,risk_filter_uncertainty,0.55,0.25,0,1,1,1,6,0,6.15997,0.85302,0.04847,7.47997,-0.00969,0.43172,0.27528,0.10300,0.11546,0.23568,0.16750,9,2,force_limit,a0:force_limit:32;a1:collision_margin:59;a2:force_limit:31;a3:unstable_slip:34;a4:fixture_snag:55;a5:force_limit:36
1,11253,combined_abort_stress_1_11253_0,combined_abort_stress,robust_barrier_mpc,0.55,0.25,1,1,0,0,2,0,5.13399,0.85302,0.16615,5.41399,-0.00153,0.41845,0.26458,0.12802,0.15957,0.06300,0.26312,9,2,none,a0:collision_margin:78;a1:none:120
1,11253,combined_abort_stress_1_11253_0,combined_abort_stress,conformal_abort_risk_filter,0.55,0.25,1,1,1,1,4,0,6.93845,0.85302,0.12294,7.77845,-0.00678,0.47594,0.31228,0.09149,0.10150,0.10637,0.11750,9,2,none,a0:collision_margin:70;a1:visible_collision:76;a2:force_limit:33;a3:none:103
1,11253,combined_abort_stress_1_11253_0,combined_abort_stress,kernel_trace_constraint_classifier,0.55,0.25,1,0,0,0,1,0,2.44700,0.85302,0.34860,2.44700,0.00488,0.37294,0.22921,0.15399,0.16519,0.06835,0.26250,9,2,none,a0:none:107
1,11253,combined_abort_stress_1_11253_0,combined_abort_stress,particle_constraint_belief,0.55,0.25,1,1,0,1,2,0,5.01163,0.85302,0.17021,5.29163,-0.01381,0.45825,0.29723,0.10984,0.13703,0.05366,0.20563,9,2,none,a0:collision_margin:73;a1:none:120
1,11253,combined_abort_stress_1_11253_0,combined_abort_stress,abort_constraint_discovery_v5,0.55,0.25,1,1,0,1,2,0,5.09487,0.85302,0.16743,5.37487,0.01373,0.52713,0.35789,0.14056,0.24008,0.12988,0.28687,9,2,none,a0:visible_collision:66;a1:none:120
1,11253,combined_abort_stress_1_11253_0,combined_abort_stress,oracle_constraints,0.55,0.25,1,1,1,1,4,0,7.08635,0.85302,0.12038,7.92635,0.03314,1.00000,1.00000,0.01757,0.06007,0.01151,0.11625,9,2,none,a0:visible_collision:64;a1:visible_collision:64;a2:visible_collision:64;a3:none:90
1,11254,combined_abort_stress_1_11254_0,combined_abort_stress,constraint_classifier,0.55,0.25,0,1,1,1,6,0,5.75658,0.83808,0.05096,7.07658,-0.01351,0.41868,0.26477,0.15332,0.16481,0.35454,0.25750,11,0,collision_margin,a0:human_stop:38;a1:force_limit:41;a2:collision_margin:40;a3:human_stop:38;a4:collision_margin:39;a5:collision_margin:37
1,11254,combined_abort_stress_1_11254_0,combined_abort_stress,risk_filter_uncertainty,0.55,0.25,0,1,1,1,6,0,6.06854,0.83808,0.04834,7.38854,-0.02669,0.46712,0.30473,0.10343,0.08781,0.24306,0.14500,11,0,collision_margin,a0:force_limit:39;a1:collision_margin:42;a2:collision_margin:39;a3:collision_margin:36;a4:collision_margin:39;a5:collision_margin:38
1,11254,combined_abort_stress_1_11254_0,combined_abort_stress,robust_barrier_mpc,0.55,0.25,1,1,0,1,2,0,4.20774,0.83808,0.19918,4.48774,-0.01409,0.43046,0.27426,0.14360,0.16581,0.10633,0.24688,11,0,none,a0:force_limit:40;a1:none:120
1,11254,combined_abort_stress_1_11254_0,combined_abort_stress,conformal_abort_risk_filter,0.55,0.25,1,1,1,1,5,0,8.73967,0.83808,0.09589,9.85967,-0.02030,0.49109,0.32546,0.10642,0.12521,0.11529,0.18500,11,0,none,a0:human_stop:37;a1:collision_margin:42;a2:collision_margin:40;a3:unstable_slip:118;a4:none:120
1,11254,combined_abort_stress_1_11254_0,combined_abort_stress,kernel_trace_constraint_classifier,0.55,0.25,1,1,1,1,5,0,9.78430,0.83808,0.08566,10.90430,-0.01467,0.37457,0.23044,0.23384,0.27671,0.13202,0.41000,11,0,none,a0:human_stop:37;a1:unstable_slip:113;a2:fixture_snag:78;a3:collision_margin:41;a4:none:120
1,11254,combined_abort_stress_1_11254_0,combined_abort_stress,particle_constraint_belief,0.55,0.25,1,1,1,1,3,0,6.88214,0.83808,0.12178,7.44214,-0.00331,0.42951,0.27349,0.13798,0.17513,0.12189,0.25062,11,0,none,a0:human_stop:38;a1:unstable_slip:119;a2:none:120
1,11254,combined_abort_stress_1_11254_0,combined_abort_stress,abort_constraint_discovery_v5,0.55,0.25,0,1,1,1,6,0,14.42998,0.83808,0.02033,15.74998,-0.02197,0.47730,0.31346,0.20032,0.27541,0.34448,0.40625,11,0,fixture_snag,a0:unstable_slip:120;a1:visible_collision:96;a2:unstable_slip:102;a3:unstable_slip:112;a4:fixture_snag:85;a5:fixture_snag:77
1,11254,combined_abort_stress_1_11254_0,combined_abort_stress,oracle_constraints,0.55,0.25,1,1,1,1,3,0,5.70134,0.83808,0.14700,6.26134,0.03036,1.00000,1.00000,0.01951,0.06376,0.00877,0.13062,11,0,none,a0:visible_collision:62;a1:visible_collision:44;a2:none:116
1,11255,combined_abort_stress_1_11255_0,combined_abort_stress,constraint_classifier,0.55,0.25,1,0,0,0,1,0,1.87910,0.83920,0.44660,1.87910,0.00240,0.40449,0.25352,0.14845,0.16762,0.16872,0.26000,11,0,none,a0:none:82
1,11255,combined_abort_stress_1_11255_0,combined_abort_stress,risk_filter_uncertainty,0.55,0.25,1,0,0,0,1,0,2.03993,0.83920,0.41139,2.03993,0.01096,0.35266,0.21408,0.11061,0.08065,0.10970,0.12937,11,0,none,a0:none:82
1,11255,combined_abort_stress_1_11255_0,combined_abort_stress,robust_barrier_mpc,0.55,0.25,1,0,0,0,1,0,2.01170,0.83920,0.41716,2.01170,0.02707,0.41356,0.26068,0.13156,0.12665,0.14787,0.23938,11,0,none,a0:none:82
1,11255,combined_abort_stress_1_11255_0,combined_abort_stress,conformal_abort_risk_filter,0.55,0.25,1,0,0,0,1,0,1.83558,0.83920,0.45719,1.83558,0.02664,0.41204,0.25948,0.10929,0.08676,0.12461,0.14062,11,0,none,a0:none:82
1,11255,combined_abort_stress_1_11255_0,combined_abort_stress,kernel_trace_constraint_classifier,0.55,0.25,1,0,0,0,1,0,1.73661,0.83920,0.48324,1.73661,0.01818,0.35714,0.21739,0.18690,0.18382,0.11084,0.29063,11,0,none,a0:none:82
1,11255,combined_abort_stress_1_11255_0,combined_abort_stress,particle_constraint_belief,0.55,0.25,1,0,0,0,1,0,1.89318,0.83920,0.44328,1.89318,0.01872,0.40596,0.25467,0.12641,0.12394,0.13336,0.20625,11,0,none,a0:none:82
1,11255,combined_abort_stress_1_11255_0,combined_abort_stress,abort_constraint_discovery_v5,0.55,0.25,1,0,0,0,1,0,4.22336,0.83920,0.19870,4.22336,0.04901,0.46099,0.29954,0.14268,0.13458,0.02804,0.22312,11,0,none,a0:none:120
1,11255,combined_abort_stress_1_11255_0,combined_abort_stress,oracle_constraints,0.55,0.25,1,0,0,0,1,0,1.84106,0.83920,0.45582,1.84106,0.00124,1.00000,1.00000,0.01989,0.06653,0.01955,0.12937,11,0,none,a0:none:82
1,11256,combined_abort_stress_1_11256_0,combined_abort_stress,constraint_classifier,0.55,0.25,0,1,1,1,6,0,4.43059,0.85479,0.06753,5.75059,-0.03021,0.45364,0.29336,0.14983,0.17388,0.31828,0.24688,11,0,collision_margin,a0:visible_collision:28;a1:collision_margin:28;a2:collision_margin:33;a3:collision_margin:30;a4:collision_margin:28;a5:collision_margin:30
1,11256,combined_abort_stress_1_11256_0,combined_abort_stress,risk_filter_uncertainty,0.55,0.25,1,1,1,1,4,0,4.86359,0.85479,0.17575,5.70359,-0.01524,0.52953,0.36011,0.10110,0.11671,0.22996,0.17625,11,0,none,a0:collision_margin:31;a1:unstable_slip:50;a2:force_limit:31;a3:none:73
1,11256,combined_abort_stress_1_11256_0,combined_abort_stress,robust_barrier_mpc,0.55,0.25,1,0,0,0,1,0,2.73397,0.85479,0.31265,2.73397,0.03190,0.45818,0.29717,0.13123,0.14680,0.09373,0.21313,11,0,none,a0:none:112
1,11256,combined_abort_stress_1_11256_0,combined_abort_stress,conformal_abort_risk_filter,0.55,0.25,0,1,1,1,6,0,4.59411,0.85479,0.06512,5.91411,-0.03843,0.45752,0.29661,0.11215,0.10763,0.21014,0.15625,11,0,force_limit,a0:visible_collision:46;a1:collision_margin:28;a2:collision_margin:28;a3:collision_margin:29;a4:collision_margin:26;a5:force_limit:27
1,11256,combined_abort_stress_1_11256_0,combined_abort_stress,kernel_trace_constraint_classifier,0.55,0.25,1,0,0,0,1,0,2.61396,0.85479,0.32701,2.61396,0.02564,0.37425,0.23020,0.17532,0.18799,0.09470,0.28687,11,0,none,a0:none:113
1,11256,combined_abort_stress_1_11256_0,combined_abort_stress,particle_constraint_belief,0.55,0.25,1,0,0,0,1,0,2.37380,0.85479,0.36009,2.37380,0.02125,0.48485,0.32000,0.12211,0.13580,0.11225,0.17875,11,0,none,a0:none:102
1,11256,combined_abort_stress_1_11256_0,combined_abort_stress,abort_constraint_discovery_v5,0.55,0.25,1,0,0,0,1,0,2.27680,0.85479,0.37543,2.27680,0.04047,0.47587,0.31223,0.15410,0.18993,0.08687,0.24500,11,0,none,a0:none:101
1,11256,combined_abort_stress_1_11256_0,combined_abort_stress,oracle_constraints,0.55,0.25,1,0,0,0,1,0,1.65192,0.85479,0.51745,1.65192,0.02670,1.00000,1.00000,0.02085,0.07059,0.03515,0.13062,11,0,none,a0:none:73
1,11257,combined_abort_stress_1_11257_0,combined_abort_stress,constraint_classifier,0.55,0.25,0,1,1,1,6,0,7.22607,0.83870,0.04062,8.54607,-0.02416,0.33679,0.20249,0.20060,0.21988,0.36198,0.34313,11,0,fixture_snag,a0:visible_collision:83;a1:fixture_snag:39;a2:force_limit:50;a3:fixture_snag:39;a4:fixture_snag:39;a5:fixture_snag:38
1,11257,combined_abort_stress_1_11257_0,combined_abort_stress,risk_filter_uncertainty,0.55,0.25,0,1,1,1,6,0,6.12317,0.83870,0.04794,7.44317,-0.01763,0.38540,0.23869,0.12893,0.10954,0.23748,0.16875,11,0,fixture_snag,a0:fixture_snag:39;a1:fixture_snag:39;a2:fixture_snag:51;a3:force_limit:40;a4:fixture_snag:38;a5:fixture_snag:39
1,11257,combined_abort_stress_1_11257_0,combined_abort_stress,robust_barrier_mpc,0.55,0.25,1,0,0,0,1,0,2.68375,0.83870,0.31251,2.68375,0.02246,0.33667,0.20240,0.15752,0.15132,0.11115,0.23563,11,0,none,a0:none:110
1,11257,combined_abort_stress_1_11257_0,combined_abort_stress,conformal_abort_risk_filter,0.55,0.25,0,1,1,1,6,0,7.24400,0.83870,0.04052,8.56400,-0.02370,0.29443,0.17263,0.15065,0.14590,0.23847,0.20875,11,0,fixture_snag,a0:visible_collision:83;a1:fixture_snag:39;a2:fixture_snag:39;a3:visible_collision:35;a4:visible_collision:71;a5:fixture_snag:41
1,11257,combined_abort_stress_1_11257_0,combined_abort_stress,kernel_trace_constraint_classifier,0.55,0.25,1,0,0,0,1,0,2.65992,0.83870,0.31531,2.65992,0.01659,0.27259,0.15780,0.21525,0.21826,0.06013,0.28250,11,0,none,a0:none:111
1,11257,combined_abort_stress_1_11257_0,combined_abort_stress,particle_constraint_belief,0.55,0.25,0,1,1,1,6,0,7.63810,0.83870,0.03843,8.95810,-0.02394,0.36550,0.22361,0.17044,0.18712,0.29345,0.28813,11,0,fixture_snag,a0:visible_collision:78;a1:fixture_snag:39;a2:force_limit:50;a3:fixture_snag:62;a4:fixture_snag:40;a5:fixture_snag:39
1,11257,combined_abort_stress_1_11257_0,combined_abort_stress,abort_constraint_discovery_v5,0.55,0.25,0,1,1,1,4,1,4.66579,0.83870,0.06291,5.44579,-0.01408,0.44545,0.28655,0.16137,0.15601,1.00000,0.27313,11,0,no_path,a0:visible_collision:65;a1:collision_margin:69;a2:force_limit:45;a3:no_path
1,11257,combined_abort_stress_1_11257_0,combined_abort_stress,oracle_constraints,0.55,0.25,1,1,1,1,5,0,10.08343,0.83870,0.08318,11.20343,0.00520,1.00000,1.00000,0.02240,0.07365,0.02585,0.13937,11,0,none,a0:visible_collision:75;a1:visible_collision:75;a2:visible_collision:79;a3:visible_collision:75;a4:none:104
2,11250,combined_abort_stress_2_11250_0,combined_abort_stress,constraint_classifier,0.55,0.25,0,1,1,0,6,0,4.69585,0.86130,0.06420,6.01585,-0.02361,0.35726,0.21748,0.16857,0.17165,0.25504,0.25625,11,0,human_stop,a0:fixture_snag:47;a1:human_stop:30;a2:human_stop:30;a3:human_stop:29;a4:human_stop:31;a5:human_stop:29
2,11250,combined_abort_stress_2_11250_0,combined_abort_stress,risk_filter_uncertainty,0.55,0.25,0,1,1,1,6,0,4.20529,0.86130,0.07168,5.52529,-0.02916,0.37447,0.23037,0.12440,0.10609,0.24731,0.15812,11,0,fixture_snag,a0:human_stop:29;a1:fixture_snag:38;a2:fixture_snag:28;a3:human_stop:31;a4:fixture_snag:30;a5:fixture_snag:27
2,11250,combined_abort_stress_2_11250_0,combined_abort_stress,robust_barrier_mpc,0.55,0.25,1,1,1,1,3,0,5.90836,0.86130,0.14578,6.46836,-0.00942,0.35258,0.21402,0.17088,0.20604,0.09568,0.27563,11,0,none,a0:visible_collision:79;a1:human_stop:30;a2:none:120
2,11250,combined_abort_stress_2_11250_0,combined_abort_stress,conformal_abort_risk_filter,0.55,0.25,0,1,1,1,6,0,7.22572,0.86130,0.04172,8.54572,-0.02123,0.40530,0.25416,0.13118,0.13248,0.20196,0.19437,11,0,fixture_snag,a0:visible_collision:82;a1:human_stop:28;a2:human_stop:30;a3:force_limit:74;a4:human_stop:31;a5:fixture_snag:30
2,11250,combined_abort_stress_2_11250_0,combined_abort_stress,kernel_trace_constraint_classifier,0.55,0.25,0,1,1,1,6,0,8.86058,0.86130,0.03402,10.18058,-0.01629,0.24188,0.13758,0.29401,0.32123,0.22953,0.42250,11,0,collision_margin,a0:visible_collision:83;a1:fixture_snag:48;a2:human_stop:32;a3:fixture_snag:42;a4:visible_collision:96;a5:collision_margin:68
2,11250,combined_abort_stress_2_11250_0,combined_abort_stress,particle_constraint_belief,0.55,0.25,1,0,0,0,1,0,2.74874,0.86130,0.31334,2.74874,0.01660,0.37023,0.22717,0.14072,0.13820,0.06962,0.19187,11,0,none,a0:none:110
2,11250,combined_abort_stress_2_11250_0,combined_abort_stress,abort_constraint_discovery_v5,0.55,0.25,0,1,1,1,5,1,3.87705,0.86130,0.07775,4.87705,-0.00632,0.38006,0.23462,0.18927,0.20398,1.00000,0.26562,11,0,no_path,a0:visible_collision:36;a1:visible_collision:38;a2:visible_collision:35;a3:human_stop:44;a4:no_path
2,11250,combined_abort_stress_2_11250_0,combined_abort_stress,oracle_constraints,0.55,0.25,0,1,1,1,6,0,5.86842,0.86130,0.05137,7.18842,0.10021,1.00000,1.00000,0.02251,0.07712,0.01214,0.13562,11,0,visible_collision,a0:visible_collision:39;a1:visible_collision:32;a2:visible_collision:41;a3:visible_collision:35;a4:visible_collision:38;a5:visible_collision:38
2,11251,combined_abort_stress_2_11251_0,combined_abort_stress,constraint_classifier,0.55,0.25,1,0,0,0,1,0,2.02536,0.84403,0.41673,2.02536,0.02295,0.46626,0.30400,0.13742,0.18148,0.21526,0.28187,11,0,none,a0:none:83
2,11251,combined_abort_stress_2_11251_0,combined_abort_stress,risk_filter_uncertainty,0.55,0.25,1,1,1,1,3,0,4.27024,0.84403,0.19765,4.83024,-0.02172,0.36406,0.22254,0.11056,0.09299,0.22514,0.14563,11,0,none,a0:visible_collision:42;a1:collision_margin:42;a2:none:82
2,11251,combined_abort_stress_2_11251_0,combined_abort_stress,robust_barrier_mpc,0.55,0.25,1,0,0,0,1,0,1.88146,0.84403,0.44861,1.88146,0.04152,0.46656,0.30426,0.12829,0.15122,0.24723,0.27625,11,0,none,a0:none:88
2,11251,combined_abort_stress_2_11251_0,combined_abort_stress,conformal_abort_risk_filter,0.55,0.25,1,0,0,0,1,0,1.92953,0.84403,0.43743,1.92953,0.04259,0.48649,0.32143,0.09936,0.09595,0.15258,0.15188,11,0,none,a0:none:83
2,11251,combined_abort_stress_2_11251_0,combined_abort_stress,kernel_trace_constraint_classifier,0.55,0.25,1,0,0,0,1,0,2.20793,0.84403,0.38227,2.20793,0.03120,0.37113,0.22785,0.18684,0.19655,0.14068,0.29875,11,0,none,a0:none:92
2,11251,combined_abort_stress_2_11251_0,combined_abort_stress,particle_constraint_belief,0.55,0.25,1,0,0,0,1,0,1.84739,0.84403,0.45688,1.84739,0.03473,0.45552,0.29493,0.12239,0.13818,0.18312,0.22562,11,0,none,a0:none:84
2,11251,combined_abort_stress_2_11251_0,combined_abort_stress,abort_constraint_discovery_v5,0.55,0.25,0,1,0,0,2,1,1.79094,0.84403,0.16495,2.13094,-0.01547,0.48544,0.32051,0.16305,0.21302,1.00000,0.32500,11,0,no_path,a0:human_stop:77;a1:no_path
2,11251,combined_abort_stress_2_11251_0,combined_abort_stress,oracle_constraints,0.55,0.25,1,0,0,0,1,0,1.94507,0.84403,0.43393,1.94507,0.04408,1.00000,1.00000,0.01934,0.06450,0.00818,0.12562,11,0,none,a0:none:82
2,11252,combined_abort_stress_2_11252_0,combined_abort_stress,constraint_classifier,0.55,0.25,0,1,1,1,6,0,4.28237,0.84196,0.06881,5.60237,-0.01019,0.40067,0.25052,0.14999,0.17466,0.27457,0.25062,11,0,human_stop,a0:collision_margin:35;a1:force_limit:27;a2:force_limit:30;a3:force_limit:23;a4:force_limit:28;a5:human_stop:33
2,11252,combined_abort_stress_2_11252_0,combined_abort_stress,risk_filter_uncertainty,0.55,0.25,0,1,1,1,6,0,5.07121,0.84196,0.05811,6.39121,-0.01554,0.44444,0.28571,0.10683,0.10426,0.24493,0.15750,11,0,human_stop,a0:collision_margin:36;a1:collision_margin:38;a2:collision_margin:39;a3:collision_margin:35;a4:force_limit:28;a5:human_stop:29
2,11252,combined_abort_stress_2_11252_0,combined_abort_stress,robust_barrier_mpc,0.55,0.25,1,1,1,1,4,0,5.46804,0.84196,0.15398,6.30804,-0.01217,0.41105,0.25870,0.12982,0.13175,0.11731,0.23813,11,0,none,a0:collision_margin:34;a1:collision_margin:35;a2:collision_margin:37;a3:none:120
2,11252,combined_abort_stress_2_11252_0,combined_abort_stress,conformal_abort_risk_filter,0.55,0.25,0,1,1,1,6,0,5.26501,0.84196,0.05597,6.58501,-0.02473,0.39091,0.24294,0.10709,0.09337,0.22418,0.15125,11,0,force_limit,a0:collision_margin:38;a1:human_stop:35;a2:human_stop:33;a3:collision_margin:37;a4:human_stop:34;a5:force_limit:26
2,11252,combined_abort_stress_2_11252_0,combined_abort_stress,kernel_trace_constraint_classifier,0.55,0.25,1,1,0,1,2,0,3.88300,0.84196,0.21683,4.16300,-0.02871,0.34181,0.20613,0.19927,0.20409,0.12314,0.31875,11,0,none,a0:collision_margin:37;a1:none:120
2,11252,combined_abort_stress_2_11252_0,combined_abort_stress,particle_constraint_belief,0.55,0.25,1,1,1,1,3,0,5.21821,0.84196,0.16135,5.77821,-0.00835,0.38817,0.24083,0.12886,0.13113,0.09345,0.21438,11,0,none,a0:collision_margin:36;a1:collision_margin:35;a2:none:120
2,11252,combined_abort_stress_2_11252_0,combined_abort_stress,abort_constraint_discovery_v5,0.55,0.25,1,0,0,0,1,0,3.45227,0.84196,0.24389,3.45227,0.01835,0.46512,0.30303,0.14741,0.17689,0.06033,0.25250,11,0,none,a0:none:120
2,11252,combined_abort_stress_2_11252_0,combined_abort_stress,oracle_constraints,0.55,0.25,1,1,1,1,3,0,7.08864,0.84196,0.11878,7.64864,0.00302,1.00000,1.00000,0.01967,0.06639,0.01986,0.12375,11,0,none,a0:visible_collision:88;a1:visible_collision:86;a2:none:113
2,11253,combined_abort_stress_2_11253_0,combined_abort_stress,constraint_classifier,0.55,0.25,0,1,1,1,6,0,4.88216,0.84207,0.06037,6.20216,-0.02476,0.36000,0.21951,0.16237,0.16474,0.33695,0.26687,11,0,collision_margin,a0:visible_collision:56;a1:collision_margin:28;a2:collision_margin:28;a3:collision_margin:28;a4:collision_margin:29;a5:collision_margin:28
2,11253,combined_abort_stress_2_11253_0,combined_abort_stress,risk_filter_uncertainty,0.55,0.25,0,1,1,1,6,0,5.05937,0.84207,0.05825,6.37937,-0.01729,0.39437,0.24561,0.12386,0.11836,0.27588,0.17125,11,0,collision_margin,a0:fixture_snag:53;a1:visible_collision:45;a2:force_limit:30;a3:force_limit:26;a4:collision_margin:31;a5:collision_margin:28
2,11253,combined_abort_stress_2_11253_0,combined_abort_stress,robust_barrier_mpc,0.55,0.25,1,0,0,0,1,0,2.76749,0.84207,0.30427,2.76749,0.02633,0.35979,0.21935,0.14652,0.14294,0.09214,0.21500,11,0,none,a0:none:116
2,11253,combined_abort_stress_2_11253_0,combined_abort_stress,conformal_abort_risk_filter,0.55,0.25,0,1,1,1,6,0,5.74228,0.84207,0.05133,7.06228,-0.02094,0.36257,0.22143,0.12756,0.10200,0.27030,0.18125,11,0,force_limit,a0:visible_collision:69;a1:visible_collision:15;a2:fixture_snag:59;a3:collision_margin:31;a4:collision_margin:30;a5:force_limit:25
2,11253,combined_abort_stress_2_11253_0,combined_abort_stress,kernel_trace_constraint_classifier,0.55,0.25,1,0,0,0,1,0,2.65668,0.84207,0.31696,2.65668,0.02138,0.33384,0.20036,0.18944,0.17992,0.09866,0.27250,11,0,none,a0:none:112
2,11253,combined_abort_stress_2_11253_0,combined_abort_stress,particle_constraint_belief,0.55,0.25,1,0,0,0,1,0,2.43578,0.84207,0.34571,2.43578,0.02909,0.40152,0.25118,0.13325,0.10968,0.08459,0.19062,11,0,none,a0:none:113
2,11253,combined_abort_stress_2_11253_0,combined_abort_stress,abort_constraint_discovery_v5,0.55,0.25,1,0,0,0,1,0,2.46683,0.84207,0.34136,2.46683,0.03931,0.44012,0.28215,0.16480,0.18370,0.07556,0.27813,11,0,none,a0:none:106
2,11253,combined_abort_stress_2_11253_0,combined_abort_stress,oracle_constraints,0.55,0.25,0,1,1,1,6,0,7.55224,0.84207,0.03902,8.87224,0.00975,1.00000,1.00000,0.02271,0.07383,0.00977,0.13937,11,0,visible_collision,a0:visible_collision:41;a1:visible_collision:54;a2:visible_collision:54;a3:visible_collision:47;a4:visible_collision:56;a5:visible_collision:42
2,11254,combined_abort_stress_2_11254_0,combined_abort_stress,constraint_classifier,0.55,0.25,1,0,0,0,1,0,2.51498,0.84491,0.33595,2.51498,0.01530,0.35276,0.21415,0.16435,0.17686,0.10027,0.26375,11,0,none,a0:none:107
2,11254,combined_abort_stress_2_11254_0,combined_abort_stress,risk_filter_uncertainty,0.55,0.25,0,1,1,1,6,0,6.21391,0.84491,0.04759,7.53391,-0.02044,0.36674,0.22454,0.12374,0.12854,0.14808,0.16000,11,0,collision_margin,a0:force_limit:39;a1:fixture_snag:36;a2:fixture_snag:40;a3:fixture_snag:48;a4:fixture_snag:36;a5:collision_margin:48
2,11254,combined_abort_stress_2_11254_0,combined_abort_stress,robust_barrier_mpc,0.55,0.25,1,0,0,0,1,0,2.73596,0.84491,0.30882,2.73596,0.02013,0.34824,0.21083,0.15377,0.14605,0.08674,0.25812,11,0,none,a0:none:109
2,11254,combined_abort_stress_2_11254_0,combined_abort_stress,conformal_abort_risk_filter,0.55,0.25,1,0,0,0,1,0,2.57966,0.84491,0.32753,2.57966,0.00545,0.35374,0.21488,0.12286,0.08805,0.08027,0.14250,11,0,none,a0:none:107
2,11254,combined_abort_stress_2_11254_0,combined_abort_stress,kernel_trace_constraint_classifier,0.55,0.25,1,0,0,0,1,0,2.83051,0.84491,0.29850,2.83051,0.01721,0.29775,0.17492,0.21542,0.21448,0.06755,0.31188,11,0,none,a0:none:107
2,11254,combined_abort_stress_2_11254_0,combined_abort_stress,particle_constraint_belief,0.55,0.25,1,0,0,0,1,0,2.72768,0.84491,0.30975,2.72768,0.00349,0.34375,0.20755,0.14669,0.14070,0.06187,0.22687,11,0,none,a0:none:110
2,11254,combined_abort_stress_2_11254_0,combined_abort_stress,abort_constraint_discovery_v5,0.55,0.25,1,0,0,0,1,0,2.69732,0.84491,0.31324,2.69732,0.02075,0.49541,0.32927,0.14966,0.17811,0.15282,0.27563,11,0,none,a0:none:111
2,11254,combined_abort_stress_2_11254_0,combined_abort_stress,oracle_constraints,0.55,0.25,1,1,0,1,2,0,4.68566,0.84491,0.18032,4.96566,0.01818,1.00000,1.00000,0.02041,0.06729,0.01922,0.13312,11,0,none,a0:visible_collision:78;a1:none:101
2,11255,combined_abort_stress_2_11255_0,combined_abort_stress,constraint_classifier,0.55,0.25,1,0,0,0,1,0,2.18360,0.84016,0.38476,2.18360,0.03440,0.41304,0.26027,0.15061,0.16114,0.14352,0.26250,11,0,none,a0:none:96
2,11255,combined_abort_stress_2_11255_0,combined_abort_stress,risk_filter_uncertainty,0.55,0.25,0,1,1,1,6,0,5.21894,0.84016,0.05634,6.53894,-0.02150,0.44396,0.28531,0.10941,0.08776,0.23804,0.14438,11,0,collision_margin,a0:human_stop:32;a1:visible_collision:43;a2:human_stop:33;a3:human_stop:35;a4:collision_margin:34;a5:collision_margin:35
2,11255,combined_abort_stress_2_11255_0,combined_abort_stress,robust_barrier_mpc,0.55,0.25,1,0,0,0,1,0,2.44300,0.84016,0.34391,2.44300,0.02325,0.47906,0.31498,0.12809,0.12896,0.13937,0.23312,11,0,none,a0:none:99
2,11255,combined_abort_stress_2_11255_0,combined_abort_stress,conformal_abort_risk_filter,0.55,0.25,1,0,0,0,1,0,2.37112,0.84016,0.35433,2.37112,0.02252,0.39252,0.24419,0.11468,0.08228,0.10889,0.12750,11,0,none,a0:none:96
2,11255,combined_abort_stress_2_11255_0,combined_abort_stress,kernel_trace_constraint_classifier,0.55,0.25,1,0,0,0,1,0,2.12910,0.84016,0.39461,2.12910,0.01235,0.33579,0.20177,0.18921,0.17931,0.09697,0.28437,11,0,none,a0:none:97
2,11255,combined_abort_stress_2_11255_0,combined_abort_stress,particle_constraint_belief,0.55,0.25,1,0,0,0,1,0,2.49620,0.84016,0.33658,2.49620,0.03540,0.43446,0.27751,0.12803,0.11839,0.10992,0.19375,11,0,none,a0:none:100
2,11255,combined_abort_stress_2_11255_0,combined_abort_stress,abort_constraint_discovery_v5,0.55,0.25,0,1,1,1,6,0,6.17192,0.84016,0.04764,7.49192,-0.01074,0.43365,0.27685,0.20990,0.26778,0.47156,0.38750,11,0,unstable_slip,a0:human_stop:36;a1:human_stop:40;a2:human_stop:35;a3:human_stop:37;a4:human_stop:41;a5:unstable_slip:62
2,11255,combined_abort_stress_2_11255_0,combined_abort_stress,oracle_constraints,0.55,0.25,1,0,0,0,1,0,2.02664,0.84016,0.41456,2.02664,0.01024,1.00000,1.00000,0.02422,0.08123,0.04538,0.14000,11,0,none,a0:none:82
2,11256,combined_abort_stress_2_11256_0,combined_abort_stress,constraint_classifier,0.55,0.25,1,1,0,1,2,0,2.75379,0.83950,0.30485,3.03379,-0.00959,0.34249,0.20663,0.17044,0.16381,0.22664,0.24750,11,0,none,a0:collision_margin:27;a1:none:87
2,11256,combined_abort_stress_2_11256_0,combined_abort_stress,risk_filter_uncertainty,0.55,0.25,0,1,1,1,6,0,4.56491,0.83950,0.06437,5.88491,-0.01113,0.31866,0.18953,0.13440,0.12410,0.26395,0.15875,11,0,collision_margin,a0:visible_collision:46;a1:collision_margin:27;a2:collision_margin:26;a3:collision_margin:28;a4:visible_collision:22;a5:collision_margin:27
2,11256,combined_abort_stress_2_11256_0,combined_abort_stress,robust_barrier_mpc,0.55,0.25,1,0,0,0,1,0,1.86115,0.83950,0.45107,1.86115,0.02270,0.33275,0.19958,0.15314,0.15457,0.17615,0.21750,11,0,none,a0:none:84
2,11256,combined_abort_stress_2_11256_0,combined_abort_stress,conformal_abort_risk_filter,0.55,0.25,1,1,0,1,2,0,2.65588,0.83950,0.31609,2.93588,0.03117,0.36444,0.22283,0.12926,0.10390,0.16836,0.14188,11,0,none,a0:visible_collision:21;a1:none:87
2,11256,combined_abort_stress_2_11256_0,combined_abort_stress,kernel_trace_constraint_classifier,0.55,0.25,1,0,0,0,1,0,2.02273,0.83950,0.41503,2.02273,0.01574,0.26804,0.15476,0.21327,0.21760,0.16513,0.28500,11,0,none,a0:none:91
2,11256,combined_abort_stress_2_11256_0,combined_abort_stress,particle_constraint_belief,0.55,0.25,1,0,0,0,1,0,1.86949,0.83950,0.44905,1.86949,0.04324,0.33829,0.20358,0.14945,0.13989,0.16496,0.19687,11,0,none,a0:none:87
2,11256,combined_abort_stress_2_11256_0,combined_abort_stress,abort_constraint_discovery_v5,0.55,0.25,0,0,0,0,1,1,0.00000,0.83950,0.00000,0.12000,1.00000,0.29664,0.17415,0.21817,0.21740,1.00000,0.26937,11,0,no_path,a0:no_path
2,11256,combined_abort_stress_2_11256_0,combined_abort_stress,oracle_constraints,0.55,0.25,1,0,0,0,1,0,1.89389,0.83950,0.44327,1.89389,0.03455,1.00000,1.00000,0.02306,0.07822,0.00919,0.13937,11,0,none,a0:none:82
2,11257,combined_abort_stress_2_11257_0,combined_abort_stress,constraint_classifier,0.55,0.25,0,1,1,1,6,0,4.93840,0.83521,0.05919,6.25840,-0.01644,0.46970,0.30693,0.13316,0.17033,0.34818,0.28750,11,0,force_limit,a0:human_stop:42;a1:force_limit:32;a2:force_limit:28;a3:force_limit:29;a4:force_limit:30;a5:force_limit:30
2,11257,combined_abort_stress_2_11257_0,combined_abort_stress,risk_filter_uncertainty,0.55,0.25,0,1,1,1,6,0,5.70318,0.83521,0.05126,7.02318,-0.02532,0.56757,0.39623,0.08463,0.09251,0.25019,0.15250,11,0,collision_margin,a0:human_stop:37;a1:human_stop:37;a2:collision_margin:30;a3:collision_margin:31;a4:collision_margin:40;a5:collision_margin:32
2,11257,combined_abort_stress_2_11257_0,combined_abort_stress,robust_barrier_mpc,0.55,0.25,1,0,0,0,1,0,2.95816,0.83521,0.28234,2.95816,0.04137,0.55185,0.38107,0.10302,0.12294,0.09141,0.23062,11,0,none,a0:none:120
2,11257,combined_abort_stress_2_11257_0,combined_abort_stress,conformal_abort_risk_filter,0.55,0.25,1,1,1,1,6,0,7.00991,0.83521,0.11915,8.40991,-0.02974,0.52361,0.35465,0.09323,0.09728,0.09676,0.16625,11,0,none,a0:human_stop:40;a1:force_limit:29;a2:force_limit:30;a3:collision_margin:30;a4:force_limit:30;a5:none:119
2,11257,combined_abort_stress_2_11257_0,combined_abort_stress,kernel_trace_constraint_classifier,0.55,0.25,1,0,0,0,1,0,3.19170,0.83521,0.26168,3.19170,0.02382,0.42571,0.27042,0.17179,0.18958,0.10970,0.31250,11,0,none,a0:none:120
2,11257,combined_abort_stress_2_11257_0,combined_abort_stress,particle_constraint_belief,0.55,0.25,1,0,0,0,1,0,3.20503,0.83521,0.26059,3.20503,0.03799,0.52285,0.35396,0.10543,0.12159,0.10413,0.21688,11,0,none,a0:none:120
2,11257,combined_abort_stress_2_11257_0,combined_abort_stress,abort_constraint_discovery_v5,0.55,0.25,1,0,0,0,1,0,3.10962,0.83521,0.26859,3.10962,0.03543,0.49487,0.32879,0.17731,0.27253,0.17615,0.36250,11,0,none,a0:none:120
2,11257,combined_abort_stress_2_11257_0,combined_abort_stress,oracle_constraints,0.55,0.25,1,1,0,1,2,0,3.29948,0.83521,0.25313,3.57948,-0.00177,1.00000,1.00000,0.01878,0.06294,0.07051,0.12500,11,0,none,a0:unstable_slip:52;a1:none:77
3,11250,combined_abort_stress_3_11250_0,combined_abort_stress,constraint_classifier,0.55,0.25,1,1,0,0,2,0,3.19265,0.86281,0.27025,3.47265,-0.01700,0.52261,0.35374,0.12177,0.17923,0.20631,0.25312,11,0,none,a0:human_stop:27;a1:none:94
3,11250,combined_abort_stress_3_11250_0,combined_abort_stress,risk_filter_uncertainty,0.55,0.25,1,1,0,0,2,0,3.12362,0.86281,0.27622,3.40362,-0.00325,0.57208,0.40064,0.08209,0.10126,0.13513,0.15313,11,0,none,a0:human_stop:29;a1:none:92
3,11250,combined_abort_stress_3_11250_0,combined_abort_stress,robust_barrier_mpc,0.55,0.25,0,1,1,1,6,0,6.63055,0.86281,0.04554,7.95055,-0.01807,0.45134,0.29144,0.14563,0.20425,0.30258,0.32312,11,0,human_stop,a0:visible_collision:63;a1:human_stop:30;a2:visible_collision:108;a3:visible_collision:23;a4:force_limit:30;a5:human_stop:31
3,11250,combined_abort_stress_3_11250_0,combined_abort_stress,conformal_abort_risk_filter,0.55,0.25,1,1,1,0,3,0,3.36105,0.86281,0.25671,3.92105,-0.00632,0.54462,0.37421,0.08483,0.09922,0.15186,0.15313,11,0,none,a0:human_stop:31;a1:human_stop:29;a2:none:93
3,11250,combined_abort_stress_3_11250_0,combined_abort_stress,kernel_trace_constraint_classifier,0.55,0.25,1,0,0,0,1,0,2.25095,0.86281,0.38331,2.25095,0.03785,0.40401,0.25314,0.16813,0.20721,0.14925,0.31625,11,0,none,a0:none:103
3,11250,combined_abort_stress_3_11250_0,combined_abort_stress,particle_constraint_belief,0.55,0.25,0,1,1,1,6,0,6.83969,0.86281,0.04415,8.15969,-0.01205,0.46296,0.30120,0.13463,0.19735,0.30601,0.28500,11,0,human_stop,a0:human_stop:29;a1:visible_collision:54;a2:visible_collision:16;a3:human_stop:33;a4:visible_collision:113;a5:human_stop:29
3,11250,combined_abort_stress_3_11250_0,combined_abort_stress,abort_constraint_discovery_v5,0.55,0.25,1,1,1,0,3,0,6.29688,0.86281,0.13702,6.85688,-0.01171,0.46933,0.30662,0.18354,0.27406,0.13572,0.34875,11,0,none,a0:human_stop:29;a1:collision_margin:41;a2:none:120
3,11250,combined_abort_stress_3_11250_0,combined_abort_stress,oracle_constraints,0.55,0.25,1,0,0,0,1,0,2.32743,0.86281,0.37071,2.32743,0.02741,1.00000,1.00000,0.01704,0.05698,0.01052,0.12000,11,0,none,a0:none:88
3,11251,combined_abort_stress_3_11251_0,combined_abort_stress,constraint_classifier,0.55,0.25,1,0,0,0,1,0,2.03323,0.85022,0.41816,2.03323,0.01692,0.42365,0.26875,0.14075,0.16008,0.16649,0.25125,11,0,none,a0:none:87
3,11251,combined_abort_stress_3_11251_0,combined_abort_stress,risk_filter_uncertainty,0.55,0.25,1,0,0,0,1,0,2.16186,0.85022,0.39328,2.16186,0.01450,0.41176,0.25926,0.10127,0.07875,0.10852,0.12562,11,0,none,a0:none:87
3,11251,combined_abort_stress_3_11251_0,combined_abort_stress,robust_barrier_mpc,0.55,0.25,1,0,0,0,1,0,2.21185,0.85022,0.38439,2.21185,0.01634,0.43419,0.27729,0.12871,0.12619,0.12898,0.23625,11,0,none,a0:none:90
3,11251,combined_abort_stress_3_11251_0,combined_abort_stress,conformal_abort_risk_filter,0.55,0.25,1,0,0,0,1,0,2.09893,0.85022,0.40507,2.09893,0.00945,0.41784,0.26409,0.10490,0.08007,0.11831,0.13687,11,0,none,a0:none:88
3,11251,combined_abort_stress_3_11251_0,combined_abort_stress,kernel_trace_constraint_classifier,0.55,0.25,1,0,0,0,1,0,2.04376,0.85022,0.41601,2.04376,0.02031,0.35746,0.21763,0.18347,0.18259,0.10269,0.29375,11,0,none,a0:none:90
3,11251,combined_abort_stress_3_11251_0,combined_abort_stress,particle_constraint_belief,0.55,0.25,1,0,0,0,1,0,1.96648,0.85022,0.43235,1.96648,0.01381,0.41774,0.26402,0.12251,0.12100,0.11982,0.20875,11,0,none,a0:none:89
3,11251,combined_abort_stress_3_11251_0,combined_abort_stress,abort_constraint_discovery_v5,0.55,0.25,0,1,1,1,6,0,8.31873,0.85022,0.03577,9.63873,-0.03978,0.45640,0.29567,0.16981,0.19663,0.22076,0.30062,11,0,visible_collision,a0:human_stop:41;a1:visible_collision:66;a2:visible_collision:58;a3:visible_collision:61;a4:visible_collision:67;a5:visible_collision:61
3,11251,combined_abort_stress_3_11251_0,combined_abort_stress,oracle_constraints,0.55,0.25,1,0,0,0,1,0,1.96113,0.85022,0.43353,1.96113,0.01179,1.00000,1.00000,0.01957,0.06663,0.01956,0.12937,11,0,none,a0:none:87
3,11252,combined_abort_stress_3_11252_0,combined_abort_stress,constraint_classifier,0.55,0.25,1,0,0,0,1,0,1.87015,0.84254,0.45052,1.87015,0.01225,0.40264,0.25207,0.14780,0.15541,0.15068,0.23813,11,0,none,a0:none:82
3,11252,combined_abort_stress_3_11252_0,combined_abort_stress,risk_filter_uncertainty,0.55,0.25,1,0,0,0,1,0,2.05124,0.84254,0.41075,2.05124,0.00342,0.42494,0.26979,0.10652,0.07392,0.10855,0.13000,11,0,none,a0:none:78
3,11252,combined_abort_stress_3_11252_0,combined_abort_stress,robust_barrier_mpc,0.55,0.25,1,0,0,0,1,0,1.73430,0.84254,0.48581,1.73430,0.01987,0.42105,0.26667,0.13677,0.11872,0.12923,0.23938,11,0,none,a0:none:81
3,11252,combined_abort_stress_3_11252_0,combined_abort_stress,conformal_abort_risk_filter,0.55,0.25,1,0,0,0,1,0,1.94048,0.84254,0.43419,1.94048,0.00610,0.41346,0.26061,0.11301,0.07321,0.11088,0.11937,11,0,none,a0:none:82
3,11252,combined_abort_stress_3_11252_0,combined_abort_stress,kernel_trace_constraint_classifier,0.55,0.25,1,0,0,0,1,0,1.86623,0.84254,0.45147,1.86623,0.01366,0.34734,0.21017,0.19461,0.18212,0.10434,0.30562,11,0,none,a0:none:84
3,11252,combined_abort_stress_3_11252_0,combined_abort_stress,particle_constraint_belief,0.55,0.25,1,0,0,0,1,0,1.90436,0.84254,0.44243,1.90436,0.01882,0.42458,0.26950,0.12691,0.11019,0.12330,0.19500,11,0,none,a0:none:82
3,11252,combined_abort_stress_3_11252_0,combined_abort_stress,abort_constraint_discovery_v5,0.55,0.25,1,0,0,0,1,0,1.91846,0.84254,0.43918,1.91846,0.01653,0.63373,0.46384,0.10539,0.15199,0.17890,0.22625,11,0,none,a0:none:82
3,11252,combined_abort_stress_3_11252_0,combined_abort_stress,oracle_constraints,0.55,0.25,1,0,0,0,1,0,1.60475,0.84254,0.52503,1.60475,0.00391,1.00000,1.00000,0.02027,0.06606,0.02013,0.14062,11,0,none,a0:none:80
3,11253,combined_abort_stress_3_11253_0,combined_abort_stress,constraint_classifier,0.55,0.25,1,0,0,0,1,0,2.46167,0.85020,0.34538,2.46167,0.00537,0.37077,0.22757,0.13965,0.15571,0.07678,0.23250,11,0,none,a0:none:99
3,11253,combined_abort_stress_3_11253_0,combined_abort_stress,risk_filter_uncertainty,0.55,0.25,0,1,1,1,6,0,5.96922,0.85020,0.04985,7.28922,-0.02427,0.40920,0.25723,0.10169,0.10414,0.22875,0.15375,11,0,fixture_snag,a0:fixture_snag:41;a1:force_limit:43;a2:fixture_snag:34;a3:fixture_snag:35;a4:fixture_snag:39;a5:fixture_snag:37
3,11253,combined_abort_stress_3_11253_0,combined_abort_stress,robust_barrier_mpc,0.55,0.25,1,0,0,0,1,0,2.64406,0.85020,0.32155,2.64406,0.00767,0.32233,0.19213,0.12956,0.11837,0.02486,0.20375,11,0,none,a0:none:103
3,11253,combined_abort_stress_3_11253_0,combined_abort_stress,conformal_abort_risk_filter,0.55,0.25,0,1,1,1,6,0,6.22293,0.85020,0.04782,7.54293,-0.03084,0.31692,0.18830,0.11761,0.12568,0.22599,0.17375,11,0,fixture_snag,a0:visible_collision:69;a1:fixture_snag:46;a2:fixture_snag:35;a3:fixture_snag:37;a4:fixture_snag:37;a5:fixture_snag:36
3,11253,combined_abort_stress_3_11253_0,combined_abort_stress,kernel_trace_constraint_classifier,0.55,0.25,0,1,1,1,6,0,6.54026,0.85020,0.04550,7.86026,-0.01936,0.30398,0.17923,0.24257,0.27352,0.24279,0.40000,11,0,fixture_snag,a0:visible_collision:70;a1:fixture_snag:41;a2:force_limit:47;a3:fixture_snag:37;a4:fixture_snag:40;a5:fixture_snag:52
3,11253,combined_abort_stress_3_11253_0,combined_abort_stress,particle_constraint_belief,0.55,0.25,0,1,1,1,6,0,6.79887,0.85020,0.04377,8.11887,-0.02037,0.37143,0.22807,0.14525,0.18529,0.23221,0.27563,11,0,fixture_snag,a0:visible_collision:74;a1:fixture_snag:45;a2:force_limit:46;a3:fixture_snag:35;a4:fixture_snag:37;a5:fixture_snag:40
3,11253,combined_abort_stress_3_11253_0,combined_abort_stress,abort_constraint_discovery_v5,0.55,0.25,1,0,0,0,1,0,2.32750,0.85020,0.36529,2.32750,0.02723,0.32907,0.19694,0.16773,0.14322,0.03373,0.22375,11,0,none,a0:none:105
3,11253,combined_abort_stress_3_11253_0,combined_abort_stress,oracle_constraints,0.55,0.25,1,0,0,0,1,0,2.31846,0.85020,0.36671,2.31846,0.01507,1.00000,1.00000,0.01889,0.06447,0.02911,0.11812,11,0,none,a0:none:84
3,11254,combined_abort_stress_3_11254_0,combined_abort_stress,constraint_classifier,0.55,0.25,0,1,1,1,6,0,4.93347,0.83697,0.05938,6.25347,-0.01860,0.38978,0.24206,0.15335,0.17045,0.27483,0.26312,11,0,fixture_snag,a0:fixture_snag:42;a1:fixture_snag:34;a2:collision_margin:31;a3:collision_margin:26;a4:unstable_slip:36;a5:fixture_snag:36
3,11254,combined_abort_stress_3_11254_0,combined_abort_stress,risk_filter_uncertainty,0.55,0.25,1,1,1,1,3,0,3.95158,0.83697,0.21181,4.51158,-0.02361,0.42523,0.27003,0.10550,0.08617,0.10788,0.13937,11,0,none,a0:fixture_snag:33;a1:unstable_slip:38;a2:none:97
3,11254,combined_abort_stress_3_11254_0,combined_abort_stress,robust_barrier_mpc,0.55,0.25,0,1,1,1,6,0,5.29465,0.83697,0.05533,6.61465,-0.02632,0.36268,0.22151,0.13289,0.11663,0.23639,0.22687,11,0,fixture_snag,a0:fixture_snag:45;a1:fixture_snag:36;a2:fixture_snag:34;a3:fixture_snag:37;a4:fixture_snag:33;a5:fixture_snag:33
3,11254,combined_abort_stress_3_11254_0,combined_abort_stress,conformal_abort_risk_filter,0.55,0.25,0,1,1,1,6,0,5.13146,0.83697,0.05709,6.45146,-0.02930,0.38852,0.24110,0.11163,0.09226,0.20608,0.15500,11,0,collision_margin,a0:fixture_snag:41;a1:fixture_snag:33;a2:collision_margin:28;a3:collision_margin:30;a4:unstable_slip:37;a5:collision_margin:31
3,11254,combined_abort_stress_3_11254_0,combined_abort_stress,kernel_trace_constraint_classifier,0.55,0.25,0,1,1,1,6,0,6.63168,0.83697,0.04417,7.95168,-0.01945,0.30168,0.17763,0.22036,0.21404,0.18822,0.31938,11,0,visible_collision,a0:fixture_snag:42;a1:fixture_snag:39;a2:fixture_snag:55;a3:unstable_slip:38;a4:fixture_snag:42;a5:visible_collision:43
3,11254,combined_abort_stress_3_11254_0,combined_abort_stress,particle_constraint_belief,0.55,0.25,0,1,1,1,6,0,5.32387,0.83697,0.05502,6.64387,-0.03040,0.38165,0.23583,0.13527,0.12875,0.23609,0.21250,11,0,fixture_snag,a0:fixture_snag:43;a1:fixture_snag:36;a2:fixture_snag:33;a3:collision_margin:29;a4:unstable_slip:38;a5:fixture_snag:41
3,11254,combined_abort_stress_3_11254_0,combined_abort_stress,abort_constraint_discovery_v5,0.55,0.25,1,0,0,0,1,0,2.30886,0.83697,0.36250,2.30886,0.00637,0.52045,0.35176,0.11978,0.11201,0.03501,0.20813,11,0,none,a0:none:97
3,11254,combined_abort_stress_3_11254_0,combined_abort_stress,oracle_constraints,0.55,0.25,1,1,0,0,2,0,3.03916,0.83697,0.27539,3.31916,-0.00502,1.00000,1.00000,0.02038,0.06808,0.04112,0.12812,11,0,none,a0:collision_margin:37;a1:none:83
3,11255,combined_abort_stress_3_11255_0,combined_abort_stress,constraint_classifier,0.55,0.25,0,1,1,1,6,0,4.55698,0.85050,0.06532,5.87698,-0.03088,0.38003,0.23459,0.15983,0.16830,0.27467,0.26125,11,0,human_stop,a0:visible_collision:22;a1:visible_collision:24;a2:visible_collision:25;a3:collision_margin:37;a4:fixture_snag:42;a5:human_stop:40
3,11255,combined_abort_stress_3_11255_0,combined_abort_stress,risk_filter_uncertainty,0.55,0.25,0,1,1,1,6,0,4.60430,0.85050,0.06465,5.92430,-0.02120,0.38667,0.23967,0.11635,0.09555,0.25658,0.15438,11,0,human_stop,a0:visible_collision:23;a1:human_stop:39;a2:collision_margin:37;a3:human_stop:26;a4:human_stop:27;a5:human_stop:27
3,11255,combined_abort_stress_3_11255_0,combined_abort_stress,robust_barrier_mpc,0.55,0.25,1,0,0,0,1,0,3.60495,0.85050,0.23592,3.60495,0.00276,0.35800,0.21803,0.14809,0.14586,0.03003,0.23625,11,0,none,a0:none:120
3,11255,combined_abort_stress_3_11255_0,combined_abort_stress,conformal_abort_risk_filter,0.55,0.25,0,1,1,1,6,0,7.06787,0.85050,0.04212,8.38787,-0.02731,0.35671,0.21707,0.13118,0.12585,0.23669,0.18500,11,0,human_stop,a0:visible_collision:25;a1:collision_margin:39;a2:visible_collision:107;a3:human_stop:39;a4:fixture_snag:40;a5:human_stop:31
3,11255,combined_abort_stress_3_11255_0,combined_abort_stress,kernel_trace_constraint_classifier,0.55,0.25,1,1,1,1,6,0,10.34960,0.85050,0.08218,11.74960,-0.00974,0.23798,0.13506,0.27344,0.28761,0.07025,0.39313,11,0,none,a0:visible_collision:108;a1:visible_collision:21;a2:visible_collision:72;a3:visible_collision:50;a4:human_stop:38;a5:none:120
3,11255,combined_abort_stress_3_11255_0,combined_abort_stress,particle_constraint_belief,0.55,0.25,1,1,0,1,2,0,4.17290,0.85050,0.20381,4.45290,0.02023,0.36293,0.22170,0.13624,0.11940,0.04910,0.19687,11,0,none,a0:visible_collision:25;a1:none:120
3,11255,combined_abort_stress_3_11255_0,combined_abort_stress,abort_constraint_discovery_v5,0.55,0.25,1,0,0,0,1,0,3.05643,0.85050,0.27826,3.05643,0.02618,0.48160,0.31717,0.15942,0.20240,0.06999,0.28063,11,0,none,a0:none:119
3,11255,combined_abort_stress_3_11255_0,combined_abort_stress,oracle_constraints,0.55,0.25,0,1,1,1,6,0,3.58036,0.85050,0.08314,4.90036,0.14120,1.00000,1.00000,0.01953,0.06567,0.02172,0.12687,11,0,visible_collision,a0:visible_collision:22;a1:visible_collision:27;a2:visible_collision:23;a3:visible_collision:21;a4:visible_collision:23;a5:visible_collision:26
3,11256,combined_abort_stress_3_11256_0,combined_abort_stress,constraint_classifier,0.55,0.25,1,0,0,0,1,0,1.94381,0.83928,0.43177,1.94381,0.03162,0.37778,0.23288,0.15060,0.16514,0.23957,0.20500,10,1,none,a0:none:86
3,11256,combined_abort_stress_3_11256_0,combined_abort_stress,risk_filter_uncertainty,0.55,0.25,1,0,0,0,1,0,2.07102,0.83928,0.40525,2.07102,0.01951,0.26154,0.15044,0.12173,0.08150,0.14215,0.11125,10,1,none,a0:none:86
3,11256,combined_abort_stress_3_11256_0,combined_abort_stress,robust_barrier_mpc,0.55,0.25,1,0,0,0,1,0,1.95086,0.83928,0.43021,1.95086,0.02776,0.31469,0.18672,0.15294,0.15682,0.21626,0.22500,10,1,none,a0:none:89
3,11256,combined_abort_stress_3_11256_0,combined_abort_stress,conformal_abort_risk_filter,0.55,0.25,1,0,0,0,1,0,1.82330,0.83928,0.46031,1.82330,0.04439,0.35754,0.21769,0.11988,0.10250,0.16990,0.09125,10,1,none,a0:none:86
3,11256,combined_abort_stress_3_11256_0,combined_abort_stress,kernel_trace_constraint_classifier,0.55,0.25,1,0,0,0,1,0,1.92802,0.83928,0.43531,1.92802,0.02787,0.24759,0.14128,0.19430,0.20144,0.20930,0.25625,10,1,none,a0:none:87
3,11256,combined_abort_stress_3_11256_0,combined_abort_stress,particle_constraint_belief,0.55,0.25,1,0,0,0,1,0,1.87017,0.83928,0.44877,1.87017,0.03645,0.32636,0.19500,0.14454,0.15578,0.19410,0.16625,10,1,none,a0:none:87
3,11256,combined_abort_stress_3_11256_0,combined_abort_stress,abort_constraint_discovery_v5,0.55,0.25,1,1,0,0,2,0,3.37258,0.83928,0.24885,3.65258,-0.00067,0.43590,0.27869,0.14866,0.16710,0.15399,0.20875,10,1,none,a0:collision_margin:42;a1:none:91
3,11256,combined_abort_stress_3_11256_0,combined_abort_stress,oracle_constraints,0.55,0.25,1,0,0,0,1,0,2.16995,0.83928,0.38677,2.16995,0.02933,1.00000,1.00000,0.02189,0.07456,0.00930,0.13250,10,1,none,a0:none:85
3,11257,combined_abort_stress_3_11257_0,combined_abort_stress,constraint_classifier,0.55,0.25,1,0,0,0,1,0,1.92886,0.85369,0.44259,1.92886,0.00764,0.35233,0.21384,0.15484,0.15200,0.14085,0.23625,11,0,none,a0:none:85
3,11257,combined_abort_stress_3_11257_0,combined_abort_stress,risk_filter_uncertainty,0.55,0.25,0,1,1,1,6,0,5.39420,0.85369,0.05539,6.71420,-0.01479,0.36967,0.22674,0.11724,0.08632,0.24993,0.13812,11,0,fixture_snag,a0:fixture_snag:40;a1:fixture_snag:36;a2:fixture_snag:33;a3:fixture_snag:35;a4:fixture_snag:34;a5:fixture_snag:33
3,11257,combined_abort_stress_3_11257_0,combined_abort_stress,robust_barrier_mpc,0.55,0.25,1,0,0,0,1,0,2.14866,0.85369,0.39731,2.14866,0.00490,0.34799,0.21065,0.14436,0.16041,0.10967,0.20125,11,0,none,a0:none:85
3,11257,combined_abort_stress_3_11257_0,combined_abort_stress,conformal_abort_risk_filter,0.55,0.25,1,0,0,0,1,0,1.99690,0.85369,0.42751,1.99690,0.01700,0.35732,0.21752,0.11528,0.09084,0.10466,0.12625,11,0,none,a0:none:85
3,11257,combined_abort_stress_3_11257_0,combined_abort_stress,kernel_trace_constraint_classifier,0.55,0.25,1,0,0,0,1,0,1.82861,0.85369,0.46685,1.82861,0.00508,0.30547,0.18027,0.19709,0.20116,0.09597,0.26312,11,0,none,a0:none:85
3,11257,combined_abort_stress_3_11257_0,combined_abort_stress,particle_constraint_belief,0.55,0.25,1,0,0,0,1,0,1.99778,0.85369,0.42732,1.99778,0.02827,0.36437,0.22277,0.13711,0.14240,0.11020,0.18313,11,0,none,a0:none:85
3,11257,combined_abort_stress_3_11257_0,combined_abort_stress,abort_constraint_discovery_v5,0.55,0.25,0,1,1,1,6,0,10.09081,0.85369,0.02961,11.41081,-0.02321,0.45227,0.29222,0.20912,0.30325,0.36992,0.42438,11,0,collision_margin,a0:unstable_slip:93;a1:collision_margin:61;a2:collision_margin:59;a3:collision_margin:56;a4:force_limit:89;a5:collision_margin:56
3,11257,combined_abort_stress_3_11257_0,combined_abort_stress,oracle_constraints,0.55,0.25,1,0,0,0,1,0,2.06996,0.85369,0.41242,2.06996,0.00745,1.00000,1.00000,0.01988,0.06595,0.01955,0.12562,11,0,none,a0:none:85
4,11250,combined_abort_stress_4_11250_0,combined_abort_stress,constraint_classifier,0.55,0.25,0,1,1,1,6,0,5.13719,0.83548,0.05692,6.45719,-0.02910,0.47704,0.31323,0.14134,0.20424,0.38492,0.29500,11,0,force_limit,a0:human_stop:33;a1:human_stop:29;a2:force_limit:37;a3:force_limit:35;a4:fixture_snag:34;a5:force_limit:32
4,11250,combined_abort_stress_4_11250_0,combined_abort_stress,risk_filter_uncertainty,0.55,0.25,1,1,0,0,2,0,2.80425,0.83548,0.29794,3.08425,-0.00743,0.51931,0.35072,0.09939,0.10963,0.19271,0.16437,11,0,none,a0:human_stop:34;a1:none:82
4,11250,combined_abort_stress_4_11250_0,combined_abort_stress,robust_barrier_mpc,0.55,0.25,1,0,0,0,1,0,3.03930,0.83548,0.27489,3.03930,0.01365,0.46626,0.30400,0.13150,0.17269,0.10326,0.28063,11,0,none,a0:none:119
4,11250,combined_abort_stress_4_11250_0,combined_abort_stress,conformal_abort_risk_filter,0.55,0.25,0,1,1,1,6,0,5.12451,0.83548,0.05706,6.44451,-0.02830,0.56170,0.39053,0.10027,0.11495,0.22746,0.16687,11,0,fixture_snag,a0:human_stop:35;a1:force_limit:36;a2:force_limit:33;a3:force_limit:35;a4:human_stop:29;a5:fixture_snag:39
4,11250,combined_abort_stress_4_11250_0,combined_abort_stress,kernel_trace_constraint_classifier,0.55,0.25,0,1,1,1,6,0,8.48211,0.83548,0.03447,9.80211,-0.01685,0.31924,0.18994,0.27379,0.31872,0.33285,0.46437,11,0,human_stop,a0:visible_collision:90;a1:human_stop:33;a2:visible_collision:34;a3:fixture_snag:66;a4:visible_collision:92;a5:human_stop:34
4,11250,combined_abort_stress_4_11250_0,combined_abort_stress,particle_constraint_belief,0.55,0.25,1,0,0,0,1,0,2.96569,0.83548,0.28172,2.96569,0.01975,0.46678,0.30444,0.12399,0.15923,0.11840,0.24000,11,0,none,a0:none:120
4,11250,combined_abort_stress_4_11250_0,combined_abort_stress,abort_constraint_discovery_v5,0.55,0.25,1,0,0,0,1,0,3.66022,0.83548,0.22826,3.66022,0.04534,0.52941,0.36000,0.16253,0.26810,0.14911,0.34063,11,0,none,a0:none:120
4,11250,combined_abort_stress_4_11250_0,combined_abort_stress,oracle_constraints,0.55,0.25,1,0,0,0,1,0,2.16942,0.83548,0.38512,2.16942,0.01391,1.00000,1.00000,0.01859,0.06216,0.03222,0.12687,11,0,none,a0:none:81
4,11251,combined_abort_stress_4_11251_0,combined_abort_stress,constraint_classifier,0.55,0.25,1,1,1,1,6,0,5.45176,0.84795,0.15554,6.85176,-0.01975,0.29430,0.17254,0.19019,0.23487,0.28626,0.27125,11,0,none,a0:fixture_snag:29;a1:fixture_snag:29;a2:fixture_snag:26;a3:fixture_snag:27;a4:fixture_snag:30;a5:none:83
4,11251,combined_abort_stress_4_11251_0,combined_abort_stress,risk_filter_uncertainty,0.55,0.25,1,0,0,0,1,0,1.99475,0.84795,0.42509,1.99475,0.01918,0.31961,0.19020,0.12789,0.10472,0.16235,0.13437,11,0,none,a0:none:82
4,11251,combined_abort_stress_4_11251_0,combined_abort_stress,robust_barrier_mpc,0.55,0.25,1,0,0,0,1,0,1.90556,0.84795,0.44499,1.90556,0.01462,0.32316,0.19272,0.16397,0.20436,0.21507,0.22437,11,0,none,a0:none:82
4,11251,combined_abort_stress_4_11251_0,combined_abort_stress,conformal_abort_risk_filter,0.55,0.25,1,1,1,1,6,0,5.41955,0.84795,0.15646,6.81955,-0.01527,0.31963,0.19022,0.13498,0.16335,0.20700,0.15000,11,0,none,a0:fixture_snag:29;a1:fixture_snag:30;a2:fixture_snag:29;a3:fixture_snag:28;a4:fixture_snag:33;a5:none:84
4,11251,combined_abort_stress_4_11251_0,combined_abort_stress,kernel_trace_constraint_classifier,0.55,0.25,1,0,0,0,1,0,2.01274,0.84795,0.42129,2.01274,0.00538,0.24011,0.13644,0.23018,0.27321,0.19483,0.31875,11,0,none,a0:none:85
4,11251,combined_abort_stress_4_11251_0,combined_abort_stress,particle_constraint_belief,0.55,0.25,1,0,0,0,1,0,1.87600,0.84795,0.45200,1.87600,0.02094,0.30857,0.18243,0.15939,0.19998,0.20331,0.20438,11,0,none,a0:none:83
4,11251,combined_abort_stress_4_11251_0,combined_abort_stress,abort_constraint_discovery_v5,0.55,0.25,0,0,0,0,1,1,0.00000,0.84795,0.00000,0.12000,1.00000,0.30948,0.18307,0.20848,0.24083,1.00000,0.25188,11,0,no_path,a0:no_path
4,11251,combined_abort_stress_4_11251_0,combined_abort_stress,oracle_constraints,0.55,0.25,1,0,0,0,1,0,1.80701,0.84795,0.46926,1.80701,0.00599,1.00000,1.00000,0.02125,0.07194,0.01958,0.12375,11,0,none,a0:none:82
4,11252,combined_abort_stress_4_11252_0,combined_abort_stress,constraint_classifier,0.55,0.25,1,0,0,0,1,0,2.14786,0.86306,0.40182,2.14786,0.00641,0.26007,0.14947,0.16368,0.14572,0.12368,0.21188,11,0,none,a0:none:87
4,11252,combined_abort_stress_4_11252_0,combined_abort_stress,risk_filter_uncertainty,0.55,0.25,1,1,1,1,4,0,5.82641,0.86306,0.14813,6.66641,-0.01025,0.32083,0.19107,0.12842,0.12862,0.16230,0.17062,11,0,none,a0:fixture_snag:41;a1:visible_collision:57;a2:unstable_slip:46;a3:none:89
4,11252,combined_abort_stress_4_11252_0,combined_abort_stress,robust_barrier_mpc,0.55,0.25,1,0,0,0,1,0,2.17019,0.86306,0.39769,2.17019,0.02708,0.29945,0.17609,0.14171,0.12026,0.09923,0.20875,11,0,none,a0:none:87
4,11252,combined_abort_stress_4_11252_0,combined_abort_stress,conformal_abort_risk_filter,0.55,0.25,1,0,0,0,1,0,2.12956,0.86306,0.40528,2.12956,0.00179,0.21939,0.12321,0.12592,0.08739,0.09165,0.11563,11,0,none,a0:none:87
4,11252,combined_abort_stress_4_11252_0,combined_abort_stress,kernel_trace_constraint_classifier,0.55,0.25,1,0,0,0,1,0,2.07290,0.86306,0.41636,2.07290,0.01783,0.21801,0.12234,0.20607,0.19608,0.08283,0.26625,11,0,none,a0:none:87
4,11252,combined_abort_stress_4_11252_0,combined_abort_stress,particle_constraint_belief,0.55,0.25,1,1,1,1,4,0,5.25071,0.86306,0.16437,6.09071,-0.00324,0.31041,0.18372,0.15248,0.13529,0.24833,0.22500,11,0,none,a0:fixture_snag:43;a1:unstable_slip:45;a2:fixture_snag:37;a3:none:83
4,11252,combined_abort_stress_4_11252_0,combined_abort_stress,abort_constraint_discovery_v5,0.55,0.25,0,1,1,1,3,1,4.24262,0.86306,0.07120,4.80262,-0.01883,0.47913,0.31504,0.13954,0.12798,1.00000,0.21500,11,0,no_path,a0:visible_collision:85;a1:collision_margin:84;a2:no_path
4,11252,combined_abort_stress_4_11252_0,combined_abort_stress,oracle_constraints,0.55,0.25,1,0,0,0,1,0,1.82735,0.86306,0.47230,1.82735,0.00711,1.00000,1.00000,0.02133,0.07141,0.02879,0.12937,11,0,none,a0:none:77
4,11253,combined_abort_stress_4_11253_0,combined_abort_stress,constraint_classifier,0.55,0.25,0,1,1,1,6,0,6.36373,0.84386,0.04641,7.68373,-0.01412,0.38496,0.23836,0.17014,0.17704,0.33696,0.26813,11,0,collision_margin,a0:collision_margin:32;a1:collision_margin:37;a2:force_limit:90;a3:collision_margin:33;a4:collision_margin:31;a5:collision_margin:31
4,11253,combined_abort_stress_4_11253_0,combined_abort_stress,risk_filter_uncertainty,0.55,0.25,0,1,1,1,6,0,4.81445,0.84386,0.06135,6.13445,-0.01993,0.32075,0.19101,0.12632,0.09567,0.24159,0.11750,11,0,collision_margin,a0:collision_margin:35;a1:collision_margin:33;a2:collision_margin:33;a3:collision_margin:31;a4:collision_margin:31;a5:collision_margin:30
4,11253,combined_abort_stress_4_11253_0,combined_abort_stress,robust_barrier_mpc,0.55,0.25,1,1,0,1,2,0,5.47531,0.84386,0.15412,5.75531,-0.01668,0.42645,0.27101,0.14235,0.13785,0.07194,0.23062,11,0,none,a0:force_limit:92;a1:none:120
4,11253,combined_abort_stress_4_11253_0,combined_abort_stress,conformal_abort_risk_filter,0.55,0.25,0,1,1,1,6,0,6.57887,0.84386,0.04489,7.89887,-0.01492,0.37251,0.22888,0.12446,0.08166,0.20254,0.13437,11,0,collision_margin,a0:force_limit:89;a1:collision_margin:33;a2:human_stop:37;a3:collision_margin:34;a4:collision_margin:34;a5:collision_margin:33
4,11253,combined_abort_stress_4_11253_0,combined_abort_stress,kernel_trace_constraint_classifier,0.55,0.25,0,1,1,1,6,0,7.66726,0.84386,0.03852,8.98726,-0.03314,0.31386,0.18614,0.25825,0.26227,0.29474,0.39813,11,0,visible_collision,a0:force_limit:93;a1:collision_margin:48;a2:fixture_snag:67;a3:human_stop:42;a4:visible_collision:29;a5:visible_collision:30
4,11253,combined_abort_stress_4_11253_0,combined_abort_stress,particle_constraint_belief,0.55,0.25,0,1,1,1,6,0,7.18273,0.84386,0.04112,8.50273,-0.02933,0.37658,0.23197,0.15734,0.14853,0.28132,0.24750,11,0,collision_margin,a0:force_limit:91;a1:visible_collision:63;a2:human_stop:37;a3:collision_margin:33;a4:collision_margin:32;a5:collision_margin:35
4,11253,combined_abort_stress_4_11253_0,combined_abort_stress,abort_constraint_discovery_v5,0.55,0.25,1,1,0,1,2,0,4.87810,0.84386,0.17299,5.15810,0.04556,0.36298,0.22173,0.17801,0.17890,0.08221,0.19687,11,0,none,a0:visible_collision:70;a1:none:120
4,11253,combined_abort_stress_4_11253_0,combined_abort_stress,oracle_constraints,0.55,0.25,1,1,1,1,3,0,5.82118,0.84386,0.14496,6.38118,0.01970,1.00000,1.00000,0.02467,0.08265,0.00875,0.14750,11,0,none,a0:visible_collision:71;a1:visible_collision:34;a2:none:120
4,11254,combined_abort_stress_4_11254_0,combined_abort_stress,constraint_classifier,0.55,0.25,1,0,0,0,1,0,1.85184,0.83123,0.44887,1.85184,0.03805,0.46082,0.29939,0.13844,0.16727,0.19477,0.26750,11,0,none,a0:none:80
4,11254,combined_abort_stress_4_11254_0,combined_abort_stress,risk_filter_uncertainty,0.55,0.25,1,1,1,1,3,0,4.26402,0.83123,0.19494,4.82402,-0.00033,0.40529,0.25414,0.10647,0.09074,0.22424,0.15250,11,0,none,a0:visible_collision:33;a1:fixture_snag:55;a2:none:80
4,11254,combined_abort_stress_4_11254_0,combined_abort_stress,robust_barrier_mpc,0.55,0.25,1,0,0,0,1,0,1.83764,0.83123,0.45234,1.83764,0.01964,0.46204,0.30042,0.12200,0.13292,0.15593,0.25562,11,0,none,a0:none:82
4,11254,combined_abort_stress_4_11254_0,combined_abort_stress,conformal_abort_risk_filter,0.55,0.25,1,0,0,0,1,0,1.82758,0.83123,0.45483,1.82758,0.03792,0.38967,0.24198,0.10418,0.08997,0.13516,0.13500,11,0,none,a0:none:80
4,11254,combined_abort_stress_4_11254_0,combined_abort_stress,kernel_trace_constraint_classifier,0.55,0.25,0,1,1,1,6,0,7.59623,0.83123,0.03830,8.91623,-0.02463,0.37349,0.22963,0.23839,0.25396,0.22344,0.38750,11,0,human_stop,a0:visible_collision:40;a1:fixture_snag:62;a2:human_stop:59;a3:collision_margin:37;a4:fixture_snag:53;a5:human_stop:48
4,11254,combined_abort_stress_4_11254_0,combined_abort_stress,particle_constraint_belief,0.55,0.25,1,0,0,0,1,0,1.74652,0.83123,0.47594,1.74652,0.03738,0.42336,0.26852,0.12097,0.12612,0.14793,0.21125,11,0,none,a0:none:81
4,11254,combined_abort_stress_4_11254_0,combined_abort_stress,abort_constraint_discovery_v5,0.55,0.25,0,1,0,0,2,1,0.94530,0.83123,0.30777,1.28530,-0.00018,0.51524,0.34701,0.15478,0.21881,1.00000,0.32000,11,0,no_path,a0:fixture_snag:48;a1:no_path
4,11254,combined_abort_stress_4_11254_0,combined_abort_stress,oracle_constraints,0.55,0.25,1,0,0,0,1,0,1.77897,0.83123,0.46725,1.77897,0.03117,1.00000,1.00000,0.01956,0.06560,0.00817,0.13125,11,0,none,a0:none:80
4,11255,combined_abort_stress_4_11255_0,combined_abort_stress,constraint_classifier,0.55,0.25,0,1,1,1,6,0,5.72811,0.85392,0.05218,7.04811,-0.01537,0.37072,0.22753,0.16431,0.18160,0.29952,0.27563,11,0,fixture_snag,a0:fixture_snag:53;a1:fixture_snag:34;a2:fixture_snag:47;a3:fixture_snag:32;a4:fixture_snag:35;a5:fixture_snag:34
4,11255,combined_abort_stress_4_11255_0,combined_abort_stress,risk_filter_uncertainty,0.55,0.25,0,1,1,1,6,0,5.90346,0.85392,0.05063,7.22346,-0.02006,0.40376,0.25294,0.11289,0.08945,0.21953,0.14062,11,0,fixture_snag,a0:human_stop:33;a1:fixture_snag:46;a2:fixture_snag:37;a3:fixture_snag:32;a4:fixture_snag:36;a5:fixture_snag:38
4,11255,combined_abort_stress_4_11255_0,combined_abort_stress,robust_barrier_mpc,0.55,0.25,0,1,1,1,6,0,6.61381,0.85392,0.04519,7.93381,-0.01712,0.35621,0.21670,0.15789,0.18513,0.24485,0.25688,11,0,fixture_snag,a0:fixture_snag:58;a1:fixture_snag:46;a2:fixture_snag:33;a3:fixture_snag:35;a4:fixture_snag:44;a5:fixture_snag:37
4,11255,combined_abort_stress_4_11255_0,combined_abort_stress,conformal_abort_risk_filter,0.55,0.25,0,1,1,1,6,0,6.42127,0.85392,0.04654,7.74127,-0.03054,0.42857,0.27273,0.11798,0.11650,0.18261,0.15438,11,0,fixture_snag,a0:fixture_snag:53;a1:fixture_snag:49;a2:fixture_snag:36;a3:fixture_snag:35;a4:fixture_snag:32;a5:fixture_snag:43
4,11255,combined_abort_stress_4_11255_0,combined_abort_stress,kernel_trace_constraint_classifier,0.55,0.25,0,1,1,1,6,0,8.65713,0.85392,0.03452,9.97713,-0.01868,0.31101,0.18414,0.26640,0.29085,0.32940,0.42500,11,0,visible_collision,a0:fixture_snag:53;a1:fixture_snag:50;a2:human_stop:35;a3:unstable_slip:92;a4:visible_collision:96;a5:visible_collision:24
4,11255,combined_abort_stress_4_11255_0,combined_abort_stress,particle_constraint_belief,0.55,0.25,0,1,1,1,6,0,6.05794,0.85392,0.04934,7.37794,-0.01748,0.36581,0.22385,0.14817,0.17169,0.27041,0.24000,11,0,fixture_snag,a0:fixture_snag:55;a1:fixture_snag:44;a2:fixture_snag:35;a3:human_stop:35;a4:fixture_snag:42;a5:fixture_snag:34
4,11255,combined_abort_stress_4_11255_0,combined_abort_stress,abort_constraint_discovery_v5,0.55,0.25,1,1,0,1,2,0,5.30335,0.85392,0.16101,5.58335,0.01706,0.34307,0.20705,0.17116,0.18054,0.03974,0.21688,11,0,none,a0:visible_collision:86;a1:none:120
4,11255,combined_abort_stress_4_11255_0,combined_abort_stress,oracle_constraints,0.55,0.25,0,1,1,1,6,0,4.52760,0.85392,0.06601,5.84760,-0.00403,1.00000,1.00000,0.02176,0.07319,0.05082,0.12562,11,0,visible_collision,a0:visible_collision:23;a1:human_stop:38;a2:visible_collision:23;a3:human_stop:40;a4:visible_collision:25;a5:visible_collision:26
4,11256,combined_abort_stress_4_11256_0,combined_abort_stress,constraint_classifier,0.55,0.25,1,0,0,0,1,0,2.54682,0.85194,0.33451,2.54682,0.04294,0.30970,0.18322,0.15831,0.14330,0.13162,0.20312,11,0,none,a0:none:104
4,11256,combined_abort_stress_4_11256_0,combined_abort_stress,risk_filter_uncertainty,0.55,0.25,0,1,1,1,6,0,5.30140,0.85194,0.05625,6.62140,-0.02201,0.30516,0.18006,0.11959,0.10925,0.24307,0.13437,11,0,collision_margin,a0:collision_margin:36;a1:visible_collision:38;a2:collision_margin:37;a3:collision_margin:34;a4:collision_margin:31;a5:collision_margin:32
4,11256,combined_abort_stress_4_11256_0,combined_abort_stress,robust_barrier_mpc,0.55,0.25,0,1,1,1,6,0,7.99870,0.85194,0.03728,9.31870,-0.02936,0.26162,0.15050,0.16631,0.17488,0.07629,0.23125,11,0,unstable_slip,a0:visible_collision:61;a1:visible_collision:26;a2:collision_margin:39;a3:collision_margin:46;a4:collision_margin:41;a5:unstable_slip:97
4,11256,combined_abort_stress_4_11256_0,combined_abort_stress,conformal_abort_risk_filter,0.55,0.25,0,1,1,1,6,0,6.06057,0.85194,0.04920,7.38057,-0.02017,0.30568,0.18041,0.12828,0.10319,0.22916,0.15438,11,0,collision_margin,a0:visible_collision:60;a1:collision_margin:40;a2:collision_margin:35;a3:collision_margin:37;a4:collision_margin:38;a5:collision_margin:31
4,11256,combined_abort_stress_4_11256_0,combined_abort_stress,kernel_trace_constraint_classifier,0.55,0.25,0,1,1,1,6,0,9.41349,0.85194,0.03168,10.73349,-0.01926,0.29122,0.17042,0.26301,0.26295,0.23381,0.38750,11,0,force_limit,a0:visible_collision:63;a1:unstable_slip:99;a2:collision_margin:35;a3:collision_margin:49;a4:fixture_snag:71;a5:force_limit:64
4,11256,combined_abort_stress_4_11256_0,combined_abort_stress,particle_constraint_belief,0.55,0.25,0,1,1,1,6,0,7.29427,0.85194,0.04088,8.61427,-0.01486,0.34106,0.20559,0.15107,0.15071,0.26304,0.24563,11,0,collision_margin,a0:visible_collision:62;a1:unstable_slip:106;a2:collision_margin:41;a3:collision_margin:36;a4:collision_margin:34;a5:collision_margin:35
4,11256,combined_abort_stress_4_11256_0,combined_abort_stress,abort_constraint_discovery_v5,0.55,0.25,0,0,0,0,1,1,0.00000,0.85194,0.00000,0.12000,1.00000,0.30526,0.18012,0.19810,0.19178,1.00000,0.22437,11,0,no_path,a0:no_path
4,11256,combined_abort_stress_4_11256_0,combined_abort_stress,oracle_constraints,0.55,0.25,1,0,0,0,1,0,2.23619,0.85194,0.38098,2.23619,0.01714,1.00000,1.00000,0.02244,0.07436,0.00741,0.13187,11,0,none,a0:none:101
4,11257,combined_abort_stress_4_11257_0,combined_abort_stress,constraint_classifier,0.55,0.25,1,1,0,0,2,0,2.72829,0.87913,0.32223,3.00829,-0.00393,0.52015,0.35149,0.11478,0.15334,0.22697,0.22250,10,1,none,a0:fixture_snag:26;a1:none:80
4,11257,combined_abort_stress_4_11257_0,combined_abort_stress,risk_filter_uncertainty,0.55,0.25,0,1,1,1,6,0,6.21938,0.87913,0.04947,7.53938,-0.02132,0.43532,0.27822,0.11283,0.12694,0.23630,0.18563,10,1,collision_margin,a0:collision_margin:34;a1:fixture_snag:26;a2:collision_margin:33;a3:collision_margin:37;a4:visible_collision:72;a5:collision_margin:34
4,11257,combined_abort_stress_4_11257_0,combined_abort_stress,robust_barrier_mpc,0.55,0.25,1,0,0,0,1,0,2.41173,0.87913,0.36452,2.41173,0.02230,0.47099,0.30804,0.11533,0.13821,0.13013,0.24750,10,1,none,a0:none:106
4,11257,combined_abort_stress_4_11257_0,combined_abort_stress,conformal_abort_risk_filter,0.55,0.25,1,1,0,1,2,0,2.70143,0.87913,0.32543,2.98143,-0.01114,0.47802,0.31408,0.08978,0.09292,0.18589,0.10875,10,1,none,a0:fixture_snag:26;a1:none:80
4,11257,combined_abort_stress_4_11257_0,combined_abort_stress,kernel_trace_constraint_classifier,0.55,0.25,1,1,1,1,3,0,5.47092,0.87913,0.16069,6.03092,-0.00916,0.35931,0.21900,0.19692,0.23192,0.12309,0.35437,10,1,none,a0:collision_margin:37;a1:visible_collision:75;a2:none:115
4,11257,combined_abort_stress_4_11257_0,combined_abort_stress,particle_constraint_belief,0.55,0.25,1,1,1,1,3,0,4.70865,0.87913,0.18671,5.26865,-0.00344,0.44332,0.28478,0.13140,0.17264,0.24677,0.25062,10,1,none,a0:visible_collision:77;a1:collision_margin:35;a2:none:80
4,11257,combined_abort_stress_4_11257_0,combined_abort_stress,abort_constraint_discovery_v5,0.55,0.25,0,1,1,1,6,0,5.09828,0.87913,0.06035,6.41828,-0.01230,0.46978,0.30700,0.16660,0.23261,0.26405,0.33625,10,1,fixture_snag,a0:fixture_snag:36;a1:fixture_snag:36;a2:fixture_snag:36;a3:fixture_snag:32;a4:fixture_snag:32;a5:fixture_snag:32
4,11257,combined_abort_stress_4_11257_0,combined_abort_stress,oracle_constraints,0.55,0.25,0,1,1,1,6,0,8.54809,0.87913,0.03600,9.86809,0.00290,1.00000,1.00000,0.01649,0.05599,0.03276,0.11875,10,1,visible_collision,a0:visible_collision:54;a1:visible_collision:53;a2:visible_collision:55;a3:visible_collision:54;a4:visible_collision:52;a5:visible_collision:52
5,11250,combined_abort_stress_5_11250_0,combined_abort_stress,constraint_classifier,0.55,0.25,1,1,1,1,5,0,5.70577,0.84476,0.14805,6.82577,-0.01609,0.41997,0.26580,0.14668,0.15481,0.16507,0.23250,11,0,none,a0:fixture_snag:32;a1:fixture_snag:35;a2:fixture_snag:25;a3:force_limit:28;a4:none:102
5,11250,combined_abort_stress_5_11250_0,combined_abort_stress,risk_filter_uncertainty,0.55,0.25,1,1,0,1,2,0,3.09432,0.84476,0.27300,3.37432,-0.02284,0.42523,0.27003,0.10697,0.08015,0.11530,0.13687,11,0,none,a0:fixture_snag:32;a1:none:97
5,11250,combined_abort_stress_5_11250_0,combined_abort_stress,robust_barrier_mpc,0.55,0.25,1,0,0,0,1,0,2.39012,0.84476,0.35344,2.39012,0.00279,0.38899,0.24146,0.13699,0.13342,0.10889,0.21000,11,0,none,a0:none:100
5,11250,combined_abort_stress_5_11250_0,combined_abort_stress,conformal_abort_risk_filter,0.55,0.25,1,1,1,1,4,0,4.64801,0.84476,0.18175,5.48801,-0.02551,0.44125,0.28308,0.10906,0.07600,0.12478,0.13000,11,0,none,a0:fixture_snag:29;a1:fixture_snag:30;a2:fixture_snag:26;a3:none:103
5,11250,combined_abort_stress_5_11250_0,combined_abort_stress,kernel_trace_constraint_classifier,0.55,0.25,1,1,0,1,2,0,3.40226,0.84476,0.24829,3.68226,-0.01228,0.34118,0.20567,0.19331,0.19613,0.12088,0.29437,11,0,none,a0:fixture_snag:35;a1:none:104
5,11250,combined_abort_stress_5_11250_0,combined_abort_stress,particle_constraint_belief,0.55,0.25,1,0,0,0,1,0,2.53950,0.84476,0.33265,2.53950,0.02295,0.40631,0.25495,0.12826,0.11533,0.12251,0.18625,11,0,none,a0:none:103
5,11250,combined_abort_stress_5_11250_0,combined_abort_stress,abort_constraint_discovery_v5,0.55,0.25,0,1,0,0,2,1,1.47193,0.84476,0.20087,1.81193,-0.00149,0.42368,0.26877,0.16761,0.17332,1.00000,0.27063,11,0,no_path,a0:collision_margin:59;a1:no_path
5,11250,combined_abort_stress_5_11250_0,combined_abort_stress,oracle_constraints,0.55,0.25,1,0,0,0,1,0,2.20651,0.84476,0.38285,2.20651,0.01202,1.00000,1.00000,0.02057,0.07026,0.01943,0.13062,11,0,none,a0:none:95
5,11251,combined_abort_stress_5_11251_0,combined_abort_stress,constraint_classifier,0.55,0.25,1,1,1,1,5,0,6.33255,0.84175,0.13293,7.45255,-0.01599,0.45503,0.29452,0.12313,0.15141,0.10437,0.23813,11,0,none,a0:visible_collision:59;a1:unstable_slip:26;a2:unstable_slip:32;a3:unstable_slip:26;a4:none:120
5,11251,combined_abort_stress_5_11251_0,combined_abort_stress,risk_filter_uncertainty,0.55,0.25,0,1,1,1,6,0,5.65485,0.84175,0.05210,6.97485,-0.02060,0.51531,0.34708,0.08273,0.08553,0.24744,0.12875,11,0,fixture_snag,a0:fixture_snag:37;a1:fixture_snag:37;a2:fixture_snag:36;a3:collision_margin:55;a4:fixture_snag:33;a5:fixture_snag:35
5,11251,combined_abort_stress_5_11251_0,combined_abort_stress,robust_barrier_mpc,0.55,0.25,1,1,0,1,2,0,4.76991,0.84175,0.17647,5.04991,0.01186,0.41075,0.25845,0.11336,0.10861,0.07295,0.20938,11,0,none,a0:visible_collision:78;a1:none:120
5,11251,combined_abort_stress_5_11251_0,combined_abort_stress,conformal_abort_risk_filter,0.55,0.25,1,1,1,1,3,0,5.35762,0.84175,0.15711,5.91762,-0.00006,0.42105,0.26667,0.09299,0.08373,0.08058,0.13312,11,0,none,a0:visible_collision:65;a1:unstable_slip:25;a2:none:120
5,11251,combined_abort_stress_5_11251_0,combined_abort_stress,kernel_trace_constraint_classifier,0.55,0.25,1,1,0,1,2,0,4.83740,0.84175,0.17401,5.11740,0.00175,0.35349,0.21469,0.17641,0.18473,0.06705,0.28687,11,0,none,a0:visible_collision:66;a1:none:120
5,11251,combined_abort_stress_5_11251_0,combined_abort_stress,particle_constraint_belief,0.55,0.25,1,1,0,1,2,0,4.65418,0.84175,0.18086,4.93418,0.02815,0.44033,0.28232,0.10882,0.11080,0.07637,0.18750,11,0,none,a0:visible_collision:80;a1:none:120
5,11251,combined_abort_stress_5_11251_0,combined_abort_stress,abort_constraint_discovery_v5,0.55,0.25,1,0,0,0,1,0,3.31262,0.84175,0.25411,3.31262,0.03044,0.46477,0.30273,0.16386,0.24732,0.20829,0.30062,11,0,none,a0:none:120
5,11251,combined_abort_stress_5_11251_0,combined_abort_stress,oracle_constraints,0.55,0.25,1,1,1,1,4,0,6.63216,0.84175,0.12692,7.47216,0.02934,1.00000,1.00000,0.01845,0.06287,0.01030,0.11625,11,0,none,a0:visible_collision:52;a1:visible_collision:54;a2:visible_collision:52;a3:none:117
5,11252,combined_abort_stress_5_11252_0,combined_abort_stress,constraint_classifier,0.55,0.25,1,0,0,0,1,0,2.11151,0.84321,0.39934,2.11151,0.02579,0.36156,0.22068,0.16728,0.17133,0.15769,0.24375,11,0,none,a0:none:84
5,11252,combined_abort_stress_5_11252_0,combined_abort_stress,risk_filter_uncertainty,0.55,0.25,0,1,1,1,6,0,4.90264,0.84321,0.06020,6.22264,-0.02391,0.38800,0.24069,0.12260,0.10606,0.25117,0.17250,11,0,fixture_snag,a0:fixture_snag:36;a1:fixture_snag:31;a2:force_limit:38;a3:fixture_snag:31;a4:fixture_snag:33;a5:fixture_snag:31
5,11252,combined_abort_stress_5_11252_0,combined_abort_stress,robust_barrier_mpc,0.55,0.25,1,0,0,0,1,0,1.77802,0.84321,0.47424,1.77802,0.01886,0.35447,0.21542,0.15923,0.16666,0.13555,0.24438,11,0,none,a0:none:84
5,11252,combined_abort_stress_5_11252_0,combined_abort_stress,conformal_abort_risk_filter,0.55,0.25,1,0,0,0,1,0,1.93231,0.84321,0.43637,1.93231,0.01369,0.37209,0.22857,0.12895,0.10773,0.11179,0.12875,11,0,none,a0:none:85
5,11252,combined_abort_stress_5_11252_0,combined_abort_stress,kernel_trace_constraint_classifier,0.55,0.25,1,0,0,0,1,0,2.05060,0.84321,0.41120,2.05060,0.01745,0.27960,0.16252,0.22008,0.22327,0.10123,0.29812,11,0,none,a0:none:87
5,11252,combined_abort_stress_5_11252_0,combined_abort_stress,particle_constraint_belief,0.55,0.25,1,0,0,0,1,0,2.20760,0.84321,0.38196,2.20760,0.01113,0.34470,0.20824,0.15231,0.15716,0.12593,0.20813,11,0,none,a0:none:85
5,11252,combined_abort_stress_5_11252_0,combined_abort_stress,abort_constraint_discovery_v5,0.55,0.25,0,0,0,0,1,1,0.00000,0.84321,0.00000,0.12000,1.00000,0.40285,0.25223,0.16007,0.15324,1.00000,0.21063,11,0,no_path,a0:no_path
5,11252,combined_abort_stress_5_11252_0,combined_abort_stress,oracle_constraints,0.55,0.25,1,0,0,0,1,0,2.14500,0.84321,0.39311,2.14500,0.01469,1.00000,1.00000,0.02319,0.07757,0.02803,0.14000,11,0,none,a0:none:85
5,11253,combined_abort_stress_5_11253_0,combined_abort_stress,constraint_classifier,0.55,0.25,0,1,1,1,6,0,6.76028,0.84705,0.04385,8.08028,-0.02517,0.45188,0.29189,0.15356,0.21173,0.34203,0.32500,11,0,force_limit,a0:collision_margin:48;a1:force_limit:40;a2:force_limit:39;a3:collision_margin:38;a4:collision_margin:47;a5:force_limit:42
5,11253,combined_abort_stress_5_11253_0,combined_abort_stress,risk_filter_uncertainty,0.55,0.25,1,1,0,0,2,0,3.12515,0.84705,0.27104,3.40515,-0.00040,0.48707,0.32194,0.09845,0.10706,0.20001,0.16687,11,0,none,a0:collision_margin:46;a1:none:86
5,11253,combined_abort_stress_5_11253_0,combined_abort_stress,robust_barrier_mpc,0.55,0.25,1,0,0,0,1,0,1.76258,0.84705,0.48057,1.76258,0.02863,0.46980,0.30702,0.11934,0.13915,0.20726,0.24938,11,0,none,a0:none:87
5,11253,combined_abort_stress_5_11253_0,combined_abort_stress,conformal_abort_risk_filter,0.55,0.25,1,1,1,1,3,0,4.45629,0.84705,0.19008,5.01629,-0.01537,0.45455,0.29412,0.10290,0.11955,0.21023,0.19312,11,0,none,a0:collision_margin:48;a1:force_limit:41;a2:none:84
5,11253,combined_abort_stress_5_11253_0,combined_abort_stress,kernel_trace_constraint_classifier,0.55,0.25,1,1,0,0,2,0,3.39994,0.84705,0.24914,3.67994,-0.00478,0.39529,0.24633,0.20427,0.23641,0.27050,0.35437,11,0,none,a0:collision_margin:43;a1:none:94
5,11253,combined_abort_stress_5_11253_0,combined_abort_stress,particle_constraint_belief,0.55,0.25,1,0,0,0,1,0,1.92764,0.84705,0.43942,1.92764,0.03584,0.46561,0.30345,0.11850,0.13954,0.20371,0.23125,11,0,none,a0:none:84
5,11253,combined_abort_stress_5_11253_0,combined_abort_stress,abort_constraint_discovery_v5,0.55,0.25,1,0,0,0,1,0,2.00398,0.84705,0.42268,2.00398,0.04901,0.55172,0.38095,0.13750,0.22007,0.14709,0.29375,11,0,none,a0:none:84
5,11253,combined_abort_stress_5_11253_0,combined_abort_stress,oracle_constraints,0.55,0.25,1,0,0,0,1,0,1.86443,0.84705,0.45432,1.86443,0.02272,1.00000,1.00000,0.01837,0.06101,0.00791,0.12312,11,0,none,a0:none:83
5,11254,combined_abort_stress_5_11254_0,combined_abort_stress,constraint_classifier,0.55,0.25,0,1,1,1,6,0,7.10609,0.87543,0.04312,8.42609,-0.03062,0.33382,0.20035,0.17785,0.18266,0.27657,0.29563,11,0,fixture_snag,a0:fixture_snag:61;a1:human_stop:37;a2:fixture_snag:39;a3:fixture_snag:55;a4:human_stop:35;a5:fixture_snag:47
5,11254,combined_abort_stress_5_11254_0,combined_abort_stress,risk_filter_uncertainty,0.55,0.25,0,1,1,1,6,0,5.78447,0.87543,0.05297,7.10447,-0.02234,0.39013,0.24234,0.11433,0.09525,0.23899,0.14750,11,0,fixture_snag,a0:fixture_snag:51;a1:fixture_snag:39;a2:fixture_snag:39;a3:fixture_snag:47;a4:fixture_snag:32;a5:fixture_snag:36
5,11254,combined_abort_stress_5_11254_0,combined_abort_stress,robust_barrier_mpc,0.55,0.25,1,0,0,0,1,0,2.59709,0.87543,0.33708,2.59709,0.02178,0.33159,0.19874,0.14889,0.14591,0.04223,0.22687,11,0,none,a0:none:110
5,11254,combined_abort_stress_5_11254_0,combined_abort_stress,conformal_abort_risk_filter,0.55,0.25,1,0,0,0,1,0,2.88118,0.87543,0.30384,2.88118,0.01078,0.35922,0.21893,0.11789,0.07924,0.05809,0.12625,11,0,none,a0:none:107
5,11254,combined_abort_stress_5_11254_0,combined_abort_stress,kernel_trace_constraint_classifier,0.55,0.25,0,1,1,1,6,0,8.44332,0.87543,0.03629,9.76332,-0.00865,0.27536,0.15966,0.26443,0.27174,0.29105,0.38625,11,0,collision_margin,a0:fixture_snag:66;a1:fixture_snag:58;a2:fixture_snag:45;a3:visible_collision:84;a4:fixture_snag:54;a5:collision_margin:37
5,11254,combined_abort_stress_5_11254_0,combined_abort_stress,particle_constraint_belief,0.55,0.25,1,0,0,0,1,0,2.76526,0.87543,0.31658,2.76526,0.01085,0.33969,0.20460,0.14060,0.12772,0.03243,0.19625,11,0,none,a0:none:110
5,11254,combined_abort_stress_5_11254_0,combined_abort_stress,abort_constraint_discovery_v5,0.55,0.25,1,0,0,0,1,0,2.70807,0.87543,0.32327,2.70807,0.02080,0.36615,0.22410,0.17491,0.16390,0.08077,0.23062,11,0,none,a0:none:111
5,11254,combined_abort_stress_5_11254_0,combined_abort_stress,oracle_constraints,0.55,0.25,1,0,0,0,1,0,2.49687,0.87543,0.35061,2.49687,0.00413,1.00000,1.00000,0.02066,0.06741,0.02320,0.13125,11,0,none,a0:none:106
5,11255,combined_abort_stress_5_11255_0,combined_abort_stress,constraint_classifier,0.55,0.25,0,1,1,1,6,0,3.94828,0.83436,0.07396,5.26828,-0.02547,0.42905,0.27312,0.15083,0.14982,0.34750,0.22937,11,0,collision_margin,a0:collision_margin:25;a1:collision_margin:25;a2:collision_margin:26;a3:collision_margin:26;a4:collision_margin:25;a5:collision_margin:26
5,11255,combined_abort_stress_5_11255_0,combined_abort_stress,risk_filter_uncertainty,0.55,0.25,1,1,1,1,4,0,4.90348,0.83436,0.17016,5.74348,-0.00544,0.38793,0.24064,0.12364,0.08366,0.14691,0.14938,11,0,none,a0:visible_collision:22;a1:collision_margin:32;a2:human_stop:45;a3:none:101
5,11255,combined_abort_stress_5_11255_0,combined_abort_stress,robust_barrier_mpc,0.55,0.25,0,1,1,1,6,0,5.44021,0.83436,0.05368,6.76021,-0.01836,0.36992,0.22694,0.16710,0.19271,0.30578,0.27500,11,0,collision_margin,a0:collision_margin:27;a1:human_stop:50;a2:collision_margin:26;a3:collision_margin:26;a4:visible_collision:75;a5:collision_margin:26
5,11255,combined_abort_stress_5_11255_0,combined_abort_stress,conformal_abort_risk_filter,0.55,0.25,0,1,1,1,6,0,3.98984,0.83436,0.07319,5.30984,-0.02931,0.47964,0.31548,0.11517,0.09257,0.24308,0.13562,11,0,collision_margin,a0:collision_margin:26;a1:collision_margin:28;a2:collision_margin:25;a3:collision_margin:29;a4:collision_margin:27;a5:collision_margin:28
5,11255,combined_abort_stress_5_11255_0,combined_abort_stress,kernel_trace_constraint_classifier,0.55,0.25,1,1,1,0,3,0,4.85104,0.83436,0.17200,5.41104,-0.01700,0.32432,0.19355,0.21246,0.22032,0.19537,0.32188,11,0,none,a0:collision_margin:28;a1:human_stop:52;a2:none:111
5,11255,combined_abort_stress_5_11255_0,combined_abort_stress,particle_constraint_belief,0.55,0.25,1,1,1,1,3,0,4.51220,0.83436,0.18491,5.07220,-0.02620,0.41230,0.25968,0.14184,0.14826,0.18254,0.20500,11,0,none,a0:collision_margin:27;a1:human_stop:48;a2:none:110
5,11255,combined_abort_stress_5_11255_0,combined_abort_stress,abort_constraint_discovery_v5,0.55,0.25,0,0,0,0,1,1,0.00000,0.83436,0.00000,0.12000,1.00000,0.38351,0.23725,0.17359,0.18255,1.00000,0.20813,11,0,no_path,a0:no_path
5,11255,combined_abort_stress_5_11255_0,combined_abort_stress,oracle_constraints,0.55,0.25,1,0,0,0,1,0,2.40742,0.83436,0.34658,2.40742,0.03444,1.00000,1.00000,0.02329,0.07862,0.01366,0.14062,11,0,none,a0:none:97
5,11256,combined_abort_stress_5_11256_0,combined_abort_stress,constraint_classifier,0.55,0.25,1,0,0,0,1,0,2.36690,0.83762,0.35389,2.36690,0.03682,0.31154,0.18451,0.14746,0.17557,0.20376,0.22500,10,1,none,a0:none:91
5,11256,combined_abort_stress_5_11256_0,combined_abort_stress,risk_filter_uncertainty,0.55,0.25,1,1,0,0,2,0,3.32047,0.83762,0.25226,3.60047,-0.00305,0.36504,0.22327,0.10335,0.12105,0.14076,0.14313,10,1,none,a0:collision_margin:38;a1:none:96
5,11256,combined_abort_stress_5_11256_0,combined_abort_stress,robust_barrier_mpc,0.55,0.25,1,0,0,0,1,0,2.31737,0.83762,0.36145,2.31737,0.03007,0.30314,0.17865,0.13946,0.17041,0.18087,0.23813,10,1,none,a0:none:92
5,11256,combined_abort_stress_5_11256_0,combined_abort_stress,conformal_abort_risk_filter,0.55,0.25,1,0,0,0,1,0,2.12945,0.83762,0.39335,2.12945,0.04392,0.31098,0.18412,0.10617,0.10712,0.13746,0.10500,10,1,none,a0:none:91
5,11256,combined_abort_stress_5_11256_0,combined_abort_stress,kernel_trace_constraint_classifier,0.55,0.25,1,0,0,0,1,0,2.52013,0.83762,0.33237,2.52013,0.03995,0.24882,0.14209,0.19717,0.21542,0.17995,0.29688,10,1,none,a0:none:104
5,11256,combined_abort_stress_5_11256_0,combined_abort_stress,particle_constraint_belief,0.55,0.25,1,0,0,0,1,0,2.14958,0.83762,0.38967,2.14958,0.04265,0.30968,0.18321,0.12867,0.14437,0.16274,0.19062,10,1,none,a0:none:91
5,11256,combined_abort_stress_5_11256_0,combined_abort_stress,abort_constraint_discovery_v5,0.55,0.25,1,0,0,0,1,0,2.14953,0.83762,0.38967,2.14953,0.02990,0.43831,0.28066,0.13731,0.18387,0.07866,0.23938,10,1,none,a0:none:91
5,11256,combined_abort_stress_5_11256_0,combined_abort_stress,oracle_constraints,0.55,0.25,1,0,0,0,1,0,2.04752,0.83762,0.40909,2.04752,0.02977,1.00000,1.00000,0.01640,0.05688,0.00790,0.10000,10,1,none,a0:none:89
5,11257,combined_abort_stress_5_11257_0,combined_abort_stress,constraint_classifier,0.55,0.25,0,1,1,1,6,0,7.16556,0.84334,0.04119,8.48556,-0.01474,0.43270,0.27608,0.17463,0.20366,0.33448,0.34687,11,0,fixture_snag,a0:force_limit:73;a1:force_limit:60;a2:unstable_slip:40;a3:fixture_snag:35;a4:fixture_snag:36;a5:fixture_snag:37
5,11257,combined_abort_stress_5_11257_0,combined_abort_stress,risk_filter_uncertainty,0.55,0.25,1,0,0,0,1,0,2.01982,0.84334,0.41753,2.01982,0.00866,0.36287,0.22165,0.12324,0.10087,0.13357,0.14625,11,0,none,a0:none:84
5,11257,combined_abort_stress_5_11257_0,combined_abort_stress,robust_barrier_mpc,0.55,0.25,1,0,0,0,1,0,1.97491,0.84334,0.42703,1.97491,0.00505,0.33058,0.19802,0.15640,0.14923,0.16886,0.22812,11,0,none,a0:none:84
5,11257,combined_abort_stress_5_11257_0,combined_abort_stress,conformal_abort_risk_filter,0.55,0.25,1,0,0,0,1,0,2.02819,0.84334,0.41581,2.02819,0.01265,0.32766,0.19593,0.13512,0.10433,0.15745,0.14375,11,0,none,a0:none:84
5,11257,combined_abort_stress_5_11257_0,combined_abort_stress,kernel_trace_constraint_classifier,0.55,0.25,1,0,0,0,1,0,1.93514,0.84334,0.43580,1.93514,0.00281,0.28877,0.16875,0.22755,0.22412,0.15662,0.31750,11,0,none,a0:none:85
5,11257,combined_abort_stress_5_11257_0,combined_abort_stress,particle_constraint_belief,0.55,0.25,1,0,0,0,1,0,1.87799,0.84334,0.44907,1.87799,0.00151,0.34888,0.21130,0.15407,0.13639,0.16603,0.21188,11,0,none,a0:none:84
5,11257,combined_abort_stress_5_11257_0,combined_abort_stress,abort_constraint_discovery_v5,0.55,0.25,0,0,0,0,1,1,0.00000,0.84334,0.00000,0.12000,1.00000,0.37500,0.23077,0.18209,0.16568,1.00000,0.26000,11,0,no_path,a0:no_path
5,11257,combined_abort_stress_5_11257_0,combined_abort_stress,oracle_constraints,0.55,0.25,1,0,0,0,1,0,2.11309,0.84334,0.39910,2.11309,0.00875,1.00000,1.00000,0.02348,0.07626,0.02817,0.15000,11,0,none,a0:none:88
6,11250,combined_abort_stress_6_11250_0,combined_abort_stress,constraint_classifier,0.55,0.25,0,1,1,1,6,0,4.67619,0.85084,0.06368,5.99619,-0.01689,0.43348,0.27672,0.16097,0.17475,0.35800,0.27937,11,0,human_stop,a0:force_limit:36;a1:force_limit:35;a2:collision_margin:38;a3:visible_collision:26;a4:human_stop:28;a5:human_stop:30
6,11250,combined_abort_stress_6_11250_0,combined_abort_stress,risk_filter_uncertainty,0.55,0.25,0,1,1,1,6,0,4.51270,0.85084,0.06599,5.83270,-0.01451,0.41564,0.26234,0.12092,0.09497,0.24647,0.16500,11,0,human_stop,a0:force_limit:29;a1:human_stop:27;a2:collision_margin:41;a3:human_stop:37;a4:force_limit:31;a5:human_stop:25
6,11250,combined_abort_stress_6_11250_0,combined_abort_stress,robust_barrier_mpc,0.55,0.25,1,1,0,1,2,0,4.04599,0.85084,0.21029,4.32599,-0.00870,0.39690,0.24758,0.15097,0.16362,0.11975,0.26438,11,0,none,a0:force_limit:35;a1:none:120
6,11250,combined_abort_stress_6_11250_0,combined_abort_stress,conformal_abort_risk_filter,0.55,0.25,0,1,1,1,6,0,5.05761,0.85084,0.05888,6.37761,-0.00525,0.42644,0.27100,0.11741,0.08958,0.21089,0.15438,11,0,collision_margin,a0:force_limit:36;a1:force_limit:30;a2:force_limit:34;a3:human_stop:35;a4:force_limit:36;a5:collision_margin:41
6,11250,combined_abort_stress_6_11250_0,combined_abort_stress,kernel_trace_constraint_classifier,0.55,0.25,0,1,1,1,6,0,12.18990,0.85084,0.02443,13.50990,-0.01037,0.34413,0.20782,0.30297,0.36228,0.37119,0.53687,11,0,force_limit,a0:force_limit:36;a1:visible_collision:105;a2:fixture_snag:73;a3:unstable_slip:120;a4:unstable_slip:120;a5:force_limit:32
6,11250,combined_abort_stress_6_11250_0,combined_abort_stress,particle_constraint_belief,0.55,0.25,1,1,0,1,2,0,3.78339,0.85084,0.22489,4.06339,-0.00143,0.42159,0.26709,0.14268,0.14144,0.11560,0.23187,11,0,none,a0:force_limit:33;a1:none:120
6,11250,combined_abort_stress_6_11250_0,combined_abort_stress,abort_constraint_discovery_v5,0.55,0.25,1,1,0,1,2,0,4.06432,0.85084,0.20934,4.34432,-0.00333,0.48071,0.31641,0.15833,0.17984,0.22208,0.28250,11,0,none,a0:force_limit:35;a1:none:120
6,11250,combined_abort_stress_6_11250_0,combined_abort_stress,oracle_constraints,0.55,0.25,1,1,0,1,2,0,3.22728,0.85084,0.26364,3.50728,-0.00606,1.00000,1.00000,0.02270,0.07540,0.08706,0.13875,11,0,none,a0:collision_margin:44;a1:none:82
6,11251,combined_abort_stress_6_11251_0,combined_abort_stress,constraint_classifier,0.55,0.25,0,1,1,1,6,0,3.53020,0.86082,0.08535,4.85020,-0.03057,0.37801,0.23305,0.14859,0.15407,0.33259,0.22937,11,0,collision_margin,a0:collision_margin:22;a1:collision_margin:24;a2:force_limit:25;a3:force_limit:23;a4:collision_margin:27;a5:collision_margin:25
6,11251,combined_abort_stress_6_11251_0,combined_abort_stress,risk_filter_uncertainty,0.55,0.25,0,1,1,1,6,0,4.11844,0.86082,0.07316,5.43844,-0.02812,0.42827,0.27248,0.11024,0.09019,0.24336,0.15750,11,0,collision_margin,a0:fixture_snag:33;a1:human_stop:39;a2:collision_margin:27;a3:collision_margin:24;a4:collision_margin:25;a5:collision_margin:25
6,11251,combined_abort_stress_6_11251_0,combined_abort_stress,robust_barrier_mpc,0.55,0.25,0,1,1,1,6,0,3.55850,0.86082,0.08467,4.87850,-0.01632,0.36397,0.22247,0.13362,0.11528,0.25644,0.20563,11,0,collision_margin,a0:collision_margin:28;a1:collision_margin:24;a2:collision_margin:24;a3:collision_margin:22;a4:collision_margin:24;a5:collision_margin:25
6,11251,combined_abort_stress_6_11251_0,combined_abort_stress,conformal_abort_risk_filter,0.55,0.25,0,1,1,1,6,0,3.43629,0.86082,0.08768,4.75629,-0.02726,0.39627,0.24709,0.11209,0.08013,0.21084,0.13375,11,0,collision_margin,a0:collision_margin:24;a1:collision_margin:24;a2:collision_margin:22;a3:collision_margin:22;a4:collision_margin:24;a5:collision_margin:27
6,11251,combined_abort_stress_6_11251_0,combined_abort_stress,kernel_trace_constraint_classifier,0.55,0.25,1,1,1,1,3,0,7.43773,0.86082,0.11574,7.99773,-0.00255,0.32723,0.19562,0.21420,0.21676,0.15458,0.34313,11,0,none,a0:unstable_slip:93;a1:fixture_snag:69;a2:none:120
6,11251,combined_abort_stress_6_11251_0,combined_abort_stress,particle_constraint_belief,0.55,0.25,0,1,1,1,6,0,5.65342,0.86082,0.05329,6.97342,-0.02472,0.45743,0.29654,0.12314,0.13350,0.28370,0.24000,11,0,collision_margin,a0:human_stop:41;a1:unstable_slip:88;a2:collision_margin:24;a3:collision_margin:24;a4:collision_margin:24;a5:collision_margin:24
6,11251,combined_abort_stress_6_11251_0,combined_abort_stress,abort_constraint_discovery_v5,0.55,0.25,0,0,0,0,1,1,0.00000,0.86082,0.00000,0.12000,1.00000,0.43077,0.27451,0.16817,0.18566,1.00000,0.27187,11,0,no_path,a0:no_path
6,11251,combined_abort_stress_6_11251_0,combined_abort_stress,oracle_constraints,0.55,0.25,1,0,0,0,1,0,1.66000,0.86082,0.51857,1.66000,0.01306,1.00000,1.00000,0.02232,0.07386,0.04520,0.13437,11,0,none,a0:none:75
6,11252,combined_abort_stress_6_11252_0,combined_abort_stress,constraint_classifier,0.55,0.25,0,1,1,1,6,0,4.59747,0.86286,0.06569,5.91747,-0.01988,0.33388,0.20040,0.17586,0.16215,0.29494,0.22812,11,0,collision_margin,a0:visible_collision:25;a1:collision_margin:33;a2:collision_margin:27;a3:collision_margin:32;a4:collision_margin:31;a5:collision_margin:29
6,11252,combined_abort_stress_6_11252_0,combined_abort_stress,risk_filter_uncertainty,0.55,0.25,1,1,1,1,3,0,4.17316,0.86286,0.20676,4.73316,-0.01144,0.33403,0.20050,0.13964,0.09540,0.14367,0.14938,11,0,none,a0:force_limit:36;a1:collision_margin:32;a2:none:98
6,11252,combined_abort_stress_6_11252_0,combined_abort_stress,robust_barrier_mpc,0.55,0.25,1,1,0,1,2,0,3.10342,0.86286,0.27804,3.38342,0.01736,0.28990,0.16952,0.17028,0.15478,0.16932,0.23375,11,0,none,a0:visible_collision:29;a1:none:106
6,11252,combined_abort_stress_6_11252_0,combined_abort_stress,conformal_abort_risk_filter,0.55,0.25,0,1,1,1,6,0,4.45244,0.86286,0.06783,5.77244,-0.01941,0.30968,0.18321,0.14154,0.11411,0.24287,0.14062,11,0,collision_margin,a0:collision_margin:35;a1:collision_margin:31;a2:collision_margin:28;a3:collision_margin:27;a4:collision_margin:29;a5:collision_margin:28
6,11252,combined_abort_stress_6_11252_0,combined_abort_stress,kernel_trace_constraint_classifier,0.55,0.25,1,1,1,1,3,0,5.09073,0.86286,0.16950,5.65073,-0.01870,0.22251,0.12518,0.25193,0.26437,0.24071,0.33313,11,0,none,a0:collision_margin:34;a1:fixture_snag:79;a2:none:93
6,11252,combined_abort_stress_6_11252_0,combined_abort_stress,particle_constraint_belief,0.55,0.25,1,1,1,1,5,0,7.82334,0.86286,0.11029,8.94334,-0.02053,0.28397,0.16548,0.18348,0.19301,0.22707,0.25938,11,0,none,a0:collision_margin:35;a1:visible_collision:106;a2:force_limit:39;a3:fixture_snag:32;a4:none:98
6,11252,combined_abort_stress_6_11252_0,combined_abort_stress,abort_constraint_discovery_v5,0.55,0.25,0,1,1,1,3,1,2.36352,0.86286,0.12778,2.92352,-0.02439,0.38318,0.23699,0.18194,0.17488,1.00000,0.25125,11,0,no_path,a0:visible_collision:46;a1:collision_margin:46;a2:no_path
6,11252,combined_abort_stress_6_11252_0,combined_abort_stress,oracle_constraints,0.55,0.25,0,1,1,1,6,0,3.26582,0.86286,0.09247,4.58582,0.12708,1.00000,1.00000,0.02714,0.08817,0.00998,0.15000,11,0,visible_collision,a0:visible_collision:23;a1:visible_collision:25;a2:visible_collision:22;a3:visible_collision:26;a4:visible_collision:22;a5:visible_collision:24
6,11253,combined_abort_stress_6_11253_0,combined_abort_stress,constraint_classifier,0.55,0.25,0,1,1,1,6,0,6.98270,0.85850,0.04303,8.30270,-0.01414,0.45866,0.29757,0.14525,0.14872,0.10955,0.26312,11,0,visible_collision,a0:force_limit:36;a1:force_limit:37;a2:fixture_snag:40;a3:fixture_snag:39;a4:fixture_snag:37;a5:visible_collision:85
6,11253,combined_abort_stress_6_11253_0,combined_abort_stress,risk_filter_uncertainty,0.55,0.25,0,1,1,1,6,0,5.54943,0.85850,0.05415,6.86943,-0.03420,0.49123,0.32558,0.10309,0.07563,0.22097,0.14750,11,0,fixture_snag,a0:force_limit:35;a1:force_limit:39;a2:fixture_snag:37;a3:fixture_snag:39;a4:fixture_snag:38;a5:fixture_snag:37
6,11253,combined_abort_stress_6_11253_0,combined_abort_stress,robust_barrier_mpc,0.55,0.25,1,1,0,1,2,0,4.05147,0.85850,0.21190,4.33147,-0.01995,0.41852,0.26464,0.13821,0.13525,0.08132,0.22687,11,0,none,a0:force_limit:37;a1:none:120
6,11253,combined_abort_stress_6_11253_0,combined_abort_stress,conformal_abort_risk_filter,0.55,0.25,0,1,1,1,6,0,7.96611,0.85850,0.03772,9.28611,-0.00934,0.37066,0.22749,0.12702,0.10232,0.08580,0.18625,11,0,visible_collision,a0:force_limit:36;a1:force_limit:37;a2:visible_collision:85;a3:fixture_snag:39;a4:fixture_snag:41;a5:visible_collision:77
6,11253,combined_abort_stress_6_11253_0,combined_abort_stress,kernel_trace_constraint_classifier,0.55,0.25,1,1,0,1,2,0,3.82665,0.85850,0.22435,4.10665,-0.01520,0.38356,0.23729,0.18705,0.17698,0.07151,0.27313,11,0,none,a0:force_limit:37;a1:none:120
6,11253,combined_abort_stress_6_11253_0,combined_abort_stress,particle_constraint_belief,0.55,0.25,1,1,0,1,2,0,4.10643,0.85850,0.20906,4.38643,-0.00418,0.40942,0.25740,0.13369,0.11901,0.06687,0.20750,11,0,none,a0:force_limit:34;a1:none:120
6,11253,combined_abort_stress_6_11253_0,combined_abort_stress,abort_constraint_discovery_v5,0.55,0.25,1,0,0,0,1,0,3.16830,0.85850,0.27097,3.16830,0.00731,0.32609,0.19481,0.19437,0.17785,0.08525,0.26500,11,0,none,a0:none:120
6,11253,combined_abort_stress_6_11253_0,combined_abort_stress,oracle_constraints,0.55,0.25,0,1,1,1,6,0,12.01402,0.85850,0.02501,13.33402,0.00255,1.00000,1.00000,0.02065,0.06866,0.01893,0.13750,11,0,visible_collision,a0:visible_collision:76;a1:visible_collision:82;a2:visible_collision:78;a3:visible_collision:80;a4:visible_collision:75;a5:visible_collision:80
6,11254,combined_abort_stress_6_11254_0,combined_abort_stress,constraint_classifier,0.55,0.25,0,1,1,1,6,0,6.97149,0.85629,0.04299,8.29149,-0.02691,0.37551,0.23116,0.18118,0.18328,0.09528,0.30562,11,0,fixture_snag,a0:force_limit:98;a1:fixture_snag:28;a2:fixture_snag:26;a3:fixture_snag:28;a4:fixture_snag:27;a5:fixture_snag:67
6,11254,combined_abort_stress_6_11254_0,combined_abort_stress,risk_filter_uncertainty,0.55,0.25,0,1,1,1,6,0,5.77499,0.85629,0.05190,7.09499,-0.01677,0.34508,0.20852,0.14353,0.13466,0.21470,0.18313,11,0,collision_margin,a0:fixture_snag:25;a1:fixture_snag:29;a2:human_stop:44;a3:fixture_snag:35;a4:fixture_snag:57;a5:collision_margin:39
6,11254,combined_abort_stress_6_11254_0,combined_abort_stress,robust_barrier_mpc,0.55,0.25,0,1,1,1,6,0,7.24319,0.85629,0.04138,8.56319,-0.02975,0.36712,0.22483,0.17029,0.16862,0.24955,0.30250,11,0,fixture_snag,a0:force_limit:98;a1:fixture_snag:70;a2:fixture_snag:30;a3:fixture_snag:30;a4:fixture_snag:31;a5:fixture_snag:34
6,11254,combined_abort_stress_6_11254_0,combined_abort_stress,conformal_abort_risk_filter,0.55,0.25,0,1,1,1,6,0,6.03637,0.85629,0.04965,7.35637,-0.01526,0.37244,0.22883,0.13270,0.10120,0.23436,0.18188,11,0,fixture_snag,a0:visible_collision:97;a1:fixture_snag:27;a2:fixture_snag:30;a3:fixture_snag:31;a4:fixture_snag:31;a5:fixture_snag:31
6,11254,combined_abort_stress_6_11254_0,combined_abort_stress,kernel_trace_constraint_classifier,0.55,0.25,0,1,1,1,6,0,9.72633,0.85629,0.03081,11.04633,-0.02060,0.27984,0.16268,0.29624,0.30323,0.28533,0.45375,11,0,fixture_snag,a0:visible_collision:101;a1:human_stop:56;a2:human_stop:49;a3:visible_collision:78;a4:fixture_snag:59;a5:fixture_snag:48
6,11254,combined_abort_stress_6_11254_0,combined_abort_stress,particle_constraint_belief,0.55,0.25,0,1,1,1,6,0,7.02891,0.85629,0.04264,8.34891,-0.02143,0.35846,0.21837,0.16831,0.15994,0.30837,0.28563,11,0,fixture_snag,a0:force_limit:101;a1:fixture_snag:67;a2:fixture_snag:26;a3:fixture_snag:26;a4:fixture_snag:25;a5:fixture_snag:26
6,11254,combined_abort_stress_6_11254_0,combined_abort_stress,abort_constraint_discovery_v5,0.55,0.25,1,1,0,1,2,0,5.82135,0.85629,0.14709,6.10135,-0.00943,0.42404,0.26906,0.22253,0.25862,0.22989,0.39750,11,0,none,a0:force_limit:104;a1:none:120
6,11254,combined_abort_stress_6_11254_0,combined_abort_stress,oracle_constraints,0.55,0.25,1,0,0,0,1,0,1.90227,0.85629,0.45014,1.90227,0.01115,1.00000,1.00000,0.02631,0.08680,0.03142,0.15375,11,0,none,a0:none:79
6,11255,combined_abort_stress_6_11255_0,combined_abort_stress,constraint_classifier,0.55,0.25,1,0,0,0,1,0,1.80000,0.85430,0.47461,1.80000,0.01917,0.40635,0.25498,0.16131,0.15710,0.20345,0.25188,11,0,none,a0:none:82
6,11255,combined_abort_stress_6_11255_0,combined_abort_stress,risk_filter_uncertainty,0.55,0.25,1,0,0,0,1,0,1.95714,0.85430,0.43650,1.95714,0.01434,0.39294,0.24451,0.11783,0.08115,0.12963,0.14125,11,0,none,a0:none:82
6,11255,combined_abort_stress_6_11255_0,combined_abort_stress,robust_barrier_mpc,0.55,0.25,1,1,1,1,3,0,3.63109,0.85430,0.23527,4.19109,-0.01267,0.40986,0.25775,0.15155,0.14971,0.22710,0.26375,11,0,none,a0:fixture_snag:40;a1:fixture_snag:33;a2:none:82
6,11255,combined_abort_stress_6_11255_0,combined_abort_stress,conformal_abort_risk_filter,0.55,0.25,1,0,0,0,1,0,1.87627,0.85430,0.45532,1.87627,0.02439,0.39024,0.24242,0.12044,0.08884,0.14882,0.14000,11,0,none,a0:none:82
6,11255,combined_abort_stress_6_11255_0,combined_abort_stress,kernel_trace_constraint_classifier,0.55,0.25,1,0,0,0,1,0,1.96291,0.85430,0.43522,1.96291,0.01554,0.31169,0.18462,0.21884,0.21895,0.15363,0.33937,11,0,none,a0:none:83
6,11255,combined_abort_stress_6_11255_0,combined_abort_stress,particle_constraint_belief,0.55,0.25,1,0,0,0,1,0,1.91738,0.85430,0.44555,1.91738,0.00701,0.40000,0.25000,0.14361,0.14026,0.15979,0.22687,11,0,none,a0:none:83
6,11255,combined_abort_stress_6_11255_0,combined_abort_stress,abort_constraint_discovery_v5,0.55,0.25,0,1,1,1,3,1,2.92253,0.85430,0.10231,3.48253,-0.01956,0.43296,0.27629,0.17688,0.20058,1.00000,0.30562,11,0,no_path,a0:human_stop:84;a1:collision_margin:45;a2:no_path
6,11255,combined_abort_stress_6_11255_0,combined_abort_stress,oracle_constraints,0.55,0.25,1,0,0,0,1,0,1.58430,0.85430,0.53923,1.58430,0.01476,1.00000,1.00000,0.02182,0.07227,0.01978,0.14188,11,0,none,a0:none:82
6,11256,combined_abort_stress_6_11256_0,combined_abort_stress,constraint_classifier,0.55,0.25,0,1,1,1,6,0,5.66449,0.85127,0.05260,6.98449,-0.02462,0.38327,0.23706,0.18048,0.20901,0.29348,0.32688,11,0,force_limit,a0:fixture_snag:56;a1:collision_margin:47;a2:fixture_snag:49;a3:force_limit:19;a4:force_limit:20;a5:force_limit:41
6,11256,combined_abort_stress_6_11256_0,combined_abort_stress,risk_filter_uncertainty,0.55,0.25,1,1,1,1,4,0,6.48365,0.85127,0.13129,7.32365,-0.02514,0.39095,0.24297,0.12117,0.10629,0.10264,0.16750,11,0,none,a0:collision_margin:48;a1:fixture_snag:50;a2:fixture_snag:46;a3:none:110
6,11256,combined_abort_stress_6_11256_0,combined_abort_stress,robust_barrier_mpc,0.55,0.25,1,1,1,1,5,0,8.70933,0.85127,0.09774,9.82933,-0.01278,0.40213,0.25167,0.17027,0.19918,0.13052,0.33313,11,0,none,a0:fixture_snag:63;a1:fixture_snag:53;a2:visible_collision:85;a3:force_limit:41;a4:none:120
6,11256,combined_abort_stress_6_11256_0,combined_abort_stress,conformal_abort_risk_filter,0.55,0.25,0,1,1,1,6,0,7.10272,0.85127,0.04195,8.42272,-0.00897,0.40156,0.25122,0.12710,0.10882,0.20005,0.18438,11,0,collision_margin,a0:fixture_snag:55;a1:collision_margin:49;a2:fixture_snag:48;a3:force_limit:40;a4:force_limit:42;a5:collision_margin:42
6,11256,combined_abort_stress_6_11256_0,combined_abort_stress,kernel_trace_constraint_classifier,0.55,0.25,0,1,1,1,6,0,6.26894,0.85127,0.04753,7.58894,-0.02292,0.30489,0.17987,0.25861,0.27253,0.41614,0.41313,11,0,force_limit,a0:fixture_snag:57;a1:collision_margin:60;a2:fixture_snag:52;a3:human_stop:20;a4:force_limit:46;a5:force_limit:20
6,11256,combined_abort_stress_6_11256_0,combined_abort_stress,particle_constraint_belief,0.55,0.25,0,1,1,1,6,0,10.17976,0.85127,0.02927,11.49976,-0.02140,0.38633,0.23941,0.17231,0.22958,0.29033,0.33937,11,0,collision_margin,a0:fixture_snag:58;a1:fixture_snag:52;a2:unstable_slip:120;a3:fixture_snag:48;a4:visible_collision:87;a5:collision_margin:51
6,11256,combined_abort_stress_6_11256_0,combined_abort_stress,abort_constraint_discovery_v5,0.55,0.25,1,0,0,0,1,0,3.05584,0.85127,0.27857,3.05584,0.01221,0.42547,0.27022,0.16043,0.20993,0.13772,0.26625,11,0,none,a0:none:120
6,11256,combined_abort_stress_6_11256_0,combined_abort_stress,oracle_constraints,0.55,0.25,0,1,1,1,6,0,8.62636,0.85127,0.03454,9.94636,-0.00713,1.00000,1.00000,0.02044,0.06766,0.01830,0.13625,11,0,visible_collision,a0:visible_collision:56;a1:visible_collision:56;a2:visible_collision:60;a3:fixture_snag:43;a4:visible_collision:59;a5:visible_collision:58
6,11257,combined_abort_stress_6_11257_0,combined_abort_stress,constraint_classifier,0.55,0.25,1,0,0,0,1,0,1.94110,0.83905,0.43225,1.94110,0.03595,0.39403,0.24535,0.16345,0.15871,0.21252,0.27313,11,0,none,a0:none:82
6,11257,combined_abort_stress_6_11257_0,combined_abort_stress,risk_filter_uncertainty,0.55,0.25,1,0,0,0,1,0,1.99516,0.83905,0.42054,1.99516,0.02543,0.39278,0.24438,0.11544,0.07822,0.13874,0.13125,11,0,none,a0:none:82
6,11257,combined_abort_stress_6_11257_0,combined_abort_stress,robust_barrier_mpc,0.55,0.25,1,0,0,0,1,0,1.94466,0.83905,0.43146,1.94466,0.03806,0.39873,0.24901,0.14587,0.13118,0.16481,0.24938,11,0,none,a0:none:82
6,11257,combined_abort_stress_6_11257_0,combined_abort_stress,conformal_abort_risk_filter,0.55,0.25,1,0,0,0,1,0,1.97277,0.83905,0.42532,1.97277,0.03945,0.39316,0.24468,0.12229,0.08084,0.15605,0.14688,11,0,none,a0:none:82
6,11257,combined_abort_stress_6_11257_0,combined_abort_stress,kernel_trace_constraint_classifier,0.55,0.25,1,0,0,0,1,0,2.15786,0.83905,0.38883,2.15786,0.01293,0.32086,0.19108,0.20847,0.19844,0.15616,0.32188,11,0,none,a0:none:85
6,11257,combined_abort_stress_6_11257_0,combined_abort_stress,particle_constraint_belief,0.55,0.25,1,0,0,0,1,0,1.99837,0.83905,0.41987,1.99837,0.04148,0.40339,0.25265,0.13978,0.11534,0.16905,0.22312,11,0,none,a0:none:82
6,11257,combined_abort_stress_6_11257_0,combined_abort_stress,abort_constraint_discovery_v5,0.55,0.25,0,1,0,0,2,1,1.38104,0.83905,0.21264,1.72104,-0.00791,0.50273,0.33577,0.16907,0.21585,1.00000,0.31188,11,0,no_path,a0:human_stop:54;a1:no_path
6,11257,combined_abort_stress_6_11257_0,combined_abort_stress,oracle_constraints,0.55,0.25,1,0,0,0,1,0,1.90088,0.83905,0.44140,1.90088,0.02556,1.00000,1.00000,0.02156,0.07231,0.00984,0.14563,11,0,none,a0:none:82
7,11250,combined_abort_stress_7_11250_0,combined_abort_stress,constraint_classifier,0.55,0.25,0,1,1,1,6,0,5.96515,0.83672,0.04909,7.28515,-0.01882,0.45655,0.29580,0.14553,0.19012,0.31060,0.29812,11,0,collision_margin,a0:force_limit:35;a1:force_limit:35;a2:collision_margin:27;a3:collision_margin:32;a4:human_stop:79;a5:collision_margin:29
7,11250,combined_abort_stress_7_11250_0,combined_abort_stress,risk_filter_uncertainty,0.55,0.25,0,1,1,1,6,0,4.69046,0.83672,0.06244,6.01046,-0.02047,0.44598,0.28698,0.09958,0.08658,0.25391,0.14563,11,0,collision_margin,a0:collision_margin:32;a1:collision_margin:31;a2:collision_margin:31;a3:collision_margin:30;a4:collision_margin:29;a5:collision_margin:30
7,11250,combined_abort_stress_7_11250_0,combined_abort_stress,robust_barrier_mpc,0.55,0.25,1,0,0,0,1,0,3.10596,0.83672,0.26939,3.10596,0.01511,0.46043,0.29907,0.10899,0.10484,0.06074,0.22125,11,0,none,a0:none:120
7,11250,combined_abort_stress_7_11250_0,combined_abort_stress,conformal_abort_risk_filter,0.55,0.25,0,1,1,1,6,0,5.73334,0.83672,0.05108,7.05334,-0.03079,0.43902,0.28125,0.10182,0.10475,0.26351,0.18125,11,0,force_limit,a0:human_stop:77;a1:collision_margin:32;a2:fixture_snag:26;a3:collision_margin:31;a4:force_limit:33;a5:force_limit:33
7,11250,combined_abort_stress_7_11250_0,combined_abort_stress,kernel_trace_constraint_classifier,0.55,0.25,0,1,1,1,6,0,7.70569,0.83672,0.03800,9.02569,-0.01890,0.35322,0.21449,0.23145,0.26854,0.16838,0.40813,11,0,fixture_snag,a0:human_stop:79;a1:visible_collision:79;a2:visible_collision:24;a3:collision_margin:34;a4:fixture_snag:28;a5:fixture_snag:58
7,11250,combined_abort_stress_7_11250_0,combined_abort_stress,particle_constraint_belief,0.55,0.25,1,0,0,0,1,0,3.20205,0.83672,0.26131,3.20205,0.01508,0.45298,0.29280,0.11021,0.10827,0.06572,0.19937,11,0,none,a0:none:120
7,11250,combined_abort_stress_7_11250_0,combined_abort_stress,abort_constraint_discovery_v5,0.55,0.25,0,0,0,0,1,1,0.00000,0.83672,0.00000,0.12000,1.00000,0.49534,0.32920,0.17276,0.24404,1.00000,0.34313,11,0,no_path,a0:no_path
7,11250,combined_abort_stress_7_11250_0,combined_abort_stress,oracle_constraints,0.55,0.25,0,1,1,1,6,0,8.24432,0.83672,0.03552,9.56432,-0.00094,1.00000,1.00000,0.02081,0.06882,0.03794,0.12625,11,0,visible_collision,a0:visible_collision:63;a1:visible_collision:67;a2:fixture_snag:29;a3:visible_collision:58;a4:visible_collision:54;a5:visible_collision:63
7,11251,combined_abort_stress_7_11251_0,combined_abort_stress,constraint_classifier,0.55,0.25,1,0,0,0,1,0,1.94541,0.84363,0.43365,1.94541,0.03264,0.42788,0.27216,0.14552,0.16350,0.21644,0.25625,11,0,none,a0:none:84
7,11251,combined_abort_stress_7_11251_0,combined_abort_stress,risk_filter_uncertainty,0.55,0.25,1,0,0,0,1,0,1.83163,0.84363,0.46059,1.83163,0.03413,0.37264,0.22899,0.11085,0.08932,0.13946,0.13562,11,0,none,a0:none:81
7,11251,combined_abort_stress_7_11251_0,combined_abort_stress,robust_barrier_mpc,0.55,0.25,1,0,0,0,1,0,1.83711,0.84363,0.45922,1.83711,0.02266,0.40893,0.25702,0.13312,0.11943,0.15782,0.23438,11,0,none,a0:none:83
7,11251,combined_abort_stress_7_11251_0,combined_abort_stress,conformal_abort_risk_filter,0.55,0.25,1,0,0,0,1,0,2.08342,0.84363,0.40493,2.08342,0.04345,0.39907,0.24928,0.10787,0.08248,0.15372,0.14000,11,0,none,a0:none:84
7,11251,combined_abort_stress_7_11251_0,combined_abort_stress,kernel_trace_constraint_classifier,0.55,0.25,1,1,1,1,5,0,8.49055,0.84363,0.09936,9.61055,-0.02170,0.34420,0.20787,0.21870,0.22339,0.07763,0.35000,11,0,none,a0:visible_collision:55;a1:unstable_slip:23;a2:unstable_slip:51;a3:fixture_snag:46;a4:none:120
7,11251,combined_abort_stress_7_11251_0,combined_abort_stress,particle_constraint_belief,0.55,0.25,1,0,0,0,1,0,1.88469,0.84363,0.44762,1.88469,0.03692,0.42125,0.26682,0.12829,0.12361,0.17980,0.21188,11,0,none,a0:none:84
7,11251,combined_abort_stress_7_11251_0,combined_abort_stress,abort_constraint_discovery_v5,0.55,0.25,0,0,0,0,1,1,0.00000,0.84363,0.00000,0.12000,1.00000,0.42475,0.26964,0.15864,0.15174,1.00000,0.24438,11,0,no_path,a0:no_path
7,11251,combined_abort_stress_7_11251_0,combined_abort_stress,oracle_constraints,0.55,0.25,1,0,0,0,1,0,2.01565,0.84363,0.41854,2.01565,0.02215,1.00000,1.00000,0.02046,0.06841,0.00818,0.12937,11,0,none,a0:none:81
7,11252,combined_abort_stress_7_11252_0,combined_abort_stress,constraint_classifier,0.55,0.25,1,0,0,0,1,0,1.92320,0.84116,0.43737,1.92320,0.04002,0.38898,0.24145,0.14718,0.15569,0.16036,0.23438,11,0,none,a0:none:87
7,11252,combined_abort_stress_7_11252_0,combined_abort_stress,risk_filter_uncertainty,0.55,0.25,0,1,1,1,6,0,5.73910,0.84116,0.05130,7.05910,-0.02242,0.37161,0.22821,0.11759,0.10105,0.21502,0.17062,11,0,force_limit,a0:visible_collision:35;a1:force_limit:31;a2:force_limit:30;a3:collision_margin:35;a4:human_stop:45;a5:force_limit:36
7,11252,combined_abort_stress_7_11252_0,combined_abort_stress,robust_barrier_mpc,0.55,0.25,1,0,0,0,1,0,2.02701,0.84116,0.41498,2.02701,0.02365,0.38235,0.23636,0.13177,0.11011,0.16960,0.21125,11,0,none,a0:none:87
7,11252,combined_abort_stress_7_11252_0,combined_abort_stress,conformal_abort_risk_filter,0.55,0.25,1,0,0,0,1,0,2.14249,0.84116,0.39261,2.14249,0.03596,0.36451,0.22287,0.10980,0.07855,0.11958,0.13187,11,0,none,a0:none:87
7,11252,combined_abort_stress_7_11252_0,combined_abort_stress,kernel_trace_constraint_classifier,0.55,0.25,1,0,0,0,1,0,2.09785,0.84116,0.40096,2.09785,0.01415,0.29819,0.17522,0.19623,0.18872,0.11281,0.28625,11,0,none,a0:none:87
7,11252,combined_abort_stress_7_11252_0,combined_abort_stress,particle_constraint_belief,0.55,0.25,1,0,0,0,1,0,2.15572,0.84116,0.39020,2.15572,0.02997,0.37255,0.22892,0.12839,0.11169,0.14032,0.19000,11,0,none,a0:none:88
7,11252,combined_abort_stress_7_11252_0,combined_abort_stress,abort_constraint_discovery_v5,0.55,0.25,0,1,1,0,3,1,1.98734,0.84116,0.14814,2.54734,-0.01513,0.46918,0.30649,0.14175,0.13376,1.00000,0.23625,11,0,no_path,a0:human_stop:42;a1:human_stop:37;a2:no_path
7,11252,combined_abort_stress_7_11252_0,combined_abort_stress,oracle_constraints,0.55,0.25,1,0,0,0,1,0,2.28853,0.84116,0.36755,2.28853,0.02212,1.00000,1.00000,0.01986,0.06762,0.00825,0.12875,11,0,none,a0:none:87
7,11253,combined_abort_stress_7_11253_0,combined_abort_stress,constraint_classifier,0.55,0.25,1,0,0,0,1,0,2.25768,0.85503,0.37872,2.25768,0.00472,0.36651,0.22437,0.16039,0.16495,0.17320,0.27063,11,0,none,a0:none:93
7,11253,combined_abort_stress_7_11253_0,combined_abort_stress,risk_filter_uncertainty,0.55,0.25,1,0,0,0,1,0,2.06242,0.85503,0.41458,2.06242,0.01558,0.42227,0.26765,0.11436,0.10965,0.12300,0.14438,11,0,none,a0:none:90
7,11253,combined_abort_stress_7_11253_0,combined_abort_stress,robust_barrier_mpc,0.55,0.25,1,0,0,0,1,0,2.14306,0.85503,0.39898,2.14306,0.02436,0.38408,0.23769,0.14794,0.16824,0.11912,0.23625,11,0,none,a0:none:94
7,11253,combined_abort_stress_7_11253_0,combined_abort_stress,conformal_abort_risk_filter,0.55,0.25,1,0,0,0,1,0,2.11200,0.85503,0.40485,2.11200,0.02075,0.41648,0.26301,0.11807,0.09894,0.13014,0.14813,11,0,none,a0:none:93
7,11253,combined_abort_stress_7_11253_0,combined_abort_stress,kernel_trace_constraint_classifier,0.55,0.25,1,0,0,0,1,0,2.12384,0.85503,0.40259,2.12384,0.02556,0.31378,0.18609,0.20559,0.21766,0.12293,0.30125,11,0,none,a0:none:95
7,11253,combined_abort_stress_7_11253_0,combined_abort_stress,particle_constraint_belief,0.55,0.25,1,0,0,0,1,0,2.12227,0.85503,0.40289,2.12227,0.00115,0.38616,0.23928,0.14158,0.15210,0.13351,0.21813,11,0,none,a0:none:94
7,11253,combined_abort_stress_7_11253_0,combined_abort_stress,abort_constraint_discovery_v5,0.55,0.25,0,0,0,0,1,1,0.00000,0.85503,0.00000,0.12000,1.00000,0.41818,0.26437,0.15448,0.16267,1.00000,0.21875,11,0,no_path,a0:no_path
7,11253,combined_abort_stress_7_11253_0,combined_abort_stress,oracle_constraints,0.55,0.25,1,0,0,0,1,0,2.31626,0.85503,0.36914,2.31626,0.00558,1.00000,1.00000,0.01993,0.06649,0.01981,0.12500,11,0,none,a0:none:89
7,11254,combined_abort_stress_7_11254_0,combined_abort_stress,constraint_classifier,0.55,0.25,1,0,0,0,1,0,1.94002,0.84972,0.43800,1.94002,0.00996,0.43216,0.27564,0.12607,0.16228,0.12694,0.26438,11,0,none,a0:none:91
7,11254,combined_abort_stress_7_11254_0,combined_abort_stress,risk_filter_uncertainty,0.55,0.25,0,1,1,1,6,0,6.22194,0.84972,0.04780,7.54194,-0.01927,0.52451,0.35548,0.08246,0.09834,0.24501,0.14625,11,0,fixture_snag,a0:fixture_snag:41;a1:human_stop:42;a2:fixture_snag:41;a3:fixture_snag:41;a4:fixture_snag:39;a5:fixture_snag:39
7,11254,combined_abort_stress_7_11254_0,combined_abort_stress,robust_barrier_mpc,0.55,0.25,1,0,0,0,1,0,2.20760,0.84972,0.38491,2.20760,0.02420,0.50101,0.33423,0.09329,0.10481,0.12712,0.20062,11,0,none,a0:none:91
7,11254,combined_abort_stress_7_11254_0,combined_abort_stress,conformal_abort_risk_filter,0.55,0.25,0,1,1,1,6,0,6.11892,0.84972,0.04860,7.43892,-0.02899,0.44444,0.28571,0.09488,0.10485,0.21471,0.18375,11,0,human_stop,a0:fixture_snag:46;a1:human_stop:43;a2:human_stop:40;a3:fixture_snag:41;a4:fixture_snag:42;a5:human_stop:44
7,11254,combined_abort_stress_7_11254_0,combined_abort_stress,kernel_trace_constraint_classifier,0.55,0.25,1,0,0,0,1,0,2.13293,0.84972,0.39838,2.13293,0.01860,0.39355,0.24498,0.17525,0.19127,0.08577,0.27875,11,0,none,a0:none:90
7,11254,combined_abort_stress_7_11254_0,combined_abort_stress,particle_constraint_belief,0.55,0.25,1,0,0,0,1,0,2.49909,0.84972,0.34001,2.49909,0.01746,0.47106,0.30809,0.10048,0.12080,0.09570,0.20438,11,0,none,a0:none:92
7,11254,combined_abort_stress_7_11254_0,combined_abort_stress,abort_constraint_discovery_v5,0.55,0.25,0,0,0,0,1,1,0.00000,0.84972,0.00000,0.12000,1.00000,0.51142,0.34356,0.16293,0.25139,1.00000,0.30188,11,0,no_path,a0:no_path
7,11254,combined_abort_stress_7_11254_0,combined_abort_stress,oracle_constraints,0.55,0.25,1,0,0,0,1,0,2.05706,0.84972,0.41308,2.05706,0.01529,1.00000,1.00000,0.01686,0.05670,0.01980,0.10875,11,0,none,a0:none:89
7,11255,combined_abort_stress_7_11255_0,combined_abort_stress,constraint_classifier,0.55,0.25,0,1,1,1,6,0,5.13058,0.84596,0.05771,6.45058,-0.01629,0.44376,0.28515,0.14593,0.16479,0.34320,0.26438,11,0,fixture_snag,a0:collision_margin:41;a1:force_limit:38;a2:force_limit:35;a3:force_limit:33;a4:fixture_snag:28;a5:fixture_snag:30
7,11255,combined_abort_stress_7_11255_0,combined_abort_stress,risk_filter_uncertainty,0.55,0.25,0,1,1,1,6,0,5.65912,0.84596,0.05232,6.97912,-0.02864,0.48361,0.31892,0.10721,0.09528,0.24606,0.16375,11,0,fixture_snag,a0:collision_margin:40;a1:fixture_snag:36;a2:force_limit:35;a3:fixture_snag:34;a4:collision_margin:43;a5:fixture_snag:29
7,11255,combined_abort_stress_7_11255_0,combined_abort_stress,robust_barrier_mpc,0.55,0.25,1,1,1,1,3,0,4.64082,0.84596,0.18229,5.20082,-0.00774,0.38110,0.23541,0.14254,0.12634,0.13768,0.25562,11,0,none,a0:collision_margin:40;a1:fixture_snag:40;a2:none:119
7,11255,combined_abort_stress_7_11255_0,combined_abort_stress,conformal_abort_risk_filter,0.55,0.25,0,1,1,1,6,0,5.30663,0.84596,0.05580,6.62663,-0.01028,0.44690,0.28775,0.11293,0.08576,0.23397,0.14125,11,0,fixture_snag,a0:collision_margin:41;a1:force_limit:38;a2:force_limit:34;a3:fixture_snag:32;a4:force_limit:32;a5:fixture_snag:29
7,11255,combined_abort_stress_7_11255_0,combined_abort_stress,kernel_trace_constraint_classifier,0.55,0.25,1,1,1,1,3,0,4.90326,0.84596,0.17253,5.46326,-0.00675,0.35933,0.21902,0.19318,0.18346,0.12118,0.30750,11,0,none,a0:collision_margin:40;a1:collision_margin:36;a2:none:120
7,11255,combined_abort_stress_7_11255_0,combined_abort_stress,particle_constraint_belief,0.55,0.25,1,1,1,1,4,0,5.65345,0.84596,0.14964,6.49345,-0.02888,0.41379,0.26087,0.13372,0.12456,0.16118,0.22125,11,0,none,a0:collision_margin:39;a1:fixture_snag:42;a2:force_limit:34;a3:none:119
7,11255,combined_abort_stress_7_11255_0,combined_abort_stress,abort_constraint_discovery_v5,0.55,0.25,0,1,1,1,6,0,7.75171,0.84596,0.03820,9.07171,-0.00139,0.40527,0.25413,0.16507,0.14705,0.11475,0.23813,11,0,visible_collision,a0:visible_collision:52;a1:visible_collision:40;a2:visible_collision:49;a3:visible_collision:65;a4:visible_collision:54;a5:visible_collision:59
7,11255,combined_abort_stress_7_11255_0,combined_abort_stress,oracle_constraints,0.55,0.25,0,1,1,1,6,0,4.47211,0.84596,0.06621,5.79211,0.03382,1.00000,1.00000,0.02021,0.06744,0.01702,0.14125,11,0,visible_collision,a0:visible_collision:29;a1:visible_collision:43;a2:visible_collision:26;a3:visible_collision:24;a4:visible_collision:29;a5:visible_collision:27
7,11256,combined_abort_stress_7_11256_0,combined_abort_stress,constraint_classifier,0.55,0.25,0,1,1,1,6,0,7.24523,0.85799,0.04145,8.56523,-0.02188,0.38245,0.23643,0.15537,0.15282,0.31167,0.26188,11,0,fixture_snag,a0:fixture_snag:51;a1:fixture_snag:43;a2:fixture_snag:46;a3:fixture_snag:45;a4:fixture_snag:44;a5:fixture_snag:44
7,11256,combined_abort_stress_7_11256_0,combined_abort_stress,risk_filter_uncertainty,0.55,0.25,0,1,1,1,6,0,7.36461,0.85799,0.04078,8.68461,-0.01565,0.42797,0.27224,0.11278,0.08557,0.21256,0.15812,11,0,fixture_snag,a0:force_limit:43;a1:fixture_snag:46;a2:fixture_snag:41;a3:fixture_snag:66;a4:fixture_snag:43;a5:fixture_snag:48
7,11256,combined_abort_stress_7_11256_0,combined_abort_stress,robust_barrier_mpc,0.55,0.25,1,1,1,1,4,0,7.60062,0.85799,0.11288,8.44062,-0.01412,0.38667,0.23967,0.14006,0.13662,0.11636,0.23813,11,0,none,a0:fixture_snag:74;a1:fixture_snag:60;a2:fixture_snag:56;a3:none:120
7,11256,combined_abort_stress_7_11256_0,combined_abort_stress,conformal_abort_risk_filter,0.55,0.25,1,1,1,1,3,0,5.06808,0.85799,0.16929,5.62808,-0.03035,0.41509,0.26190,0.11351,0.08062,0.09915,0.16125,11,0,none,a0:fixture_snag:50;a1:fixture_snag:43;a2:none:119
7,11256,combined_abort_stress_7_11256_0,combined_abort_stress,kernel_trace_constraint_classifier,0.55,0.25,1,0,0,0,1,0,2.67660,0.85799,0.32055,2.67660,0.02646,0.34732,0.21016,0.20800,0.19551,0.08704,0.29500,11,0,none,a0:none:120
7,11256,combined_abort_stress_7_11256_0,combined_abort_stress,particle_constraint_belief,0.55,0.25,1,0,0,0,1,0,3.38124,0.85799,0.25375,3.38124,0.01353,0.39502,0.24612,0.13249,0.11617,0.09826,0.21438,11,0,none,a0:none:120
7,11256,combined_abort_stress_7_11256_0,combined_abort_stress,abort_constraint_discovery_v5,0.55,0.25,0,0,0,0,1,1,0.00000,0.85799,0.00000,0.12000,1.00000,0.48106,0.31671,0.13279,0.11589,1.00000,0.19312,11,0,no_path,a0:no_path
7,11256,combined_abort_stress_7_11256_0,combined_abort_stress,oracle_constraints,0.55,0.25,1,1,1,1,3,0,7.17769,0.85799,0.11954,7.73769,-0.00844,1.00000,1.00000,0.02044,0.06858,0.02273,0.13687,11,0,none,a0:fixture_snag:66;a1:human_stop:113;a2:none:115
7,11257,combined_abort_stress_7_11257_0,combined_abort_stress,constraint_classifier,0.55,0.25,0,1,1,1,6,0,2.88050,0.83405,0.10134,4.20050,-0.00148,0.46204,0.30042,0.14486,0.14391,0.34807,0.24063,11,0,visible_collision,a0:visible_collision:16;a1:collision_margin:31;a2:visible_collision:17;a3:visible_collision:15;a4:visible_collision:21;a5:visible_collision:17
7,11257,combined_abort_stress_7_11257_0,combined_abort_stress,risk_filter_uncertainty,0.55,0.25,1,0,0,0,1,0,2.18394,0.83405,0.38190,2.18394,0.01900,0.42060,0.26630,0.11673,0.07497,0.15472,0.14500,11,0,none,a0:none:90
7,11257,combined_abort_stress_7_11257_0,combined_abort_stress,robust_barrier_mpc,0.55,0.25,1,0,0,0,1,0,2.19361,0.83405,0.38022,2.19361,0.04021,0.42282,0.26809,0.13939,0.13786,0.16948,0.22625,11,0,none,a0:none:93
7,11257,combined_abort_stress_7_11257_0,combined_abort_stress,conformal_abort_risk_filter,0.55,0.25,1,1,0,1,2,0,2.88211,0.83405,0.28939,3.16211,0.03090,0.44494,0.28613,0.11469,0.06451,0.18805,0.13187,11,0,none,a0:visible_collision:18;a1:none:92
7,11257,combined_abort_stress_7_11257_0,combined_abort_stress,kernel_trace_constraint_classifier,0.55,0.25,1,0,0,0,1,0,2.61404,0.83405,0.31907,2.61404,0.03229,0.36492,0.22318,0.19251,0.18830,0.19503,0.29563,11,0,none,a0:none:103
7,11257,combined_abort_stress_7_11257_0,combined_abort_stress,particle_constraint_belief,0.55,0.25,1,0,0,0,1,0,2.29451,0.83405,0.36350,2.29451,0.03317,0.43400,0.27714,0.13397,0.12236,0.19221,0.19937,11,0,none,a0:none:93
7,11257,combined_abort_stress_7_11257_0,combined_abort_stress,abort_constraint_discovery_v5,0.55,0.25,0,1,0,0,2,1,0.93972,0.83405,0.31064,1.27972,-0.00351,0.44628,0.28723,0.18747,0.24266,1.00000,0.30750,11,0,no_path,a0:collision_margin:37;a1:no_path
7,11257,combined_abort_stress_7_11257_0,combined_abort_stress,oracle_constraints,0.55,0.25,1,0,0,0,1,0,2.05057,0.83405,0.40674,2.05057,0.01872,1.00000,1.00000,0.02414,0.08063,0.00820,0.14625,11,0,none,a0:none:88
