seed,scenario,layout_id,split,method,stress_level,success,aborted,repeated_abort,violation,attempts,abstained,path_length,straight_line,path_efficiency,completion_time,safety_margin,boundary_f1,boundary_iou,calibration_brier,calibration_ece,chosen_path_risk,discovered_area,evidence_aborts,evidence_successes,final_abort_reason,trajectory
0,0,nominal_known_constraints_0_0_0,nominal_known_constraints,ignore_aborted_actions,0.00,1,0,0,0,1,0,0.99388,0.85721,0.86249,0.99388,1.00000,1.00000,1.00000,0.00000,0.00000,0.00000,0.00000,1,4,none,a0:none:70
0,0,nominal_known_constraints_0_0_0,nominal_known_constraints,negative_label_baseline,0.00,1,0,0,0,1,0,0.99974,0.85721,0.85744,0.99974,1.00000,0.00000,0.00000,0.00212,0.00653,0.00000,0.00277,1,4,none,a0:none:70
0,0,nominal_known_constraints_0_0_0,nominal_known_constraints,costmap_from_collisions,0.00,1,0,0,0,1,0,1.01046,0.85721,0.84834,1.01046,1.00000,0.00000,0.00000,0.01035,0.02512,0.00000,0.01454,1,4,none,a0:none:70
0,0,nominal_known_constraints_0_0_0,nominal_known_constraints,risk_filter_uncertainty,0.00,1,0,0,0,1,0,0.95809,0.85721,0.89471,0.95809,1.00000,0.00000,0.00000,0.02542,0.12534,0.08688,0.02078,1,4,none,a0:none:70
0,0,nominal_known_constraints_0_0_0,nominal_known_constraints,constraint_classifier,0.00,1,0,0,0,1,0,0.98667,0.85721,0.86880,0.98667,1.00000,0.00000,0.00000,0.02934,0.08067,0.00000,0.03947,1,4,none,a0:none:70
0,0,nominal_known_constraints_0_0_0,nominal_known_constraints,abort_constraint_discovery,0.00,1,0,0,0,1,0,0.99942,0.85721,0.85772,0.99942,1.00000,0.00000,0.00000,0.00084,0.00246,0.00000,0.00139,1,4,none,a0:none:70
0,0,nominal_known_constraints_0_0_0,nominal_known_constraints,oracle_constraints,0.00,1,0,0,0,1,0,0.96777,0.85721,0.88577,0.96777,1.00000,1.00000,1.00000,0.00000,0.00000,0.00000,0.00000,1,4,none,a0:none:70
0,1,nominal_known_constraints_0_1_0,nominal_known_constraints,ignore_aborted_actions,0.00,1,0,0,0,1,0,0.98546,0.84250,0.85493,0.98546,1.00000,1.00000,1.00000,0.00000,0.00000,0.00000,0.00000,0,5,none,a0:none:68
0,1,nominal_known_constraints_0_1_0,nominal_known_constraints,negative_label_baseline,0.00,1,0,0,0,1,0,0.99554,0.84250,0.84628,0.99554,1.00000,1.00000,1.00000,0.00000,0.00000,0.00000,0.00000,0,5,none,a0:none:68
0,1,nominal_known_constraints_0_1_0,nominal_known_constraints,costmap_from_collisions,0.00,1,0,0,0,1,0,0.93316,0.84250,0.90285,0.93316,1.00000,1.00000,1.00000,0.00000,0.00000,0.00000,0.00000,0,5,none,a0:none:68
0,1,nominal_known_constraints_0_1_0,nominal_known_constraints,risk_filter_uncertainty,0.00,1,0,0,0,1,0,0.93779,0.84250,0.89839,0.93779,1.00000,1.00000,1.00000,0.01342,0.10608,0.09364,0.00000,0,5,none,a0:none:68
0,1,nominal_known_constraints_0_1_0,nominal_known_constraints,constraint_classifier,0.00,1,0,0,0,1,0,0.96766,0.84250,0.87066,0.96766,1.00000,1.00000,1.00000,0.00121,0.01926,0.00000,0.00000,0,5,none,a0:none:68
0,1,nominal_known_constraints_0_1_0,nominal_known_constraints,abort_constraint_discovery,0.00,1,0,0,0,1,0,0.97371,0.84250,0.86525,0.97371,1.00000,1.00000,1.00000,0.00000,0.00000,0.00000,0.00000,0,5,none,a0:none:68
0,1,nominal_known_constraints_0_1_0,nominal_known_constraints,oracle_constraints,0.00,1,0,0,0,1,0,0.95578,0.84250,0.88148,0.95578,1.00000,1.00000,1.00000,0.00000,0.00000,0.00000,0.00000,0,5,none,a0:none:68
0,2,nominal_known_constraints_0_2_0,nominal_known_constraints,ignore_aborted_actions,0.00,1,0,0,0,1,0,0.96110,0.84032,0.87433,0.96110,1.00000,1.00000,1.00000,0.00000,0.00000,0.00000,0.00000,1,4,none,a0:none:68
0,2,nominal_known_constraints_0_2_0,nominal_known_constraints,negative_label_baseline,0.00,1,0,0,0,1,0,1.01306,0.84032,0.82949,1.01306,1.00000,0.00000,0.00000,0.00212,0.00653,0.00000,0.00277,1,4,none,a0:none:68
0,2,nominal_known_constraints_0_2_0,nominal_known_constraints,costmap_from_collisions,0.00,1,0,0,0,1,0,0.96508,0.84032,0.87072,0.96508,1.00000,0.00000,0.00000,0.01035,0.02525,0.00000,0.01524,1,4,none,a0:none:68
0,2,nominal_known_constraints_0_2_0,nominal_known_constraints,risk_filter_uncertainty,0.00,1,0,0,0,1,0,0.96889,0.84032,0.86731,0.96889,1.00000,0.00000,0.00000,0.02470,0.12309,0.10638,0.02078,1,4,none,a0:none:68
0,2,nominal_known_constraints_0_2_0,nominal_known_constraints,constraint_classifier,0.00,1,0,0,0,1,0,0.95202,0.84032,0.88267,0.95202,1.00000,0.00000,0.00000,0.02206,0.07366,0.00000,0.02770,1,4,none,a0:none:68
0,2,nominal_known_constraints_0_2_0,nominal_known_constraints,abort_constraint_discovery,0.00,1,0,0,0,1,0,0.96741,0.84032,0.86863,0.96741,1.00000,0.00000,0.00000,0.00084,0.00246,0.00000,0.00069,1,4,none,a0:none:68
0,2,nominal_known_constraints_0_2_0,nominal_known_constraints,oracle_constraints,0.00,1,0,0,0,1,0,0.94973,0.84032,0.88480,0.94973,1.00000,1.00000,1.00000,0.00000,0.00000,0.00000,0.00000,1,4,none,a0:none:68
0,3,nominal_known_constraints_0_3_0,nominal_known_constraints,ignore_aborted_actions,0.00,1,0,0,0,1,0,0.96031,0.84713,0.88214,0.96031,1.00000,1.00000,1.00000,0.00000,0.00000,0.00000,0.00000,1,4,none,a0:none:69
0,3,nominal_known_constraints_0_3_0,nominal_known_constraints,negative_label_baseline,0.00,1,1,0,1,2,0,1.79281,0.84713,0.47252,2.07281,1.00000,0.00000,0.00000,0.00411,0.01185,0.02993,0.00485,1,4,none,a0:visible_collision:53;a1:none:73
0,3,nominal_known_constraints_0_3_0,nominal_known_constraints,costmap_from_collisions,0.00,1,0,0,0,1,0,1.00800,0.84713,0.84041,1.00800,1.00000,0.00000,0.00000,0.01035,0.02524,0.01600,0.01524,1,4,none,a0:none:73
0,3,nominal_known_constraints_0_3_0,nominal_known_constraints,risk_filter_uncertainty,0.00,1,0,0,0,1,0,1.03822,0.84713,0.81595,1.03822,1.00000,0.00000,0.00000,0.02507,0.12447,0.10874,0.02008,1,4,none,a0:none:73
0,3,nominal_known_constraints_0_3_0,nominal_known_constraints,constraint_classifier,0.00,1,0,0,0,1,0,0.98206,0.84713,0.86261,0.98206,1.00000,0.00000,0.00000,0.01598,0.06878,0.03787,0.01177,1,4,none,a0:none:71
0,3,nominal_known_constraints_0_3_0,nominal_known_constraints,abort_constraint_discovery,0.00,1,1,0,1,2,0,1.74406,0.84713,0.48573,2.02406,1.00000,0.00000,0.00000,0.00167,0.00486,0.00289,0.00208,1,4,none,a0:visible_collision:52;a1:none:73
0,3,nominal_known_constraints_0_3_0,nominal_known_constraints,oracle_constraints,0.00,1,0,0,0,1,0,0.99352,0.84713,0.85266,0.99352,1.00000,1.00000,1.00000,0.00000,0.00000,0.00000,0.00000,1,4,none,a0:none:69
0,4,nominal_known_constraints_0_4_0,nominal_known_constraints,ignore_aborted_actions,0.00,1,0,0,0,1,0,0.94378,0.84525,0.89560,0.94378,1.00000,1.00000,1.00000,0.00000,0.00000,0.00000,0.00000,0,5,none,a0:none:67
0,4,nominal_known_constraints_0_4_0,nominal_known_constraints,negative_label_baseline,0.00,1,0,0,0,1,0,0.92984,0.84525,0.90902,0.92984,1.00000,1.00000,1.00000,0.00000,0.00000,0.00000,0.00000,0,5,none,a0:none:67
0,4,nominal_known_constraints_0_4_0,nominal_known_constraints,costmap_from_collisions,0.00,1,0,0,0,1,0,0.94368,0.84525,0.89570,0.94368,1.00000,1.00000,1.00000,0.00000,0.00000,0.00000,0.00000,0,5,none,a0:none:67
0,4,nominal_known_constraints_0_4_0,nominal_known_constraints,risk_filter_uncertainty,0.00,1,0,0,0,1,0,0.95943,0.84525,0.88099,0.95943,1.00000,1.00000,1.00000,0.01347,0.10663,0.09136,0.00000,0,5,none,a0:none:67
0,4,nominal_known_constraints_0_4_0,nominal_known_constraints,constraint_classifier,0.00,1,0,0,0,1,0,0.94506,0.84525,0.89438,0.94506,1.00000,1.00000,1.00000,0.00138,0.02204,0.00000,0.00000,0,5,none,a0:none:67
0,4,nominal_known_constraints_0_4_0,nominal_known_constraints,abort_constraint_discovery,0.00,1,0,0,0,1,0,0.95292,0.84525,0.88701,0.95292,1.00000,1.00000,1.00000,0.00000,0.00000,0.00000,0.00000,0,5,none,a0:none:67
0,4,nominal_known_constraints_0_4_0,nominal_known_constraints,oracle_constraints,0.00,1,0,0,0,1,0,0.98901,0.84525,0.85464,0.98901,1.00000,1.00000,1.00000,0.00000,0.00000,0.00000,0.00000,0,5,none,a0:none:67
0,5,nominal_known_constraints_0_5_0,nominal_known_constraints,ignore_aborted_actions,0.00,1,0,0,0,1,0,1.02365,0.85428,0.83454,1.02365,1.00000,1.00000,1.00000,0.00000,0.00000,0.00000,0.00000,0,5,none,a0:none:71
0,5,nominal_known_constraints_0_5_0,nominal_known_constraints,negative_label_baseline,0.00,1,0,0,0,1,0,0.98303,0.85428,0.86903,0.98303,1.00000,1.00000,1.00000,0.00000,0.00000,0.00000,0.00000,0,5,none,a0:none:71
0,5,nominal_known_constraints_0_5_0,nominal_known_constraints,costmap_from_collisions,0.00,1,0,0,0,1,0,1.00047,0.85428,0.85388,1.00047,1.00000,1.00000,1.00000,0.00000,0.00000,0.00000,0.00000,0,5,none,a0:none:71
0,5,nominal_known_constraints_0_5_0,nominal_known_constraints,risk_filter_uncertainty,0.00,1,0,0,0,1,0,0.99778,0.85428,0.85619,0.99778,1.00000,1.00000,1.00000,0.01342,0.10633,0.09872,0.00000,0,5,none,a0:none:71
0,5,nominal_known_constraints_0_5_0,nominal_known_constraints,constraint_classifier,0.00,1,0,0,0,1,0,1.00250,0.85428,0.85215,1.00250,1.00000,1.00000,1.00000,0.00130,0.02099,0.00000,0.00000,0,5,none,a0:none:71
0,5,nominal_known_constraints_0_5_0,nominal_known_constraints,abort_constraint_discovery,0.00,1,0,0,0,1,0,0.98667,0.85428,0.86582,0.98667,1.00000,1.00000,1.00000,0.00000,0.00000,0.00000,0.00000,0,5,none,a0:none:71
0,5,nominal_known_constraints_0_5_0,nominal_known_constraints,oracle_constraints,0.00,1,0,0,0,1,0,0.99819,0.85428,0.85583,0.99819,1.00000,1.00000,1.00000,0.00000,0.00000,0.00000,0.00000,0,5,none,a0:none:71
0,6,nominal_known_constraints_0_6_0,nominal_known_constraints,ignore_aborted_actions,0.00,1,0,0,0,1,0,0.94467,0.83364,0.88247,0.94467,1.00000,1.00000,1.00000,0.00000,0.00000,0.00000,0.00000,1,4,none,a0:none:66
0,6,nominal_known_constraints_0_6_0,nominal_known_constraints,negative_label_baseline,0.00,1,0,0,0,1,0,0.92362,0.83364,0.90258,0.92362,1.00000,0.00000,0.00000,0.00212,0.00653,0.02327,0.00277,1,4,none,a0:none:66
0,6,nominal_known_constraints_0_6_0,nominal_known_constraints,costmap_from_collisions,0.00,1,0,0,0,1,0,1.02347,0.83364,0.81453,1.02347,1.00000,0.00000,0.00000,0.01035,0.02524,0.03117,0.01593,1,4,none,a0:none:74
0,6,nominal_known_constraints_0_6_0,nominal_known_constraints,risk_filter_uncertainty,0.00,1,0,0,0,1,0,1.12766,0.83364,0.73927,1.12766,1.00000,0.00000,0.00000,0.02537,0.12540,0.11655,0.02008,1,4,none,a0:none:78
0,6,nominal_known_constraints_0_6_0,nominal_known_constraints,constraint_classifier,0.00,1,0,0,0,1,0,1.04105,0.83364,0.80077,1.04105,1.00000,0.00000,0.00000,0.02341,0.07346,0.08281,0.02632,1,4,none,a0:none:74
0,6,nominal_known_constraints_0_6_0,nominal_known_constraints,abort_constraint_discovery,0.00,1,0,0,0,1,0,0.93979,0.83364,0.88705,0.93979,1.00000,0.00000,0.00000,0.00084,0.00246,0.00168,0.00139,1,4,none,a0:none:66
0,6,nominal_known_constraints_0_6_0,nominal_known_constraints,oracle_constraints,0.00,1,0,0,0,1,0,0.94462,0.83364,0.88252,0.94462,1.00000,1.00000,1.00000,0.00000,0.00000,0.00000,0.00000,1,4,none,a0:none:66
0,7,nominal_known_constraints_0_7_0,nominal_known_constraints,ignore_aborted_actions,0.00,1,0,0,0,1,0,0.96459,0.85062,0.88185,0.96459,1.00000,1.00000,1.00000,0.00000,0.00000,0.00000,0.00000,0,5,none,a0:none:69
0,7,nominal_known_constraints_0_7_0,nominal_known_constraints,negative_label_baseline,0.00,1,0,0,0,1,0,0.96395,0.85062,0.88243,0.96395,1.00000,1.00000,1.00000,0.00000,0.00000,0.00000,0.00000,0,5,none,a0:none:69
0,7,nominal_known_constraints_0_7_0,nominal_known_constraints,costmap_from_collisions,0.00,1,0,0,0,1,0,0.94022,0.85062,0.90470,0.94022,1.00000,1.00000,1.00000,0.00000,0.00000,0.00000,0.00000,0,5,none,a0:none:69
0,7,nominal_known_constraints_0_7_0,nominal_known_constraints,risk_filter_uncertainty,0.00,1,0,0,0,1,0,0.95585,0.85062,0.88991,0.95585,1.00000,1.00000,1.00000,0.01358,0.10683,0.10236,0.00000,0,5,none,a0:none:69
0,7,nominal_known_constraints_0_7_0,nominal_known_constraints,constraint_classifier,0.00,1,0,0,0,1,0,0.97657,0.85062,0.87103,0.97657,1.00000,1.00000,1.00000,0.00208,0.03078,0.00000,0.00000,0,5,none,a0:none:69
0,7,nominal_known_constraints_0_7_0,nominal_known_constraints,abort_constraint_discovery,0.00,1,0,0,0,1,0,0.96506,0.85062,0.88142,0.96506,1.00000,1.00000,1.00000,0.00000,0.00000,0.00000,0.00000,0,5,none,a0:none:69
0,7,nominal_known_constraints_0_7_0,nominal_known_constraints,oracle_constraints,0.00,1,0,0,0,1,0,0.97610,0.85062,0.87145,0.97610,1.00000,1.00000,1.00000,0.00000,0.00000,0.00000,0.00000,0,5,none,a0:none:69
0,8,nominal_known_constraints_0_8_0,nominal_known_constraints,ignore_aborted_actions,0.00,1,0,0,0,1,0,0.99916,0.85221,0.85292,0.99916,1.00000,1.00000,1.00000,0.00000,0.00000,0.00000,0.00000,0,5,none,a0:none:71
0,8,nominal_known_constraints_0_8_0,nominal_known_constraints,negative_label_baseline,0.00,1,0,0,0,1,0,1.02885,0.85221,0.82831,1.02885,1.00000,1.00000,1.00000,0.00000,0.00000,0.00000,0.00000,0,5,none,a0:none:71
0,8,nominal_known_constraints_0_8_0,nominal_known_constraints,costmap_from_collisions,0.00,1,0,0,0,1,0,0.97846,0.85221,0.87097,0.97846,1.00000,1.00000,1.00000,0.00000,0.00000,0.00000,0.00000,0,5,none,a0:none:71
0,8,nominal_known_constraints_0_8_0,nominal_known_constraints,risk_filter_uncertainty,0.00,1,0,0,0,1,0,1.00478,0.85221,0.84815,1.00478,1.00000,1.00000,1.00000,0.01366,0.10679,0.08674,0.00000,0,5,none,a0:none:71
0,8,nominal_known_constraints_0_8_0,nominal_known_constraints,constraint_classifier,0.00,1,0,0,0,1,0,1.02165,0.85221,0.83415,1.02165,1.00000,1.00000,1.00000,0.00140,0.02294,0.00000,0.00000,0,5,none,a0:none:71
0,8,nominal_known_constraints_0_8_0,nominal_known_constraints,abort_constraint_discovery,0.00,1,0,0,0,1,0,0.99282,0.85221,0.85837,0.99282,1.00000,1.00000,1.00000,0.00000,0.00000,0.00000,0.00000,0,5,none,a0:none:71
0,8,nominal_known_constraints_0_8_0,nominal_known_constraints,oracle_constraints,0.00,1,0,0,0,1,0,0.96107,0.85221,0.88672,0.96107,1.00000,1.00000,1.00000,0.00000,0.00000,0.00000,0.00000,0,5,none,a0:none:71
0,1000,hidden_wall_abort_0_1000_0,hidden_wall_abort,ignore_aborted_actions,0.00,0,1,1,1,5,0,2.56177,0.83367,0.11390,3.66177,-0.01161,0.00000,0.00000,0.04017,0.04017,0.00000,0.00000,7,1,fixture_snag,a0:fixture_snag:32;a1:fixture_snag:33;a2:fixture_snag:32;a3:fixture_snag:33;a4:fixture_snag:33
0,1000,hidden_wall_abort_0_1000_0,hidden_wall_abort,negative_label_baseline,0.00,0,1,1,1,5,0,2.77223,0.83367,0.10525,3.87223,-0.02103,0.50000,0.33333,0.02499,0.01287,0.07893,0.02632,7,1,fixture_snag,a0:fixture_snag:36;a1:fixture_snag:36;a2:fixture_snag:34;a3:fixture_snag:34;a4:fixture_snag:32
0,1000,hidden_wall_abort_0_1000_0,hidden_wall_abort,costmap_from_collisions,0.00,1,0,0,0,1,0,1.19773,0.83367,0.69605,1.19773,0.02728,0.45596,0.29530,0.04981,0.08013,0.01352,0.09349,7,1,none,a0:none:76
0,1000,hidden_wall_abort_0_1000_0,hidden_wall_abort,risk_filter_uncertainty,0.00,1,0,0,0,1,0,1.09793,0.83367,0.75931,1.09793,0.02760,0.40870,0.25683,0.06789,0.16056,0.11458,0.11911,7,1,none,a0:none:76
0,1000,hidden_wall_abort_0_1000_0,hidden_wall_abort,constraint_classifier,0.00,1,0,0,0,1,0,1.11850,0.83367,0.74535,1.11850,0.02892,0.29282,0.17152,0.11204,0.21392,0.14172,0.21053,7,1,none,a0:none:76
0,1000,hidden_wall_abort_0_1000_0,hidden_wall_abort,abort_constraint_discovery,0.00,1,0,0,0,1,0,1.20986,0.83367,0.68906,1.20986,0.02816,0.30556,0.18033,0.09774,0.12947,0.09625,0.15928,7,1,none,a0:none:76
0,1000,hidden_wall_abort_0_1000_0,hidden_wall_abort,oracle_constraints,0.00,1,0,0,0,1,0,1.17538,0.83367,0.70928,1.17538,0.01867,1.00000,1.00000,0.01125,0.03834,0.01847,0.04017,7,1,none,a0:none:76
0,1001,hidden_wall_abort_0_1001_0,hidden_wall_abort,ignore_aborted_actions,0.00,0,1,1,1,5,0,2.86499,0.84625,0.10338,3.96499,-0.01582,0.00000,0.00000,0.04086,0.04086,0.00000,0.00000,6,2,fixture_snag,a0:fixture_snag:37;a1:fixture_snag:37;a2:fixture_snag:37;a3:fixture_snag:37;a4:fixture_snag:37
0,1001,hidden_wall_abort_0_1001_0,hidden_wall_abort,negative_label_baseline,0.00,0,1,1,1,5,0,2.98275,0.84625,0.09930,4.08275,-0.01113,0.44444,0.28571,0.02673,0.01318,0.07845,0.02147,6,2,fixture_snag,a0:fixture_snag:39;a1:fixture_snag:41;a2:fixture_snag:39;a3:fixture_snag:37;a4:fixture_snag:37
0,1001,hidden_wall_abort_0_1001_0,hidden_wall_abort,costmap_from_collisions,0.00,1,1,0,0,2,0,1.84313,0.84625,0.45913,2.12313,-0.00266,0.51462,0.34646,0.03905,0.05754,0.03325,0.07756,6,2,none,a0:fixture_snag:42;a1:none:77
0,1001,hidden_wall_abort_0_1001_0,hidden_wall_abort,risk_filter_uncertainty,0.00,1,0,0,0,1,0,1.16012,0.84625,0.72945,1.16012,0.01813,0.45783,0.29688,0.05293,0.13218,0.12137,0.07410,6,2,none,a0:none:77
0,1001,hidden_wall_abort_0_1001_0,hidden_wall_abort,constraint_classifier,0.00,1,1,0,1,2,0,1.85804,0.84625,0.45545,2.13804,-0.00692,0.34756,0.21033,0.09321,0.17492,0.21971,0.18629,6,2,none,a0:fixture_snag:42;a1:none:77
0,1001,hidden_wall_abort_0_1001_0,hidden_wall_abort,abort_constraint_discovery,0.00,0,1,1,1,5,0,3.71557,0.84625,0.07971,4.81557,-0.01342,0.40972,0.25764,0.08291,0.11724,0.14782,0.15859,6,2,fixture_snag,a0:fixture_snag:41;a1:fixture_snag:48;a2:fixture_snag:50;a3:fixture_snag:50;a4:fixture_snag:49
0,1001,hidden_wall_abort_0_1001_0,hidden_wall_abort,oracle_constraints,0.00,1,0,0,0,1,0,1.13460,0.84625,0.74586,1.13460,0.02401,1.00000,1.00000,0.01166,0.03916,0.01791,0.04086,6,2,none,a0:none:77
0,1002,hidden_wall_abort_0_1002_0,hidden_wall_abort,ignore_aborted_actions,0.00,0,1,1,1,5,0,2.84949,0.85061,0.10448,3.94949,-0.02793,0.00000,0.00000,0.04017,0.04017,0.00000,0.00000,7,1,fixture_snag,a0:fixture_snag:36;a1:fixture_snag:35;a2:fixture_snag:37;a3:fixture_snag:36;a4:fixture_snag:36
0,1002,hidden_wall_abort_0_1002_0,hidden_wall_abort,negative_label_baseline,0.00,1,0,0,0,1,0,1.04810,0.85061,0.81158,1.04810,0.04713,0.27848,0.16176,0.02705,0.01280,0.01306,0.01454,7,1,none,a0:none:69
0,1002,hidden_wall_abort_0_1002_0,hidden_wall_abort,costmap_from_collisions,0.00,1,0,0,0,1,0,1.24885,0.85061,0.68111,1.24885,0.01101,0.50955,0.34188,0.03832,0.05627,0.04855,0.06856,7,1,none,a0:none:73
0,1002,hidden_wall_abort_0_1002_0,hidden_wall_abort,risk_filter_uncertainty,0.00,1,0,0,0,1,0,1.27377,0.85061,0.66779,1.27377,0.02698,0.47059,0.30769,0.05523,0.14187,0.11307,0.08934,7,1,none,a0:none:81
0,1002,hidden_wall_abort_0_1002_0,hidden_wall_abort,constraint_classifier,0.00,1,0,0,0,1,0,1.22854,0.85061,0.69237,1.22854,0.02488,0.32335,0.19286,0.10226,0.19478,0.12260,0.19114,7,1,none,a0:none:73
0,1002,hidden_wall_abort_0_1002_0,hidden_wall_abort,abort_constraint_discovery,0.00,1,0,0,0,1,0,1.15145,0.85061,0.73873,1.15145,0.00160,0.27077,0.15658,0.11744,0.15486,0.13386,0.18490,7,1,none,a0:none:69
0,1002,hidden_wall_abort_0_1002_0,hidden_wall_abort,oracle_constraints,0.00,1,0,0,0,1,0,1.05630,0.85061,0.80527,1.05630,0.04406,1.00000,1.00000,0.01186,0.03895,0.00909,0.04017,7,1,none,a0:none:69
0,1003,hidden_wall_abort_0_1003_0,hidden_wall_abort,ignore_aborted_actions,0.00,0,1,1,1,5,0,2.58478,0.83885,0.11359,3.68478,-0.01846,0.00000,0.00000,0.04086,0.04086,0.00000,0.00000,6,2,collision_margin,a0:collision_margin:33;a1:collision_margin:33;a2:collision_margin:32;a3:collision_margin:32;a4:collision_margin:33
0,1003,hidden_wall_abort_0_1003_0,hidden_wall_abort,negative_label_baseline,0.00,0,1,1,1,5,0,2.62483,0.83885,0.11185,3.72483,-0.01970,0.36957,0.22667,0.02915,0.00901,0.06168,0.02285,6,2,collision_margin,a0:collision_margin:35;a1:collision_margin:33;a2:collision_margin:33;a3:collision_margin:33;a4:collision_margin:34
0,1003,hidden_wall_abort_0_1003_0,hidden_wall_abort,costmap_from_collisions,0.00,1,1,0,1,2,0,1.78136,0.83885,0.47090,2.06136,-0.01174,0.47000,0.30719,0.05093,0.07989,0.06117,0.09765,6,2,none,a0:collision_margin:36;a1:none:79
0,1003,hidden_wall_abort_0_1003_0,hidden_wall_abort,risk_filter_uncertainty,0.00,1,0,0,0,1,0,1.26967,0.83885,0.66068,1.26967,0.04612,0.39631,0.24713,0.06695,0.15452,0.13800,0.10942,6,2,none,a0:none:79
0,1003,hidden_wall_abort_0_1003_0,hidden_wall_abort,constraint_classifier,0.00,1,0,0,0,1,0,1.15067,0.83885,0.72901,1.15067,0.00197,0.30460,0.17966,0.10699,0.20054,0.14028,0.20014,6,2,none,a0:none:75
0,1003,hidden_wall_abort_0_1003_0,hidden_wall_abort,abort_constraint_discovery,0.00,1,1,1,1,3,0,4.37057,0.83885,0.19193,4.93057,0.00206,0.33455,0.20087,0.08795,0.11836,0.01593,0.14958,6,2,none,a0:visible_collision:58;a1:visible_collision:85;a2:none:120
0,1003,hidden_wall_abort_0_1003_0,hidden_wall_abort,oracle_constraints,0.00,1,0,0,0,1,0,1.25444,0.83885,0.66870,1.25444,0.04381,1.00000,1.00000,0.01202,0.03877,0.00584,0.04086,6,2,none,a0:none:79
0,1004,hidden_wall_abort_0_1004_0,hidden_wall_abort,ignore_aborted_actions,0.00,0,1,1,1,5,0,3.20791,0.85751,0.09356,4.30791,-0.00673,0.00000,0.00000,0.04224,0.04224,0.00000,0.00000,8,0,fixture_snag,a0:fixture_snag:40;a1:fixture_snag:40;a2:fixture_snag:40;a3:fixture_snag:40;a4:fixture_snag:40
0,1004,hidden_wall_abort_0_1004_0,hidden_wall_abort,negative_label_baseline,0.00,1,1,1,1,4,0,3.15644,0.85751,0.27167,3.99644,-0.02048,0.40000,0.25000,0.02846,0.01183,0.02394,0.02008,8,0,none,a0:fixture_snag:43;a1:fixture_snag:40;a2:fixture_snag:41;a3:none:75
0,1004,hidden_wall_abort_0_1004_0,hidden_wall_abort,costmap_from_collisions,0.00,1,0,0,0,1,0,1.17558,0.85751,0.72944,1.17558,0.02911,0.47904,0.31496,0.04119,0.05494,0.01599,0.07341,8,0,none,a0:none:79
0,1004,hidden_wall_abort_0_1004_0,hidden_wall_abort,risk_filter_uncertainty,0.00,1,0,0,0,1,0,1.18737,0.85751,0.72219,1.18737,0.02835,0.45685,0.29605,0.05663,0.13712,0.10143,0.09418,8,0,none,a0:none:79
0,1004,hidden_wall_abort_0_1004_0,hidden_wall_abort,constraint_classifier,0.00,1,0,0,0,1,0,1.16612,0.85751,0.73536,1.16612,0.02334,0.30730,0.18155,0.11553,0.20168,0.15649,0.23269,8,0,none,a0:none:79
0,1004,hidden_wall_abort_0_1004_0,hidden_wall_abort,abort_constraint_discovery,0.00,1,1,0,1,2,0,1.89402,0.85751,0.45275,2.17402,-0.01075,0.37226,0.22870,0.08612,0.11052,0.12459,0.14751,8,0,none,a0:fixture_snag:43;a1:none:79
0,1004,hidden_wall_abort_0_1004_0,hidden_wall_abort,oracle_constraints,0.00,1,0,0,0,1,0,1.16253,0.85751,0.73762,1.16253,0.03913,1.00000,1.00000,0.01194,0.03928,0.01155,0.04224,8,0,none,a0:none:75
0,1005,hidden_wall_abort_0_1005_0,hidden_wall_abort,ignore_aborted_actions,0.00,0,1,1,1,5,0,2.64921,0.83835,0.11076,3.74921,-0.01859,0.00000,0.00000,0.04017,0.04017,0.00000,0.00000,8,0,collision_margin,a0:collision_margin:33;a1:collision_margin:33;a2:collision_margin:34;a3:collision_margin:34;a4:collision_margin:33
0,1005,hidden_wall_abort_0_1005_0,hidden_wall_abort,negative_label_baseline,0.00,0,1,1,1,5,0,2.83578,0.83835,0.10347,3.93578,-0.02808,0.37500,0.23077,0.02586,0.01037,0.06394,0.02632,8,0,collision_margin,a0:collision_margin:37;a1:collision_margin:35;a2:collision_margin:36;a3:collision_margin:35;a4:collision_margin:34
0,1005,hidden_wall_abort_0_1005_0,hidden_wall_abort,costmap_from_collisions,0.00,0,1,1,1,5,0,2.90667,0.83835,0.10095,4.00667,-0.01173,0.45815,0.29714,0.05318,0.08831,0.15857,0.11704,8,0,collision_margin,a0:collision_margin:38;a1:collision_margin:36;a2:visible_collision:39;a3:collision_margin:35;a4:collision_margin:35
0,1005,hidden_wall_abort_0_1005_0,hidden_wall_abort,risk_filter_uncertainty,0.00,0,1,1,1,5,0,2.43932,0.83835,0.12029,3.53932,-0.01336,0.40909,0.25714,0.07542,0.17637,0.23168,0.14266,8,0,collision_margin,a0:collision_margin:38;a1:collision_margin:36;a2:collision_margin:35;a3:visible_collision:19;a4:collision_margin:35
0,1005,hidden_wall_abort_0_1005_0,hidden_wall_abort,constraint_classifier,0.00,1,0,0,0,1,0,1.43096,0.83835,0.58586,1.43096,0.04690,0.28571,0.16667,0.12363,0.22492,0.15609,0.24100,8,0,none,a0:none:94
0,1005,hidden_wall_abort_0_1005_0,hidden_wall_abort,abort_constraint_discovery,0.00,0,1,1,1,5,0,4.19098,0.83835,0.07001,5.29098,-0.01417,0.31385,0.18613,0.11703,0.14876,0.21471,0.18490,8,0,collision_margin,a0:collision_margin:41;a1:fixture_snag:64;a2:fixture_snag:63;a3:collision_margin:51;a4:collision_margin:51
0,1005,hidden_wall_abort_0_1005_0,hidden_wall_abort,oracle_constraints,0.00,1,1,1,1,3,0,2.07479,0.83835,0.40406,2.63479,0.03952,1.00000,1.00000,0.01237,0.03872,0.00757,0.04017,8,0,none,a0:visible_collision:23;a1:visible_collision:23;a2:none:91
0,1006,hidden_wall_abort_0_1006_0,hidden_wall_abort,ignore_aborted_actions,0.00,0,1,1,1,5,0,1.41138,0.84581,0.20975,2.51138,-0.00474,0.00000,0.00000,0.03947,0.03947,0.00000,0.00000,7,1,visible_collision,a0:visible_collision:17;a1:visible_collision:17;a2:visible_collision:14;a3:collision_margin:28;a4:visible_collision:16
0,1006,hidden_wall_abort_0_1006_0,hidden_wall_abort,negative_label_baseline,0.00,1,1,1,1,4,0,2.70509,0.84581,0.31267,3.54509,-0.01448,0.43478,0.27778,0.02955,0.02426,0.02221,0.02424,7,1,none,a0:collision_margin:32;a1:collision_margin:33;a2:collision_margin:31;a3:none:75
0,1006,hidden_wall_abort_0_1006_0,hidden_wall_abort,costmap_from_collisions,0.00,1,1,0,1,2,0,1.75533,0.84581,0.48185,2.03533,-0.00824,0.34146,0.20588,0.05393,0.06870,0.03579,0.07410,7,1,none,a0:collision_margin:36;a1:none:81
0,1006,hidden_wall_abort_0_1006_0,hidden_wall_abort,risk_filter_uncertainty,0.00,1,0,0,0,1,0,1.24209,0.84581,0.68096,1.24209,0.03280,0.26829,0.15493,0.06435,0.13450,0.13402,0.07410,7,1,none,a0:none:78
0,1006,hidden_wall_abort_0_1006_0,hidden_wall_abort,constraint_classifier,0.00,1,1,0,0,2,0,1.67902,0.84581,0.50375,1.95902,-0.00442,0.26573,0.15323,0.09747,0.17633,0.24733,0.15859,7,1,none,a0:collision_margin:32;a1:none:75
0,1006,hidden_wall_abort_0_1006_0,hidden_wall_abort,abort_constraint_discovery,0.00,0,1,1,1,5,0,3.02378,0.84581,0.09790,4.12378,-0.00934,0.29181,0.17083,0.10274,0.13019,0.00615,0.15512,7,1,fixture_snag,a0:visible_collision:30;a1:collision_margin:33;a2:collision_margin:36;a3:collision_margin:30;a4:fixture_snag:69
0,1006,hidden_wall_abort_0_1006_0,hidden_wall_abort,oracle_constraints,0.00,1,0,0,0,1,0,1.18393,0.84581,0.71441,1.18393,0.05806,1.00000,1.00000,0.01134,0.03773,0.00366,0.03947,7,1,none,a0:none:75
0,1007,hidden_wall_abort_0_1007_0,hidden_wall_abort,ignore_aborted_actions,0.00,1,1,1,1,3,0,2.62441,0.84200,0.32084,3.18441,0.02184,0.00000,0.00000,0.03878,0.03878,0.00000,0.00000,8,0,none,a0:visible_collision:49;a1:visible_collision:49;a2:none:66
0,1007,hidden_wall_abort_0_1007_0,hidden_wall_abort,negative_label_baseline,0.00,1,1,0,1,2,0,1.70427,0.84200,0.49406,1.98427,-0.00725,0.24390,0.13889,0.03125,0.01462,0.01732,0.01801,8,0,none,a0:fixture_snag:34;a1:none:74
0,1007,hidden_wall_abort_0_1007_0,hidden_wall_abort,costmap_from_collisions,0.00,1,1,0,1,2,0,1.76676,0.84200,0.47658,2.04676,-0.02819,0.42553,0.27027,0.05119,0.07898,0.10536,0.09141,8,0,none,a0:fixture_snag:37;a1:none:74
0,1007,hidden_wall_abort_0_1007_0,hidden_wall_abort,risk_filter_uncertainty,0.00,1,1,0,1,2,0,1.77991,0.84200,0.47306,2.05991,-0.00983,0.37668,0.23204,0.06964,0.16128,0.13507,0.11565,8,0,none,a0:fixture_snag:38;a1:none:78
0,1007,hidden_wall_abort_0_1007_0,hidden_wall_abort,constraint_classifier,0.00,1,0,0,0,1,0,1.47689,0.84200,0.57012,1.47689,0.02092,0.22102,0.12424,0.12318,0.21672,0.08904,0.21814,8,0,none,a0:none:89
0,1007,hidden_wall_abort_0_1007_0,hidden_wall_abort,abort_constraint_discovery,0.00,1,0,0,0,1,0,1.27713,0.84200,0.65929,1.27713,0.03001,0.29876,0.17561,0.08566,0.10636,0.00429,0.12812,8,0,none,a0:none:84
0,1007,hidden_wall_abort_0_1007_0,hidden_wall_abort,oracle_constraints,0.00,0,1,1,1,5,0,4.00139,0.84200,0.07365,5.10139,0.04737,1.00000,1.00000,0.01174,0.03824,0.00515,0.03878,8,0,visible_collision,a0:visible_collision:52;a1:visible_collision:50;a2:visible_collision:51;a3:visible_collision:47;a4:visible_collision:51
0,1008,hidden_wall_abort_0_1008_0,hidden_wall_abort,ignore_aborted_actions,0.00,0,1,1,1,5,0,2.23206,0.84681,0.13279,3.33206,-0.01161,0.00000,0.00000,0.04917,0.04917,0.00000,0.00000,7,1,collision_margin,a0:collision_margin:30;a1:collision_margin:29;a2:collision_margin:29;a3:collision_margin:29;a4:collision_margin:29
0,1008,hidden_wall_abort_0_1008_0,hidden_wall_abort,negative_label_baseline,0.00,0,1,1,1,5,0,2.56843,0.84681,0.11540,3.66843,-0.01680,0.19355,0.10714,0.04094,0.03405,0.07584,0.01524,7,1,collision_margin,a0:collision_margin:33;a1:collision_margin:35;a2:collision_margin:32;a3:collision_margin:32;a4:collision_margin:29
0,1008,hidden_wall_abort_0_1008_0,hidden_wall_abort,costmap_from_collisions,0.00,0,1,1,1,5,0,3.00595,0.84681,0.09860,4.10595,-0.01124,0.50267,0.33571,0.04697,0.04934,0.09542,0.08033,7,1,visible_collision,a0:collision_margin:38;a1:collision_margin:36;a2:collision_margin:34;a3:collision_margin:33;a4:visible_collision:55
0,1008,hidden_wall_abort_0_1008_0,hidden_wall_abort,risk_filter_uncertainty,0.00,0,1,1,1,5,0,2.71086,0.84681,0.10933,3.81086,-0.01154,0.46729,0.30488,0.06126,0.13683,0.22413,0.09903,7,1,collision_margin,a0:collision_margin:38;a1:collision_margin:36;a2:collision_margin:33;a3:collision_margin:33;a4:collision_margin:32
0,1008,hidden_wall_abort_0_1008_0,hidden_wall_abort,constraint_classifier,0.00,1,0,0,0,1,0,1.33925,0.84681,0.63230,1.33925,0.01254,0.30712,0.18142,0.08420,0.13447,0.08564,0.13573,7,1,none,a0:none:83
0,1008,hidden_wall_abort_0_1008_0,hidden_wall_abort,abort_constraint_discovery,0.00,1,1,1,1,3,0,2.67305,0.84681,0.31680,3.23305,-0.01509,0.38562,0.23887,0.09548,0.12286,0.07466,0.16274,7,1,none,a0:visible_collision:44;a1:collision_margin:42;a2:none:88
0,1008,hidden_wall_abort_0_1008_0,hidden_wall_abort,oracle_constraints,0.00,1,0,0,0,1,0,1.26979,0.84681,0.66689,1.26979,0.02694,1.00000,1.00000,0.01370,0.04075,0.01174,0.04917,7,1,none,a0:none:80
0,2000,force_limit_abort_0_2000_0,force_limit_abort,ignore_aborted_actions,0.00,0,1,1,1,5,0,3.12708,0.83019,0.09292,4.22708,-0.01626,0.00000,0.00000,0.04640,0.04640,0.00000,0.00000,2,6,force_limit,a0:force_limit:36;a1:force_limit:36;a2:force_limit:36;a3:force_limit:35;a4:force_limit:36
0,2000,force_limit_abort_0_2000_0,force_limit_abort,negative_label_baseline,0.00,0,1,1,1,5,0,3.05037,0.83019,0.09526,4.15037,-0.00867,0.32941,0.19718,0.03279,0.02760,0.10170,0.01247,2,6,force_limit,a0:force_limit:41;a1:force_limit:36;a2:force_limit:34;a3:force_limit:37;a4:force_limit:35
0,2000,force_limit_abort_0_2000_0,force_limit_abort,costmap_from_collisions,0.00,1,0,0,0,1,0,1.28027,0.83019,0.64845,1.28027,0.04263,0.42276,0.26804,0.03105,0.01638,0.02366,0.03878,2,6,none,a0:none:78
0,2000,force_limit_abort_0_2000_0,force_limit_abort,risk_filter_uncertainty,0.00,1,0,0,0,1,0,1.21768,0.83019,0.68178,1.21768,0.01866,0.42276,0.26804,0.04056,0.09515,0.10333,0.03878,2,6,none,a0:none:76
0,2000,force_limit_abort_0_2000_0,force_limit_abort,constraint_classifier,0.00,1,0,0,0,1,0,1.30659,0.83019,0.63538,1.30659,0.03999,0.49438,0.32836,0.04088,0.05321,0.01402,0.07687,2,6,none,a0:none:78
0,2000,force_limit_abort_0_2000_0,force_limit_abort,abort_constraint_discovery,0.00,1,0,0,0,1,0,1.87590,0.83019,0.44255,1.87590,0.11380,0.53659,0.36667,0.04738,0.09347,0.04239,0.09557,2,6,none,a0:none:111
0,2000,force_limit_abort_0_2000_0,force_limit_abort,oracle_constraints,0.00,1,0,0,0,1,0,1.39721,0.83019,0.59418,1.39721,0.04621,1.00000,1.00000,0.00575,0.02063,0.01178,0.04640,2,6,none,a0:none:77
0,2001,force_limit_abort_0_2001_0,force_limit_abort,ignore_aborted_actions,0.00,1,0,0,0,1,0,1.21899,0.85574,0.70201,1.21899,0.07546,0.00000,0.00000,0.04571,0.04571,0.00000,0.00000,2,6,none,a0:none:68
0,2001,force_limit_abort_0_2001_0,force_limit_abort,negative_label_baseline,0.00,1,0,0,0,1,0,1.22803,0.85574,0.69684,1.22803,0.07520,0.21622,0.12121,0.03364,0.03308,0.00192,0.00554,2,6,none,a0:none:68
0,2001,force_limit_abort_0_2001_0,force_limit_abort,costmap_from_collisions,0.00,1,0,0,0,1,0,1.24746,0.85574,0.68599,1.24746,0.12365,0.62016,0.44944,0.02549,0.01774,0.03284,0.04363,2,6,none,a0:none:72
0,2001,force_limit_abort_0_2001_0,force_limit_abort,risk_filter_uncertainty,0.00,1,0,0,0,1,0,1.28195,0.85574,0.66753,1.28195,0.07576,0.59016,0.41860,0.03533,0.09327,0.10722,0.03878,2,6,none,a0:none:70
0,2001,force_limit_abort_0_2001_0,force_limit_abort,constraint_classifier,0.00,1,1,0,1,2,0,2.61203,0.85574,0.32761,2.89203,0.11842,0.51337,0.34532,0.04912,0.08951,0.00197,0.08380,2,6,none,a0:visible_collision:59;a1:none:94
0,2001,force_limit_abort_0_2001_0,force_limit_abort,abort_constraint_discovery,0.00,1,0,0,0,1,0,1.66220,0.85574,0.51482,1.66220,0.14949,0.43866,0.28095,0.07629,0.15841,0.07398,0.14058,2,6,none,a0:none:94
0,2001,force_limit_abort_0_2001_0,force_limit_abort,oracle_constraints,0.00,1,0,0,0,1,0,1.22399,0.85574,0.69914,1.22399,0.07574,1.00000,1.00000,0.00563,0.02051,0.00346,0.04571,2,6,none,a0:none:68
0,2002,force_limit_abort_0_2002_0,force_limit_abort,ignore_aborted_actions,0.00,1,0,0,0,1,0,1.12391,0.85297,0.75893,1.12391,0.09355,0.00000,0.00000,0.04571,0.04571,0.00000,0.00000,7,1,none,a0:none:65
0,2002,force_limit_abort_0_2002_0,force_limit_abort,negative_label_baseline,0.00,1,0,0,0,1,0,1.07919,0.85297,0.79038,1.07919,0.10006,0.26190,0.15068,0.03086,0.01873,0.00014,0.01247,7,1,none,a0:none:65
0,2002,force_limit_abort_0_2002_0,force_limit_abort,costmap_from_collisions,0.00,1,0,0,0,1,0,1.13016,0.85297,0.75474,1.13016,0.11897,0.59574,0.42424,0.03945,0.06076,0.02915,0.08449,7,1,none,a0:none:67
0,2002,force_limit_abort_0_2002_0,force_limit_abort,risk_filter_uncertainty,0.00,1,0,0,0,1,0,1.08738,0.85297,0.78443,1.08738,0.10236,0.56383,0.39259,0.04892,0.12661,0.10770,0.08449,7,1,none,a0:none:65
0,2002,force_limit_abort_0_2002_0,force_limit_abort,constraint_classifier,0.00,1,0,0,0,1,0,1.14917,0.85297,0.74225,1.14917,0.11333,0.41905,0.26506,0.08376,0.16622,0.00117,0.17244,7,1,none,a0:none:67
0,2002,force_limit_abort_0_2002_0,force_limit_abort,abort_constraint_discovery,0.00,1,0,0,0,1,0,1.23636,0.85297,0.68990,1.23636,0.18166,0.33249,0.19940,0.12987,0.25431,0.12669,0.22922,7,1,none,a0:none:79
0,2002,force_limit_abort_0_2002_0,force_limit_abort,oracle_constraints,0.00,1,0,0,0,1,0,1.06418,0.85297,0.80153,1.06418,0.09760,1.00000,1.00000,0.00562,0.02045,0.00109,0.04571,7,1,none,a0:none:65
0,2003,force_limit_abort_0_2003_0,force_limit_abort,ignore_aborted_actions,0.00,0,1,1,1,5,0,1.56338,0.87182,0.19518,2.66338,-0.01045,0.00000,0.00000,0.04571,0.04571,0.00000,0.00000,3,5,human_stop,a0:force_limit:21;a1:force_limit:20;a2:force_limit:20;a3:force_limit:20;a4:human_stop:13
0,2003,force_limit_abort_0_2003_0,force_limit_abort,negative_label_baseline,0.00,1,1,0,1,2,0,1.64960,0.87182,0.52850,1.92960,-0.00266,0.27848,0.16176,0.03040,0.02673,0.00046,0.00900,3,5,none,a0:force_limit:25;a1:none:80
0,2003,force_limit_abort_0_2003_0,force_limit_abort,costmap_from_collisions,0.00,1,0,0,0,1,0,1.47084,0.87182,0.59273,1.47084,0.08174,0.52239,0.35354,0.02795,0.02293,0.03289,0.04709,3,5,none,a0:none:84
0,2003,force_limit_abort_0_2003_0,force_limit_abort,risk_filter_uncertainty,0.00,1,0,0,0,1,0,1.49963,0.87182,0.58136,1.49963,0.06115,0.53846,0.36842,0.03813,0.10162,0.11663,0.04432,3,5,none,a0:none:82
0,2003,force_limit_abort_0_2003_0,force_limit_abort,constraint_classifier,0.00,1,0,0,0,1,0,1.49598,0.87182,0.58277,1.49598,0.12106,0.70312,0.54217,0.03441,0.06546,0.02558,0.04294,3,5,none,a0:none:89
0,2003,force_limit_abort_0_2003_0,force_limit_abort,abort_constraint_discovery,0.00,1,0,0,0,1,0,1.64215,0.87182,0.53090,1.64215,0.12076,0.40367,0.25287,0.08696,0.18873,0.15272,0.18075,3,5,none,a0:none:100
0,2003,force_limit_abort_0_2003_0,force_limit_abort,oracle_constraints,0.00,1,0,0,0,1,0,1.36892,0.87182,0.63686,1.36892,0.05820,1.00000,1.00000,0.00569,0.02053,0.00394,0.04571,3,5,none,a0:none:80
0,2004,force_limit_abort_0_2004_0,force_limit_abort,ignore_aborted_actions,0.00,0,1,1,1,5,0,3.83531,0.85635,0.07815,4.93531,-0.00731,0.00000,0.00000,0.04640,0.04640,0.00000,0.00000,6,2,force_limit,a0:force_limit:45;a1:force_limit:44;a2:force_limit:44;a3:force_limit:44;a4:force_limit:43
0,2004,force_limit_abort_0_2004_0,force_limit_abort,negative_label_baseline,0.00,1,0,0,0,1,0,1.29039,0.85635,0.66364,1.29039,0.03891,0.26190,0.15068,0.03303,0.02473,0.00759,0.01177,6,2,none,a0:none:71
0,2004,force_limit_abort_0_2004_0,force_limit_abort,costmap_from_collisions,0.00,1,0,0,0,1,0,1.21813,0.85635,0.70301,1.21813,0.09853,0.49438,0.32836,0.04076,0.05486,0.06416,0.07687,6,2,none,a0:none:77
0,2004,force_limit_abort_0_2004_0,force_limit_abort,risk_filter_uncertainty,0.00,1,0,0,0,1,0,1.30665,0.85635,0.65538,1.30665,0.09422,0.47778,0.31387,0.05150,0.12347,0.10644,0.07825,6,2,none,a0:none:79
0,2004,force_limit_abort_0_2004_0,force_limit_abort,constraint_classifier,0.00,1,0,0,0,1,0,1.28315,0.85635,0.66738,1.28315,0.10664,0.35878,0.21860,0.07595,0.13355,0.04912,0.13504,6,2,none,a0:none:79
0,2004,force_limit_abort_0_2004_0,force_limit_abort,abort_constraint_discovery,0.00,1,0,0,0,1,0,1.62147,0.85635,0.52813,1.62147,0.11493,0.35829,0.21824,0.11855,0.23998,0.14460,0.21260,6,2,none,a0:none:100
0,2004,force_limit_abort_0_2004_0,force_limit_abort,oracle_constraints,0.00,1,0,0,0,1,0,1.27409,0.85635,0.67213,1.27409,0.05719,1.00000,1.00000,0.00565,0.02053,0.00836,0.04640,6,2,none,a0:none:73
0,2005,force_limit_abort_0_2005_0,force_limit_abort,ignore_aborted_actions,0.00,1,1,1,1,3,0,1.69891,0.83695,0.49264,2.25891,0.32485,0.00000,0.00000,0.04640,0.04640,0.00000,0.00000,5,3,none,a0:visible_collision:14;a1:visible_collision:14;a2:none:69
0,2005,force_limit_abort_0_2005_0,force_limit_abort,negative_label_baseline,0.00,1,0,0,0,1,0,1.17837,0.83695,0.71026,1.17837,0.31430,0.18391,0.10127,0.04165,0.03131,0.02182,0.01385,5,3,none,a0:none:71
0,2005,force_limit_abort_0_2005_0,force_limit_abort,costmap_from_collisions,0.00,1,0,0,0,1,0,1.28384,0.83695,0.65191,1.28384,0.31370,0.30526,0.18012,0.06186,0.07542,0.03221,0.08518,5,3,none,a0:none:77
0,2005,force_limit_abort_0_2005_0,force_limit_abort,risk_filter_uncertainty,0.00,1,0,0,0,1,0,1.28315,0.83695,0.65227,1.28315,0.31966,0.28718,0.16766,0.06971,0.13586,0.10057,0.08864,5,3,none,a0:none:81
0,2005,force_limit_abort_0_2005_0,force_limit_abort,constraint_classifier,0.00,1,0,0,0,1,0,1.16321,0.83695,0.71952,1.16321,0.31293,0.22857,0.12903,0.10883,0.16737,0.14256,0.17175,5,3,none,a0:none:69
0,2005,force_limit_abort_0_2005_0,force_limit_abort,abort_constraint_discovery,0.00,1,0,0,0,1,0,1.20713,0.83695,0.69334,1.20713,0.31471,0.38596,0.23913,0.09653,0.18979,0.02847,0.19044,5,3,none,a0:none:71
0,2005,force_limit_abort_0_2005_0,force_limit_abort,oracle_constraints,0.00,1,1,0,1,2,0,1.37423,0.83695,0.60904,1.65423,0.31526,1.00000,1.00000,0.00579,0.02059,0.00000,0.04640,5,3,none,a0:visible_collision:16;a1:none:69
0,2006,force_limit_abort_0_2006_0,force_limit_abort,ignore_aborted_actions,0.00,1,1,0,1,2,0,1.35548,0.84285,0.62181,1.63548,0.07264,0.00000,0.00000,0.04571,0.04571,0.00000,0.00000,3,5,none,a0:visible_collision:11;a1:none:67
0,2006,force_limit_abort_0_2006_0,force_limit_abort,negative_label_baseline,0.00,1,0,0,0,1,0,1.16338,0.84285,0.72449,1.16338,0.07012,0.10256,0.05405,0.04122,0.03135,0.01427,0.00831,3,5,none,a0:none:67
0,2006,force_limit_abort_0_2006_0,force_limit_abort,costmap_from_collisions,0.00,1,0,0,0,1,0,1.14333,0.84285,0.73719,1.14333,0.10613,0.37143,0.22807,0.04698,0.04268,0.03885,0.05125,3,5,none,a0:none:71
0,2006,force_limit_abort_0_2006_0,force_limit_abort,risk_filter_uncertainty,0.00,1,0,0,0,1,0,1.30253,0.84285,0.64709,1.30253,0.06735,0.30968,0.18321,0.05916,0.11489,0.11667,0.06163,3,5,none,a0:none:74
0,2006,force_limit_abort_0_2006_0,force_limit_abort,constraint_classifier,0.00,1,0,0,0,1,0,1.22039,0.84285,0.69064,1.22039,0.09246,0.42424,0.26923,0.05817,0.10444,0.11894,0.04571,3,5,none,a0:none:69
0,2006,force_limit_abort_0_2006_0,force_limit_abort,abort_constraint_discovery,0.00,1,0,0,0,1,0,1.23284,0.84285,0.68367,1.23284,0.14610,0.55660,0.38562,0.04898,0.11026,0.08122,0.10111,3,5,none,a0:none:77
0,2006,force_limit_abort_0_2006_0,force_limit_abort,oracle_constraints,0.00,1,1,1,1,4,0,1.92958,0.84285,0.43681,2.76958,0.07194,1.00000,1.00000,0.00570,0.02057,0.00473,0.04571,3,5,none,a0:visible_collision:16;a1:visible_collision:17;a2:visible_collision:16;a3:none:67
0,2007,force_limit_abort_0_2007_0,force_limit_abort,ignore_aborted_actions,0.00,0,1,1,1,5,0,3.23588,0.86084,0.09311,4.33588,-0.02921,0.00000,0.00000,0.04640,0.04640,0.00000,0.00000,4,4,force_limit,a0:force_limit:38;a1:force_limit:38;a2:force_limit:38;a3:force_limit:40;a4:force_limit:37
0,2007,force_limit_abort_0_2007_0,force_limit_abort,negative_label_baseline,0.00,0,1,1,1,5,0,3.50677,0.86084,0.08592,4.60677,-0.01140,0.32258,0.19231,0.03427,0.02282,0.05853,0.01801,4,4,force_limit,a0:force_limit:44;a1:force_limit:39;a2:force_limit:40;a3:force_limit:37;a4:force_limit:39
0,2007,force_limit_abort_0_2007_0,force_limit_abort,costmap_from_collisions,0.00,1,1,0,1,2,0,2.32234,0.86084,0.37068,2.60234,-0.01617,0.48936,0.32394,0.04229,0.06044,0.02826,0.08380,4,4,none,a0:force_limit:49;a1:none:87
0,2007,force_limit_abort_0_2007_0,force_limit_abort,risk_filter_uncertainty,0.00,1,1,0,1,2,0,2.23668,0.86084,0.38487,2.51668,-0.01074,0.43216,0.27564,0.05480,0.12636,0.11071,0.09141,4,4,none,a0:force_limit:49;a1:none:85
0,2007,force_limit_abort_0_2007_0,force_limit_abort,constraint_classifier,0.00,1,0,0,0,1,0,1.44588,0.86084,0.59537,1.44588,0.01506,0.30508,0.18000,0.07582,0.12690,0.10133,0.11704,4,4,none,a0:none:83
0,2007,force_limit_abort_0_2007_0,force_limit_abort,abort_constraint_discovery,0.00,1,0,0,0,1,0,1.67200,0.86084,0.51486,1.67200,0.14282,0.51538,0.34715,0.06350,0.14262,0.07008,0.13366,4,4,none,a0:none:102
0,2007,force_limit_abort_0_2007_0,force_limit_abort,oracle_constraints,0.00,1,0,0,0,1,0,1.32877,0.86084,0.64785,1.32877,0.05378,1.00000,1.00000,0.00556,0.02041,0.00885,0.04640,4,4,none,a0:none:79
0,2008,force_limit_abort_0_2008_0,force_limit_abort,ignore_aborted_actions,0.00,1,0,0,0,1,0,1.04377,0.83994,0.80472,1.04377,0.14122,0.00000,0.00000,0.04571,0.04571,0.00000,0.00000,2,6,none,a0:none:65
0,2008,force_limit_abort_0_2008_0,force_limit_abort,negative_label_baseline,0.00,1,0,0,0,1,0,1.11784,0.83994,0.75140,1.11784,0.14490,0.10811,0.05714,0.04015,0.03601,0.00000,0.00554,2,6,none,a0:none:65
0,2008,force_limit_abort_0_2008_0,force_limit_abort,costmap_from_collisions,0.00,1,0,0,0,1,0,1.09655,0.83994,0.76599,1.09655,0.14679,0.36667,0.22449,0.03355,0.01519,0.01341,0.03740,2,6,none,a0:none:65
0,2008,force_limit_abort_0_2008_0,force_limit_abort,risk_filter_uncertainty,0.00,1,0,0,0,1,0,1.06208,0.83994,0.79085,1.06208,0.14327,0.32787,0.19608,0.04622,0.09579,0.08799,0.03878,2,6,none,a0:none:65
0,2008,force_limit_abort_0_2008_0,force_limit_abort,constraint_classifier,0.00,1,0,0,0,1,0,1.14535,0.83994,0.73335,1.14535,0.14145,0.40984,0.25773,0.04201,0.04501,0.00001,0.03878,2,6,none,a0:none:65
0,2008,force_limit_abort_0_2008_0,force_limit_abort,abort_constraint_discovery,0.00,1,0,0,0,1,0,1.53886,0.83994,0.54582,1.53886,0.19017,0.59406,0.42254,0.04341,0.09337,0.02813,0.09418,2,6,none,a0:none:92
0,2008,force_limit_abort_0_2008_0,force_limit_abort,oracle_constraints,0.00,1,0,0,0,1,0,1.09425,0.83994,0.76760,1.09425,0.13258,1.00000,1.00000,0.00580,0.02064,0.00011,0.04571,2,6,none,a0:none:65
0,3000,human_stop_constraint_0_3000_0,human_stop_constraint,ignore_aborted_actions,0.00,1,0,0,0,1,0,1.26813,0.84769,0.66846,1.26813,0.02319,0.00000,0.00000,0.06094,0.06094,0.00000,0.00000,3,4,none,a0:none:68
0,3000,human_stop_constraint_0_3000_0,human_stop_constraint,negative_label_baseline,0.00,1,0,0,0,1,0,1.29621,0.84769,0.65398,1.29621,0.01548,0.04040,0.02062,0.06083,0.05889,0.00000,0.00762,3,4,none,a0:none:68
0,3000,human_stop_constraint_0_3000_0,human_stop_constraint,costmap_from_collisions,0.00,1,0,0,0,1,0,1.17083,0.84769,0.72401,1.17083,0.02360,0.17219,0.09420,0.06385,0.05465,0.00121,0.04363,3,4,none,a0:none:68
0,3000,human_stop_constraint_0_3000_0,human_stop_constraint,risk_filter_uncertainty,0.00,1,0,0,0,1,0,1.24622,0.84769,0.68021,1.24622,0.02393,0.16667,0.09091,0.06709,0.08211,0.08324,0.04709,3,4,none,a0:none:68
0,3000,human_stop_constraint_0_3000_0,human_stop_constraint,constraint_classifier,0.00,1,0,0,0,1,0,1.26274,0.84769,0.67131,1.26274,0.02220,0.23121,0.13072,0.07249,0.06194,0.00000,0.05886,3,4,none,a0:none:68
0,3000,human_stop_constraint_0_3000_0,human_stop_constraint,abort_constraint_discovery,0.00,1,0,0,0,1,0,1.24555,0.84769,0.68058,1.24555,0.02023,0.35443,0.21538,0.05847,0.05885,0.01785,0.04848,3,4,none,a0:none:68
0,3000,human_stop_constraint_0_3000_0,human_stop_constraint,oracle_constraints,0.00,1,0,0,0,1,0,1.17673,0.84769,0.72038,1.17673,0.05511,1.00000,1.00000,0.00866,0.03099,0.00767,0.06094,3,4,none,a0:none:68
0,3001,human_stop_constraint_0_3001_0,human_stop_constraint,ignore_aborted_actions,0.00,0,1,1,0,5,0,4.04876,0.83303,0.07201,5.14876,-0.01391,0.00000,0.00000,0.06163,0.06163,0.00000,0.00000,3,4,human_stop,a0:human_stop:43;a1:human_stop:44;a2:human_stop:43;a3:human_stop:44;a4:human_stop:45
0,3001,human_stop_constraint_0_3001_0,human_stop_constraint,negative_label_baseline,0.00,1,0,0,0,1,0,1.33386,0.83303,0.62453,1.33386,0.07879,0.09901,0.05208,0.05554,0.04965,0.00104,0.00831,3,4,none,a0:none:72
0,3001,human_stop_constraint_0_3001_0,human_stop_constraint,costmap_from_collisions,0.00,1,0,0,0,1,0,1.38582,0.83303,0.60111,1.38582,0.12779,0.34286,0.20690,0.05233,0.03455,0.02866,0.05956,3,4,none,a0:none:76
0,3001,human_stop_constraint_0_3001_0,human_stop_constraint,risk_filter_uncertainty,0.00,1,0,0,0,1,0,1.28662,0.83303,0.64746,1.28662,0.10251,0.32749,0.19580,0.05791,0.09067,0.10815,0.05679,3,4,none,a0:none:74
0,3001,human_stop_constraint_0_3001_0,human_stop_constraint,constraint_classifier,0.00,1,0,0,0,1,0,1.28869,0.83303,0.64642,1.28869,0.13383,0.30769,0.18182,0.07629,0.08048,0.02176,0.10042,3,4,none,a0:none:76
0,3001,human_stop_constraint_0_3001_0,human_stop_constraint,abort_constraint_discovery,0.00,1,0,0,0,1,0,1.44829,0.83303,0.57518,1.44829,0.15381,0.45185,0.29187,0.07165,0.11203,0.03010,0.12535,3,4,none,a0:none:87
0,3001,human_stop_constraint_0_3001_0,human_stop_constraint,oracle_constraints,0.00,1,0,0,0,1,0,1.25354,0.83303,0.66454,1.25354,0.08497,1.00000,1.00000,0.00865,0.03095,0.00126,0.06163,3,4,none,a0:none:72
0,3002,human_stop_constraint_0_3002_0,human_stop_constraint,ignore_aborted_actions,0.00,1,0,0,0,1,0,1.26929,0.84971,0.66944,1.26929,0.01828,0.00000,0.00000,0.03670,0.03670,0.00000,0.00000,3,4,none,a0:none:69
0,3002,human_stop_constraint_0_3002_0,human_stop_constraint,negative_label_baseline,0.00,1,0,0,0,1,0,1.32287,0.84971,0.64232,1.32287,0.07046,0.00000,0.00000,0.04115,0.04660,0.01460,0.00554,3,4,none,a0:none:73
0,3002,human_stop_constraint_0_3002_0,human_stop_constraint,costmap_from_collisions,0.00,1,1,0,0,2,0,2.06554,0.84971,0.41137,2.34554,-0.00925,0.26154,0.15044,0.04532,0.05065,0.02676,0.05332,3,4,none,a0:human_stop:32;a1:none:79
0,3002,human_stop_constraint_0_3002_0,human_stop_constraint,risk_filter_uncertainty,0.00,1,1,0,0,2,0,2.09781,0.84971,0.40504,2.37781,-0.00770,0.16783,0.09160,0.06063,0.12247,0.11003,0.06233,3,4,none,a0:human_stop:33;a1:none:80
0,3002,human_stop_constraint_0_3002_0,human_stop_constraint,constraint_classifier,0.00,1,1,0,0,2,0,2.24918,0.84971,0.37779,2.52918,-0.00070,0.26923,0.15556,0.07427,0.14391,0.13263,0.10734,3,4,none,a0:human_stop:45;a1:none:73
0,3002,human_stop_constraint_0_3002_0,human_stop_constraint,abort_constraint_discovery,0.00,1,0,0,0,1,0,1.31446,0.84971,0.64643,1.31446,0.02191,0.00000,0.00000,0.03851,0.04051,0.00053,0.00346,3,4,none,a0:none:73
0,3002,human_stop_constraint_0_3002_0,human_stop_constraint,oracle_constraints,0.00,1,0,0,0,1,0,1.31752,0.84971,0.64493,1.31752,0.03428,1.00000,1.00000,0.00481,0.01708,0.00802,0.03670,3,4,none,a0:none:71
0,3003,human_stop_constraint_0_3003_0,human_stop_constraint,ignore_aborted_actions,0.00,1,0,0,0,1,0,1.24198,0.84528,0.68060,1.24198,0.09047,0.00000,0.00000,0.06440,0.06440,0.00000,0.00000,5,2,none,a0:none:68
0,3003,human_stop_constraint_0_3003_0,human_stop_constraint,negative_label_baseline,0.00,1,0,0,0,1,0,1.25511,0.84528,0.67347,1.25511,0.07559,0.14286,0.07692,0.05113,0.04268,0.00445,0.01316,5,2,none,a0:none:68
0,3003,human_stop_constraint_0_3003_0,human_stop_constraint,costmap_from_collisions,0.00,1,0,0,0,1,0,1.25249,0.84528,0.67488,1.25249,0.15044,0.47059,0.30769,0.04996,0.04066,0.01892,0.08864,5,2,none,a0:none:72
0,3003,human_stop_constraint_0_3003_0,human_stop_constraint,risk_filter_uncertainty,0.00,1,0,0,0,1,0,1.28299,0.84528,0.65884,1.28299,0.11585,0.45161,0.29167,0.06036,0.10861,0.10306,0.08587,5,2,none,a0:none:72
0,3003,human_stop_constraint_0_3003_0,human_stop_constraint,constraint_classifier,0.00,1,0,0,0,1,0,1.28240,0.84528,0.65914,1.28240,0.11697,0.40541,0.25424,0.08201,0.12456,0.09641,0.14058,5,2,none,a0:none:72
0,3003,human_stop_constraint_0_3003_0,human_stop_constraint,abort_constraint_discovery,0.00,1,0,0,0,1,0,1.38351,0.84528,0.61097,1.38351,0.17060,0.56727,0.39594,0.05901,0.09120,0.02069,0.12604,5,2,none,a0:none:74
0,3003,human_stop_constraint_0_3003_0,human_stop_constraint,oracle_constraints,0.00,1,0,0,0,1,0,1.22915,0.84528,0.68770,1.22915,0.09388,1.00000,1.00000,0.00851,0.02915,0.00070,0.06440,5,2,none,a0:none:68
0,3004,human_stop_constraint_0_3004_0,human_stop_constraint,ignore_aborted_actions,0.00,0,1,1,0,5,0,4.02853,0.85831,0.07457,5.12853,-0.01479,0.00000,0.00000,0.06302,0.06302,0.00000,0.00000,5,2,human_stop,a0:human_stop:42;a1:human_stop:46;a2:human_stop:45;a3:human_stop:46;a4:human_stop:39
0,3004,human_stop_constraint_0_3004_0,human_stop_constraint,negative_label_baseline,0.00,0,1,1,0,5,0,3.56419,0.85831,0.08429,4.66419,-0.01481,0.29268,0.17143,0.04536,0.02775,0.07050,0.02216,5,2,human_stop,a0:human_stop:37;a1:human_stop:40;a2:human_stop:36;a3:human_stop:38;a4:human_stop:43
0,3004,human_stop_constraint_0_3004_0,human_stop_constraint,costmap_from_collisions,0.00,1,1,0,0,2,0,2.51053,0.85831,0.34188,2.79053,-0.02449,0.54032,0.37017,0.05437,0.07404,0.03156,0.10873,5,2,none,a0:human_stop:38;a1:none:99
0,3004,human_stop_constraint_0_3004_0,human_stop_constraint,risk_filter_uncertainty,0.00,1,1,1,0,3,0,3.10808,0.85831,0.27615,3.66808,-0.00858,0.49805,0.33161,0.06433,0.13018,0.11818,0.11496,5,2,none,a0:human_stop:36;a1:human_stop:40;a2:none:97
0,3004,human_stop_constraint_0_3004_0,human_stop_constraint,constraint_classifier,0.00,1,1,0,0,2,0,2.58338,0.85831,0.33224,2.86338,-0.00007,0.37726,0.23248,0.10535,0.16868,0.03716,0.20499,5,2,none,a0:human_stop:36;a1:none:113
0,3004,human_stop_constraint_0_3004_0,human_stop_constraint,abort_constraint_discovery,0.00,1,1,0,1,2,0,2.65994,0.85831,0.32268,2.93994,0.15959,0.52903,0.35965,0.07169,0.11974,0.02643,0.15166,5,2,none,a0:visible_collision:25;a1:none:119
0,3004,human_stop_constraint_0_3004_0,human_stop_constraint,oracle_constraints,0.00,0,1,1,1,5,0,5.58395,0.85831,0.05380,6.68395,0.01425,1.00000,1.00000,0.00844,0.02920,0.01504,0.06302,5,2,visible_collision,a0:visible_collision:60;a1:visible_collision:61;a2:visible_collision:61;a3:visible_collision:61;a4:visible_collision:60
0,3005,human_stop_constraint_0_3005_0,human_stop_constraint,ignore_aborted_actions,0.00,1,0,0,0,1,0,1.11342,0.84232,0.75652,1.11342,0.10865,0.00000,0.00000,0.06440,0.06440,0.00000,0.00000,5,2,none,a0:none:66
0,3005,human_stop_constraint_0_3005_0,human_stop_constraint,negative_label_baseline,0.00,1,0,0,0,1,0,1.21024,0.84232,0.69600,1.21024,0.09800,0.12500,0.06667,0.05580,0.04417,0.00017,0.01316,5,2,none,a0:none:66
0,3005,human_stop_constraint_0_3005_0,human_stop_constraint,costmap_from_collisions,0.00,1,0,0,0,1,0,1.19386,0.84232,0.70555,1.19386,0.09644,0.37615,0.23164,0.06114,0.05798,0.03135,0.08657,5,2,none,a0:none:68
0,3005,human_stop_constraint_0_3005_0,human_stop_constraint,risk_filter_uncertainty,0.00,1,0,0,0,1,0,1.23748,0.84232,0.68068,1.23748,0.08235,0.36937,0.22652,0.06966,0.11435,0.08581,0.08934,5,2,none,a0:none:68
0,3005,human_stop_constraint_0_3005_0,human_stop_constraint,constraint_classifier,0.00,1,0,0,0,1,0,1.36108,0.84232,0.61887,1.36108,0.08924,0.31609,0.18771,0.10240,0.15093,0.01576,0.17659,5,2,none,a0:none:68
0,3005,human_stop_constraint_0_3005_0,human_stop_constraint,abort_constraint_discovery,0.00,1,0,0,0,1,0,1.24886,0.84232,0.67447,1.24886,0.09000,0.48299,0.31839,0.07238,0.11621,0.10386,0.13920,5,2,none,a0:none:68
0,3005,human_stop_constraint_0_3005_0,human_stop_constraint,oracle_constraints,0.00,1,0,0,0,1,0,1.21791,0.84232,0.69161,1.21791,0.10343,1.00000,1.00000,0.00869,0.03104,0.00031,0.06440,5,2,none,a0:none:66
0,3006,human_stop_constraint_0_3006_0,human_stop_constraint,ignore_aborted_actions,0.00,0,1,1,0,5,0,2.04115,0.83017,0.14235,3.14115,-0.01857,0.00000,0.00000,0.06371,0.06371,0.00000,0.00000,5,2,human_stop,a0:human_stop:24;a1:human_stop:23;a2:human_stop:24;a3:human_stop:24;a4:human_stop:23
0,3006,human_stop_constraint_0_3006_0,human_stop_constraint,negative_label_baseline,0.00,1,0,0,0,1,0,1.32561,0.83017,0.62626,1.32561,0.00873,0.12727,0.06796,0.05678,0.05018,0.01804,0.01247,5,2,none,a0:none:67
0,3006,human_stop_constraint_0_3006_0,human_stop_constraint,costmap_from_collisions,0.00,1,0,0,0,1,0,1.38040,0.83017,0.60140,1.38040,0.05914,0.34000,0.20482,0.05964,0.04641,0.03044,0.07479,5,2,none,a0:none:75
0,3006,human_stop_constraint_0_3006_0,human_stop_constraint,risk_filter_uncertainty,0.00,1,0,0,0,1,0,1.37130,0.83017,0.60539,1.37130,0.06241,0.31156,0.18452,0.06892,0.10807,0.10952,0.07410,5,2,none,a0:none:73
0,3006,human_stop_constraint_0_3006_0,human_stop_constraint,constraint_classifier,0.00,1,0,0,0,1,0,1.60358,0.83017,0.51770,1.60358,0.09374,0.34983,0.21200,0.09105,0.13841,0.01980,0.14612,5,2,none,a0:none:91
0,3006,human_stop_constraint_0_3006_0,human_stop_constraint,abort_constraint_discovery,0.00,1,1,0,1,2,0,2.03915,0.83017,0.40712,2.31915,0.06278,0.44030,0.28230,0.07098,0.11085,0.07715,0.12188,5,2,none,a0:visible_collision:32;a1:none:81
0,3006,human_stop_constraint_0_3006_0,human_stop_constraint,oracle_constraints,0.00,1,0,0,0,1,0,1.21457,0.83017,0.68351,1.21457,0.05514,1.00000,1.00000,0.00869,0.03101,0.00433,0.06371,5,2,none,a0:none:71
0,3007,human_stop_constraint_0_3007_0,human_stop_constraint,ignore_aborted_actions,0.00,0,1,1,0,5,0,3.57325,0.85800,0.08404,4.67325,-0.02063,0.00000,0.00000,0.05332,0.05332,0.00000,0.00000,6,1,human_stop,a0:human_stop:39;a1:human_stop:39;a2:human_stop:40;a3:human_stop:39;a4:human_stop:40
0,3007,human_stop_constraint_0_3007_0,human_stop_constraint,negative_label_baseline,0.00,1,0,0,0,1,0,1.35631,0.85800,0.63260,1.35631,0.00239,0.22000,0.12360,0.04577,0.03204,0.01565,0.01593,6,1,none,a0:none:74
0,3007,human_stop_constraint_0_3007_0,human_stop_constraint,costmap_from_collisions,0.00,1,0,0,0,1,0,1.45660,0.85800,0.58904,1.45660,0.03432,0.36634,0.22424,0.05624,0.06611,0.05599,0.08657,6,1,none,a0:none:80
0,3007,human_stop_constraint_0_3007_0,human_stop_constraint,risk_filter_uncertainty,0.00,1,0,0,0,1,0,1.51338,0.85800,0.56694,1.51338,0.02068,0.33645,0.20225,0.06922,0.13194,0.12540,0.09488,6,1,none,a0:none:78
0,3007,human_stop_constraint_0_3007_0,human_stop_constraint,constraint_classifier,0.00,1,0,0,0,1,0,1.60319,0.85800,0.53518,1.60319,0.08862,0.30499,0.17993,0.10510,0.17918,0.15180,0.18283,6,1,none,a0:none:88
0,3007,human_stop_constraint_0_3007_0,human_stop_constraint,abort_constraint_discovery,0.00,1,0,0,0,1,0,1.72385,0.85800,0.49773,1.72385,0.18680,0.57407,0.40260,0.04619,0.07504,0.01494,0.09626,6,1,none,a0:none:99
0,3007,human_stop_constraint_0_3007_0,human_stop_constraint,oracle_constraints,0.00,1,0,0,0,1,0,1.38179,0.85800,0.62094,1.38179,0.05483,1.00000,1.00000,0.00594,0.02120,0.00548,0.05332,6,1,none,a0:none:78
0,3008,human_stop_constraint_0_3008_0,human_stop_constraint,ignore_aborted_actions,0.00,1,0,0,0,1,0,1.24945,0.84391,0.67542,1.24945,0.03208,0.00000,0.00000,0.06094,0.06094,0.00000,0.00000,4,3,none,a0:none:66
0,3008,human_stop_constraint_0_3008_0,human_stop_constraint,negative_label_baseline,0.00,1,0,0,0,1,0,1.23886,0.84391,0.68119,1.23886,0.06191,0.13592,0.07292,0.05203,0.04175,0.00046,0.01039,4,3,none,a0:none:66
0,3008,human_stop_constraint_0_3008_0,human_stop_constraint,costmap_from_collisions,0.00,1,0,0,0,1,0,1.24269,0.84391,0.67910,1.24269,0.11130,0.37811,0.23313,0.05526,0.04858,0.02123,0.07825,4,3,none,a0:none:70
0,3008,human_stop_constraint_0_3008_0,human_stop_constraint,risk_filter_uncertainty,0.00,1,0,0,0,1,0,1.31708,0.84391,0.64074,1.31708,0.08462,0.35354,0.21472,0.06425,0.11010,0.08960,0.07618,4,3,none,a0:none:68
0,3008,human_stop_constraint_0_3008_0,human_stop_constraint,constraint_classifier,0.00,1,0,0,0,1,0,1.38312,0.84391,0.61015,1.38312,0.10923,0.35165,0.21333,0.08008,0.11054,0.00734,0.12812,4,3,none,a0:none:70
0,3008,human_stop_constraint_0_3008_0,human_stop_constraint,abort_constraint_discovery,0.00,1,0,0,0,1,0,1.42525,0.84391,0.59211,1.42525,0.20632,0.49430,0.32828,0.06724,0.10920,0.02135,0.12119,4,3,none,a0:none:78
0,3008,human_stop_constraint_0_3008_0,human_stop_constraint,oracle_constraints,0.00,1,0,0,0,1,0,1.26384,0.84391,0.66773,1.26384,0.03712,1.00000,1.00000,0.00865,0.03076,0.00398,0.06094,4,3,none,a0:none:66
0,4000,combined_abort_stress_0_4000_0,combined_abort_stress,ignore_aborted_actions,0.00,0,1,1,0,5,0,2.55960,0.85316,0.11666,3.65960,-0.02674,0.00000,0.00000,0.12119,0.12119,0.00000,0.00000,11,0,human_stop,a0:human_stop:25;a1:human_stop:24;a2:human_stop:24;a3:human_stop:25;a4:human_stop:24
0,4000,combined_abort_stress_0_4000_0,combined_abort_stress,negative_label_baseline,0.00,0,1,1,1,5,0,3.35716,0.85316,0.08895,4.45716,-0.01243,0.20000,0.11111,0.09557,0.07627,0.05722,0.03116,11,0,human_stop,a0:collision_margin:44;a1:human_stop:27;a2:human_stop:32;a3:human_stop:24;a4:human_stop:26
0,4000,combined_abort_stress_0_4000_0,combined_abort_stress,costmap_from_collisions,0.00,0,1,1,1,5,0,4.72548,0.85316,0.06319,5.82548,-0.01472,0.47482,0.31132,0.09407,0.06414,0.15809,0.16759,11,0,collision_margin,a0:fixture_snag:34;a1:collision_margin:43;a2:visible_collision:58;a3:human_stop:29;a4:collision_margin:46
0,4000,combined_abort_stress_0_4000_0,combined_abort_stress,risk_filter_uncertainty,0.00,1,1,1,1,5,0,4.73272,0.85316,0.18027,5.85272,-0.00783,0.45521,0.29467,0.09887,0.11162,0.12292,0.16482,11,0,none,a0:human_stop:28;a1:collision_margin:42;a2:force_limit:29;a3:human_stop:24;a4:none:103
0,4000,combined_abort_stress_0_4000_0,combined_abort_stress,constraint_classifier,0.00,0,1,1,1,5,0,3.58808,0.85316,0.08322,4.68808,-0.03173,0.51034,0.34259,0.13274,0.19786,0.33675,0.28047,11,0,force_limit,a0:force_limit:34;a1:collision_margin:47;a2:human_stop:25;a3:human_stop:32;a4:force_limit:32
0,4000,combined_abort_stress_0_4000_0,combined_abort_stress,abort_constraint_discovery,0.00,1,1,1,1,4,0,6.65295,0.85316,0.12824,7.49295,-0.00380,0.54101,0.37081,0.13253,0.19073,0.08934,0.27562,11,0,none,a0:visible_collision:58;a1:visible_collision:48;a2:unstable_slip:56;a3:none:120
0,4000,combined_abort_stress_0_4000_0,combined_abort_stress,oracle_constraints,0.00,1,0,0,0,1,0,1.88676,0.85316,0.45218,1.88676,0.01191,1.00000,1.00000,0.02018,0.06831,0.03584,0.12119,11,0,none,a0:none:83
0,4001,combined_abort_stress_0_4001_0,combined_abort_stress,ignore_aborted_actions,0.00,0,1,1,0,5,0,3.71598,0.85683,0.08070,4.81598,-0.02568,0.00000,0.00000,0.13573,0.13573,0.00000,0.00000,11,0,human_stop,a0:human_stop:34;a1:human_stop:33;a2:human_stop:34;a3:human_stop:34;a4:human_stop:33
0,4001,combined_abort_stress_0_4001_0,combined_abort_stress,negative_label_baseline,0.00,0,1,1,1,5,0,3.47906,0.85683,0.08620,4.57906,-0.01616,0.28000,0.16279,0.10449,0.07476,0.05023,0.03740,11,0,human_stop,a0:fixture_snag:32;a1:human_stop:35;a2:fixture_snag:34;a3:fixture_snag:34;a4:human_stop:32
0,4001,combined_abort_stress_0_4001_0,combined_abort_stress,costmap_from_collisions,0.00,0,1,1,1,5,0,3.68088,0.85683,0.08147,4.78088,-0.02738,0.43868,0.28097,0.11256,0.09082,0.17687,0.15789,11,0,human_stop,a0:fixture_snag:32;a1:fixture_snag:35;a2:fixture_snag:31;a3:fixture_snag:37;a4:human_stop:37
0,4001,combined_abort_stress_0_4001_0,combined_abort_stress,risk_filter_uncertainty,0.00,1,1,1,1,4,0,4.32286,0.85683,0.19821,5.16286,-0.02678,0.41739,0.26374,0.12289,0.11206,0.12271,0.18283,11,0,none,a0:fixture_snag:31;a1:human_stop:33;a2:fixture_snag:34;a3:none:99
0,4001,combined_abort_stress_0_4001_0,combined_abort_stress,constraint_classifier,0.00,0,1,1,1,5,0,3.58663,0.85683,0.08361,4.68663,-0.01202,0.37321,0.22941,0.17441,0.19374,0.27926,0.29848,11,0,human_stop,a0:fixture_snag:32;a1:human_stop:32;a2:human_stop:32;a3:human_stop:33;a4:human_stop:32
0,4001,combined_abort_stress_0_4001_0,combined_abort_stress,abort_constraint_discovery,0.00,1,0,0,0,1,0,3.09136,0.85683,0.27717,3.09136,0.02036,0.52480,0.35575,0.14137,0.17729,0.06904,0.29709,11,0,none,a0:none:120
0,4001,combined_abort_stress_0_4001_0,combined_abort_stress,oracle_constraints,0.00,1,0,0,0,1,0,2.21348,0.85683,0.38710,2.21348,0.00792,1.00000,1.00000,0.02506,0.08170,0.03863,0.13573,11,0,none,a0:none:102
0,4002,combined_abort_stress_0_4002_0,combined_abort_stress,ignore_aborted_actions,0.00,0,1,1,0,5,0,2.49171,0.86161,0.12103,3.59171,-0.01867,0.00000,0.00000,0.12050,0.12050,0.00000,0.00000,11,0,human_stop,a0:human_stop:24;a1:human_stop:23;a2:human_stop:22;a3:human_stop:23;a4:human_stop:23
0,4002,combined_abort_stress_0_4002_0,combined_abort_stress,negative_label_baseline,0.00,0,1,1,1,5,0,3.38239,0.86161,0.08916,4.48239,-0.00999,0.23423,0.13265,0.09722,0.06992,0.05616,0.03324,11,0,collision_margin,a0:collision_margin:36;a1:human_stop:32;a2:human_stop:21;a3:collision_margin:38;a4:collision_margin:37
0,4002,combined_abort_stress_0_4002_0,combined_abort_stress,costmap_from_collisions,0.00,0,1,1,1,5,0,4.54236,0.86161,0.06639,5.64236,-0.02698,0.47255,0.30938,0.11030,0.11318,0.23423,0.16967,11,0,collision_margin,a0:collision_margin:35;a1:unstable_slip:52;a2:unstable_slip:38;a3:human_stop:33;a4:collision_margin:37
0,4002,combined_abort_stress_0_4002_0,combined_abort_stress,risk_filter_uncertainty,0.00,0,1,1,1,5,0,4.23564,0.86161,0.07120,5.33564,-0.02423,0.44743,0.28818,0.11344,0.12055,0.27326,0.18906,11,0,human_stop,a0:collision_margin:34;a1:collision_margin:39;a2:unstable_slip:53;a3:collision_margin:38;a4:human_stop:22
0,4002,combined_abort_stress_0_4002_0,combined_abort_stress,constraint_classifier,0.00,0,1,1,0,5,0,2.44660,0.86161,0.12326,3.54660,-0.01577,0.32882,0.19676,0.15711,0.16363,0.30311,0.23753,11,0,human_stop,a0:human_stop:21;a1:human_stop:22;a2:human_stop:23;a3:human_stop:21;a4:human_stop:21
0,4002,combined_abort_stress_0_4002_0,combined_abort_stress,abort_constraint_discovery,0.00,0,1,1,1,5,0,5.37705,0.86161,0.05608,6.47705,-0.00944,0.42742,0.27179,0.14935,0.16446,0.16928,0.22299,11,0,visible_collision,a0:fixture_snag:53;a1:collision_margin:51;a2:visible_collision:33;a3:collision_margin:55;a4:visible_collision:44
0,4002,combined_abort_stress_0_4002_0,combined_abort_stress,oracle_constraints,0.00,1,0,0,0,1,0,2.15902,0.86161,0.39907,2.15902,0.03638,1.00000,1.00000,0.01979,0.06723,0.01757,0.12050,11,0,none,a0:none:96
0,4003,combined_abort_stress_0_4003_0,combined_abort_stress,ignore_aborted_actions,0.00,0,1,1,1,5,0,3.40745,0.84221,0.08651,4.50745,-0.02891,0.00000,0.00000,0.10596,0.10596,0.00000,0.00000,11,0,fixture_snag,a0:fixture_snag:31;a1:fixture_snag:31;a2:fixture_snag:31;a3:fixture_snag:30;a4:fixture_snag:31
0,4003,combined_abort_stress_0_4003_0,combined_abort_stress,negative_label_baseline,0.00,0,1,1,1,5,0,3.65126,0.84221,0.08073,4.75126,-0.02748,0.21277,0.11905,0.08757,0.07354,0.08600,0.02424,11,0,fixture_snag,a0:fixture_snag:31;a1:fixture_snag:31;a2:fixture_snag:32;a3:fixture_snag:32;a4:fixture_snag:33
0,4003,combined_abort_stress_0_4003_0,combined_abort_stress,costmap_from_collisions,0.00,0,1,1,1,5,0,3.68131,0.84221,0.08007,4.78131,-0.01951,0.41196,0.25941,0.09073,0.07452,0.17966,0.10249,11,0,fixture_snag,a0:fixture_snag:37;a1:fixture_snag:32;a2:fixture_snag:32;a3:fixture_snag:31;a4:fixture_snag:31
0,4003,combined_abort_stress_0_4003_0,combined_abort_stress,risk_filter_uncertainty,0.00,0,1,1,1,5,0,4.27109,0.84221,0.06902,5.37109,-0.02793,0.42659,0.27113,0.09694,0.10958,0.24206,0.14404,11,0,fixture_snag,a0:fixture_snag:37;a1:fixture_snag:33;a2:human_stop:35;a3:fixture_snag:49;a4:fixture_snag:31
0,4003,combined_abort_stress_0_4003_0,combined_abort_stress,constraint_classifier,0.00,0,1,1,1,5,0,4.46806,0.84221,0.06597,5.56806,-0.02198,0.35688,0.21719,0.15198,0.19035,0.30751,0.26662,11,0,fixture_snag,a0:fixture_snag:36;a1:fixture_snag:33;a2:fixture_snag:58;a3:fixture_snag:40;a4:fixture_snag:34
0,4003,combined_abort_stress_0_4003_0,combined_abort_stress,abort_constraint_discovery,0.00,1,0,0,0,1,0,2.75249,0.84221,0.30598,2.75249,0.01253,0.48023,0.31599,0.09483,0.07590,0.01909,0.13920,11,0,none,a0:none:118
0,4003,combined_abort_stress_0_4003_0,combined_abort_stress,oracle_constraints,0.00,0,1,1,1,5,0,2.64155,0.84221,0.11159,3.74155,0.10248,1.00000,1.00000,0.01816,0.05831,0.02374,0.10596,11,0,visible_collision,a0:visible_collision:24;a1:visible_collision:27;a2:visible_collision:28;a3:visible_collision:25;a4:visible_collision:25
0,4004,combined_abort_stress_0_4004_0,combined_abort_stress,ignore_aborted_actions,0.00,0,1,1,1,5,0,3.26854,0.83553,0.08947,4.36854,-0.02269,0.00000,0.00000,0.11565,0.11565,0.00000,0.00000,11,0,collision_margin,a0:collision_margin:29;a1:collision_margin:30;a2:collision_margin:30;a3:collision_margin:30;a4:collision_margin:28
0,4004,combined_abort_stress_0_4004_0,combined_abort_stress,negative_label_baseline,0.00,0,1,1,1,5,0,3.21178,0.83553,0.09105,4.31178,-0.01533,0.20192,0.11230,0.09530,0.07505,0.08224,0.02839,11,0,collision_margin,a0:collision_margin:31;a1:collision_margin:30;a2:collision_margin:30;a3:collision_margin:30;a4:collision_margin:30
0,4004,combined_abort_stress_0_4004_0,combined_abort_stress,costmap_from_collisions,0.00,1,1,1,1,3,0,3.59499,0.83553,0.23242,4.15499,-0.02298,0.43526,0.27817,0.09640,0.06779,0.03548,0.13573,11,0,none,a0:collision_margin:33;a1:collision_margin:33;a2:none:94
0,4004,combined_abort_stress_0_4004_0,combined_abort_stress,risk_filter_uncertainty,0.00,1,1,1,1,3,0,3.55895,0.83553,0.23477,4.11895,-0.01798,0.41481,0.26168,0.10769,0.11081,0.12436,0.16482,11,0,none,a0:collision_margin:31;a1:collision_margin:44;a2:none:96
0,4004,combined_abort_stress_0_4004_0,combined_abort_stress,constraint_classifier,0.00,0,1,1,0,5,0,3.16782,0.83553,0.09231,4.26782,-0.00881,0.38011,0.23465,0.15157,0.18963,0.29566,0.27424,11,0,collision_margin,a0:human_stop:30;a1:human_stop:29;a2:human_stop:28;a3:human_stop:29;a4:collision_margin:29
0,4004,combined_abort_stress_0_4004_0,combined_abort_stress,abort_constraint_discovery,0.00,0,1,1,1,5,0,5.70198,0.83553,0.05129,6.80198,-0.02768,0.44920,0.28966,0.16042,0.17679,0.18227,0.27285,11,0,collision_margin,a0:collision_margin:39;a1:collision_margin:39;a2:collision_margin:51;a3:fixture_snag:65;a4:collision_margin:57
0,4004,combined_abort_stress_0_4004_0,combined_abort_stress,oracle_constraints,0.00,1,0,0,0,1,0,1.88604,0.83553,0.44301,1.88604,0.04551,1.00000,1.00000,0.02031,0.06635,0.00816,0.11565,11,0,none,a0:none:89
0,4005,combined_abort_stress_0_4005_0,combined_abort_stress,ignore_aborted_actions,0.00,0,1,1,1,5,0,3.01460,0.85011,0.09870,4.11460,-0.00925,0.00000,0.00000,0.11911,0.11911,0.00000,0.00000,10,1,collision_margin,a0:collision_margin:31;a1:collision_margin:30;a2:collision_margin:29;a3:collision_margin:30;a4:collision_margin:29
0,4005,combined_abort_stress_0_4005_0,combined_abort_stress,negative_label_baseline,0.00,1,1,0,1,2,0,2.11536,0.85011,0.40187,2.39536,-0.00676,0.19048,0.10526,0.10628,0.08373,0.01922,0.02632,10,1,none,a0:collision_margin:31;a1:none:72
0,4005,combined_abort_stress_0_4005_0,combined_abort_stress,costmap_from_collisions,0.00,1,0,0,0,1,0,1.69956,0.85011,0.50019,1.69956,0.01549,0.31214,0.18493,0.12524,0.12592,0.09341,0.12050,10,1,none,a0:none:76
0,4005,combined_abort_stress_0_4005_0,combined_abort_stress,risk_filter_uncertainty,0.00,1,1,1,0,3,0,3.50863,0.85011,0.24229,4.06863,-0.00184,0.28643,0.16716,0.13509,0.11661,0.12085,0.15651,10,1,none,a0:fixture_snag:35;a1:collision_margin:32;a2:none:96
0,4005,combined_abort_stress_0_4005_0,combined_abort_stress,constraint_classifier,0.00,1,0,0,0,1,0,1.74079,0.85011,0.48834,1.74079,0.03544,0.33393,0.20043,0.17492,0.22226,0.13253,0.27078,10,1,none,a0:none:78
0,4005,combined_abort_stress_0_4005_0,combined_abort_stress,abort_constraint_discovery,0.00,1,1,1,1,3,0,4.06660,0.85011,0.20905,4.62660,-0.00617,0.38544,0.23873,0.15448,0.17858,0.16044,0.20429,10,1,none,a0:fixture_snag:41;a1:visible_collision:57;a2:none:72
0,4005,combined_abort_stress_0_4005_0,combined_abort_stress,oracle_constraints,0.00,1,1,0,1,2,0,2.82791,0.85011,0.30061,3.10791,0.03461,1.00000,1.00000,0.02153,0.07250,0.00613,0.11911,10,1,none,a0:visible_collision:54;a1:none:72
0,4006,combined_abort_stress_0_4006_0,combined_abort_stress,ignore_aborted_actions,0.00,0,1,1,0,5,0,3.22509,0.86515,0.09389,4.32509,-0.02339,0.00000,0.00000,0.11634,0.11634,0.00000,0.00000,11,0,human_stop,a0:human_stop:31;a1:human_stop:31;a2:human_stop:32;a3:human_stop:30;a4:human_stop:31
0,4006,combined_abort_stress_0_4006_0,combined_abort_stress,negative_label_baseline,0.00,0,1,1,1,5,0,4.19015,0.86515,0.07227,5.29015,-0.01600,0.27778,0.16129,0.08907,0.06728,0.06138,0.03324,11,0,human_stop,a0:collision_margin:43;a1:human_stop:35;a2:collision_margin:44;a3:human_stop:32;a4:human_stop:36
0,4006,combined_abort_stress_0_4006_0,combined_abort_stress,costmap_from_collisions,0.00,0,1,1,1,5,0,5.06775,0.86515,0.05975,6.16775,-0.01299,0.49206,0.32632,0.09377,0.07546,0.18016,0.14543,11,0,collision_margin,a0:collision_margin:46;a1:collision_margin:42;a2:collision_margin:42;a3:collision_margin:52;a4:collision_margin:40
0,4006,combined_abort_stress_0_4006_0,combined_abort_stress,risk_filter_uncertainty,0.00,0,1,1,1,5,0,4.85329,0.86515,0.06239,5.95329,-0.02461,0.50000,0.33333,0.09596,0.10642,0.20138,0.16066,11,0,fixture_snag,a0:collision_margin:45;a1:collision_margin:42;a2:collision_margin:49;a3:collision_margin:42;a4:fixture_snag:39
0,4006,combined_abort_stress_0_4006_0,combined_abort_stress,constraint_classifier,0.00,1,1,1,1,3,0,4.07955,0.86515,0.21207,4.63955,-0.00305,0.39931,0.24946,0.14630,0.18911,0.12121,0.28255,11,0,none,a0:visible_collision:28;a1:collision_margin:47;a2:none:120
0,4006,combined_abort_stress_0_4006_0,combined_abort_stress,abort_constraint_discovery,0.00,1,1,1,1,4,0,5.69733,0.86515,0.15185,6.53733,-0.01533,0.44980,0.29016,0.13180,0.13065,0.09770,0.22853,11,0,none,a0:collision_margin:57;a1:collision_margin:57;a2:visible_collision:32;a3:none:112
0,4006,combined_abort_stress_0_4006_0,combined_abort_stress,oracle_constraints,0.00,1,1,0,1,2,0,3.49384,0.86515,0.24762,3.77384,0.04518,1.00000,1.00000,0.01823,0.06113,0.01052,0.11634,11,0,none,a0:visible_collision:51;a1:none:108
0,4007,combined_abort_stress_0_4007_0,combined_abort_stress,ignore_aborted_actions,0.00,0,1,1,1,5,0,3.04915,0.86455,0.09924,4.14915,-0.02225,0.00000,0.00000,0.12119,0.12119,0.00000,0.00000,11,0,fixture_snag,a0:fixture_snag:28;a1:fixture_snag:28;a2:fixture_snag:28;a3:fixture_snag:28;a4:fixture_snag:27
0,4007,combined_abort_stress_0_4007_0,combined_abort_stress,negative_label_baseline,0.00,0,1,1,1,5,0,3.43133,0.86455,0.08818,4.53133,-0.01659,0.22422,0.12626,0.09980,0.07511,0.06747,0.03324,11,0,fixture_snag,a0:fixture_snag:30;a1:fixture_snag:35;a2:fixture_snag:25;a3:fixture_snag:31;a4:fixture_snag:29
0,4007,combined_abort_stress_0_4007_0,combined_abort_stress,costmap_from_collisions,0.00,0,1,1,1,5,0,3.73736,0.86455,0.08096,4.83736,-0.01977,0.41579,0.26246,0.11021,0.09676,0.14948,0.14197,11,0,fixture_snag,a0:fixture_snag:39;a1:fixture_snag:30;a2:fixture_snag:36;a3:fixture_snag:27;a4:fixture_snag:30
0,4007,combined_abort_stress_0_4007_0,combined_abort_stress,risk_filter_uncertainty,0.00,0,1,1,1,5,0,3.72358,0.86455,0.08126,4.82358,-0.02315,0.37931,0.23404,0.12019,0.10832,0.24292,0.15997,11,0,fixture_snag,a0:fixture_snag:42;a1:fixture_snag:38;a2:fixture_snag:30;a3:fixture_snag:27;a4:fixture_snag:31
0,4007,combined_abort_stress_0_4007_0,combined_abort_stress,constraint_classifier,0.00,1,0,0,0,1,0,1.89972,0.86455,0.45509,1.89972,0.02541,0.37705,0.23232,0.14340,0.14712,0.08935,0.21676,11,0,none,a0:none:95
0,4007,combined_abort_stress_0_4007_0,combined_abort_stress,abort_constraint_discovery,0.00,1,0,0,0,1,0,1.93089,0.86455,0.44775,1.93089,0.00629,0.46888,0.30623,0.12660,0.12144,0.05576,0.21260,11,0,none,a0:none:93
0,4007,combined_abort_stress_0_4007_0,combined_abort_stress,oracle_constraints,0.00,1,0,0,0,1,0,1.93047,0.86455,0.44784,1.93047,0.01569,1.00000,1.00000,0.02059,0.06708,0.01717,0.12119,11,0,none,a0:none:92
0,4008,combined_abort_stress_0_4008_0,combined_abort_stress,ignore_aborted_actions,0.00,0,1,1,1,5,0,2.57780,0.87318,0.11856,3.67780,-0.01497,0.00000,0.00000,0.10734,0.10734,0.00000,0.00000,10,1,unstable_slip,a0:unstable_slip:24;a1:unstable_slip:23;a2:unstable_slip:22;a3:unstable_slip:24;a4:unstable_slip:22
0,4008,combined_abort_stress_0_4008_0,combined_abort_stress,negative_label_baseline,0.00,0,1,1,1,5,0,3.47474,0.87318,0.08795,4.57474,-0.01614,0.29703,0.17442,0.07703,0.05695,0.05493,0.03255,10,1,unstable_slip,a0:human_stop:30;a1:fixture_snag:35;a2:human_stop:32;a3:unstable_slip:30;a4:unstable_slip:27
0,4008,combined_abort_stress_0_4008_0,combined_abort_stress,costmap_from_collisions,0.00,1,0,0,0,1,0,2.09398,0.87318,0.41700,2.09398,0.00834,0.40264,0.25207,0.08211,0.04807,0.02206,0.10249,10,1,none,a0:none:86
0,4008,combined_abort_stress_0_4008_0,combined_abort_stress,risk_filter_uncertainty,0.00,1,1,1,0,4,0,4.84078,0.87318,0.18038,5.68078,-0.02208,0.47619,0.31250,0.09125,0.11829,0.15071,0.15443,10,1,none,a0:fixture_snag:41;a1:fixture_snag:40;a2:human_stop:32;a3:none:96
0,4008,combined_abort_stress_0_4008_0,combined_abort_stress,constraint_classifier,0.00,0,1,1,1,5,0,4.21284,0.87318,0.07254,5.31284,-0.01984,0.44689,0.28774,0.13635,0.18905,0.31136,0.27078,10,1,human_stop,a0:fixture_snag:44;a1:human_stop:31;a2:unstable_slip:44;a3:human_stop:37;a4:human_stop:30
0,4008,combined_abort_stress_0_4008_0,combined_abort_stress,abort_constraint_discovery,0.00,1,1,0,1,2,0,4.87080,0.87318,0.17927,5.15080,0.03353,0.51335,0.34530,0.11096,0.15294,0.05160,0.22992,10,1,none,a0:visible_collision:73;a1:none:120
0,4008,combined_abort_stress_0_4008_0,combined_abort_stress,oracle_constraints,0.00,1,0,0,0,1,0,1.80881,0.87318,0.48274,1.80881,0.01331,1.00000,1.00000,0.01680,0.05681,0.02140,0.10734,10,1,none,a0:none:87
1,0,nominal_known_constraints_1_0_0,nominal_known_constraints,ignore_aborted_actions,0.00,1,0,0,0,1,0,0.92796,0.83698,0.90195,0.92796,1.00000,1.00000,1.00000,0.00000,0.00000,0.00000,0.00000,0,5,none,a0:none:64
1,0,nominal_known_constraints_1_0_0,nominal_known_constraints,negative_label_baseline,0.00,1,0,0,0,1,0,0.89725,0.83698,0.93283,0.89725,1.00000,1.00000,1.00000,0.00000,0.00000,0.00000,0.00000,0,5,none,a0:none:64
1,0,nominal_known_constraints_1_0_0,nominal_known_constraints,costmap_from_collisions,0.00,1,0,0,0,1,0,0.90847,0.83698,0.92130,0.90847,1.00000,1.00000,1.00000,0.00000,0.00000,0.00000,0.00000,0,5,none,a0:none:64
1,0,nominal_known_constraints_1_0_0,nominal_known_constraints,risk_filter_uncertainty,0.00,1,0,0,0,1,0,0.93068,0.83698,0.89932,0.93068,1.00000,1.00000,1.00000,0.01345,0.10654,0.08777,0.00000,0,5,none,a0:none:64
1,0,nominal_known_constraints_1_0_0,nominal_known_constraints,constraint_classifier,0.00,1,0,0,0,1,0,0.89234,0.83698,0.93795,0.89234,1.00000,1.00000,1.00000,0.00185,0.02773,0.00000,0.00000,0,5,none,a0:none:64
1,0,nominal_known_constraints_1_0_0,nominal_known_constraints,abort_constraint_discovery,0.00,1,0,0,0,1,0,0.89595,0.83698,0.93418,0.89595,1.00000,1.00000,1.00000,0.00000,0.00000,0.00000,0.00000,0,5,none,a0:none:64
1,0,nominal_known_constraints_1_0_0,nominal_known_constraints,oracle_constraints,0.00,1,0,0,0,1,0,0.93744,0.83698,0.89284,0.93744,1.00000,1.00000,1.00000,0.00000,0.00000,0.00000,0.00000,0,5,none,a0:none:64
1,1,nominal_known_constraints_1_1_0,nominal_known_constraints,ignore_aborted_actions,0.00,1,0,0,0,1,0,0.91349,0.84039,0.91998,0.91349,1.00000,1.00000,1.00000,0.00000,0.00000,0.00000,0.00000,0,5,none,a0:none:66
1,1,nominal_known_constraints_1_1_0,nominal_known_constraints,negative_label_baseline,0.00,1,0,0,0,1,0,0.95576,0.84039,0.87929,0.95576,1.00000,1.00000,1.00000,0.00000,0.00000,0.00000,0.00000,0,5,none,a0:none:66
1,1,nominal_known_constraints_1_1_0,nominal_known_constraints,costmap_from_collisions,0.00,1,0,0,0,1,0,0.90787,0.84039,0.92567,0.90787,1.00000,1.00000,1.00000,0.00000,0.00000,0.00000,0.00000,0,5,none,a0:none:66
1,1,nominal_known_constraints_1_1_0,nominal_known_constraints,risk_filter_uncertainty,0.00,1,0,0,0,1,0,0.95429,0.84039,0.88065,0.95429,1.00000,1.00000,1.00000,0.01363,0.10678,0.08688,0.00000,0,5,none,a0:none:66
1,1,nominal_known_constraints_1_1_0,nominal_known_constraints,constraint_classifier,0.00,1,0,0,0,1,0,0.93107,0.84039,0.90261,0.93107,1.00000,1.00000,1.00000,0.00179,0.02743,0.00000,0.00000,0,5,none,a0:none:66
1,1,nominal_known_constraints_1_1_0,nominal_known_constraints,abort_constraint_discovery,0.00,1,0,0,0,1,0,0.95358,0.84039,0.88130,0.95358,1.00000,1.00000,1.00000,0.00000,0.00000,0.00000,0.00000,0,5,none,a0:none:66
1,1,nominal_known_constraints_1_1_0,nominal_known_constraints,oracle_constraints,0.00,1,0,0,0,1,0,0.92036,0.84039,0.91312,0.92036,1.00000,1.00000,1.00000,0.00000,0.00000,0.00000,0.00000,0,5,none,a0:none:66
1,2,nominal_known_constraints_1_2_0,nominal_known_constraints,ignore_aborted_actions,0.00,1,0,0,0,1,0,0.90073,0.85054,0.94427,0.90073,1.00000,1.00000,1.00000,0.00000,0.00000,0.00000,0.00000,0,5,none,a0:none:65
1,2,nominal_known_constraints_1_2_0,nominal_known_constraints,negative_label_baseline,0.00,1,0,0,0,1,0,0.90638,0.85054,0.93839,0.90638,1.00000,1.00000,1.00000,0.00000,0.00000,0.00000,0.00000,0,5,none,a0:none:65
1,2,nominal_known_constraints_1_2_0,nominal_known_constraints,costmap_from_collisions,0.00,1,0,0,0,1,0,0.94765,0.85054,0.89752,0.94765,1.00000,1.00000,1.00000,0.00000,0.00000,0.00000,0.00000,0,5,none,a0:none:65
1,2,nominal_known_constraints_1_2_0,nominal_known_constraints,risk_filter_uncertainty,0.00,1,0,0,0,1,0,0.93008,0.85054,0.91448,0.93008,1.00000,1.00000,1.00000,0.01337,0.10579,0.08749,0.00000,0,5,none,a0:none:65
1,2,nominal_known_constraints_1_2_0,nominal_known_constraints,constraint_classifier,0.00,1,0,0,0,1,0,0.90748,0.85054,0.93725,0.90748,1.00000,1.00000,1.00000,0.00138,0.02176,0.00000,0.00000,0,5,none,a0:none:65
1,2,nominal_known_constraints_1_2_0,nominal_known_constraints,abort_constraint_discovery,0.00,1,0,0,0,1,0,0.92709,0.85054,0.91743,0.92709,1.00000,1.00000,1.00000,0.00000,0.00000,0.00000,0.00000,0,5,none,a0:none:65
1,2,nominal_known_constraints_1_2_0,nominal_known_constraints,oracle_constraints,0.00,1,0,0,0,1,0,0.90057,0.85054,0.94444,0.90057,1.00000,1.00000,1.00000,0.00000,0.00000,0.00000,0.00000,0,5,none,a0:none:65
1,3,nominal_known_constraints_1_3_0,nominal_known_constraints,ignore_aborted_actions,0.00,1,0,0,0,1,0,0.91358,0.83064,0.90922,0.91358,1.00000,1.00000,1.00000,0.00000,0.00000,0.00000,0.00000,1,4,none,a0:none:65
1,3,nominal_known_constraints_1_3_0,nominal_known_constraints,negative_label_baseline,0.00,1,0,0,0,1,0,0.94539,0.83064,0.87862,0.94539,1.00000,0.00000,0.00000,0.00212,0.00653,0.00000,0.00277,1,4,none,a0:none:65
1,3,nominal_known_constraints_1_3_0,nominal_known_constraints,costmap_from_collisions,0.00,1,0,0,0,1,0,0.92288,0.83064,0.90005,0.92288,1.00000,0.00000,0.00000,0.01035,0.02525,0.00044,0.01524,1,4,none,a0:none:65
1,3,nominal_known_constraints_1_3_0,nominal_known_constraints,risk_filter_uncertainty,0.00,1,0,0,0,1,0,0.96800,0.83064,0.85810,0.96800,1.00000,0.00000,0.00000,0.02471,0.12283,0.08873,0.02008,1,4,none,a0:none:65
1,3,nominal_known_constraints_1_3_0,nominal_known_constraints,constraint_classifier,0.00,1,0,0,0,1,0,0.91097,0.83064,0.91182,0.91097,1.00000,0.00000,0.00000,0.02767,0.07602,0.00000,0.04086,1,4,none,a0:none:65
1,3,nominal_known_constraints_1_3_0,nominal_known_constraints,abort_constraint_discovery,0.00,1,0,0,0,1,0,0.89832,0.83064,0.92466,0.89832,1.00000,0.00000,0.00000,0.00084,0.00246,0.00000,0.00139,1,4,none,a0:none:65
1,3,nominal_known_constraints_1_3_0,nominal_known_constraints,oracle_constraints,0.00,1,0,0,0,1,0,0.93444,0.83064,0.88892,0.93444,1.00000,1.00000,1.00000,0.00000,0.00000,0.00000,0.00000,1,4,none,a0:none:65
1,4,nominal_known_constraints_1_4_0,nominal_known_constraints,ignore_aborted_actions,0.00,1,0,0,0,1,0,0.95370,0.83950,0.88026,0.95370,1.00000,1.00000,1.00000,0.00000,0.00000,0.00000,0.00000,0,5,none,a0:none:66
1,4,nominal_known_constraints_1_4_0,nominal_known_constraints,negative_label_baseline,0.00,1,0,0,0,1,0,0.93544,0.83950,0.89744,0.93544,1.00000,1.00000,1.00000,0.00000,0.00000,0.00000,0.00000,0,5,none,a0:none:66
1,4,nominal_known_constraints_1_4_0,nominal_known_constraints,costmap_from_collisions,0.00,1,0,0,0,1,0,0.95137,0.83950,0.88241,0.95137,1.00000,1.00000,1.00000,0.00000,0.00000,0.00000,0.00000,0,5,none,a0:none:66
1,4,nominal_known_constraints_1_4_0,nominal_known_constraints,risk_filter_uncertainty,0.00,1,0,0,0,1,0,0.93561,0.83950,0.89727,0.93561,1.00000,1.00000,1.00000,0.01348,0.10685,0.10925,0.00000,0,5,none,a0:none:66
1,4,nominal_known_constraints_1_4_0,nominal_known_constraints,constraint_classifier,0.00,1,0,0,0,1,0,0.93855,0.83950,0.89446,0.93855,1.00000,1.00000,1.00000,0.00194,0.02928,0.00000,0.00000,0,5,none,a0:none:66
1,4,nominal_known_constraints_1_4_0,nominal_known_constraints,abort_constraint_discovery,0.00,1,0,0,0,1,0,0.94790,0.83950,0.88564,0.94790,1.00000,1.00000,1.00000,0.00000,0.00000,0.00000,0.00000,0,5,none,a0:none:66
1,4,nominal_known_constraints_1_4_0,nominal_known_constraints,oracle_constraints,0.00,1,0,0,0,1,0,0.97028,0.83950,0.86521,0.97028,1.00000,1.00000,1.00000,0.00000,0.00000,0.00000,0.00000,0,5,none,a0:none:66
1,5,nominal_known_constraints_1_5_0,nominal_known_constraints,ignore_aborted_actions,0.00,1,0,0,0,1,0,0.98561,0.85781,0.87033,0.98561,1.00000,1.00000,1.00000,0.00000,0.00000,0.00000,0.00000,0,5,none,a0:none:71
1,5,nominal_known_constraints_1_5_0,nominal_known_constraints,negative_label_baseline,0.00,1,0,0,0,1,0,0.99793,0.85781,0.85959,0.99793,1.00000,1.00000,1.00000,0.00000,0.00000,0.00000,0.00000,0,5,none,a0:none:71
1,5,nominal_known_constraints_1_5_0,nominal_known_constraints,costmap_from_collisions,0.00,1,0,0,0,1,0,0.99958,0.85781,0.85816,0.99958,1.00000,1.00000,1.00000,0.00000,0.00000,0.00000,0.00000,0,5,none,a0:none:71
1,5,nominal_known_constraints_1_5_0,nominal_known_constraints,risk_filter_uncertainty,0.00,1,0,0,0,1,0,0.97393,0.85781,0.88076,0.97393,1.00000,1.00000,1.00000,0.01362,0.10684,0.10221,0.00000,0,5,none,a0:none:71
1,5,nominal_known_constraints_1_5_0,nominal_known_constraints,constraint_classifier,0.00,1,0,0,0,1,0,0.95636,0.85781,0.89695,0.95636,1.00000,1.00000,1.00000,0.00213,0.03128,0.00000,0.00000,0,5,none,a0:none:71
1,5,nominal_known_constraints_1_5_0,nominal_known_constraints,abort_constraint_discovery,0.00,1,0,0,0,1,0,1.03488,0.85781,0.82890,1.03488,1.00000,1.00000,1.00000,0.00000,0.00000,0.00000,0.00000,0,5,none,a0:none:71
1,5,nominal_known_constraints_1_5_0,nominal_known_constraints,oracle_constraints,0.00,1,0,0,0,1,0,1.02344,0.85781,0.83816,1.02344,1.00000,1.00000,1.00000,0.00000,0.00000,0.00000,0.00000,0,5,none,a0:none:71
1,6,nominal_known_constraints_1_6_0,nominal_known_constraints,ignore_aborted_actions,0.00,1,0,0,0,1,0,0.96383,0.84518,0.87690,0.96383,1.00000,1.00000,1.00000,0.00000,0.00000,0.00000,0.00000,0,5,none,a0:none:66
1,6,nominal_known_constraints_1_6_0,nominal_known_constraints,negative_label_baseline,0.00,1,0,0,0,1,0,0.92643,0.84518,0.91230,0.92643,1.00000,1.00000,1.00000,0.00000,0.00000,0.00000,0.00000,0,5,none,a0:none:66
1,6,nominal_known_constraints_1_6_0,nominal_known_constraints,costmap_from_collisions,0.00,1,0,0,0,1,0,0.90805,0.84518,0.93076,0.90805,1.00000,1.00000,1.00000,0.00000,0.00000,0.00000,0.00000,0,5,none,a0:none:66
1,6,nominal_known_constraints_1_6_0,nominal_known_constraints,risk_filter_uncertainty,0.00,1,0,0,0,1,0,0.91001,0.84518,0.92876,0.91001,1.00000,1.00000,1.00000,0.01358,0.10659,0.08643,0.00000,0,5,none,a0:none:66
1,6,nominal_known_constraints_1_6_0,nominal_known_constraints,constraint_classifier,0.00,1,0,0,0,1,0,0.93464,0.84518,0.90428,0.93464,1.00000,1.00000,1.00000,0.00194,0.02904,0.00000,0.00000,0,5,none,a0:none:66
1,6,nominal_known_constraints_1_6_0,nominal_known_constraints,abort_constraint_discovery,0.00,1,0,0,0,1,0,0.90895,0.84518,0.92984,0.90895,1.00000,1.00000,1.00000,0.00000,0.00000,0.00000,0.00000,0,5,none,a0:none:66
1,6,nominal_known_constraints_1_6_0,nominal_known_constraints,oracle_constraints,0.00,1,0,0,0,1,0,0.93597,0.84518,0.90300,0.93597,1.00000,1.00000,1.00000,0.00000,0.00000,0.00000,0.00000,0,5,none,a0:none:66
1,7,nominal_known_constraints_1_7_0,nominal_known_constraints,ignore_aborted_actions,0.00,1,0,0,0,1,0,0.90758,0.83340,0.91826,0.90758,1.00000,1.00000,1.00000,0.00000,0.00000,0.00000,0.00000,0,5,none,a0:none:64
1,7,nominal_known_constraints_1_7_0,nominal_known_constraints,negative_label_baseline,0.00,1,0,0,0,1,0,0.95076,0.83340,0.87656,0.95076,1.00000,1.00000,1.00000,0.00000,0.00000,0.00000,0.00000,0,5,none,a0:none:64
1,7,nominal_known_constraints_1_7_0,nominal_known_constraints,costmap_from_collisions,0.00,1,0,0,0,1,0,0.90660,0.83340,0.91926,0.90660,1.00000,1.00000,1.00000,0.00000,0.00000,0.00000,0.00000,0,5,none,a0:none:64
1,7,nominal_known_constraints_1_7_0,nominal_known_constraints,risk_filter_uncertainty,0.00,1,0,0,0,1,0,0.93712,0.83340,0.88931,0.93712,1.00000,1.00000,1.00000,0.01352,0.10660,0.09254,0.00000,0,5,none,a0:none:64
1,7,nominal_known_constraints_1_7_0,nominal_known_constraints,constraint_classifier,0.00,1,0,0,0,1,0,0.90891,0.83340,0.91692,0.90891,1.00000,1.00000,1.00000,0.00145,0.02324,0.00000,0.00000,0,5,none,a0:none:64
1,7,nominal_known_constraints_1_7_0,nominal_known_constraints,abort_constraint_discovery,0.00,1,0,0,0,1,0,0.89037,0.83340,0.93601,0.89037,1.00000,1.00000,1.00000,0.00000,0.00000,0.00000,0.00000,0,5,none,a0:none:64
1,7,nominal_known_constraints_1_7_0,nominal_known_constraints,oracle_constraints,0.00,1,0,0,0,1,0,0.94269,0.83340,0.88406,0.94269,1.00000,1.00000,1.00000,0.00000,0.00000,0.00000,0.00000,0,5,none,a0:none:64
1,8,nominal_known_constraints_1_8_0,nominal_known_constraints,ignore_aborted_actions,0.00,1,0,0,0,1,0,0.93451,0.85152,0.91120,0.93451,1.00000,1.00000,1.00000,0.00000,0.00000,0.00000,0.00000,0,5,none,a0:none:68
1,8,nominal_known_constraints_1_8_0,nominal_known_constraints,negative_label_baseline,0.00,1,0,0,0,1,0,0.97195,0.85152,0.87609,0.97195,1.00000,1.00000,1.00000,0.00000,0.00000,0.00000,0.00000,0,5,none,a0:none:68
1,8,nominal_known_constraints_1_8_0,nominal_known_constraints,costmap_from_collisions,0.00,1,0,0,0,1,0,0.97775,0.85152,0.87090,0.97775,1.00000,1.00000,1.00000,0.00000,0.00000,0.00000,0.00000,0,5,none,a0:none:68
1,8,nominal_known_constraints_1_8_0,nominal_known_constraints,risk_filter_uncertainty,0.00,1,0,0,0,1,0,0.97962,0.85152,0.86924,0.97962,1.00000,1.00000,1.00000,0.01352,0.10624,0.09186,0.00000,0,5,none,a0:none:68
1,8,nominal_known_constraints_1_8_0,nominal_known_constraints,constraint_classifier,0.00,1,0,0,0,1,0,0.94898,0.85152,0.89730,0.94898,1.00000,1.00000,1.00000,0.00170,0.02585,0.00000,0.00000,0,5,none,a0:none:68
1,8,nominal_known_constraints_1_8_0,nominal_known_constraints,abort_constraint_discovery,0.00,1,0,0,0,1,0,0.98072,0.85152,0.86826,0.98072,1.00000,1.00000,1.00000,0.00000,0.00000,0.00000,0.00000,0,5,none,a0:none:68
1,8,nominal_known_constraints_1_8_0,nominal_known_constraints,oracle_constraints,0.00,1,0,0,0,1,0,0.97173,0.85152,0.87629,0.97173,1.00000,1.00000,1.00000,0.00000,0.00000,0.00000,0.00000,0,5,none,a0:none:68
1,1000,hidden_wall_abort_1_1000_0,hidden_wall_abort,ignore_aborted_actions,0.00,0,1,1,1,5,0,2.60220,0.84519,0.11368,3.70220,-0.01504,0.00000,0.00000,0.03947,0.03947,0.00000,0.00000,6,2,fixture_snag,a0:fixture_snag:34;a1:fixture_snag:33;a2:fixture_snag:34;a3:fixture_snag:33;a4:fixture_snag:34
1,1000,hidden_wall_abort_1_1000_0,hidden_wall_abort,negative_label_baseline,0.00,0,1,1,1,5,0,2.72278,0.84519,0.10864,3.82278,-0.02186,0.39535,0.24638,0.02697,0.01339,0.06727,0.02008,6,2,fixture_snag,a0:fixture_snag:34;a1:fixture_snag:36;a2:fixture_snag:32;a3:fixture_snag:37;a4:fixture_snag:35
1,1000,hidden_wall_abort_1_1000_0,hidden_wall_abort,costmap_from_collisions,0.00,1,1,1,1,3,0,2.48599,0.84519,0.33998,3.04599,-0.01555,0.49215,0.32639,0.04386,0.07219,0.02371,0.09280,6,2,none,a0:fixture_snag:37;a1:fixture_snag:32;a2:none:91
1,1000,hidden_wall_abort_1_1000_0,hidden_wall_abort,risk_filter_uncertainty,0.00,1,1,1,1,3,0,2.41421,0.84519,0.35009,2.97421,-0.01005,0.45536,0.29480,0.06153,0.15402,0.12350,0.11565,6,2,none,a0:fixture_snag:36;a1:fixture_snag:33;a2:none:91
1,1000,hidden_wall_abort_1_1000_0,hidden_wall_abort,constraint_classifier,0.00,1,1,0,1,2,0,1.95306,0.84519,0.43275,2.23306,-0.00767,0.35737,0.21756,0.09054,0.17389,0.14843,0.18144,6,2,none,a0:fixture_snag:39;a1:none:74
1,1000,hidden_wall_abort_1_1000_0,hidden_wall_abort,abort_constraint_discovery,0.00,1,0,0,0,1,0,1.36041,0.84519,0.62128,1.36041,0.01763,0.40517,0.25405,0.06396,0.08532,0.01000,0.12119,6,2,none,a0:none:92
1,1000,hidden_wall_abort_1_1000_0,hidden_wall_abort,oracle_constraints,0.00,1,0,0,0,1,0,1.19575,0.84519,0.70683,1.19575,0.03618,1.00000,1.00000,0.01152,0.03865,0.00890,0.03947,6,2,none,a0:none:76
1,1001,hidden_wall_abort_1_1001_0,hidden_wall_abort,ignore_aborted_actions,0.00,0,1,1,1,5,0,2.26910,0.85007,0.13112,3.36910,-0.01869,0.00000,0.00000,0.04086,0.04086,0.00000,0.00000,8,0,collision_margin,a0:collision_margin:29;a1:collision_margin:29;a2:collision_margin:29;a3:collision_margin:30;a4:collision_margin:30
1,1001,hidden_wall_abort_1_1001_0,hidden_wall_abort,negative_label_baseline,0.00,0,1,1,1,5,0,2.29569,0.85007,0.12960,3.39569,-0.01396,0.43956,0.28169,0.02840,0.01258,0.07581,0.02216,8,0,collision_margin,a0:collision_margin:31;a1:collision_margin:30;a2:collision_margin:32;a3:collision_margin:29;a4:collision_margin:30
1,1001,hidden_wall_abort_1_1001_0,hidden_wall_abort,costmap_from_collisions,0.00,0,1,1,1,5,0,2.75648,0.85007,0.10794,3.85648,-0.02086,0.47664,0.31288,0.05029,0.08453,0.16046,0.10734,8,0,collision_margin,a0:fixture_snag:43;a1:collision_margin:32;a2:collision_margin:38;a3:collision_margin:31;a4:collision_margin:31
1,1001,hidden_wall_abort_1_1001_0,hidden_wall_abort,risk_filter_uncertainty,0.00,0,1,1,1,5,0,2.62766,0.85007,0.11323,3.72766,-0.01757,0.42149,0.26702,0.06742,0.16140,0.23381,0.12673,8,0,collision_margin,a0:fixture_snag:43;a1:collision_margin:32;a2:collision_margin:31;a3:collision_margin:32;a4:collision_margin:32
1,1001,hidden_wall_abort_1_1001_0,hidden_wall_abort,constraint_classifier,0.00,1,1,0,1,2,0,2.03979,0.85007,0.41674,2.31979,-0.01289,0.29367,0.17211,0.12111,0.22241,0.15811,0.23269,8,0,none,a0:collision_margin:32;a1:none:95
1,1001,hidden_wall_abort_1_1001_0,hidden_wall_abort,abort_constraint_discovery,0.00,1,1,0,1,2,0,2.09530,0.85007,0.40570,2.37530,0.03858,0.31095,0.18410,0.10013,0.12812,0.01893,0.15512,8,0,none,a0:visible_collision:26;a1:none:102
1,1001,hidden_wall_abort_1_1001_0,hidden_wall_abort,oracle_constraints,0.00,1,0,0,0,1,0,1.23230,0.85007,0.68982,1.23230,0.03795,1.00000,1.00000,0.01177,0.03821,0.01025,0.04086,8,0,none,a0:none:81
1,1002,hidden_wall_abort_1_1002_0,hidden_wall_abort,ignore_aborted_actions,0.00,0,1,1,1,5,0,2.61168,0.84798,0.11364,3.71168,-0.01648,0.00000,0.00000,0.04086,0.04086,0.00000,0.00000,7,1,fixture_snag,a0:fixture_snag:33;a1:fixture_snag:33;a2:fixture_snag:33;a3:fixture_snag:33;a4:fixture_snag:32
1,1002,hidden_wall_abort_1_1002_0,hidden_wall_abort,negative_label_baseline,0.00,1,1,0,1,2,0,1.71549,0.84798,0.49431,1.99549,-0.01313,0.26506,0.15278,0.03521,0.02519,0.01665,0.01662,7,1,none,a0:fixture_snag:35;a1:none:73
1,1002,hidden_wall_abort_1_1002_0,hidden_wall_abort,costmap_from_collisions,0.00,1,1,1,1,4,0,2.87070,0.84798,0.29539,3.71070,-0.02400,0.38095,0.23529,0.05973,0.08526,0.09061,0.10457,7,1,none,a0:collision_margin:34;a1:fixture_snag:42;a2:fixture_snag:35;a3:none:75
1,1002,hidden_wall_abort_1_1002_0,hidden_wall_abort,risk_filter_uncertainty,0.00,1,1,1,1,3,0,2.31231,0.84798,0.36672,2.87231,-0.01069,0.35484,0.21569,0.07579,0.16548,0.16771,0.13089,7,1,none,a0:collision_margin:34;a1:fixture_snag:41;a2:none:75
1,1002,hidden_wall_abort_1_1002_0,hidden_wall_abort,constraint_classifier,0.00,1,1,1,1,3,0,2.22740,0.84798,0.38070,2.78740,-0.01609,0.27405,0.15878,0.10578,0.19638,0.20847,0.19668,7,1,none,a0:collision_margin:37;a1:fixture_snag:35;a2:none:73
1,1002,hidden_wall_abort_1_1002_0,hidden_wall_abort,abort_constraint_discovery,0.00,0,1,1,1,5,0,2.85300,0.84798,0.10403,3.95300,-0.01530,0.45217,0.29213,0.06486,0.08746,0.11891,0.11842,7,1,fixture_snag,a0:collision_margin:43;a1:fixture_snag:34;a2:fixture_snag:34;a3:fixture_snag:35;a4:fixture_snag:33
1,1002,hidden_wall_abort_1_1002_0,hidden_wall_abort,oracle_constraints,0.00,1,0,0,0,1,0,1.10690,0.84798,0.76608,1.10690,0.03565,1.00000,1.00000,0.01167,0.03922,0.01315,0.04086,7,1,none,a0:none:73
1,1003,hidden_wall_abort_1_1003_0,hidden_wall_abort,ignore_aborted_actions,0.00,0,1,1,1,5,0,2.39596,0.84163,0.12294,3.49596,-0.00882,0.00000,0.00000,0.03947,0.03947,0.00000,0.00000,6,2,collision_margin,a0:collision_margin:30;a1:collision_margin:31;a2:collision_margin:30;a3:collision_margin:30;a4:collision_margin:31
1,1003,hidden_wall_abort_1_1003_0,hidden_wall_abort,negative_label_baseline,0.00,0,1,1,1,5,0,2.37959,0.84163,0.12379,3.47959,-0.00856,0.39560,0.24658,0.02943,0.01796,0.06326,0.02355,6,2,collision_margin,a0:collision_margin:34;a1:collision_margin:32;a2:collision_margin:33;a3:visible_collision:22;a4:collision_margin:35
1,1003,hidden_wall_abort_1_1003_0,hidden_wall_abort,costmap_from_collisions,0.00,1,0,0,0,1,0,1.33686,0.84163,0.62955,1.33686,0.02152,0.41667,0.26316,0.04817,0.06895,0.05087,0.07687,6,2,none,a0:none:86
1,1003,hidden_wall_abort_1_1003_0,hidden_wall_abort,risk_filter_uncertainty,0.00,1,0,0,0,1,0,1.35425,0.84163,0.62147,1.35425,0.02134,0.38384,0.23750,0.06555,0.15309,0.13181,0.09765,6,2,none,a0:none:86
1,1003,hidden_wall_abort_1_1003_0,hidden_wall_abort,constraint_classifier,0.00,1,0,0,0,1,0,1.36485,0.84163,0.61664,1.36485,0.04349,0.33010,0.19767,0.09759,0.19504,0.14715,0.17452,6,2,none,a0:none:86
1,1003,hidden_wall_abort_1_1003_0,hidden_wall_abort,abort_constraint_discovery,0.00,1,1,0,1,2,0,2.33309,0.84163,0.36073,2.61309,0.02678,0.30040,0.17674,0.08217,0.10666,0.10146,0.13573,6,2,none,a0:visible_collision:58;a1:none:92
1,1003,hidden_wall_abort_1_1003_0,hidden_wall_abort,oracle_constraints,0.00,1,0,0,0,1,0,1.34252,0.84163,0.62690,1.34252,0.05213,1.00000,1.00000,0.01116,0.03776,0.00717,0.03947,6,2,none,a0:none:82
1,1004,hidden_wall_abort_1_1004_0,hidden_wall_abort,ignore_aborted_actions,0.00,0,1,1,1,5,0,2.14588,0.83303,0.13587,3.24588,-0.01319,0.00000,0.00000,0.03947,0.03947,0.00000,0.00000,8,0,collision_margin,a0:collision_margin:29;a1:collision_margin:30;a2:visible_collision:13;a3:collision_margin:31;a4:collision_margin:31
1,1004,hidden_wall_abort_1_1004_0,hidden_wall_abort,negative_label_baseline,0.00,0,1,1,1,5,0,2.67725,0.83303,0.10890,3.77725,-0.01590,0.35294,0.21429,0.02879,0.01079,0.09327,0.01939,8,0,collision_margin,a0:collision_margin:33;a1:collision_margin:34;a2:collision_margin:34;a3:collision_margin:34;a4:collision_margin:34
1,1004,hidden_wall_abort_1_1004_0,hidden_wall_abort,costmap_from_collisions,0.00,1,1,0,1,2,0,1.91265,0.83303,0.43554,2.19265,0.01718,0.42927,0.27329,0.05312,0.08295,0.05766,0.10249,8,0,none,a0:visible_collision:40;a1:none:85
1,1004,hidden_wall_abort_1_1004_0,hidden_wall_abort,risk_filter_uncertainty,0.00,1,0,0,0,1,0,1.34226,0.83303,0.62062,1.34226,0.00685,0.40191,0.25150,0.06537,0.15483,0.13799,0.10526,8,0,none,a0:none:86
1,1004,hidden_wall_abort_1_1004_0,hidden_wall_abort,constraint_classifier,0.00,1,0,0,0,1,0,1.43385,0.83303,0.58098,1.43385,0.04242,0.30137,0.17742,0.11168,0.21622,0.15569,0.21330,8,0,none,a0:none:93
1,1004,hidden_wall_abort_1_1004_0,hidden_wall_abort,abort_constraint_discovery,0.00,1,0,0,0,1,0,1.39344,0.83303,0.59783,1.39344,0.04555,0.36364,0.22222,0.08710,0.11564,0.08279,0.15097,8,0,none,a0:none:90
1,1004,hidden_wall_abort_1_1004_0,hidden_wall_abort,oracle_constraints,0.00,1,0,0,0,1,0,1.25836,0.83303,0.66200,1.25836,0.04299,1.00000,1.00000,0.01203,0.03849,0.00983,0.03947,8,0,none,a0:none:80
1,1005,hidden_wall_abort_1_1005_0,hidden_wall_abort,ignore_aborted_actions,0.00,1,0,0,0,1,0,1.13474,0.84289,0.74281,1.13474,0.00036,0.00000,0.00000,0.03947,0.03947,0.00000,0.00000,7,1,none,a0:none:66
1,1005,hidden_wall_abort_1_1005_0,hidden_wall_abort,negative_label_baseline,0.00,1,1,0,0,2,0,1.57901,0.84289,0.53381,1.85901,-0.00347,0.36782,0.22535,0.02992,0.01605,0.02861,0.02078,7,1,none,a0:fixture_snag:28;a1:none:68
1,1005,hidden_wall_abort_1_1005_0,hidden_wall_abort,costmap_from_collisions,0.00,1,1,1,1,3,0,2.03014,0.84289,0.41519,2.59014,-0.00679,0.44444,0.28571,0.05247,0.08426,0.11389,0.09765,7,1,none,a0:fixture_snag:32;a1:fixture_snag:29;a2:none:70
1,1005,hidden_wall_abort_1_1005_0,hidden_wall_abort,risk_filter_uncertainty,0.00,1,1,1,1,4,0,2.55560,0.84289,0.32982,3.39560,-0.01450,0.40316,0.25248,0.07247,0.17032,0.19683,0.13573,7,1,none,a0:fixture_snag:32;a1:fixture_snag:29;a2:fixture_snag:35;a3:none:70
1,1005,hidden_wall_abort_1_1005_0,hidden_wall_abort,constraint_classifier,0.00,1,1,1,0,3,0,2.34215,0.84289,0.35988,2.90215,-0.00065,0.28415,0.16561,0.11021,0.21164,0.11328,0.21399,7,1,none,a0:fixture_snag:33;a1:fixture_snag:27;a2:none:99
1,1005,hidden_wall_abort_1_1005_0,hidden_wall_abort,abort_constraint_discovery,0.00,1,0,0,0,1,0,1.54272,0.84289,0.54636,1.54272,0.04118,0.36948,0.22660,0.07568,0.09620,0.01613,0.13296,7,1,none,a0:none:101
1,1005,hidden_wall_abort_1_1005_0,hidden_wall_abort,oracle_constraints,0.00,1,0,0,0,1,0,1.07701,0.84289,0.78262,1.07701,0.04564,1.00000,1.00000,0.01116,0.03821,0.00651,0.03947,7,1,none,a0:none:68
1,1006,hidden_wall_abort_1_1006_0,hidden_wall_abort,ignore_aborted_actions,0.00,0,1,1,1,5,0,2.67625,0.84059,0.10993,3.77625,-0.02571,0.00000,0.00000,0.04086,0.04086,0.00000,0.00000,8,0,fixture_snag,a0:fixture_snag:35;a1:fixture_snag:34;a2:fixture_snag:34;a3:fixture_snag:35;a4:fixture_snag:33
1,1006,hidden_wall_abort_1_1006_0,hidden_wall_abort,negative_label_baseline,0.00,1,0,0,0,1,0,1.08115,0.84059,0.77749,1.08115,0.04684,0.29545,0.17333,0.02888,0.00877,0.01056,0.02008,8,0,none,a0:none:71
1,1006,hidden_wall_abort_1_1006_0,hidden_wall_abort,costmap_from_collisions,0.00,1,0,0,0,1,0,1.17268,0.84059,0.71681,1.17268,0.00124,0.45918,0.29801,0.05098,0.08173,0.04482,0.09488,8,0,none,a0:none:75
1,1006,hidden_wall_abort_1_1006_0,hidden_wall_abort,risk_filter_uncertainty,0.00,1,0,0,0,1,0,1.15907,0.84059,0.72523,1.15907,0.00405,0.41048,0.25824,0.06867,0.16031,0.13163,0.11773,8,0,none,a0:none:75
1,1006,hidden_wall_abort_1_1006_0,hidden_wall_abort,constraint_classifier,0.00,1,0,0,0,1,0,1.15825,0.84059,0.72574,1.15825,0.04631,0.27518,0.15954,0.12805,0.23732,0.24669,0.24100,8,0,none,a0:none:71
1,1006,hidden_wall_abort_1_1006_0,hidden_wall_abort,abort_constraint_discovery,0.00,1,1,0,1,2,0,2.70592,0.84059,0.31065,2.98592,-0.01235,0.36545,0.22358,0.09399,0.13062,0.04084,0.16759,8,0,none,a0:collision_margin:46;a1:none:120
1,1006,hidden_wall_abort_1_1006_0,hidden_wall_abort,oracle_constraints,0.00,1,0,0,0,1,0,1.11455,0.84059,0.75419,1.11455,0.05005,1.00000,1.00000,0.01172,0.03855,0.00562,0.04086,8,0,none,a0:none:71
1,1007,hidden_wall_abort_1_1007_0,hidden_wall_abort,ignore_aborted_actions,0.00,0,1,1,1,5,0,2.40839,0.85736,0.12460,3.50839,-0.00733,0.00000,0.00000,0.04155,0.04155,0.00000,0.00000,7,1,collision_margin,a0:collision_margin:38;a1:visible_collision:20;a2:collision_margin:38;a3:visible_collision:20;a4:collision_margin:38
1,1007,hidden_wall_abort_1_1007_0,hidden_wall_abort,negative_label_baseline,0.00,0,1,1,1,5,0,3.02896,0.85736,0.09907,4.12896,-0.01511,0.58586,0.41429,0.02379,0.01337,0.05830,0.02701,7,1,collision_margin,a0:collision_margin:37;a1:collision_margin:41;a2:collision_margin:39;a3:collision_margin:39;a4:collision_margin:40
1,1007,hidden_wall_abort_1_1007_0,hidden_wall_abort,costmap_from_collisions,0.00,1,1,1,1,5,0,4.11728,0.85736,0.20824,5.23728,-0.00852,0.48182,0.31737,0.05358,0.09769,0.04224,0.11080,7,1,none,a0:collision_margin:39;a1:collision_margin:49;a2:collision_margin:38;a3:collision_margin:47;a4:none:94
1,1007,hidden_wall_abort_1_1007_0,hidden_wall_abort,risk_filter_uncertainty,0.00,1,1,1,0,3,0,2.69742,0.85736,0.31785,3.25742,-0.00276,0.44177,0.28351,0.07092,0.16939,0.13815,0.13089,7,1,none,a0:collision_margin:39;a1:collision_margin:49;a2:none:94
1,1007,hidden_wall_abort_1_1007_0,hidden_wall_abort,constraint_classifier,0.00,1,0,0,0,1,0,1.47233,0.85736,0.58232,1.47233,0.03673,0.29231,0.17117,0.11749,0.21675,0.06759,0.22853,7,1,none,a0:none:94
1,1007,hidden_wall_abort_1_1007_0,hidden_wall_abort,abort_constraint_discovery,0.00,1,0,0,0,1,0,1.38442,0.85736,0.61929,1.38442,0.04057,0.36299,0.22174,0.08635,0.12340,0.07076,0.15305,7,1,none,a0:none:92
1,1007,hidden_wall_abort_1_1007_0,hidden_wall_abort,oracle_constraints,0.00,1,0,0,0,1,0,1.39524,0.85736,0.61449,1.39524,0.04221,1.00000,1.00000,0.01213,0.03860,0.00845,0.04155,7,1,none,a0:none:85
1,1008,hidden_wall_abort_1_1008_0,hidden_wall_abort,ignore_aborted_actions,0.00,0,1,1,1,5,0,2.35451,0.84875,0.12617,3.45451,-0.01531,0.00000,0.00000,0.04017,0.04017,0.00000,0.00000,7,1,fixture_snag,a0:fixture_snag:30;a1:fixture_snag:31;a2:fixture_snag:30;a3:fixture_snag:30;a4:fixture_snag:30
1,1008,hidden_wall_abort_1_1008_0,hidden_wall_abort,negative_label_baseline,0.00,0,1,1,1,5,0,2.45824,0.84875,0.12084,3.55824,-0.01200,0.32967,0.19737,0.03001,0.01236,0.07423,0.02285,7,1,fixture_snag,a0:fixture_snag:30;a1:fixture_snag:33;a2:fixture_snag:32;a3:fixture_snag:30;a4:fixture_snag:32
1,1008,hidden_wall_abort_1_1008_0,hidden_wall_abort,costmap_from_collisions,0.00,1,0,0,0,1,0,1.19585,0.84875,0.70974,1.19585,0.02548,0.44086,0.28276,0.04943,0.07157,0.01772,0.08864,7,1,none,a0:none:80
1,1008,hidden_wall_abort_1_1008_0,hidden_wall_abort,risk_filter_uncertainty,0.00,1,0,0,0,1,0,1.21212,0.84875,0.70021,1.21212,0.02226,0.40367,0.25287,0.06671,0.15703,0.11289,0.11080,7,1,none,a0:none:80
1,1008,hidden_wall_abort_1_1008_0,hidden_wall_abort,constraint_classifier,0.00,1,0,0,0,1,0,1.25301,0.84875,0.67737,1.25301,0.02713,0.28485,0.16608,0.10755,0.19965,0.16320,0.18837,7,1,none,a0:none:80
1,1008,hidden_wall_abort_1_1008_0,hidden_wall_abort,abort_constraint_discovery,0.00,1,0,0,0,1,0,1.20859,0.84875,0.70226,1.20859,0.01710,0.26335,0.15164,0.10260,0.12204,0.09107,0.15443,7,1,none,a0:none:80
1,1008,hidden_wall_abort_1_1008_0,hidden_wall_abort,oracle_constraints,0.00,1,0,0,0,1,0,1.20443,0.84875,0.70469,1.20443,0.02589,1.00000,1.00000,0.01121,0.03793,0.01791,0.04017,7,1,none,a0:none:80
1,2000,force_limit_abort_1_2000_0,force_limit_abort,ignore_aborted_actions,0.00,0,1,1,1,5,0,2.62178,0.84439,0.11272,3.72178,-0.00991,0.00000,0.00000,0.04432,0.04432,0.00000,0.00000,5,3,force_limit,a0:force_limit:30;a1:force_limit:32;a2:force_limit:31;a3:force_limit:30;a4:force_limit:30
1,2000,force_limit_abort_1_2000_0,force_limit_abort,negative_label_baseline,0.00,1,0,0,0,1,0,1.23247,0.84439,0.68511,1.23247,0.02186,0.12658,0.06757,0.03946,0.03076,0.01115,0.01039,5,3,none,a0:none:70
1,2000,force_limit_abort_1_2000_0,force_limit_abort,costmap_from_collisions,0.00,1,0,0,0,1,0,1.22361,0.84439,0.69008,1.22361,0.09968,0.37975,0.23438,0.04446,0.04349,0.02007,0.06510,5,3,none,a0:none:78
1,2000,force_limit_abort_1_2000_0,force_limit_abort,risk_filter_uncertainty,0.00,1,0,0,0,1,0,1.22626,0.84439,0.68859,1.22626,0.08078,0.33939,0.20438,0.05630,0.11539,0.11073,0.06994,5,3,none,a0:none:76
1,2000,force_limit_abort_1_2000_0,force_limit_abort,constraint_classifier,0.00,1,0,0,0,1,0,1.59066,0.84439,0.53084,1.59066,0.08580,0.38356,0.23729,0.06859,0.12596,0.04625,0.10734,5,3,none,a0:none:92
1,2000,force_limit_abort_1_2000_0,force_limit_abort,abort_constraint_discovery,0.00,1,1,0,1,2,0,3.89026,0.84439,0.21705,4.17026,0.17125,0.41584,0.26250,0.08628,0.16758,0.05308,0.16551,5,3,none,a0:visible_collision:95;a1:none:120
1,2000,force_limit_abort_1_2000_0,force_limit_abort,oracle_constraints,0.00,1,0,0,0,1,0,1.26966,0.84439,0.66505,1.26966,0.06058,1.00000,1.00000,0.00582,0.02072,0.00675,0.04432,5,3,none,a0:none:74
1,2001,force_limit_abort_1_2001_0,force_limit_abort,ignore_aborted_actions,0.00,0,1,1,1,5,0,2.96016,0.85431,0.10101,4.06016,-0.01913,0.00000,0.00000,0.04501,0.04501,0.00000,0.00000,4,4,force_limit,a0:force_limit:35;a1:force_limit:35;a2:force_limit:34;a3:force_limit:36;a4:force_limit:34
1,2001,force_limit_abort_1_2001_0,force_limit_abort,negative_label_baseline,0.00,1,1,0,1,2,0,1.88675,0.85431,0.45279,2.16675,-0.00608,0.20779,0.11594,0.03735,0.02833,0.04371,0.00831,4,4,none,a0:force_limit:42;a1:none:72
1,2001,force_limit_abort_1_2001_0,force_limit_abort,costmap_from_collisions,0.00,1,0,0,0,1,0,1.37548,0.85431,0.62110,1.37548,0.00158,0.30645,0.18095,0.04246,0.03182,0.03515,0.04086,4,4,none,a0:none:82
1,2001,force_limit_abort_1_2001_0,force_limit_abort,risk_filter_uncertainty,0.00,1,0,0,0,1,0,1.30822,0.85431,0.65303,1.30822,0.00060,0.29032,0.16981,0.05338,0.09963,0.10536,0.04086,4,4,none,a0:none:80
1,2001,force_limit_abort_1_2001_0,force_limit_abort,constraint_classifier,0.00,1,1,0,1,2,0,2.94066,0.85431,0.29052,3.22066,-0.00094,0.44444,0.28571,0.06557,0.12860,0.03692,0.11080,4,4,none,a0:force_limit:68;a1:none:105
1,2001,force_limit_abort_1_2001_0,force_limit_abort,abort_constraint_discovery,0.00,1,0,0,0,1,0,1.96987,0.85431,0.43369,1.96987,0.06819,0.43192,0.27545,0.05700,0.10227,0.03485,0.10249,4,4,none,a0:none:120
1,2001,force_limit_abort_1_2001_0,force_limit_abort,oracle_constraints,0.00,1,1,1,1,4,0,2.18699,0.85431,0.39063,3.02699,0.06924,1.00000,1.00000,0.00563,0.02051,0.00604,0.04501,4,4,none,a0:visible_collision:23;a1:visible_collision:22;a2:visible_collision:23;a3:none:74
1,2002,force_limit_abort_1_2002_0,force_limit_abort,ignore_aborted_actions,0.00,1,0,0,0,1,0,1.11135,0.84837,0.76337,1.11135,0.17278,0.00000,0.00000,0.04709,0.04709,0.00000,0.00000,3,5,none,a0:none:65
1,2002,force_limit_abort_1_2002_0,force_limit_abort,negative_label_baseline,0.00,1,0,0,0,1,0,1.25960,0.84837,0.67352,1.25960,0.20233,0.10526,0.05556,0.04328,0.04065,0.02039,0.00554,3,5,none,a0:none:69
1,2002,force_limit_abort_1_2002_0,force_limit_abort,costmap_from_collisions,0.00,1,0,0,0,1,0,1.22733,0.84837,0.69123,1.22733,0.19881,0.28571,0.16667,0.04586,0.03387,0.02609,0.04017,3,5,none,a0:none:75
1,2002,force_limit_abort_1_2002_0,force_limit_abort,risk_filter_uncertainty,0.00,1,0,0,0,1,0,1.29253,0.84837,0.65636,1.29253,0.19888,0.23077,0.13043,0.05464,0.09580,0.11005,0.04294,3,5,none,a0:none:76
1,2002,force_limit_abort_1_2002_0,force_limit_abort,constraint_classifier,0.00,1,0,0,0,1,0,1.12647,0.84837,0.75312,1.12647,0.16744,0.21762,0.12209,0.07403,0.08562,0.14255,0.08657,3,5,none,a0:none:65
1,2002,force_limit_abort_1_2002_0,force_limit_abort,abort_constraint_discovery,0.00,1,0,0,0,1,0,1.22784,0.84837,0.69094,1.22784,0.20132,0.38367,0.23737,0.07483,0.13435,0.04297,0.12258,3,5,none,a0:none:77
1,2002,force_limit_abort_1_2002_0,force_limit_abort,oracle_constraints,0.00,1,1,1,1,3,0,1.67358,0.84837,0.50692,2.23358,0.17538,1.00000,1.00000,0.00547,0.02042,0.00002,0.04709,3,5,none,a0:visible_collision:16;a1:visible_collision:18;a2:none:65
1,2003,force_limit_abort_1_2003_0,force_limit_abort,ignore_aborted_actions,0.00,0,1,1,1,5,0,4.26298,0.83489,0.06855,5.36298,0.19340,0.00000,0.00000,0.04778,0.04778,0.00000,0.00000,7,1,visible_collision,a0:visible_collision:51;a1:visible_collision:51;a2:visible_collision:51;a3:visible_collision:48;a4:visible_collision:51
1,2003,force_limit_abort_1_2003_0,force_limit_abort,negative_label_baseline,0.00,1,0,0,0,1,0,1.19019,0.83489,0.70147,1.19019,0.11929,0.19780,0.10976,0.04170,0.03060,0.00084,0.01524,7,1,none,a0:none:72
1,2003,force_limit_abort_1_2003_0,force_limit_abort,costmap_from_collisions,0.00,1,0,0,0,1,0,1.21215,0.83489,0.68877,1.21215,0.09291,0.37306,0.22930,0.05624,0.06711,0.02985,0.08587,7,1,none,a0:none:74
1,2003,force_limit_abort_1_2003_0,force_limit_abort,risk_filter_uncertainty,0.00,1,0,0,0,1,0,1.30158,0.83489,0.64144,1.30158,0.09447,0.32323,0.19277,0.06876,0.13427,0.11551,0.08934,7,1,none,a0:none:74
1,2003,force_limit_abort_1_2003_0,force_limit_abort,constraint_classifier,0.00,1,0,0,0,1,0,1.35166,0.83489,0.61768,1.35166,0.04447,0.23140,0.13084,0.12606,0.20372,0.07215,0.20360,7,1,none,a0:none:80
1,2003,force_limit_abort_1_2003_0,force_limit_abort,abort_constraint_discovery,0.00,1,0,0,0,1,0,1.23056,0.83489,0.67846,1.23056,0.26611,0.44746,0.28821,0.07973,0.16958,0.05356,0.15651,7,1,none,a0:none:78
1,2003,force_limit_abort_1_2003_0,force_limit_abort,oracle_constraints,0.00,1,1,1,1,3,0,2.82844,0.83489,0.29518,3.38844,0.24163,1.00000,1.00000,0.00555,0.02046,0.00000,0.04778,7,1,none,a0:visible_collision:53;a1:visible_collision:50;a2:none:68
1,2004,force_limit_abort_1_2004_0,force_limit_abort,ignore_aborted_actions,0.00,1,0,0,0,1,0,1.03191,0.83610,0.81025,1.03191,0.31934,0.00000,0.00000,0.04778,0.04778,0.00000,0.00000,2,6,none,a0:none:65
1,2004,force_limit_abort_1_2004_0,force_limit_abort,negative_label_baseline,0.00,1,0,0,0,1,0,1.13945,0.83610,0.73378,1.13945,0.31702,0.10667,0.05634,0.04306,0.03832,0.00000,0.00416,2,6,none,a0:none:65
1,2004,force_limit_abort_1_2004_0,force_limit_abort,costmap_from_collisions,0.00,1,0,0,0,1,0,1.16025,0.83610,0.72062,1.16025,0.31659,0.33871,0.20388,0.03881,0.01672,0.00000,0.03809,2,6,none,a0:none:65
1,2004,force_limit_abort_1_2004_0,force_limit_abort,risk_filter_uncertainty,0.00,1,0,0,0,1,0,1.03328,0.83610,0.80917,1.03328,0.31909,0.28571,0.16667,0.04976,0.09308,0.09925,0.03947,2,6,none,a0:none:65
1,2004,force_limit_abort_1_2004_0,force_limit_abort,constraint_classifier,0.00,1,0,0,0,1,0,1.07126,0.83610,0.78049,1.07126,0.32312,0.42105,0.26667,0.04669,0.06679,0.00000,0.05748,2,6,none,a0:none:65
1,2004,force_limit_abort_1_2004_0,force_limit_abort,abort_constraint_discovery,0.00,1,0,0,0,1,0,1.20853,0.83610,0.69183,1.20853,0.31573,0.48341,0.31875,0.05360,0.10303,0.00465,0.09834,2,6,none,a0:none:65
1,2004,force_limit_abort_1_2004_0,force_limit_abort,oracle_constraints,0.00,1,0,0,0,1,0,1.10743,0.83610,0.75499,1.10743,0.32366,1.00000,1.00000,0.00569,0.02049,0.00000,0.04778,2,6,none,a0:none:65
1,2005,force_limit_abort_1_2005_0,force_limit_abort,ignore_aborted_actions,0.00,1,0,0,0,1,0,1.11405,0.85827,0.77040,1.11405,0.22398,0.00000,0.00000,0.04709,0.04709,0.00000,0.00000,3,5,none,a0:none:67
1,2005,force_limit_abort_1_2005_0,force_limit_abort,negative_label_baseline,0.00,1,0,0,0,1,0,1.07080,0.85827,0.80151,1.07080,0.22864,0.10390,0.05479,0.04359,0.03770,0.00051,0.00623,3,5,none,a0:none:67
1,2005,force_limit_abort_1_2005_0,force_limit_abort,costmap_from_collisions,0.00,1,0,0,0,1,0,1.17246,0.85827,0.73202,1.17246,0.20274,0.29032,0.16981,0.04688,0.03772,0.01520,0.03878,3,5,none,a0:none:69
1,2005,force_limit_abort_1_2005_0,force_limit_abort,risk_filter_uncertainty,0.00,1,0,0,0,1,0,1.17425,0.85827,0.73091,1.17425,0.22765,0.24427,0.13913,0.05559,0.09951,0.10205,0.04363,3,5,none,a0:none:69
1,2005,force_limit_abort_1_2005_0,force_limit_abort,constraint_classifier,0.00,1,0,0,0,1,0,1.08506,0.85827,0.79098,1.08506,0.22678,0.21277,0.11905,0.06637,0.07567,0.01504,0.05055,3,5,none,a0:none:67
1,2005,force_limit_abort_1_2005_0,force_limit_abort,abort_constraint_discovery,0.00,1,0,0,0,1,0,1.16330,0.85827,0.73779,1.16330,0.22232,0.40367,0.25287,0.06050,0.09849,0.04389,0.10388,3,5,none,a0:none:67
1,2005,force_limit_abort_1_2005_0,force_limit_abort,oracle_constraints,0.00,1,0,0,0,1,0,1.16848,0.85827,0.73452,1.16848,0.22349,1.00000,1.00000,0.00555,0.02040,0.00000,0.04709,3,5,none,a0:none:67
1,2006,force_limit_abort_1_2006_0,force_limit_abort,ignore_aborted_actions,0.00,0,1,1,1,5,0,3.19647,0.82886,0.09076,4.29647,-0.00844,0.00000,0.00000,0.04363,0.04363,0.00000,0.00000,4,4,force_limit,a0:force_limit:39;a1:force_limit:37;a2:force_limit:38;a3:force_limit:38;a4:force_limit:37
1,2006,force_limit_abort_1_2006_0,force_limit_abort,negative_label_baseline,0.00,1,0,0,0,1,0,1.17748,0.82886,0.70393,1.17748,0.07313,0.17949,0.09859,0.03923,0.03232,0.00218,0.01039,4,4,none,a0:none:69
1,2006,force_limit_abort_1_2006_0,force_limit_abort,costmap_from_collisions,0.00,1,0,0,0,1,0,1.24846,0.82886,0.66391,1.24846,0.10024,0.32877,0.19672,0.04505,0.03945,0.02009,0.05748,4,4,none,a0:none:75
1,2006,force_limit_abort_1_2006_0,force_limit_abort,risk_filter_uncertainty,0.00,1,0,0,0,1,0,1.18132,0.82886,0.70164,1.18132,0.09476,0.30573,0.18045,0.05555,0.11139,0.11459,0.06510,4,4,none,a0:none:71
1,2006,force_limit_abort_1_2006_0,force_limit_abort,constraint_classifier,0.00,1,0,0,0,1,0,1.19492,0.82886,0.69365,1.19492,0.09833,0.23853,0.13542,0.08063,0.10590,0.03009,0.10734,4,4,none,a0:none:73
1,2006,force_limit_abort_1_2006_0,force_limit_abort,abort_constraint_discovery,0.00,1,0,0,0,1,0,2.04272,0.82886,0.40576,2.04272,0.05251,0.47414,0.31073,0.05988,0.11919,0.04469,0.11704,4,4,none,a0:none:120
1,2006,force_limit_abort_1_2006_0,force_limit_abort,oracle_constraints,0.00,1,0,0,0,1,0,1.33187,0.82886,0.62233,1.33187,0.07923,1.00000,1.00000,0.00561,0.02048,0.00295,0.04363,4,4,none,a0:none:69
1,2007,force_limit_abort_1_2007_0,force_limit_abort,ignore_aborted_actions,0.00,0,1,1,1,5,0,3.78139,0.85316,0.07897,4.88139,-0.01858,0.00000,0.00000,0.04501,0.04501,0.00000,0.00000,4,4,force_limit,a0:force_limit:43;a1:force_limit:44;a2:force_limit:44;a3:force_limit:44;a4:force_limit:43
1,2007,force_limit_abort_1_2007_0,force_limit_abort,negative_label_baseline,0.00,1,1,0,1,2,0,2.12887,0.85316,0.40076,2.40887,0.01328,0.26190,0.15068,0.03707,0.03288,0.00073,0.01316,4,4,none,a0:visible_collision:50;a1:none:76
1,2007,force_limit_abort_1_2007_0,force_limit_abort,costmap_from_collisions,0.00,1,0,0,0,1,0,1.24688,0.85316,0.68423,1.24688,0.06475,0.33566,0.20168,0.04508,0.03951,0.02678,0.05402,4,4,none,a0:none:76
1,2007,force_limit_abort_1_2007_0,force_limit_abort,risk_filter_uncertainty,0.00,1,0,0,0,1,0,1.25242,0.85316,0.68121,1.25242,0.06806,0.33103,0.19835,0.05430,0.10290,0.11149,0.05540,4,4,none,a0:none:76
1,2007,force_limit_abort_1_2007_0,force_limit_abort,constraint_classifier,0.00,1,0,0,0,1,0,1.34703,0.85316,0.63336,1.34703,0.05604,0.28571,0.16667,0.06256,0.08597,0.01169,0.08102,4,4,none,a0:none:76
1,2007,force_limit_abort_1_2007_0,force_limit_abort,abort_constraint_discovery,0.00,1,0,0,0,1,0,1.96516,0.85316,0.43414,1.96516,0.05694,0.39850,0.24883,0.08543,0.17526,0.06359,0.13920,4,4,none,a0:none:120
1,2007,force_limit_abort_1_2007_0,force_limit_abort,oracle_constraints,0.00,1,0,0,0,1,0,1.32925,0.85316,0.64183,1.32925,0.06811,1.00000,1.00000,0.00572,0.02038,0.00233,0.04501,4,4,none,a0:none:76
1,2008,force_limit_abort_1_2008_0,force_limit_abort,ignore_aborted_actions,0.00,1,0,0,0,1,0,1.13935,0.85000,0.74604,1.13935,0.13407,0.00000,0.00000,0.04363,0.04363,0.00000,0.00000,1,7,none,a0:none:67
1,2008,force_limit_abort_1_2008_0,force_limit_abort,negative_label_baseline,0.00,1,0,0,0,1,0,1.13293,0.85000,0.75027,1.13293,0.08388,0.00000,0.00000,0.04575,0.04797,0.00000,0.00277,1,7,none,a0:none:67
1,2008,force_limit_abort_1_2008_0,force_limit_abort,costmap_from_collisions,0.00,1,0,0,0,1,0,1.14981,0.85000,0.73926,1.14981,0.07804,0.00000,0.00000,0.05398,0.06280,0.00221,0.01524,1,7,none,a0:none:67
1,2008,force_limit_abort_1_2008_0,force_limit_abort,risk_filter_uncertainty,0.00,1,0,0,0,1,0,1.09326,0.85000,0.77749,1.09326,0.12305,0.00000,0.00000,0.05369,0.07816,0.09241,0.02078,1,7,none,a0:none:67
1,2008,force_limit_abort_1_2008_0,force_limit_abort,constraint_classifier,0.00,1,0,0,0,1,0,1.14581,0.85000,0.74183,1.14581,0.10899,0.00000,0.00000,0.05588,0.05433,0.00103,0.01801,1,7,none,a0:none:67
1,2008,force_limit_abort_1_2008_0,force_limit_abort,abort_constraint_discovery,0.00,1,0,0,0,1,0,1.08974,0.85000,0.78000,1.08974,0.12831,0.00000,0.00000,0.04447,0.04527,0.00000,0.00069,1,7,none,a0:none:67
1,2008,force_limit_abort_1_2008_0,force_limit_abort,oracle_constraints,0.00,1,0,0,0,1,0,1.12617,0.85000,0.75477,1.12617,0.13358,1.00000,1.00000,0.00563,0.02052,0.00019,0.04363,1,7,none,a0:none:67
1,3000,human_stop_constraint_1_3000_0,human_stop_constraint,ignore_aborted_actions,0.00,0,1,1,1,5,0,1.24454,0.85464,0.24035,2.34454,0.27241,0.00000,0.00000,0.06371,0.06371,0.00000,0.00000,4,3,visible_collision,a0:visible_collision:14;a1:visible_collision:14;a2:visible_collision:15;a3:visible_collision:19;a4:visible_collision:13
1,3000,human_stop_constraint_1_3000_0,human_stop_constraint,negative_label_baseline,0.00,1,0,0,0,1,0,1.34249,0.85464,0.63661,1.34249,0.04011,0.09346,0.04902,0.05614,0.04524,0.00338,0.01039,4,3,none,a0:none:71
1,3000,human_stop_constraint_1_3000_0,human_stop_constraint,costmap_from_collisions,0.00,1,0,0,0,1,0,1.44299,0.85464,0.59227,1.44299,0.11876,0.35577,0.21637,0.06036,0.05319,0.02573,0.08033,4,3,none,a0:none:77
1,3000,human_stop_constraint_1_3000_0,human_stop_constraint,risk_filter_uncertainty,0.00,1,0,0,0,1,0,1.49663,0.85464,0.57104,1.49663,0.03928,0.33010,0.19767,0.06894,0.11026,0.11325,0.07895,4,3,none,a0:none:75
1,3000,human_stop_constraint_1_3000_0,human_stop_constraint,constraint_classifier,0.00,1,0,0,0,1,0,1.47662,0.85464,0.57878,1.47662,0.03641,0.27682,0.16064,0.09638,0.12475,0.02235,0.13643,4,3,none,a0:none:86
1,3000,human_stop_constraint_1_3000_0,human_stop_constraint,abort_constraint_discovery,0.00,1,0,0,0,1,0,1.37117,0.85464,0.62329,1.37117,0.13365,0.47482,0.31132,0.07302,0.11832,0.05258,0.12881,4,3,none,a0:none:81
1,3000,human_stop_constraint_1_3000_0,human_stop_constraint,oracle_constraints,0.00,1,0,0,0,1,0,1.31985,0.85464,0.64753,1.31985,0.03939,1.00000,1.00000,0.00873,0.03107,0.01053,0.06371,4,3,none,a0:none:71
1,3001,human_stop_constraint_1_3001_0,human_stop_constraint,ignore_aborted_actions,0.00,1,0,0,0,1,0,1.15401,0.84839,0.73517,1.15401,0.16177,0.00000,0.00000,0.03670,0.03670,0.00000,0.00000,4,3,none,a0:none:65
1,3001,human_stop_constraint_1_3001_0,human_stop_constraint,negative_label_baseline,0.00,1,0,0,0,1,0,1.15804,0.84839,0.73261,1.15804,0.17020,0.20588,0.11475,0.03281,0.02636,0.00000,0.01039,4,3,none,a0:none:65
1,3001,human_stop_constraint_1_3001_0,human_stop_constraint,costmap_from_collisions,0.00,1,1,0,1,2,0,1.61152,0.84839,0.52645,1.89152,0.29755,0.28571,0.16667,0.05064,0.06696,0.02722,0.06994,4,3,none,a0:visible_collision:17;a1:none:75
1,3001,human_stop_constraint_1_3001_0,human_stop_constraint,risk_filter_uncertainty,0.00,1,1,0,1,2,0,1.65984,0.84839,0.51113,1.93984,0.16594,0.25455,0.14583,0.06252,0.13426,0.10834,0.07756,4,3,none,a0:visible_collision:17;a1:none:75
1,3001,human_stop_constraint_1_3001_0,human_stop_constraint,constraint_classifier,0.00,1,1,1,1,4,0,2.41391,0.84839,0.35146,3.25391,0.14953,0.25306,0.14486,0.08417,0.16076,0.11856,0.13296,4,3,none,a0:visible_collision:15;a1:visible_collision:18;a2:visible_collision:17;a3:none:78
1,3001,human_stop_constraint_1_3001_0,human_stop_constraint,abort_constraint_discovery,0.00,1,0,0,0,1,0,1.30470,0.84839,0.65026,1.30470,0.20825,0.47436,0.31092,0.03928,0.06730,0.01832,0.07133,4,3,none,a0:none:69
1,3001,human_stop_constraint_1_3001_0,human_stop_constraint,oracle_constraints,0.00,1,1,1,1,3,0,1.76904,0.84839,0.47958,2.32904,0.16170,1.00000,1.00000,0.00458,0.01664,0.00002,0.03670,4,3,none,a0:visible_collision:16;a1:visible_collision:17;a2:none:65
1,3002,human_stop_constraint_1_3002_0,human_stop_constraint,ignore_aborted_actions,0.00,1,0,0,0,1,0,1.13740,0.83581,0.73484,1.13740,0.26266,0.00000,0.00000,0.04709,0.04709,0.00000,0.00000,3,4,none,a0:none:65
1,3002,human_stop_constraint_1_3002_0,human_stop_constraint,negative_label_baseline,0.00,1,0,0,0,1,0,1.15382,0.83581,0.72438,1.15382,0.26256,0.10000,0.05263,0.04106,0.03298,0.00000,0.00831,3,4,none,a0:none:65
1,3002,human_stop_constraint_1_3002_0,human_stop_constraint,costmap_from_collisions,0.00,1,0,0,0,1,0,1.14346,0.83581,0.73094,1.14346,0.26923,0.40523,0.25410,0.04247,0.03677,0.00001,0.05886,3,4,none,a0:none:65
1,3002,human_stop_constraint_1_3002_0,human_stop_constraint,risk_filter_uncertainty,0.00,1,0,0,0,1,0,1.21073,0.83581,0.69033,1.21073,0.26708,0.35897,0.21875,0.05259,0.10825,0.09488,0.06094,3,4,none,a0:none:65
1,3002,human_stop_constraint_1_3002_0,human_stop_constraint,constraint_classifier,0.00,1,0,0,0,1,0,1.16892,0.83581,0.71503,1.16892,0.26866,0.29213,0.17105,0.08057,0.12398,0.00000,0.13781,3,4,none,a0:none:65
1,3002,human_stop_constraint_1_3002_0,human_stop_constraint,abort_constraint_discovery,0.00,1,0,0,0,1,0,1.17883,0.83581,0.70901,1.17883,0.26460,0.51232,0.34437,0.04566,0.07416,0.00175,0.09349,3,4,none,a0:none:65
1,3002,human_stop_constraint_1_3002_0,human_stop_constraint,oracle_constraints,0.00,1,0,0,0,1,0,1.22335,0.83581,0.68321,1.22335,0.26943,1.00000,1.00000,0.00555,0.01963,0.00000,0.04709,3,4,none,a0:none:65
1,3003,human_stop_constraint_1_3003_0,human_stop_constraint,ignore_aborted_actions,0.00,0,1,1,0,5,0,2.82454,0.86047,0.10662,3.92454,-0.02344,0.00000,0.00000,0.06371,0.06371,0.00000,0.00000,5,2,human_stop,a0:human_stop:32;a1:human_stop:30;a2:human_stop:32;a3:human_stop:31;a4:human_stop:31
1,3003,human_stop_constraint_1_3003_0,human_stop_constraint,negative_label_baseline,0.00,1,1,0,0,2,0,2.00119,0.86047,0.42998,2.28119,-0.01513,0.21429,0.12000,0.05155,0.03826,0.01984,0.01385,5,2,none,a0:human_stop:37;a1:none:76
1,3003,human_stop_constraint_1_3003_0,human_stop_constraint,costmap_from_collisions,0.00,1,0,0,0,1,0,1.47069,0.86047,0.58508,1.47069,0.01299,0.38776,0.24051,0.05565,0.04289,0.06856,0.07202,5,2,none,a0:none:76
1,3003,human_stop_constraint_1_3003_0,human_stop_constraint,risk_filter_uncertainty,0.00,1,0,0,0,1,0,1.40898,0.86047,0.61071,1.40898,0.00875,0.34375,0.20755,0.06552,0.10742,0.11956,0.06925,5,2,none,a0:none:76
1,3003,human_stop_constraint_1_3003_0,human_stop_constraint,constraint_classifier,0.00,1,0,0,0,1,0,1.27480,0.86047,0.67499,1.27480,0.03088,0.37226,0.22870,0.08568,0.13722,0.07597,0.12604,5,2,none,a0:none:76
1,3003,human_stop_constraint_1_3003_0,human_stop_constraint,abort_constraint_discovery,0.00,1,0,0,0,1,0,1.63631,0.86047,0.52586,1.63631,0.18570,0.49430,0.32828,0.06365,0.09489,0.01806,0.11842,5,2,none,a0:none:92
1,3003,human_stop_constraint_1_3003_0,human_stop_constraint,oracle_constraints,0.00,0,1,1,1,5,0,2.48340,0.86047,0.12127,3.58340,0.14875,1.00000,1.00000,0.00866,0.03080,0.00536,0.06371,5,2,visible_collision,a0:visible_collision:25;a1:visible_collision:27;a2:visible_collision:28;a3:visible_collision:25;a4:visible_collision:28
1,3004,human_stop_constraint_1_3004_0,human_stop_constraint,ignore_aborted_actions,0.00,1,0,0,0,1,0,1.16933,0.83729,0.71604,1.16933,0.03452,0.00000,0.00000,0.06163,0.06163,0.00000,0.00000,5,2,none,a0:none:67
1,3004,human_stop_constraint_1_3004_0,human_stop_constraint,negative_label_baseline,0.00,1,0,0,0,1,0,1.21542,0.83729,0.68889,1.21542,0.01421,0.13861,0.07447,0.05299,0.04558,0.00107,0.00831,5,2,none,a0:none:67
1,3004,human_stop_constraint_1_3004_0,human_stop_constraint,costmap_from_collisions,0.00,1,0,0,0,1,0,1.33663,0.83729,0.62641,1.33663,0.05209,0.41341,0.26056,0.04954,0.03501,0.05054,0.06233,5,2,none,a0:none:71
1,3004,human_stop_constraint_1_3004_0,human_stop_constraint,risk_filter_uncertainty,0.00,1,0,0,0,1,0,1.31286,0.83729,0.63776,1.31286,0.03959,0.35955,0.21918,0.06026,0.10277,0.10539,0.06163,5,2,none,a0:none:71
1,3004,human_stop_constraint_1_3004_0,human_stop_constraint,constraint_classifier,0.00,1,0,0,0,1,0,1.32659,0.83729,0.63116,1.32659,0.06425,0.30418,0.17937,0.08663,0.12343,0.06426,0.12050,5,2,none,a0:none:75
1,3004,human_stop_constraint_1_3004_0,human_stop_constraint,abort_constraint_discovery,0.00,1,0,0,0,1,0,1.40970,0.83729,0.59395,1.40970,0.15230,0.56170,0.39053,0.05037,0.07631,0.01883,0.10111,5,2,none,a0:none:79
1,3004,human_stop_constraint_1_3004_0,human_stop_constraint,oracle_constraints,0.00,1,0,0,0,1,0,1.29843,0.83729,0.64485,1.29843,0.04659,1.00000,1.00000,0.00868,0.03061,0.00387,0.06163,5,2,none,a0:none:69
1,3005,human_stop_constraint_1_3005_0,human_stop_constraint,ignore_aborted_actions,0.00,1,0,0,0,1,0,1.24931,0.84661,0.67766,1.24931,0.11526,0.00000,0.00000,0.06648,0.06648,0.00000,0.00000,3,4,none,a0:none:67
1,3005,human_stop_constraint_1_3005_0,human_stop_constraint,negative_label_baseline,0.00,1,0,0,0,1,0,1.32073,0.84661,0.64101,1.32073,0.15999,0.05607,0.02885,0.06330,0.06016,0.00000,0.00762,3,4,none,a0:none:67
1,3005,human_stop_constraint_1_3005_0,human_stop_constraint,costmap_from_collisions,0.00,1,0,0,0,1,0,1.22978,0.84661,0.68842,1.22978,0.16011,0.21118,0.11806,0.06739,0.05843,0.01124,0.04501,3,4,none,a0:none:67
1,3005,human_stop_constraint_1_3005_0,human_stop_constraint,risk_filter_uncertainty,0.00,1,0,0,0,1,0,1.15692,0.84661,0.73178,1.15692,0.14226,0.20482,0.11409,0.07025,0.08199,0.11341,0.04848,3,4,none,a0:none:67
1,3005,human_stop_constraint_1_3005_0,human_stop_constraint,constraint_classifier,0.00,1,0,0,0,1,0,1.14145,0.84661,0.74169,1.14145,0.17254,0.19192,0.10615,0.08507,0.08088,0.03935,0.07064,3,4,none,a0:none:67
1,3005,human_stop_constraint_1_3005_0,human_stop_constraint,abort_constraint_discovery,0.00,1,0,0,0,1,0,1.32081,0.84661,0.64098,1.32081,0.27401,0.37989,0.23448,0.06150,0.05492,0.01286,0.05748,3,4,none,a0:none:75
1,3005,human_stop_constraint_1_3005_0,human_stop_constraint,oracle_constraints,0.00,1,0,0,0,1,0,1.17213,0.84661,0.72228,1.17213,0.17326,1.00000,1.00000,0.00824,0.02796,0.00001,0.06648,3,4,none,a0:none:67
1,3006,human_stop_constraint_1_3006_0,human_stop_constraint,ignore_aborted_actions,0.00,0,1,1,0,5,0,3.28342,0.86130,0.09181,4.38342,-0.02074,0.00000,0.00000,0.06025,0.06025,0.00000,0.00000,4,3,human_stop,a0:human_stop:37;a1:human_stop:36;a2:human_stop:35;a3:human_stop:38;a4:human_stop:37
1,3006,human_stop_constraint_1_3006_0,human_stop_constraint,negative_label_baseline,0.00,1,1,1,0,5,0,3.78333,0.86130,0.22766,4.90333,-0.01713,0.23009,0.13000,0.04956,0.03760,0.02230,0.01801,4,3,none,a0:human_stop:43;a1:human_stop:31;a2:human_stop:37;a3:human_stop:33;a4:none:77
1,3006,human_stop_constraint_1_3006_0,human_stop_constraint,costmap_from_collisions,0.00,1,1,0,0,2,0,2.06569,0.86130,0.41696,2.34569,-0.00558,0.40000,0.25000,0.05259,0.04534,0.04345,0.07825,4,3,none,a0:human_stop:34;a1:none:81
1,3006,human_stop_constraint_1_3006_0,human_stop_constraint,risk_filter_uncertainty,0.00,1,1,0,0,2,0,2.02153,0.86130,0.42607,2.30153,-0.01728,0.40404,0.25316,0.06041,0.10812,0.11931,0.07687,4,3,none,a0:human_stop:33;a1:none:79
1,3006,human_stop_constraint_1_3006_0,human_stop_constraint,constraint_classifier,0.00,1,1,0,0,2,0,2.14745,0.86130,0.40108,2.42745,-0.01096,0.44444,0.28571,0.07182,0.11353,0.12051,0.12050,4,3,none,a0:human_stop:39;a1:none:81
1,3006,human_stop_constraint_1_3006_0,human_stop_constraint,abort_constraint_discovery,0.00,1,0,0,0,1,0,1.75728,0.86130,0.49014,1.75728,0.16196,0.51232,0.34437,0.04702,0.04879,0.01624,0.08033,4,3,none,a0:none:98
1,3006,human_stop_constraint_1_3006_0,human_stop_constraint,oracle_constraints,0.00,0,1,1,1,5,0,2.22927,0.86130,0.13523,3.32927,0.17623,1.00000,1.00000,0.00834,0.02870,0.00603,0.06025,4,3,visible_collision,a0:visible_collision:30;a1:human_stop:4;a2:visible_collision:29;a3:visible_collision:28;a4:visible_collision:30
1,3007,human_stop_constraint_1_3007_0,human_stop_constraint,ignore_aborted_actions,0.00,0,1,1,0,5,0,2.67402,0.84422,0.11050,3.77402,-0.02584,0.00000,0.00000,0.06163,0.06163,0.00000,0.00000,4,3,human_stop,a0:human_stop:30;a1:human_stop:28;a2:human_stop:29;a3:human_stop:30;a4:human_stop:29
1,3007,human_stop_constraint_1_3007_0,human_stop_constraint,negative_label_baseline,0.00,1,0,0,0,1,0,1.39246,0.84422,0.60628,1.39246,0.01457,0.17308,0.09474,0.04799,0.04186,0.00238,0.01039,4,3,none,a0:none:71
1,3007,human_stop_constraint_1_3007_0,human_stop_constraint,costmap_from_collisions,0.00,1,0,0,0,1,0,1.32922,0.84422,0.63512,1.32922,0.10409,0.46939,0.30667,0.04669,0.03658,0.01966,0.07410,4,3,none,a0:none:77
1,3007,human_stop_constraint_1_3007_0,human_stop_constraint,risk_filter_uncertainty,0.00,1,0,0,0,1,0,1.38323,0.84422,0.61032,1.38323,0.07362,0.45556,0.29496,0.05334,0.09892,0.11407,0.06302,4,3,none,a0:none:75
1,3007,human_stop_constraint_1_3007_0,human_stop_constraint,constraint_classifier,0.00,1,0,0,0,1,0,1.33215,0.84422,0.63373,1.33215,0.04027,0.38627,0.23936,0.06839,0.08233,0.04904,0.09972,4,3,none,a0:none:73
1,3007,human_stop_constraint_1_3007_0,human_stop_constraint,abort_constraint_discovery,0.00,1,0,0,0,1,0,1.33391,0.84422,0.63289,1.33391,0.12836,0.50000,0.33333,0.06781,0.11111,0.07245,0.12950,4,3,none,a0:none:79
1,3007,human_stop_constraint_1_3007_0,human_stop_constraint,oracle_constraints,0.00,1,0,0,0,1,0,1.35318,0.84422,0.62388,1.35318,0.03424,1.00000,1.00000,0.00863,0.03094,0.00774,0.06163,4,3,none,a0:none:73
1,3008,human_stop_constraint_1_3008_0,human_stop_constraint,ignore_aborted_actions,0.00,0,1,1,0,5,0,2.62486,0.86436,0.11525,3.72486,-0.01486,0.00000,0.00000,0.05402,0.05402,0.00000,0.00000,2,5,human_stop,a0:human_stop:29;a1:human_stop:30;a2:human_stop:29;a3:human_stop:29;a4:human_stop:29
1,3008,human_stop_constraint_1_3008_0,human_stop_constraint,negative_label_baseline,0.00,1,1,1,0,3,0,2.60175,0.86436,0.33222,3.16175,-0.01790,0.25532,0.14634,0.03842,0.03336,0.01827,0.01108,2,5,none,a0:human_stop:25;a1:human_stop:38;a2:none:78
1,3008,human_stop_constraint_1_3008_0,human_stop_constraint,costmap_from_collisions,0.00,1,0,0,0,1,0,1.44560,0.86436,0.59793,1.44560,0.01033,0.50704,0.33962,0.03199,0.01336,0.02428,0.04432,2,5,none,a0:none:82
1,3008,human_stop_constraint_1_3008_0,human_stop_constraint,risk_filter_uncertainty,0.00,1,1,0,0,2,0,2.09054,0.86436,0.41346,2.37054,-0.00716,0.56790,0.39655,0.04299,0.09777,0.10669,0.05817,2,5,none,a0:human_stop:32;a1:none:84
1,3008,human_stop_constraint_1_3008_0,human_stop_constraint,constraint_classifier,0.00,1,0,0,0,1,0,1.47332,0.86436,0.58667,1.47332,0.02756,0.43689,0.27950,0.05031,0.05565,0.03005,0.08864,2,5,none,a0:none:84
1,3008,human_stop_constraint_1_3008_0,human_stop_constraint,abort_constraint_discovery,0.00,1,0,0,0,1,0,1.67500,0.86436,0.51604,1.67500,0.11451,0.57277,0.40132,0.04266,0.05973,0.02915,0.09349,2,5,none,a0:none:92
1,3008,human_stop_constraint_1_3008_0,human_stop_constraint,oracle_constraints,0.00,1,0,0,0,1,0,1.36454,0.86436,0.63345,1.36454,0.05508,1.00000,1.00000,0.00587,0.02117,0.00512,0.05402,2,5,none,a0:none:78
1,4000,combined_abort_stress_1_4000_0,combined_abort_stress,ignore_aborted_actions,0.00,0,1,1,1,5,0,2.28106,0.82545,0.12665,3.38106,-0.02404,0.00000,0.00000,0.11357,0.11357,0.00000,0.00000,11,0,collision_margin,a0:collision_margin:21;a1:collision_margin:21;a2:collision_margin:21;a3:collision_margin:21;a4:collision_margin:22
1,4000,combined_abort_stress_1_4000_0,combined_abort_stress,negative_label_baseline,0.00,0,1,1,1,5,0,2.68870,0.82545,0.10745,3.78870,-0.02660,0.22439,0.12637,0.09258,0.07278,0.08346,0.02839,11,0,collision_margin,a0:collision_margin:25;a1:collision_margin:21;a2:collision_margin:21;a3:collision_margin:22;a4:collision_margin:22
1,4000,combined_abort_stress_1_4000_0,combined_abort_stress,costmap_from_collisions,0.00,1,0,0,0,1,0,1.46820,0.82545,0.56222,1.46820,0.05070,0.39865,0.24895,0.09384,0.07293,0.02299,0.09141,11,0,none,a0:none:75
1,4000,combined_abort_stress_1_4000_0,combined_abort_stress,risk_filter_uncertainty,0.00,1,0,0,0,1,0,1.60639,0.82545,0.51385,1.60639,0.03025,0.40000,0.25000,0.09735,0.08606,0.14151,0.11496,11,0,none,a0:none:75
1,4000,combined_abort_stress_1_4000_0,combined_abort_stress,constraint_classifier,0.00,1,0,0,0,1,0,1.55246,0.82545,0.53170,1.55246,0.02882,0.39560,0.24658,0.13254,0.15264,0.17700,0.20152,11,0,none,a0:none:77
1,4000,combined_abort_stress_1_4000_0,combined_abort_stress,abort_constraint_discovery,0.00,1,1,0,1,2,0,2.69812,0.82545,0.30594,2.97812,0.02957,0.40181,0.25141,0.14218,0.13762,0.17488,0.19321,11,0,none,a0:visible_collision:51;a1:none:80
1,4000,combined_abort_stress_1_4000_0,combined_abort_stress,oracle_constraints,0.00,1,0,0,0,1,0,1.35820,0.82545,0.60775,1.35820,0.03734,1.00000,1.00000,0.01844,0.06123,0.00773,0.11357,11,0,none,a0:none:75
1,4001,combined_abort_stress_1_4001_0,combined_abort_stress,ignore_aborted_actions,0.00,0,1,1,1,5,0,4.21187,0.86112,0.07156,5.31187,-0.00703,0.00000,0.00000,0.12396,0.12396,0.00000,0.00000,11,0,unstable_slip,a0:unstable_slip:35;a1:unstable_slip:36;a2:unstable_slip:34;a3:unstable_slip:35;a4:unstable_slip:34
1,4001,combined_abort_stress_1_4001_0,combined_abort_stress,negative_label_baseline,0.00,0,1,1,1,5,0,3.94971,0.86112,0.07631,5.04971,-0.02272,0.15814,0.08586,0.11136,0.09397,0.07142,0.02493,11,0,unstable_slip,a0:human_stop:37;a1:human_stop:36;a2:collision_margin:35;a3:human_stop:37;a4:unstable_slip:38
1,4001,combined_abort_stress_1_4001_0,combined_abort_stress,costmap_from_collisions,0.00,0,1,1,1,5,0,4.38042,0.86112,0.06880,5.48042,-0.01535,0.35326,0.21452,0.12071,0.11220,0.19208,0.13089,11,0,collision_margin,a0:collision_margin:40;a1:fixture_snag:53;a2:human_stop:37;a3:collision_margin:36;a4:collision_margin:35
1,4001,combined_abort_stress_1_4001_0,combined_abort_stress,risk_filter_uncertainty,0.00,0,1,1,1,5,0,4.54943,0.86112,0.06625,5.64943,-0.02478,0.37093,0.22769,0.12001,0.10352,0.23828,0.15235,11,0,collision_margin,a0:fixture_snag:53;a1:human_stop:39;a2:collision_margin:44;a3:collision_margin:40;a4:collision_margin:37
1,4001,combined_abort_stress_1_4001_0,combined_abort_stress,constraint_classifier,0.00,0,1,1,0,5,0,4.66278,0.86112,0.06464,5.76278,-0.02320,0.30292,0.17849,0.17516,0.17837,0.32176,0.25554,11,0,human_stop,a0:fixture_snag:61;a1:human_stop:36;a2:human_stop:43;a3:human_stop:35;a4:human_stop:36
1,4001,combined_abort_stress_1_4001_0,combined_abort_stress,abort_constraint_discovery,0.00,1,0,0,0,1,0,2.57790,0.86112,0.33404,2.57790,0.02138,0.39512,0.24620,0.11549,0.08981,0.03971,0.15997,11,0,none,a0:none:116
1,4001,combined_abort_stress_1_4001_0,combined_abort_stress,oracle_constraints,0.00,1,1,0,1,2,0,3.37619,0.86112,0.25506,3.65619,0.01198,1.00000,1.00000,0.02048,0.06942,0.02776,0.12396,11,0,none,a0:visible_collision:66;a1:none:82
1,4002,combined_abort_stress_1_4002_0,combined_abort_stress,ignore_aborted_actions,0.00,0,1,1,1,5,0,2.83379,0.83433,0.10305,3.93379,-0.00847,0.00000,0.00000,0.11911,0.11911,0.00000,0.00000,11,0,collision_margin,a0:collision_margin:25;a1:collision_margin:24;a2:force_limit:25;a3:collision_margin:24;a4:collision_margin:26
1,4002,combined_abort_stress_1_4002_0,combined_abort_stress,negative_label_baseline,0.00,0,1,1,1,5,0,2.65445,0.83433,0.11001,3.75445,-0.01488,0.24272,0.13812,0.09514,0.07747,0.08533,0.02355,11,0,collision_margin,a0:collision_margin:27;a1:collision_margin:27;a2:force_limit:25;a3:collision_margin:25;a4:collision_margin:24
1,4002,combined_abort_stress_1_4002_0,combined_abort_stress,costmap_from_collisions,0.00,0,1,1,1,5,0,2.86849,0.83433,0.10180,3.96849,-0.01935,0.43917,0.28137,0.09630,0.07215,0.20317,0.11427,11,0,collision_margin,a0:collision_margin:29;a1:collision_margin:27;a2:collision_margin:28;a3:collision_margin:25;a4:collision_margin:25
1,4002,combined_abort_stress_1_4002_0,combined_abort_stress,risk_filter_uncertainty,0.00,0,1,1,1,5,0,2.99392,0.83433,0.09754,4.09392,-0.02176,0.41226,0.25965,0.09716,0.08470,0.25923,0.12950,11,0,force_limit,a0:collision_margin:29;a1:collision_margin:28;a2:collision_margin:24;a3:force_limit:25;a4:force_limit:25
1,4002,combined_abort_stress_1_4002_0,combined_abort_stress,constraint_classifier,0.00,0,1,1,1,5,0,2.69910,0.83433,0.10819,3.79910,-0.01011,0.42387,0.26893,0.13593,0.15078,0.31938,0.21745,11,0,force_limit,a0:force_limit:24;a1:force_limit:25;a2:collision_margin:26;a3:force_limit:25;a4:force_limit:25
1,4002,combined_abort_stress_1_4002_0,combined_abort_stress,abort_constraint_discovery,0.00,1,0,0,0,1,0,2.63616,0.83433,0.31649,2.63616,0.03312,0.46970,0.30693,0.13783,0.17007,0.12971,0.24654,11,0,none,a0:none:119
1,4002,combined_abort_stress_1_4002_0,combined_abort_stress,oracle_constraints,0.00,1,1,0,1,2,0,3.69640,0.83433,0.22571,3.97640,0.01965,1.00000,1.00000,0.01915,0.06343,0.00833,0.11911,11,0,none,a0:visible_collision:60;a1:none:108
1,4003,combined_abort_stress_1_4003_0,combined_abort_stress,ignore_aborted_actions,0.00,0,1,1,1,5,0,3.12986,0.85943,0.09611,4.22986,-0.02693,0.00000,0.00000,0.12050,0.12050,0.00000,0.00000,11,0,fixture_snag,a0:fixture_snag:29;a1:fixture_snag:28;a2:fixture_snag:30;a3:fixture_snag:28;a4:fixture_snag:29
1,4003,combined_abort_stress_1_4003_0,combined_abort_stress,negative_label_baseline,0.00,0,1,1,1,5,0,3.69581,0.85943,0.08139,4.79581,-0.02831,0.25571,0.14660,0.10596,0.09127,0.07470,0.03116,11,0,fixture_snag,a0:fixture_snag:33;a1:fixture_snag:31;a2:fixture_snag:35;a3:fixture_snag:31;a4:fixture_snag:29
1,4003,combined_abort_stress_1_4003_0,combined_abort_stress,costmap_from_collisions,0.00,0,1,1,1,5,0,3.56815,0.85943,0.08430,4.66815,-0.01028,0.28261,0.16456,0.13079,0.12802,0.16793,0.13435,11,0,fixture_snag,a0:fixture_snag:36;a1:fixture_snag:31;a2:fixture_snag:32;a3:fixture_snag:33;a4:fixture_snag:29
1,4003,combined_abort_stress_1_4003_0,combined_abort_stress,risk_filter_uncertainty,0.00,1,1,1,1,3,0,2.99005,0.85943,0.28743,3.55005,-0.02315,0.28784,0.16812,0.12993,0.15319,0.18983,0.15859,11,0,none,a0:fixture_snag:35;a1:fixture_snag:33;a2:none:75
1,4003,combined_abort_stress_1_4003_0,combined_abort_stress,constraint_classifier,0.00,1,0,0,0,1,0,1.72038,0.85943,0.49956,1.72038,0.01635,0.25316,0.14493,0.18555,0.19785,0.10967,0.26247,11,0,none,a0:none:81
1,4003,combined_abort_stress_1_4003_0,combined_abort_stress,abort_constraint_discovery,0.00,1,0,0,0,1,0,1.80681,0.85943,0.47566,1.80681,0.02536,0.23678,0.13429,0.16506,0.15968,0.06407,0.15443,11,0,none,a0:none:81
1,4003,combined_abort_stress_1_4003_0,combined_abort_stress,oracle_constraints,0.00,1,0,0,0,1,0,1.68207,0.85943,0.51093,1.68207,0.03156,1.00000,1.00000,0.02318,0.07316,0.01787,0.12050,11,0,none,a0:none:77
1,4004,combined_abort_stress_1_4004_0,combined_abort_stress,ignore_aborted_actions,0.00,0,1,1,0,5,0,2.77175,0.84852,0.10715,3.87175,-0.02549,0.00000,0.00000,0.11150,0.11150,0.00000,0.00000,11,0,human_stop,a0:human_stop:26;a1:human_stop:26;a2:human_stop:26;a3:human_stop:27;a4:human_stop:26
1,4004,combined_abort_stress_1_4004_0,combined_abort_stress,negative_label_baseline,0.00,0,1,1,1,5,0,3.47544,0.84852,0.08545,4.57544,-0.01738,0.24880,0.14208,0.08935,0.06086,0.08901,0.03324,11,0,human_stop,a0:human_stop:34;a1:collision_margin:38;a2:fixture_snag:39;a3:human_stop:24;a4:human_stop:26
1,4004,combined_abort_stress_1_4004_0,combined_abort_stress,costmap_from_collisions,0.00,0,1,1,1,5,0,4.47582,0.84852,0.06635,5.57582,-0.01744,0.47407,0.31068,0.09947,0.09796,0.16165,0.16898,11,0,collision_margin,a0:force_limit:34;a1:collision_margin:37;a2:fixture_snag:39;a3:visible_collision:43;a4:collision_margin:40
1,4004,combined_abort_stress_1_4004_0,combined_abort_stress,risk_filter_uncertainty,0.00,1,1,1,1,4,0,3.80777,0.84852,0.22284,4.64777,-0.00618,0.47761,0.31373,0.09947,0.12137,0.23475,0.16690,11,0,none,a0:force_limit:32;a1:fixture_snag:38;a2:human_stop:34;a3:none:74
1,4004,combined_abort_stress_1_4004_0,combined_abort_stress,constraint_classifier,0.00,0,1,1,1,5,0,3.71440,0.84852,0.07995,4.81440,-0.01617,0.42612,0.27074,0.14517,0.19909,0.32872,0.29155,11,0,fixture_snag,a0:force_limit:35;a1:force_limit:36;a2:human_stop:24;a3:fixture_snag:40;a4:fixture_snag:38
1,4004,combined_abort_stress_1_4004_0,combined_abort_stress,abort_constraint_discovery,0.00,1,0,0,0,1,0,2.40649,0.84852,0.35260,2.40649,0.03537,0.42506,0.26989,0.12240,0.11035,0.07777,0.19806,11,0,none,a0:none:101
1,4004,combined_abort_stress_1_4004_0,combined_abort_stress,oracle_constraints,0.00,1,0,0,0,1,0,1.65457,0.84852,0.51284,1.65457,0.02289,1.00000,1.00000,0.01831,0.06097,0.04082,0.11150,11,0,none,a0:none:74
1,4005,combined_abort_stress_1_4005_0,combined_abort_stress,ignore_aborted_actions,0.00,0,1,1,1,5,0,3.06887,0.83445,0.09517,4.16887,-0.02894,0.00000,0.00000,0.11634,0.11634,0.00000,0.00000,11,0,collision_margin,a0:collision_margin:27;a1:collision_margin:28;a2:collision_margin:28;a3:collision_margin:28;a4:collision_margin:26
1,4005,combined_abort_stress_1_4005_0,combined_abort_stress,negative_label_baseline,0.00,0,1,1,1,5,0,2.98598,0.83445,0.09781,4.08598,-0.02213,0.25592,0.14674,0.08973,0.06501,0.08239,0.02978,11,0,collision_margin,a0:collision_margin:31;a1:force_limit:28;a2:collision_margin:30;a3:collision_margin:29;a4:collision_margin:28
1,4005,combined_abort_stress_1_4005_0,combined_abort_stress,costmap_from_collisions,0.00,0,1,1,1,5,0,3.06427,0.83445,0.09531,4.16427,-0.00616,0.43454,0.27758,0.08999,0.05301,0.17784,0.13227,11,0,collision_margin,a0:collision_margin:32;a1:collision_margin:29;a2:collision_margin:29;a3:force_limit:28;a4:collision_margin:28
1,4005,combined_abort_stress_1_4005_0,combined_abort_stress,risk_filter_uncertainty,0.00,0,1,1,1,5,0,3.20290,0.83445,0.09119,4.30290,-0.00876,0.41026,0.25806,0.10140,0.10520,0.24600,0.15374,11,0,collision_margin,a0:collision_margin:33;a1:collision_margin:30;a2:collision_margin:30;a3:force_limit:29;a4:collision_margin:26
1,4005,combined_abort_stress_1_4005_0,combined_abort_stress,constraint_classifier,0.00,0,1,1,1,5,0,3.16117,0.83445,0.09239,4.26117,-0.02546,0.41455,0.26147,0.13699,0.17906,0.33229,0.26454,11,0,collision_margin,a0:collision_margin:29;a1:collision_margin:34;a2:collision_margin:27;a3:collision_margin:27;a4:collision_margin:27
1,4005,combined_abort_stress_1_4005_0,combined_abort_stress,abort_constraint_discovery,0.00,1,0,0,0,1,0,2.32892,0.83445,0.35830,2.32892,0.04220,0.43966,0.28177,0.13220,0.11493,0.01995,0.20499,11,0,none,a0:none:116
1,4005,combined_abort_stress_1_4005_0,combined_abort_stress,oracle_constraints,0.00,1,1,1,1,3,0,4.69436,0.83445,0.17776,5.25436,-0.01724,1.00000,1.00000,0.01958,0.06524,0.03362,0.11634,11,0,none,a0:fixture_snag:44;a1:visible_collision:68;a2:none:99
1,4006,combined_abort_stress_1_4006_0,combined_abort_stress,ignore_aborted_actions,0.00,0,1,1,1,5,0,3.90814,0.84447,0.07563,5.00814,-0.02769,0.00000,0.00000,0.11565,0.11565,0.00000,0.00000,11,0,collision_margin,a0:collision_margin:36;a1:collision_margin:36;a2:collision_margin:34;a3:collision_margin:36;a4:collision_margin:34
1,4006,combined_abort_stress_1_4006_0,combined_abort_stress,negative_label_baseline,0.00,0,1,1,1,5,0,4.14065,0.84447,0.07138,5.24065,-0.01563,0.26168,0.15054,0.08954,0.06457,0.09006,0.03255,11,0,collision_margin,a0:collision_margin:38;a1:collision_margin:36;a2:collision_margin:37;a3:collision_margin:37;a4:collision_margin:36
1,4006,combined_abort_stress_1_4006_0,combined_abort_stress,costmap_from_collisions,0.00,0,1,1,1,5,0,4.38677,0.84447,0.06738,5.48677,-0.02433,0.46277,0.30104,0.09737,0.08264,0.20743,0.14474,11,0,collision_margin,a0:collision_margin:40;a1:collision_margin:36;a2:human_stop:39;a3:collision_margin:36;a4:collision_margin:37
1,4006,combined_abort_stress_1_4006_0,combined_abort_stress,risk_filter_uncertainty,0.00,0,1,1,1,5,0,4.60197,0.84447,0.06423,5.70197,-0.02075,0.47733,0.31348,0.10464,0.12091,0.25910,0.17452,11,0,collision_margin,a0:collision_margin:40;a1:force_limit:46;a2:force_limit:38;a3:collision_margin:38;a4:collision_margin:37
1,4006,combined_abort_stress_1_4006_0,combined_abort_stress,constraint_classifier,0.00,0,1,1,1,5,0,3.69746,0.84447,0.07994,4.79746,-0.02455,0.39100,0.24301,0.15565,0.19939,0.31635,0.28463,11,0,force_limit,a0:visible_collision:22;a1:force_limit:40;a2:force_limit:35;a3:collision_margin:39;a4:force_limit:35
1,4006,combined_abort_stress_1_4006_0,combined_abort_stress,abort_constraint_discovery,0.00,1,1,0,1,2,0,3.74067,0.84447,0.22575,4.02067,0.03728,0.43595,0.27873,0.13876,0.18454,0.12934,0.24654,11,0,none,a0:visible_collision:54;a1:none:113
1,4006,combined_abort_stress_1_4006_0,combined_abort_stress,oracle_constraints,0.00,1,1,1,1,4,0,5.97788,0.84447,0.14127,6.81788,0.03928,1.00000,1.00000,0.01986,0.06600,0.01876,0.11565,11,0,none,a0:visible_collision:61;a1:visible_collision:44;a2:visible_collision:64;a3:none:102
1,4007,combined_abort_stress_1_4007_0,combined_abort_stress,ignore_aborted_actions,0.00,0,1,1,1,5,0,3.94774,0.84066,0.07453,5.04774,-0.01455,0.00000,0.00000,0.11496,0.11496,0.00000,0.00000,11,0,collision_margin,a0:collision_margin:35;a1:collision_margin:36;a2:collision_margin:36;a3:collision_margin:36;a4:collision_margin:35
1,4007,combined_abort_stress_1_4007_0,combined_abort_stress,negative_label_baseline,0.00,0,1,1,1,5,0,3.71194,0.84066,0.07927,4.81194,-0.02035,0.23077,0.13043,0.09460,0.07482,0.06543,0.02909,11,0,collision_margin,a0:visible_collision:25;a1:collision_margin:39;a2:collision_margin:37;a3:collision_margin:35;a4:collision_margin:32
1,4007,combined_abort_stress_1_4007_0,combined_abort_stress,costmap_from_collisions,0.00,1,1,1,1,5,0,5.12466,0.84066,0.16404,6.24466,-0.01456,0.43658,0.27925,0.09980,0.09334,0.05108,0.11981,11,0,none,a0:visible_collision:21;a1:fixture_snag:41;a2:collision_margin:35;a3:force_limit:37;a4:none:94
1,4007,combined_abort_stress_1_4007_0,combined_abort_stress,risk_filter_uncertainty,0.00,0,1,1,1,5,0,3.99105,0.84066,0.07372,5.09105,-0.01599,0.46418,0.30224,0.09251,0.09312,0.22953,0.12673,11,0,collision_margin,a0:fixture_snag:41;a1:collision_margin:37;a2:collision_margin:34;a3:collision_margin:34;a4:collision_margin:38
1,4007,combined_abort_stress_1_4007_0,combined_abort_stress,constraint_classifier,0.00,1,1,0,1,2,0,2.97078,0.84066,0.28298,3.25078,-0.02575,0.36525,0.22343,0.15250,0.17172,0.13954,0.27562,11,0,none,a0:fixture_snag:43;a1:none:98
1,4007,combined_abort_stress_1_4007_0,combined_abort_stress,abort_constraint_discovery,0.00,1,0,0,0,1,0,2.22308,0.84066,0.37815,2.22308,0.03388,0.37953,0.23421,0.15548,0.15454,0.08561,0.20983,11,0,none,a0:none:102
1,4007,combined_abort_stress_1_4007_0,combined_abort_stress,oracle_constraints,0.00,0,1,1,1,5,0,2.29882,0.84066,0.12799,3.39882,0.23818,1.00000,1.00000,0.02119,0.06782,0.00739,0.11496,11,0,visible_collision,a0:visible_collision:22;a1:visible_collision:21;a2:visible_collision:20;a3:visible_collision:19;a4:visible_collision:21
1,4008,combined_abort_stress_1_4008_0,combined_abort_stress,ignore_aborted_actions,0.00,0,1,1,1,5,0,3.82079,0.83088,0.07611,4.92079,-0.02294,0.00000,0.00000,0.12673,0.12673,0.00000,0.00000,11,0,fixture_snag,a0:fixture_snag:34;a1:fixture_snag:35;a2:fixture_snag:36;a3:fixture_snag:35;a4:fixture_snag:33
1,4008,combined_abort_stress_1_4008_0,combined_abort_stress,negative_label_baseline,0.00,1,1,1,1,4,0,4.24686,0.83088,0.19565,5.08686,-0.02839,0.24434,0.13918,0.10679,0.09185,0.02245,0.02632,11,0,none,a0:fixture_snag:36;a1:fixture_snag:33;a2:fixture_snag:35;a3:none:77
1,4008,combined_abort_stress_1_4008_0,combined_abort_stress,costmap_from_collisions,0.00,1,0,0,0,1,0,1.62268,0.83088,0.51204,1.62268,0.01613,0.35404,0.21509,0.10718,0.07819,0.05067,0.09626,11,0,none,a0:none:77
1,4008,combined_abort_stress_1_4008_0,combined_abort_stress,risk_filter_uncertainty,0.00,1,0,0,0,1,0,1.47948,0.83088,0.56160,1.47948,0.02401,0.35795,0.21799,0.11106,0.07565,0.14408,0.11704,11,0,none,a0:none:77
1,4008,combined_abort_stress_1_4008_0,combined_abort_stress,constraint_classifier,0.00,1,0,0,0,1,0,1.51711,0.83088,0.54768,1.51711,0.02376,0.38899,0.24146,0.15305,0.15876,0.20771,0.25069,11,0,none,a0:none:77
1,4008,combined_abort_stress_1_4008_0,combined_abort_stress,abort_constraint_discovery,0.00,0,1,1,1,5,0,10.43140,0.83088,0.02788,11.53140,-0.00662,0.51805,0.34958,0.14981,0.21744,0.14473,0.31440,11,0,unstable_slip,a0:unstable_slip:120;a1:visible_collision:59;a2:visible_collision:57;a3:human_stop:90;a4:unstable_slip:120
1,4008,combined_abort_stress_1_4008_0,combined_abort_stress,oracle_constraints,0.00,1,0,0,0,1,0,1.48709,0.83088,0.55873,1.48709,0.02132,1.00000,1.00000,0.02199,0.07327,0.01841,0.12673,11,0,none,a0:none:77
2,0,nominal_known_constraints_2_0_0,nominal_known_constraints,ignore_aborted_actions,0.00,1,0,0,0,1,0,0.96614,0.83994,0.86938,0.96614,1.00000,1.00000,1.00000,0.00000,0.00000,0.00000,0.00000,0,5,none,a0:none:68
2,0,nominal_known_constraints_2_0_0,nominal_known_constraints,negative_label_baseline,0.00,1,0,0,0,1,0,0.95649,0.83994,0.87815,0.95649,1.00000,1.00000,1.00000,0.00000,0.00000,0.00000,0.00000,0,5,none,a0:none:68
2,0,nominal_known_constraints_2_0_0,nominal_known_constraints,costmap_from_collisions,0.00,1,0,0,0,1,0,0.95193,0.83994,0.88236,0.95193,1.00000,1.00000,1.00000,0.00000,0.00000,0.00000,0.00000,0,5,none,a0:none:68
2,0,nominal_known_constraints_2_0_0,nominal_known_constraints,risk_filter_uncertainty,0.00,1,0,0,0,1,0,0.95887,0.83994,0.87597,0.95887,1.00000,1.00000,1.00000,0.01343,0.10611,0.09337,0.00000,0,5,none,a0:none:68
2,0,nominal_known_constraints_2_0_0,nominal_known_constraints,constraint_classifier,0.00,1,0,0,0,1,0,0.93749,0.83994,0.89594,0.93749,1.00000,1.00000,1.00000,0.00143,0.02244,0.00000,0.00000,0,5,none,a0:none:68
2,0,nominal_known_constraints_2_0_0,nominal_known_constraints,abort_constraint_discovery,0.00,1,0,0,0,1,0,0.93957,0.83994,0.89396,0.93957,1.00000,1.00000,1.00000,0.00000,0.00000,0.00000,0.00000,0,5,none,a0:none:68
2,0,nominal_known_constraints_2_0_0,nominal_known_constraints,oracle_constraints,0.00,1,0,0,0,1,0,0.99110,0.83994,0.84748,0.99110,1.00000,1.00000,1.00000,0.00000,0.00000,0.00000,0.00000,0,5,none,a0:none:68
2,1,nominal_known_constraints_2_1_0,nominal_known_constraints,ignore_aborted_actions,0.00,1,0,0,0,1,0,0.97495,0.84716,0.86893,0.97495,1.00000,1.00000,1.00000,0.00000,0.00000,0.00000,0.00000,0,5,none,a0:none:69
2,1,nominal_known_constraints_2_1_0,nominal_known_constraints,negative_label_baseline,0.00,1,0,0,0,1,0,0.96128,0.84716,0.88128,0.96128,1.00000,1.00000,1.00000,0.00000,0.00000,0.00000,0.00000,0,5,none,a0:none:69
2,1,nominal_known_constraints_2_1_0,nominal_known_constraints,costmap_from_collisions,0.00,1,0,0,0,1,0,0.97378,0.84716,0.86997,0.97378,1.00000,1.00000,1.00000,0.00000,0.00000,0.00000,0.00000,0,5,none,a0:none:69
2,1,nominal_known_constraints_2_1_0,nominal_known_constraints,risk_filter_uncertainty,0.00,1,0,0,0,1,0,0.99898,0.84716,0.84802,0.99898,1.00000,1.00000,1.00000,0.01360,0.10692,0.10837,0.00000,0,5,none,a0:none:69
2,1,nominal_known_constraints_2_1_0,nominal_known_constraints,constraint_classifier,0.00,1,0,0,0,1,0,0.97446,0.84716,0.86936,0.97446,1.00000,1.00000,1.00000,0.00150,0.02394,0.00000,0.00000,0,5,none,a0:none:69
2,1,nominal_known_constraints_2_1_0,nominal_known_constraints,abort_constraint_discovery,0.00,1,0,0,0,1,0,0.96004,0.84716,0.88243,0.96004,1.00000,1.00000,1.00000,0.00000,0.00000,0.00000,0.00000,0,5,none,a0:none:69
2,1,nominal_known_constraints_2_1_0,nominal_known_constraints,oracle_constraints,0.00,1,0,0,0,1,0,0.96371,0.84716,0.87906,0.96371,1.00000,1.00000,1.00000,0.00000,0.00000,0.00000,0.00000,0,5,none,a0:none:69
2,2,nominal_known_constraints_2_2_0,nominal_known_constraints,ignore_aborted_actions,0.00,1,0,0,0,1,0,0.95538,0.85013,0.88983,0.95538,1.00000,1.00000,1.00000,0.00000,0.00000,0.00000,0.00000,0,5,none,a0:none:67
2,2,nominal_known_constraints_2_2_0,nominal_known_constraints,negative_label_baseline,0.00,1,0,0,0,1,0,0.95258,0.85013,0.89245,0.95258,1.00000,1.00000,1.00000,0.00000,0.00000,0.00000,0.00000,0,5,none,a0:none:67
2,2,nominal_known_constraints_2_2_0,nominal_known_constraints,costmap_from_collisions,0.00,1,0,0,0,1,0,0.94922,0.85013,0.89561,0.94922,1.00000,1.00000,1.00000,0.00000,0.00000,0.00000,0.00000,0,5,none,a0:none:67
2,2,nominal_known_constraints_2_2_0,nominal_known_constraints,risk_filter_uncertainty,0.00,1,0,0,0,1,0,0.98147,0.85013,0.86618,0.98147,1.00000,1.00000,1.00000,0.01339,0.10592,0.08553,0.00000,0,5,none,a0:none:67
2,2,nominal_known_constraints_2_2_0,nominal_known_constraints,constraint_classifier,0.00,1,0,0,0,1,0,0.95256,0.85013,0.89247,0.95256,1.00000,1.00000,1.00000,0.00153,0.02309,0.00000,0.00000,0,5,none,a0:none:67
2,2,nominal_known_constraints_2_2_0,nominal_known_constraints,abort_constraint_discovery,0.00,1,0,0,0,1,0,0.92650,0.85013,0.91757,0.92650,1.00000,1.00000,1.00000,0.00000,0.00000,0.00000,0.00000,0,5,none,a0:none:67
2,2,nominal_known_constraints_2_2_0,nominal_known_constraints,oracle_constraints,0.00,1,0,0,0,1,0,0.94222,0.85013,0.90226,0.94222,1.00000,1.00000,1.00000,0.00000,0.00000,0.00000,0.00000,0,5,none,a0:none:67
2,3,nominal_known_constraints_2_3_0,nominal_known_constraints,ignore_aborted_actions,0.00,1,0,0,0,1,0,0.93275,0.84220,0.90292,0.93275,1.00000,1.00000,1.00000,0.00000,0.00000,0.00000,0.00000,0,5,none,a0:none:66
2,3,nominal_known_constraints_2_3_0,nominal_known_constraints,negative_label_baseline,0.00,1,0,0,0,1,0,0.96474,0.84220,0.87298,0.96474,1.00000,1.00000,1.00000,0.00000,0.00000,0.00000,0.00000,0,5,none,a0:none:66
2,3,nominal_known_constraints_2_3_0,nominal_known_constraints,costmap_from_collisions,0.00,1,0,0,0,1,0,0.92574,0.84220,0.90977,0.92574,1.00000,1.00000,1.00000,0.00000,0.00000,0.00000,0.00000,0,5,none,a0:none:66
2,3,nominal_known_constraints_2_3_0,nominal_known_constraints,risk_filter_uncertainty,0.00,1,0,0,0,1,0,0.97211,0.84220,0.86636,0.97211,1.00000,1.00000,1.00000,0.01369,0.10708,0.09555,0.00000,0,5,none,a0:none:66
2,3,nominal_known_constraints_2_3_0,nominal_known_constraints,constraint_classifier,0.00,1,0,0,0,1,0,0.92295,0.84220,0.91251,0.92295,1.00000,1.00000,1.00000,0.00216,0.03230,0.00000,0.00000,0,5,none,a0:none:66
2,3,nominal_known_constraints_2_3_0,nominal_known_constraints,abort_constraint_discovery,0.00,1,0,0,0,1,0,0.92152,0.84220,0.91393,0.92152,1.00000,1.00000,1.00000,0.00000,0.00000,0.00000,0.00000,0,5,none,a0:none:66
2,3,nominal_known_constraints_2_3_0,nominal_known_constraints,oracle_constraints,0.00,1,0,0,0,1,0,0.95507,0.84220,0.88182,0.95507,1.00000,1.00000,1.00000,0.00000,0.00000,0.00000,0.00000,0,5,none,a0:none:66
2,4,nominal_known_constraints_2_4_0,nominal_known_constraints,ignore_aborted_actions,0.00,1,0,0,0,1,0,0.95692,0.84555,0.88362,0.95692,1.00000,1.00000,1.00000,0.00000,0.00000,0.00000,0.00000,0,5,none,a0:none:69
2,4,nominal_known_constraints_2_4_0,nominal_known_constraints,negative_label_baseline,0.00,1,0,0,0,1,0,1.00584,0.84555,0.84064,1.00584,1.00000,1.00000,1.00000,0.00000,0.00000,0.00000,0.00000,0,5,none,a0:none:69
2,4,nominal_known_constraints_2_4_0,nominal_known_constraints,costmap_from_collisions,0.00,1,0,0,0,1,0,0.98678,0.84555,0.85688,0.98678,1.00000,1.00000,1.00000,0.00000,0.00000,0.00000,0.00000,0,5,none,a0:none:69
2,4,nominal_known_constraints_2_4_0,nominal_known_constraints,risk_filter_uncertainty,0.00,1,0,0,0,1,0,0.97251,0.84555,0.86946,0.97251,1.00000,1.00000,1.00000,0.01341,0.10621,0.10722,0.00000,0,5,none,a0:none:69
2,4,nominal_known_constraints_2_4_0,nominal_known_constraints,constraint_classifier,0.00,1,0,0,0,1,0,0.95969,0.84555,0.88107,0.95969,1.00000,1.00000,1.00000,0.00132,0.02107,0.00000,0.00000,0,5,none,a0:none:69
2,4,nominal_known_constraints_2_4_0,nominal_known_constraints,abort_constraint_discovery,0.00,1,0,0,0,1,0,0.98768,0.84555,0.85610,0.98768,1.00000,1.00000,1.00000,0.00000,0.00000,0.00000,0.00000,0,5,none,a0:none:69
2,4,nominal_known_constraints_2_4_0,nominal_known_constraints,oracle_constraints,0.00,1,0,0,0,1,0,0.95564,0.84555,0.88480,0.95564,1.00000,1.00000,1.00000,0.00000,0.00000,0.00000,0.00000,0,5,none,a0:none:69
2,5,nominal_known_constraints_2_5_0,nominal_known_constraints,ignore_aborted_actions,0.00,1,0,0,0,1,0,0.96090,0.84281,0.87711,0.96090,1.00000,1.00000,1.00000,0.00000,0.00000,0.00000,0.00000,0,5,none,a0:none:67
2,5,nominal_known_constraints_2_5_0,nominal_known_constraints,negative_label_baseline,0.00,1,0,0,0,1,0,0.97426,0.84281,0.86508,0.97426,1.00000,1.00000,1.00000,0.00000,0.00000,0.00000,0.00000,0,5,none,a0:none:67
2,5,nominal_known_constraints_2_5_0,nominal_known_constraints,costmap_from_collisions,0.00,1,0,0,0,1,0,0.92728,0.84281,0.90891,0.92728,1.00000,1.00000,1.00000,0.00000,0.00000,0.00000,0.00000,0,5,none,a0:none:67
2,5,nominal_known_constraints_2_5_0,nominal_known_constraints,risk_filter_uncertainty,0.00,1,0,0,0,1,0,0.93721,0.84281,0.89928,0.93721,1.00000,1.00000,1.00000,0.01331,0.10544,0.08644,0.00000,0,5,none,a0:none:67
2,5,nominal_known_constraints_2_5_0,nominal_known_constraints,constraint_classifier,0.00,1,0,0,0,1,0,0.95726,0.84281,0.88044,0.95726,1.00000,1.00000,1.00000,0.00153,0.02307,0.00000,0.00000,0,5,none,a0:none:67
2,5,nominal_known_constraints_2_5_0,nominal_known_constraints,abort_constraint_discovery,0.00,1,0,0,0,1,0,0.94812,0.84281,0.88893,0.94812,1.00000,1.00000,1.00000,0.00000,0.00000,0.00000,0.00000,0,5,none,a0:none:67
2,5,nominal_known_constraints_2_5_0,nominal_known_constraints,oracle_constraints,0.00,1,0,0,0,1,0,0.96347,0.84281,0.87476,0.96347,1.00000,1.00000,1.00000,0.00000,0.00000,0.00000,0.00000,0,5,none,a0:none:67
2,6,nominal_known_constraints_2_6_0,nominal_known_constraints,ignore_aborted_actions,0.00,1,0,0,0,1,0,0.97159,0.84406,0.86874,0.97159,1.00000,1.00000,1.00000,0.00000,0.00000,0.00000,0.00000,0,5,none,a0:none:68
2,6,nominal_known_constraints_2_6_0,nominal_known_constraints,negative_label_baseline,0.00,1,0,0,0,1,0,0.98715,0.84406,0.85504,0.98715,1.00000,1.00000,1.00000,0.00000,0.00000,0.00000,0.00000,0,5,none,a0:none:68
2,6,nominal_known_constraints_2_6_0,nominal_known_constraints,costmap_from_collisions,0.00,1,0,0,0,1,0,0.96188,0.84406,0.87750,0.96188,1.00000,1.00000,1.00000,0.00000,0.00000,0.00000,0.00000,0,5,none,a0:none:68
2,6,nominal_known_constraints_2_6_0,nominal_known_constraints,risk_filter_uncertainty,0.00,1,0,0,0,1,0,0.95520,0.84406,0.88365,0.95520,1.00000,1.00000,1.00000,0.01349,0.10633,0.08667,0.00000,0,5,none,a0:none:68
2,6,nominal_known_constraints_2_6_0,nominal_known_constraints,constraint_classifier,0.00,1,0,0,0,1,0,0.98680,0.84406,0.85535,0.98680,1.00000,1.00000,1.00000,0.00174,0.02597,0.00000,0.00000,0,5,none,a0:none:68
2,6,nominal_known_constraints_2_6_0,nominal_known_constraints,abort_constraint_discovery,0.00,1,0,0,0,1,0,0.99479,0.84406,0.84848,0.99479,1.00000,1.00000,1.00000,0.00000,0.00000,0.00000,0.00000,0,5,none,a0:none:68
2,6,nominal_known_constraints_2_6_0,nominal_known_constraints,oracle_constraints,0.00,1,0,0,0,1,0,0.95253,0.84406,0.88612,0.95253,1.00000,1.00000,1.00000,0.00000,0.00000,0.00000,0.00000,0,5,none,a0:none:68
2,7,nominal_known_constraints_2_7_0,nominal_known_constraints,ignore_aborted_actions,0.00,1,0,0,0,1,0,0.96459,0.85850,0.89002,0.96459,1.00000,1.00000,1.00000,0.00000,0.00000,0.00000,0.00000,0,5,none,a0:none:67
2,7,nominal_known_constraints_2_7_0,nominal_known_constraints,negative_label_baseline,0.00,1,0,0,0,1,0,0.94268,0.85850,0.91071,0.94268,1.00000,1.00000,1.00000,0.00000,0.00000,0.00000,0.00000,0,5,none,a0:none:67
2,7,nominal_known_constraints_2_7_0,nominal_known_constraints,costmap_from_collisions,0.00,1,0,0,0,1,0,0.95204,0.85850,0.90175,0.95204,1.00000,1.00000,1.00000,0.00000,0.00000,0.00000,0.00000,0,5,none,a0:none:67
2,7,nominal_known_constraints_2_7_0,nominal_known_constraints,risk_filter_uncertainty,0.00,1,0,0,0,1,0,0.98098,0.85850,0.87515,0.98098,1.00000,1.00000,1.00000,0.01340,0.10619,0.10387,0.00000,0,5,none,a0:none:67
2,7,nominal_known_constraints_2_7_0,nominal_known_constraints,constraint_classifier,0.00,1,0,0,0,1,0,0.95214,0.85850,0.90165,0.95214,1.00000,1.00000,1.00000,0.00171,0.02583,0.00000,0.00000,0,5,none,a0:none:67
2,7,nominal_known_constraints_2_7_0,nominal_known_constraints,abort_constraint_discovery,0.00,1,0,0,0,1,0,0.97521,0.85850,0.88033,0.97521,1.00000,1.00000,1.00000,0.00000,0.00000,0.00000,0.00000,0,5,none,a0:none:67
2,7,nominal_known_constraints_2_7_0,nominal_known_constraints,oracle_constraints,0.00,1,1,0,1,2,0,1.67528,0.85850,0.51245,1.95528,1.00000,1.00000,1.00000,0.00000,0.00000,0.00000,0.00000,0,5,none,a0:visible_collision:50;a1:none:67
2,8,nominal_known_constraints_2_8_0,nominal_known_constraints,ignore_aborted_actions,0.00,1,0,0,0,1,0,0.91366,0.83976,0.91912,0.91366,1.00000,1.00000,1.00000,0.00000,0.00000,0.00000,0.00000,0,5,none,a0:none:65
2,8,nominal_known_constraints_2_8_0,nominal_known_constraints,negative_label_baseline,0.00,1,0,0,0,1,0,0.91645,0.83976,0.91632,0.91645,1.00000,1.00000,1.00000,0.00000,0.00000,0.00000,0.00000,0,5,none,a0:none:65
2,8,nominal_known_constraints_2_8_0,nominal_known_constraints,costmap_from_collisions,0.00,1,0,0,0,1,0,0.89482,0.83976,0.93847,0.89482,1.00000,1.00000,1.00000,0.00000,0.00000,0.00000,0.00000,0,5,none,a0:none:65
2,8,nominal_known_constraints_2_8_0,nominal_known_constraints,risk_filter_uncertainty,0.00,1,0,0,0,1,0,0.89552,0.83976,0.93773,0.89552,1.00000,1.00000,1.00000,0.01357,0.10690,0.11117,0.00000,0,5,none,a0:none:65
2,8,nominal_known_constraints_2_8_0,nominal_known_constraints,constraint_classifier,0.00,1,0,0,0,1,0,0.90839,0.83976,0.92445,0.90839,1.00000,1.00000,1.00000,0.00196,0.02933,0.00000,0.00000,0,5,none,a0:none:65
2,8,nominal_known_constraints_2_8_0,nominal_known_constraints,abort_constraint_discovery,0.00,1,0,0,0,1,0,0.92023,0.83976,0.91255,0.92023,1.00000,1.00000,1.00000,0.00000,0.00000,0.00000,0.00000,0,5,none,a0:none:65
2,8,nominal_known_constraints_2_8_0,nominal_known_constraints,oracle_constraints,0.00,1,0,0,0,1,0,0.89168,0.83976,0.94177,0.89168,1.00000,1.00000,1.00000,0.00000,0.00000,0.00000,0.00000,0,5,none,a0:none:65
2,1000,hidden_wall_abort_2_1000_0,hidden_wall_abort,ignore_aborted_actions,0.00,1,0,0,0,1,0,1.12785,0.84858,0.75238,1.12785,0.02818,0.00000,0.00000,0.03947,0.03947,0.00000,0.00000,7,1,none,a0:none:70
2,1000,hidden_wall_abort_2_1000_0,hidden_wall_abort,negative_label_baseline,0.00,1,1,0,0,2,0,1.57395,0.84858,0.53914,1.85395,-0.00479,0.38202,0.23611,0.02918,0.01476,0.03771,0.02216,7,1,none,a0:collision_margin:33;a1:none:70
2,1000,hidden_wall_abort_2_1000_0,hidden_wall_abort,costmap_from_collisions,0.00,1,1,0,1,2,0,1.83252,0.84858,0.46307,2.11252,-0.00875,0.41026,0.25806,0.05373,0.07699,0.03111,0.09557,7,1,none,a0:collision_margin:33;a1:none:86
2,1000,hidden_wall_abort_2_1000_0,hidden_wall_abort,risk_filter_uncertainty,0.00,1,1,0,1,2,0,1.79287,0.84858,0.47331,2.07287,-0.01791,0.35652,0.21693,0.07045,0.16134,0.12439,0.11981,7,1,none,a0:collision_margin:33;a1:none:86
2,1000,hidden_wall_abort_2_1000_0,hidden_wall_abort,constraint_classifier,0.00,1,0,0,0,1,0,1.11994,0.84858,0.75770,1.11994,0.03204,0.28049,0.16312,0.10421,0.19743,0.08269,0.18767,7,1,none,a0:none:70
2,1000,hidden_wall_abort_2_1000_0,hidden_wall_abort,abort_constraint_discovery,0.00,1,0,0,0,1,0,1.09521,0.84858,0.77480,1.09521,0.03466,0.36364,0.22222,0.08654,0.11615,0.11209,0.15097,7,1,none,a0:none:72
2,1000,hidden_wall_abort_2_1000_0,hidden_wall_abort,oracle_constraints,0.00,1,0,0,0,1,0,1.14220,0.84858,0.74293,1.14220,0.05264,1.00000,1.00000,0.01146,0.03810,0.00555,0.03947,7,1,none,a0:none:72
2,1001,hidden_wall_abort_2_1001_0,hidden_wall_abort,ignore_aborted_actions,0.00,0,1,1,1,5,0,2.94165,0.84667,0.10074,4.04165,-0.02405,0.00000,0.00000,0.03947,0.03947,0.00000,0.00000,6,2,collision_margin,a0:collision_margin:37;a1:collision_margin:37;a2:collision_margin:38;a3:collision_margin:37;a4:collision_margin:38
2,1001,hidden_wall_abort_2_1001_0,hidden_wall_abort,negative_label_baseline,0.00,0,1,1,1,5,0,2.98324,0.84667,0.09933,4.08324,-0.01572,0.39024,0.24242,0.02571,0.01435,0.07517,0.01731,6,2,collision_margin,a0:collision_margin:39;a1:collision_margin:37;a2:collision_margin:40;a3:collision_margin:38;a4:collision_margin:36
2,1001,hidden_wall_abort_2_1001_0,hidden_wall_abort,costmap_from_collisions,0.00,1,0,0,0,1,0,1.26767,0.84667,0.66789,1.26767,0.00419,0.52000,0.35135,0.03900,0.05149,0.01361,0.06440,6,2,none,a0:none:85
2,1001,hidden_wall_abort_2_1001_0,hidden_wall_abort,risk_filter_uncertainty,0.00,1,1,1,1,5,0,4.27574,0.84667,0.19802,5.39574,-0.01380,0.40637,0.25500,0.07035,0.16443,0.17954,0.13435,6,2,none,a0:visible_collision:62;a1:fixture_snag:48;a2:collision_margin:41;a3:collision_margin:40;a4:none:77
2,1001,hidden_wall_abort_2_1001_0,hidden_wall_abort,constraint_classifier,0.00,1,1,0,1,2,0,1.97282,0.84667,0.42917,2.25282,-0.01237,0.33735,0.20290,0.09635,0.17891,0.11236,0.19044,6,2,none,a0:fixture_snag:47;a1:none:79
2,1001,hidden_wall_abort_2_1001_0,hidden_wall_abort,abort_constraint_discovery,0.00,1,1,0,1,2,0,2.16091,0.84667,0.39181,2.44091,-0.01837,0.43154,0.27513,0.06938,0.09557,0.09194,0.12742,6,2,none,a0:fixture_snag:52;a1:none:85
2,1001,hidden_wall_abort_2_1001_0,hidden_wall_abort,oracle_constraints,0.00,1,0,0,0,1,0,1.16404,0.84667,0.72735,1.16404,0.03637,1.00000,1.00000,0.01171,0.03816,0.01146,0.03947,6,2,none,a0:none:77
2,1002,hidden_wall_abort_2_1002_0,hidden_wall_abort,ignore_aborted_actions,0.00,0,1,1,1,5,0,2.44547,0.84397,0.12079,3.54547,-0.01062,0.00000,0.00000,0.04086,0.04086,0.00000,0.00000,8,0,fixture_snag,a0:fixture_snag:32;a1:fixture_snag:32;a2:fixture_snag:31;a3:fixture_snag:31;a4:fixture_snag:31
2,1002,hidden_wall_abort_2_1002_0,hidden_wall_abort,negative_label_baseline,0.00,0,1,1,1,5,0,2.50590,0.84397,0.11788,3.60590,-0.01397,0.51020,0.34247,0.02214,0.01004,0.07530,0.02701,8,0,fixture_snag,a0:fixture_snag:32;a1:fixture_snag:35;a2:fixture_snag:30;a3:fixture_snag:32;a4:fixture_snag:34
2,1002,hidden_wall_abort_2_1002_0,hidden_wall_abort,costmap_from_collisions,0.00,1,1,1,1,4,0,3.02515,0.84397,0.27899,3.86515,-0.02098,0.53589,0.36601,0.04507,0.07992,0.05313,0.10388,8,0,none,a0:fixture_snag:38;a1:fixture_snag:32;a2:fixture_snag:36;a3:none:89
2,1002,hidden_wall_abort_2_1002_0,hidden_wall_abort,risk_filter_uncertainty,0.00,0,1,1,1,5,0,3.38798,0.84397,0.08719,4.48798,-0.01664,0.42963,0.27358,0.07582,0.17856,0.22655,0.14612,8,0,fixture_snag,a0:fixture_snag:42;a1:fixture_snag:37;a2:fixture_snag:32;a3:visible_collision:70;a4:fixture_snag:34
2,1002,hidden_wall_abort_2_1002_0,hidden_wall_abort,constraint_classifier,0.00,1,0,0,0,1,0,1.30215,0.84397,0.64814,1.30215,0.01600,0.31978,0.19032,0.11069,0.21269,0.13062,0.21468,8,0,none,a0:none:85
2,1002,hidden_wall_abort_2_1002_0,hidden_wall_abort,abort_constraint_discovery,0.00,1,1,1,1,4,0,3.79527,0.84397,0.22237,4.63527,-0.02611,0.33333,0.20000,0.11970,0.16531,0.12368,0.20429,8,0,none,a0:fixture_snag:52;a1:fixture_snag:41;a2:fixture_snag:42;a3:none:117
2,1002,hidden_wall_abort_2_1002_0,hidden_wall_abort,oracle_constraints,0.00,1,0,0,0,1,0,1.29988,0.84397,0.64927,1.29988,0.02101,1.00000,1.00000,0.01208,0.03818,0.01795,0.04086,8,0,none,a0:none:83
2,1003,hidden_wall_abort_2_1003_0,hidden_wall_abort,ignore_aborted_actions,0.00,0,1,1,1,5,0,2.69204,0.85720,0.11145,3.79204,-0.01675,0.00000,0.00000,0.04017,0.04017,0.00000,0.00000,8,0,fixture_snag,a0:fixture_snag:35;a1:fixture_snag:34;a2:fixture_snag:34;a3:fixture_snag:35;a4:fixture_snag:35
2,1003,hidden_wall_abort_2_1003_0,hidden_wall_abort,negative_label_baseline,0.00,1,1,0,1,2,0,1.80554,0.85720,0.47476,2.08554,-0.00605,0.27273,0.15789,0.03066,0.01544,0.03992,0.02078,8,0,none,a0:fixture_snag:36;a1:none:73
2,1003,hidden_wall_abort_2_1003_0,hidden_wall_abort,costmap_from_collisions,0.00,1,1,1,1,3,0,2.46438,0.85720,0.34783,3.02438,-0.01429,0.43836,0.28070,0.05491,0.08942,0.10758,0.11150,8,0,none,a0:fixture_snag:37;a1:fixture_snag:43;a2:none:79
2,1003,hidden_wall_abort_2_1003_0,hidden_wall_abort,risk_filter_uncertainty,0.00,1,1,1,0,3,0,2.58043,0.85720,0.33219,3.14043,-0.00341,0.39216,0.24390,0.07332,0.16895,0.18092,0.13643,8,0,none,a0:fixture_snag:37;a1:fixture_snag:43;a2:none:81
2,1003,hidden_wall_abort_2_1003_0,hidden_wall_abort,constraint_classifier,0.00,0,1,1,1,5,0,3.24225,0.85720,0.09253,4.34225,-0.01718,0.24473,0.13942,0.14595,0.25358,0.31100,0.28809,8,0,fixture_snag,a0:fixture_snag:37;a1:visible_collision:62;a2:fixture_snag:37;a3:fixture_snag:35;a4:fixture_snag:36
2,1003,hidden_wall_abort_2_1003_0,hidden_wall_abort,abort_constraint_discovery,0.00,0,1,1,1,5,0,3.16171,0.85720,0.09489,4.26171,-0.01178,0.27855,0.16181,0.13218,0.16887,0.16077,0.20845,8,0,fixture_snag,a0:collision_margin:38;a1:fixture_snag:37;a2:fixture_snag:35;a3:collision_margin:44;a4:fixture_snag:50
2,1003,hidden_wall_abort_2_1003_0,hidden_wall_abort,oracle_constraints,0.00,1,0,0,0,1,0,1.20011,0.85720,0.71426,1.20011,0.04406,1.00000,1.00000,0.01188,0.03888,0.00682,0.04017,8,0,none,a0:none:75
2,1004,hidden_wall_abort_2_1004_0,hidden_wall_abort,ignore_aborted_actions,0.00,1,0,0,0,1,0,1.02990,0.85122,0.82651,1.02990,0.00704,0.00000,0.00000,0.04778,0.04778,0.00000,0.00000,5,3,none,a0:none:70
2,1004,hidden_wall_abort_2_1004_0,hidden_wall_abort,negative_label_baseline,0.00,1,0,0,0,1,0,1.11082,0.85122,0.76630,1.11082,0.02121,0.13636,0.07317,0.03970,0.02706,0.00000,0.01316,5,3,none,a0:none:70
2,1004,hidden_wall_abort_2_1004_0,hidden_wall_abort,costmap_from_collisions,0.00,1,0,0,0,1,0,1.11254,0.85122,0.76511,1.11254,0.02009,0.41463,0.26154,0.05050,0.05301,0.00650,0.06579,5,3,none,a0:none:70
2,1004,hidden_wall_abort_2_1004_0,hidden_wall_abort,risk_filter_uncertainty,0.00,1,0,0,0,1,0,1.17987,0.85122,0.72145,1.17987,0.00251,0.40426,0.25333,0.06241,0.13013,0.09439,0.08241,5,3,none,a0:none:70
2,1004,hidden_wall_abort_2_1004_0,hidden_wall_abort,constraint_classifier,0.00,1,0,0,0,1,0,1.10359,0.85122,0.77132,1.10359,0.02470,0.29553,0.17339,0.09666,0.14789,0.01383,0.15374,5,3,none,a0:none:70
2,1004,hidden_wall_abort_2_1004_0,hidden_wall_abort,abort_constraint_discovery,0.00,1,1,0,1,2,0,1.61686,0.85122,0.52647,1.89686,-0.00728,0.48980,0.32432,0.06267,0.08401,0.07270,0.12188,5,3,none,a0:collision_margin:32;a1:none:72
2,1004,hidden_wall_abort_2_1004_0,hidden_wall_abort,oracle_constraints,0.00,1,0,0,0,1,0,1.07636,0.85122,0.79084,1.07636,0.04546,1.00000,1.00000,0.01359,0.04031,0.00699,0.04778,5,3,none,a0:none:70
2,1005,hidden_wall_abort_2_1005_0,hidden_wall_abort,ignore_aborted_actions,0.00,0,1,1,1,5,0,2.60357,0.84686,0.11384,3.70357,-0.01332,0.00000,0.00000,0.03878,0.03878,0.00000,0.00000,8,0,collision_margin,a0:visible_collision:21;a1:collision_margin:37;a2:collision_margin:37;a3:collision_margin:37;a4:collision_margin:37
2,1005,hidden_wall_abort_2_1005_0,hidden_wall_abort,negative_label_baseline,0.00,0,1,1,1,5,0,2.92363,0.84686,0.10138,4.02363,-0.00672,0.29787,0.17500,0.02877,0.01176,0.01748,0.02632,8,0,visible_collision,a0:visible_collision:33;a1:collision_margin:36;a2:collision_margin:37;a3:collision_margin:41;a4:visible_collision:40
2,1005,hidden_wall_abort_2_1005_0,hidden_wall_abort,costmap_from_collisions,0.00,0,1,1,1,5,0,3.09081,0.84686,0.09590,4.19081,-0.00908,0.42857,0.27273,0.05811,0.09951,0.14428,0.11634,8,0,collision_margin,a0:collision_margin:38;a1:visible_collision:38;a2:collision_margin:38;a3:collision_margin:40;a4:collision_margin:46
2,1005,hidden_wall_abort_2_1005_0,hidden_wall_abort,risk_filter_uncertainty,0.00,0,1,1,1,5,0,3.28835,0.84686,0.09014,4.38835,-0.01757,0.37276,0.22907,0.08142,0.18132,0.23562,0.15443,8,0,collision_margin,a0:collision_margin:38;a1:visible_collision:51;a2:collision_margin:37;a3:visible_collision:42;a4:collision_margin:37
2,1005,hidden_wall_abort_2_1005_0,hidden_wall_abort,constraint_classifier,0.00,1,0,0,0,1,0,1.26104,0.84686,0.67156,1.26104,0.04795,0.28426,0.16568,0.12093,0.23457,0.18253,0.23407,8,0,none,a0:none:85
2,1005,hidden_wall_abort_2_1005_0,hidden_wall_abort,abort_constraint_discovery,0.00,0,1,1,0,5,0,4.38985,0.84686,0.06752,5.48985,-0.00443,0.30233,0.17808,0.12232,0.16380,0.10956,0.19945,8,0,fixture_snag,a0:collision_margin:42;a1:collision_margin:42;a2:collision_margin:43;a3:fixture_snag:79;a4:fixture_snag:68
2,1005,hidden_wall_abort_2_1005_0,hidden_wall_abort,oracle_constraints,0.00,1,0,0,0,1,0,1.30939,0.84686,0.64676,1.30939,0.03887,1.00000,1.00000,0.01183,0.03870,0.00719,0.03878,8,0,none,a0:none:81
2,1006,hidden_wall_abort_2_1006_0,hidden_wall_abort,ignore_aborted_actions,0.00,0,1,1,1,5,0,1.88933,0.84540,0.15661,2.98933,-0.01779,0.00000,0.00000,0.03947,0.03947,0.00000,0.00000,7,1,visible_collision,a0:collision_margin:42;a1:collision_margin:41;a2:visible_collision:15;a3:visible_collision:14;a4:visible_collision:13
2,1006,hidden_wall_abort_2_1006_0,hidden_wall_abort,negative_label_baseline,0.00,0,1,1,1,5,0,3.30191,0.84540,0.08961,4.40191,-0.01853,0.32609,0.19481,0.02895,0.01535,0.07571,0.02424,7,1,collision_margin,a0:collision_margin:42;a1:collision_margin:42;a2:collision_margin:41;a3:collision_margin:42;a4:collision_margin:42
2,1006,hidden_wall_abort_2_1006_0,hidden_wall_abort,costmap_from_collisions,0.00,1,1,1,1,3,0,2.52091,0.84540,0.33535,3.08091,-0.02197,0.38679,0.23977,0.06040,0.09644,0.09376,0.10734,7,1,none,a0:visible_collision:36;a1:collision_margin:43;a2:none:85
2,1006,hidden_wall_abort_2_1006_0,hidden_wall_abort,risk_filter_uncertainty,0.00,1,1,1,1,3,0,2.42335,0.84540,0.34885,2.98335,-0.01032,0.33463,0.20093,0.07884,0.17249,0.17963,0.13850,7,1,none,a0:visible_collision:36;a1:collision_margin:42;a2:none:85
2,1006,hidden_wall_abort_2_1006_0,hidden_wall_abort,constraint_classifier,0.00,1,0,0,0,1,0,1.30699,0.84540,0.64683,1.30699,0.04524,0.31549,0.18729,0.10540,0.20364,0.14089,0.20637,7,1,none,a0:none:84
2,1006,hidden_wall_abort_2_1006_0,hidden_wall_abort,abort_constraint_discovery,0.00,1,0,0,0,1,0,1.44753,0.84540,0.58403,1.44753,0.04041,0.39669,0.24742,0.06987,0.09586,0.05914,0.12812,7,1,none,a0:none:91
2,1006,hidden_wall_abort_2_1006_0,hidden_wall_abort,oracle_constraints,0.00,1,0,0,0,1,0,1.47964,0.84540,0.57135,1.47964,0.04078,1.00000,1.00000,0.01151,0.03871,0.00850,0.03947,7,1,none,a0:none:83
2,1007,hidden_wall_abort_2_1007_0,hidden_wall_abort,ignore_aborted_actions,0.00,0,1,1,1,5,0,2.48385,0.84273,0.11875,3.58385,-0.01625,0.00000,0.00000,0.04155,0.04155,0.00000,0.00000,8,0,fixture_snag,a0:fixture_snag:31;a1:fixture_snag:31;a2:fixture_snag:31;a3:fixture_snag:31;a4:fixture_snag:31
2,1007,hidden_wall_abort_2_1007_0,hidden_wall_abort,negative_label_baseline,0.00,0,1,1,1,5,0,2.37051,0.84273,0.12443,3.47051,-0.01162,0.56842,0.39706,0.02170,0.01109,0.06967,0.02424,8,0,fixture_snag,a0:fixture_snag:35;a1:fixture_snag:30;a2:fixture_snag:29;a3:fixture_snag:33;a4:fixture_snag:32
2,1007,hidden_wall_abort_2_1007_0,hidden_wall_abort,costmap_from_collisions,0.00,1,1,1,1,3,0,2.33491,0.84273,0.36093,2.89491,-0.01440,0.54822,0.37762,0.04139,0.07284,0.07678,0.09488,8,0,none,a0:fixture_snag:31;a1:fixture_snag:34;a2:none:82
2,1007,hidden_wall_abort_2_1007_0,hidden_wall_abort,risk_filter_uncertainty,0.00,1,1,1,1,3,0,2.23979,0.84273,0.37625,2.79979,-0.01174,0.48458,0.31977,0.06063,0.15617,0.16656,0.11565,8,0,none,a0:fixture_snag:31;a1:fixture_snag:34;a2:none:82
2,1007,hidden_wall_abort_2_1007_0,hidden_wall_abort,constraint_classifier,0.00,0,1,1,1,5,0,2.44187,0.84273,0.12079,3.54187,-0.01708,0.30303,0.17857,0.11745,0.22306,0.30213,0.23269,8,0,fixture_snag,a0:fixture_snag:31;a1:fixture_snag:28;a2:fixture_snag:34;a3:fixture_snag:32;a4:fixture_snag:33
2,1007,hidden_wall_abort_2_1007_0,hidden_wall_abort,abort_constraint_discovery,0.00,1,1,0,0,2,0,2.17577,0.84273,0.38733,2.45577,-0.00403,0.37333,0.22951,0.09496,0.12846,0.14465,0.16620,8,0,none,a0:collision_margin:42;a1:none:104
2,1007,hidden_wall_abort_2_1007_0,hidden_wall_abort,oracle_constraints,0.00,1,0,0,0,1,0,1.32580,0.84273,0.63564,1.32580,0.03834,1.00000,1.00000,0.01219,0.03948,0.01094,0.04155,8,0,none,a0:none:82
2,1008,hidden_wall_abort_2_1008_0,hidden_wall_abort,ignore_aborted_actions,0.00,0,1,1,1,5,0,2.33675,0.85709,0.12838,3.43675,-0.01168,0.00000,0.00000,0.04224,0.04224,0.00000,0.00000,8,0,fixture_snag,a0:fixture_snag:30;a1:fixture_snag:30;a2:fixture_snag:29;a3:fixture_snag:29;a4:fixture_snag:29
2,1008,hidden_wall_abort_2_1008_0,hidden_wall_abort,negative_label_baseline,0.00,0,1,1,1,5,0,2.53462,0.85709,0.11835,3.63462,-0.02555,0.36170,0.22078,0.02792,0.00508,0.02774,0.02285,8,0,fixture_snag,a0:fixture_snag:32;a1:fixture_snag:34;a2:fixture_snag:30;a3:fixture_snag:32;a4:fixture_snag:36
2,1008,hidden_wall_abort_2_1008_0,hidden_wall_abort,costmap_from_collisions,0.00,1,0,0,0,1,0,1.13687,0.85709,0.75390,1.13687,0.01820,0.48804,0.32278,0.04957,0.07952,0.02587,0.10249,8,0,none,a0:none:80
2,1008,hidden_wall_abort_2_1008_0,hidden_wall_abort,risk_filter_uncertainty,0.00,1,0,0,0,1,0,1.18194,0.85709,0.72515,1.18194,0.01822,0.43902,0.28125,0.06820,0.16244,0.11675,0.12812,8,0,none,a0:none:80
2,1008,hidden_wall_abort_2_1008_0,hidden_wall_abort,constraint_classifier,0.00,1,0,0,0,1,0,1.23648,0.85709,0.69317,1.23648,0.02083,0.32361,0.19304,0.11326,0.21857,0.20237,0.21884,8,0,none,a0:none:81
2,1008,hidden_wall_abort_2_1008_0,hidden_wall_abort,abort_constraint_discovery,0.00,1,1,1,1,3,0,3.66095,0.85709,0.23412,4.22095,-0.01664,0.35766,0.21778,0.09281,0.11233,0.03888,0.14751,8,0,none,a0:fixture_snag:35;a1:fixture_snag:36;a2:none:120
2,1008,hidden_wall_abort_2_1008_0,hidden_wall_abort,oracle_constraints,0.00,1,0,0,0,1,0,1.19456,0.85709,0.71749,1.19456,0.01912,1.00000,1.00000,0.01154,0.03947,0.01791,0.04224,8,0,none,a0:none:80
2,2000,force_limit_abort_2_2000_0,force_limit_abort,ignore_aborted_actions,0.00,1,1,1,1,5,0,4.86764,0.87184,0.17911,5.98764,0.34288,0.00000,0.00000,0.04571,0.04571,0.00000,0.00000,4,4,none,a0:visible_collision:55;a1:visible_collision:53;a2:visible_collision:52;a3:visible_collision:53;a4:none:72
2,2000,force_limit_abort_2_2000_0,force_limit_abort,negative_label_baseline,0.00,1,0,0,0,1,0,1.29087,0.87184,0.67539,1.29087,0.35965,0.09756,0.05128,0.04567,0.04217,0.00690,0.01108,4,4,none,a0:none:72
2,2000,force_limit_abort_2_2000_0,force_limit_abort,costmap_from_collisions,0.00,1,0,0,0,1,0,1.27934,0.87184,0.68148,1.27934,0.38375,0.22078,0.12409,0.05923,0.05959,0.02252,0.06094,4,4,none,a0:none:76
2,2000,force_limit_abort_2_2000_0,force_limit_abort,risk_filter_uncertainty,0.00,1,0,0,0,1,0,1.30084,0.87184,0.67021,1.30084,0.38535,0.18605,0.10256,0.06900,0.11670,0.10528,0.07341,4,4,none,a0:none:76
2,2000,force_limit_abort_2_2000_0,force_limit_abort,constraint_classifier,0.00,1,0,0,0,1,0,1.24733,0.87184,0.69897,1.24733,0.36361,0.19469,0.10784,0.09178,0.12116,0.04382,0.11080,4,4,none,a0:none:76
2,2000,force_limit_abort_2_2000_0,force_limit_abort,abort_constraint_discovery,0.00,1,0,0,0,1,0,1.19886,0.87184,0.72722,1.19886,0.38535,0.42009,0.26590,0.05873,0.09972,0.01158,0.10596,4,4,none,a0:none:72
2,2000,force_limit_abort_2_2000_0,force_limit_abort,oracle_constraints,0.00,1,0,0,0,1,0,1.22208,0.87184,0.71340,1.22208,0.38318,1.00000,1.00000,0.00567,0.02051,0.00000,0.04571,4,4,none,a0:none:72
2,2001,force_limit_abort_2_2001_0,force_limit_abort,ignore_aborted_actions,0.00,1,0,0,0,1,0,1.19089,0.85436,0.71741,1.19089,0.14267,0.00000,0.00000,0.04709,0.04709,0.00000,0.00000,3,5,none,a0:none:67
2,2001,force_limit_abort_2_2001_0,force_limit_abort,negative_label_baseline,0.00,1,0,0,0,1,0,1.19414,0.85436,0.71546,1.19414,0.14030,0.25316,0.14493,0.03319,0.03229,0.00000,0.00762,3,5,none,a0:none:67
2,2001,force_limit_abort_2_2001_0,force_limit_abort,costmap_from_collisions,0.00,1,0,0,0,1,0,1.09751,0.85436,0.77846,1.09751,0.14135,0.56522,0.39394,0.02634,0.01859,0.00222,0.04848,3,5,none,a0:none:67
2,2001,force_limit_abort_2_2001_0,force_limit_abort,risk_filter_uncertainty,0.00,1,0,0,0,1,0,1.16574,0.85436,0.73289,1.16574,0.14469,0.57364,0.40217,0.03613,0.09521,0.10356,0.04224,3,5,none,a0:none:67
2,2001,force_limit_abort_2_2001_0,force_limit_abort,constraint_classifier,0.00,1,0,0,0,1,0,1.07666,0.85436,0.79353,1.07666,0.14217,0.43617,0.27891,0.04852,0.06408,0.00000,0.08310,3,5,none,a0:none:67
2,2001,force_limit_abort_2_2001_0,force_limit_abort,abort_constraint_discovery,0.00,1,0,0,0,1,0,1.40429,0.85436,0.60840,1.40429,0.22121,0.46416,0.30222,0.07859,0.17103,0.06972,0.15582,3,5,none,a0:none:79
2,2001,force_limit_abort_2_2001_0,force_limit_abort,oracle_constraints,0.00,1,0,0,0,1,0,1.13669,0.85436,0.75163,1.13669,0.13838,1.00000,1.00000,0.00558,0.02044,0.00010,0.04709,3,5,none,a0:none:67
2,2002,force_limit_abort_2_2002_0,force_limit_abort,ignore_aborted_actions,0.00,0,1,1,1,5,0,2.06453,0.84361,0.14302,3.16453,-0.00870,0.00000,0.00000,0.04571,0.04571,0.00000,0.00000,3,5,force_limit,a0:force_limit:24;a1:force_limit:24;a2:force_limit:25;a3:force_limit:26;a4:force_limit:24
2,2002,force_limit_abort_2_2002_0,force_limit_abort,negative_label_baseline,0.00,1,0,0,0,1,0,1.17351,0.84361,0.71888,1.17351,0.04694,0.21333,0.11940,0.03341,0.03289,0.00336,0.00623,3,5,none,a0:none:68
2,2002,force_limit_abort_2_2002_0,force_limit_abort,costmap_from_collisions,0.00,1,1,0,1,2,0,1.73196,0.84361,0.48709,2.01196,0.03508,0.47297,0.30973,0.03833,0.03039,0.09944,0.05679,3,5,none,a0:visible_collision:23;a1:none:70
2,2002,force_limit_abort_2_2002_0,force_limit_abort,risk_filter_uncertainty,0.00,1,0,0,0,1,0,1.30114,0.84361,0.64837,1.30114,0.06101,0.53659,0.36667,0.03793,0.09379,0.10311,0.03947,3,5,none,a0:none:72
2,2002,force_limit_abort_2_2002_0,force_limit_abort,constraint_classifier,0.00,1,1,0,1,2,0,1.57438,0.84361,0.53584,1.85438,0.06405,0.49231,0.32653,0.04749,0.08458,0.12921,0.08934,3,5,none,a0:visible_collision:19;a1:none:74
2,2002,force_limit_abort_2_2002_0,force_limit_abort,abort_constraint_discovery,0.00,1,0,0,0,1,0,1.78998,0.84361,0.47130,1.78998,0.15454,0.46643,0.30415,0.08111,0.18961,0.07539,0.15028,3,5,none,a0:none:102
2,2002,force_limit_abort_2_2002_0,force_limit_abort,oracle_constraints,0.00,1,0,0,0,1,0,1.15513,0.84361,0.73032,1.15513,0.05493,1.00000,1.00000,0.00554,0.02041,0.01143,0.04571,3,5,none,a0:none:68
2,2003,force_limit_abort_2_2003_0,force_limit_abort,ignore_aborted_actions,0.00,1,0,0,0,1,0,1.17089,0.84406,0.72087,1.17089,0.01119,0.00000,0.00000,0.04501,0.04501,0.00000,0.00000,3,5,none,a0:none:70
2,2003,force_limit_abort_2_2003_0,force_limit_abort,negative_label_baseline,0.00,1,1,0,1,2,0,1.59105,0.84406,0.53050,1.87105,-0.01028,0.15190,0.08219,0.03987,0.03144,0.02411,0.00970,3,5,none,a0:force_limit:19;a1:none:74
2,2003,force_limit_abort_2_2003_0,force_limit_abort,costmap_from_collisions,0.00,1,0,0,0,1,0,1.38232,0.84406,0.61061,1.38232,0.09427,0.25197,0.14414,0.04510,0.03342,0.04983,0.04294,3,5,none,a0:none:80
2,2003,force_limit_abort_2_2003_0,force_limit_abort,risk_filter_uncertainty,0.00,1,1,0,1,2,0,1.58178,0.84406,0.53361,1.86178,-0.00989,0.33103,0.19835,0.05208,0.10256,0.14292,0.05540,3,5,none,a0:force_limit:19;a1:none:81
2,2003,force_limit_abort_2_2003_0,force_limit_abort,constraint_classifier,0.00,1,0,0,0,1,0,1.55613,0.84406,0.54241,1.55613,0.08706,0.32000,0.19048,0.05636,0.07266,0.08265,0.07618,3,5,none,a0:none:94
2,2003,force_limit_abort_2_2003_0,force_limit_abort,abort_constraint_discovery,0.00,1,0,0,0,1,0,1.23193,0.84406,0.68515,1.23193,0.09316,0.49289,0.32704,0.05435,0.10084,0.11249,0.10111,3,5,none,a0:none:79
2,2003,force_limit_abort_2_2003_0,force_limit_abort,oracle_constraints,0.00,1,0,0,0,1,0,1.25515,0.84406,0.67248,1.25515,0.05331,1.00000,1.00000,0.00577,0.02067,0.01260,0.04501,3,5,none,a0:none:74
2,2004,force_limit_abort_2_2004_0,force_limit_abort,ignore_aborted_actions,0.00,1,0,0,0,1,0,1.21710,0.83973,0.68995,1.21710,0.13833,0.00000,0.00000,0.04571,0.04571,0.00000,0.00000,4,4,none,a0:none:67
2,2004,force_limit_abort_2_2004_0,force_limit_abort,negative_label_baseline,0.00,1,0,0,0,1,0,1.12073,0.83973,0.74928,1.12073,0.16776,0.10256,0.05405,0.04331,0.03852,0.00000,0.00831,4,4,none,a0:none:67
2,2004,force_limit_abort_2_2004_0,force_limit_abort,costmap_from_collisions,0.00,1,0,0,0,1,0,1.19455,0.83973,0.70297,1.19455,0.17326,0.30303,0.17857,0.04564,0.03358,0.00844,0.04571,4,4,none,a0:none:67
2,2004,force_limit_abort_2_2004_0,force_limit_abort,risk_filter_uncertainty,0.00,1,0,0,0,1,0,1.08676,0.83973,0.77270,1.08676,0.14645,0.25352,0.14516,0.05627,0.10303,0.10434,0.05263,4,4,none,a0:none:67
2,2004,force_limit_abort_2_2004_0,force_limit_abort,constraint_classifier,0.00,1,0,0,0,1,0,1.17314,0.83973,0.71580,1.17314,0.16710,0.36530,0.22346,0.06386,0.11015,0.03713,0.10596,4,4,none,a0:none:67
2,2004,force_limit_abort_2_2004_0,force_limit_abort,abort_constraint_discovery,0.00,1,0,0,0,1,0,1.17275,0.83973,0.71604,1.17275,0.16969,0.54148,0.37126,0.04888,0.09492,0.01684,0.11288,4,4,none,a0:none:71
2,2004,force_limit_abort_2_2004_0,force_limit_abort,oracle_constraints,0.00,1,0,0,0,1,0,1.06444,0.83973,0.78890,1.06444,0.17604,1.00000,1.00000,0.00581,0.02065,0.00001,0.04571,4,4,none,a0:none:67
2,2005,force_limit_abort_2_2005_0,force_limit_abort,ignore_aborted_actions,0.00,0,1,1,1,5,0,3.37823,0.85591,0.08868,4.47823,-0.00988,0.00000,0.00000,0.04709,0.04709,0.00000,0.00000,4,4,force_limit,a0:force_limit:40;a1:force_limit:40;a2:force_limit:40;a3:force_limit:40;a4:force_limit:39
2,2005,force_limit_abort_2_2005_0,force_limit_abort,negative_label_baseline,0.00,0,1,1,1,5,0,3.42219,0.85591,0.08754,4.52219,-0.01694,0.33708,0.20270,0.03403,0.02426,0.07810,0.01454,4,4,force_limit,a0:force_limit:41;a1:force_limit:46;a2:force_limit:40;a3:force_limit:40;a4:force_limit:40
2,2005,force_limit_abort_2_2005_0,force_limit_abort,costmap_from_collisions,0.00,1,1,0,1,2,0,2.53633,0.85591,0.33746,2.81633,-0.00732,0.53333,0.36364,0.04013,0.05950,0.04873,0.07756,4,4,none,a0:force_limit:64;a1:none:83
2,2005,force_limit_abort_2_2005_0,force_limit_abort,risk_filter_uncertainty,0.00,1,1,0,1,2,0,2.38784,0.85591,0.35844,2.66784,-0.00750,0.53179,0.36220,0.04855,0.11868,0.11654,0.07271,4,4,none,a0:force_limit:57;a1:none:81
2,2005,force_limit_abort_2_2005_0,force_limit_abort,constraint_classifier,0.00,1,1,0,1,2,0,2.67723,0.85591,0.31970,2.95723,-0.00054,0.41699,0.26341,0.07472,0.13704,0.07323,0.13227,4,4,none,a0:force_limit:66;a1:none:88
2,2005,force_limit_abort_2_2005_0,force_limit_abort,abort_constraint_discovery,0.00,1,0,0,0,1,0,1.80907,0.85591,0.47312,1.80907,0.05996,0.44015,0.28218,0.07096,0.13888,0.06068,0.13227,4,4,none,a0:none:112
2,2005,force_limit_abort_2_2005_0,force_limit_abort,oracle_constraints,0.00,1,0,0,0,1,0,1.23868,0.85591,0.69099,1.23868,0.05770,1.00000,1.00000,0.00561,0.02047,0.00875,0.04709,4,4,none,a0:none:79
2,2006,force_limit_abort_2_2006_0,force_limit_abort,ignore_aborted_actions,0.00,1,0,0,0,1,0,1.14445,0.85723,0.74903,1.14445,0.13612,0.00000,0.00000,0.04501,0.04501,0.00000,0.00000,1,7,none,a0:none:68
2,2006,force_limit_abort_2_2006_0,force_limit_abort,negative_label_baseline,0.00,1,0,0,0,1,0,1.18988,0.85723,0.72043,1.18988,0.13059,0.05882,0.03030,0.03904,0.03864,0.00000,0.00208,1,7,none,a0:none:68
2,2006,force_limit_abort_2_2006_0,force_limit_abort,costmap_from_collisions,0.00,1,0,0,0,1,0,1.16327,0.85723,0.73691,1.16327,0.13390,0.40816,0.25641,0.02623,0.01519,0.00005,0.02285,1,7,none,a0:none:68
2,2006,force_limit_abort_2_2006_0,force_limit_abort,risk_filter_uncertainty,0.00,1,0,0,0,1,0,1.17517,0.85723,0.72945,1.17517,0.13384,0.36170,0.22078,0.03659,0.08267,0.09061,0.02008,1,7,none,a0:none:68
2,2006,force_limit_abort_2_2006_0,force_limit_abort,constraint_classifier,0.00,1,0,0,0,1,0,1.17313,0.85723,0.73072,1.17313,0.13353,0.46602,0.30380,0.03218,0.01593,0.00000,0.02632,1,7,none,a0:none:68
2,2006,force_limit_abort_2_2006_0,force_limit_abort,abort_constraint_discovery,0.00,1,0,0,0,1,0,1.37059,0.85723,0.62545,1.37059,0.16600,0.58128,0.40972,0.04134,0.08546,0.03069,0.09557,1,7,none,a0:none:80
2,2006,force_limit_abort_2_2006_0,force_limit_abort,oracle_constraints,0.00,1,0,0,0,1,0,1.16096,0.85723,0.73838,1.16096,0.13123,1.00000,1.00000,0.00565,0.02048,0.00015,0.04501,1,7,none,a0:none:68
2,2007,force_limit_abort_2_2007_0,force_limit_abort,ignore_aborted_actions,0.00,0,1,1,1,5,0,3.49731,0.85876,0.08594,4.59731,-0.00897,0.00000,0.00000,0.04709,0.04709,0.00000,0.00000,6,2,force_limit,a0:force_limit:42;a1:force_limit:42;a2:force_limit:43;a3:force_limit:42;a4:force_limit:42
2,2007,force_limit_abort_2_2007_0,force_limit_abort,negative_label_baseline,0.00,1,1,1,1,3,0,2.58041,0.85876,0.33280,3.14041,-0.01392,0.36559,0.22368,0.03395,0.02069,0.01084,0.01731,6,2,none,a0:force_limit:37;a1:force_limit:35;a2:none:78
2,2007,force_limit_abort_2_2007_0,force_limit_abort,costmap_from_collisions,0.00,1,0,0,0,1,0,1.47776,0.85876,0.58112,1.47776,0.05228,0.46486,0.30282,0.04441,0.05994,0.05890,0.08102,6,2,none,a0:none:85
2,2007,force_limit_abort_2_2007_0,force_limit_abort,risk_filter_uncertainty,0.00,1,0,0,0,1,0,1.30588,0.85876,0.65760,1.30588,0.03678,0.45405,0.29371,0.05455,0.12607,0.11893,0.08102,6,2,none,a0:none:82
2,2007,force_limit_abort_2_2007_0,force_limit_abort,constraint_classifier,0.00,1,1,0,1,2,0,2.57304,0.85876,0.33375,2.85304,0.08256,0.40924,0.25726,0.09049,0.18071,0.08244,0.16274,6,2,none,a0:visible_collision:63;a1:none:94
2,2007,force_limit_abort_2_2007_0,force_limit_abort,abort_constraint_discovery,0.00,1,0,0,0,1,0,2.18051,0.85876,0.39383,2.18051,0.09203,0.40000,0.25000,0.09622,0.21310,0.05457,0.18837,6,2,none,a0:none:120
2,2007,force_limit_abort_2_2007_0,force_limit_abort,oracle_constraints,0.00,1,0,0,0,1,0,1.33345,0.85876,0.64401,1.33345,0.05078,1.00000,1.00000,0.00562,0.02052,0.01041,0.04709,6,2,none,a0:none:78
2,2008,force_limit_abort_2_2008_0,force_limit_abort,ignore_aborted_actions,0.00,0,1,1,1,5,0,2.16463,0.84542,0.13670,3.26463,-0.01193,0.00000,0.00000,0.04640,0.04640,0.00000,0.00000,6,2,force_limit,a0:force_limit:25;a1:force_limit:25;a2:force_limit:24;a3:force_limit:25;a4:force_limit:26
2,2008,force_limit_abort_2_2008_0,force_limit_abort,negative_label_baseline,0.00,1,0,0,0,1,0,1.20395,0.84542,0.70220,1.20395,0.04969,0.28571,0.16667,0.03318,0.02321,0.03268,0.01177,6,2,none,a0:none:72
2,2008,force_limit_abort_2_2008_0,force_limit_abort,costmap_from_collisions,0.00,1,1,0,1,2,0,2.52197,0.84542,0.33522,2.80197,0.06490,0.45098,0.29114,0.05230,0.08040,0.03166,0.09488,6,2,none,a0:visible_collision:60;a1:none:86
2,2008,force_limit_abort_2_2008_0,force_limit_abort,risk_filter_uncertainty,0.00,1,0,0,0,1,0,1.42704,0.84542,0.59243,1.42704,0.05402,0.50000,0.33333,0.05251,0.12544,0.10666,0.08102,6,2,none,a0:none:84
2,2008,force_limit_abort_2_2008_0,force_limit_abort,constraint_classifier,0.00,1,1,0,1,2,0,2.59283,0.84542,0.32606,2.87283,0.06026,0.34104,0.20557,0.10143,0.18493,0.05819,0.19321,6,2,none,a0:visible_collision:63;a1:none:88
2,2008,force_limit_abort_2_2008_0,force_limit_abort,abort_constraint_discovery,0.00,1,0,0,0,1,0,2.33792,0.84542,0.36161,2.33792,0.14030,0.36216,0.22112,0.11728,0.24122,0.05508,0.20983,6,2,none,a0:none:120
2,2008,force_limit_abort_2_2008_0,force_limit_abort,oracle_constraints,0.00,1,0,0,0,1,0,1.20768,0.84542,0.70003,1.20768,0.07532,1.00000,1.00000,0.00563,0.02050,0.00550,0.04640,6,2,none,a0:none:74
2,3000,human_stop_constraint_2_3000_0,human_stop_constraint,ignore_aborted_actions,0.00,1,0,0,0,1,0,1.35693,0.85221,0.62804,1.35693,0.28948,0.00000,0.00000,0.03047,0.03047,0.00000,0.00000,2,5,none,a0:none:71
2,3000,human_stop_constraint_2_3000_0,human_stop_constraint,negative_label_baseline,0.00,1,0,0,0,1,0,1.30275,0.85221,0.65416,1.30275,0.29605,0.08000,0.04167,0.02841,0.02409,0.00000,0.00416,2,5,none,a0:none:71
2,3000,human_stop_constraint_2_3000_0,human_stop_constraint,costmap_from_collisions,0.00,1,0,0,0,1,0,1.21981,0.85221,0.69864,1.21981,0.28920,0.30303,0.17857,0.03157,0.03064,0.00001,0.03809,2,5,none,a0:none:71
2,3000,human_stop_constraint_2_3000_0,human_stop_constraint,risk_filter_uncertainty,0.00,1,0,0,0,1,0,1.38381,0.85221,0.61584,1.38381,0.27892,0.25243,0.14444,0.04276,0.10780,0.10325,0.04086,2,5,none,a0:none:71
2,3000,human_stop_constraint_2_3000_0,human_stop_constraint,constraint_classifier,0.00,1,0,0,0,1,0,1.40344,0.85221,0.60723,1.40344,0.29199,0.17391,0.09524,0.06564,0.08844,0.00000,0.09695,2,5,none,a0:none:71
2,3000,human_stop_constraint_2_3000_0,human_stop_constraint,abort_constraint_discovery,0.00,1,0,0,0,1,0,1.32465,0.85221,0.64335,1.32465,0.28867,0.48276,0.31818,0.02943,0.04936,0.00192,0.04986,2,5,none,a0:none:71
2,3000,human_stop_constraint_2_3000_0,human_stop_constraint,oracle_constraints,0.00,1,0,0,0,1,0,1.25773,0.85221,0.67758,1.25773,0.28979,1.00000,1.00000,0.00436,0.01558,0.00000,0.03047,2,5,none,a0:none:71
2,3001,human_stop_constraint_2_3001_0,human_stop_constraint,ignore_aborted_actions,0.00,0,1,1,0,5,0,3.47731,0.84752,0.08531,4.57731,-0.01548,0.00000,0.00000,0.05609,0.05609,0.00000,0.00000,5,2,human_stop,a0:human_stop:38;a1:human_stop:37;a2:human_stop:38;a3:human_stop:38;a4:human_stop:38
2,3001,human_stop_constraint_2_3001_0,human_stop_constraint,negative_label_baseline,0.00,1,1,1,0,4,0,3.29949,0.84752,0.25686,4.13949,-0.02832,0.28829,0.16842,0.04302,0.02849,0.02859,0.02078,5,2,none,a0:human_stop:35;a1:human_stop:43;a2:human_stop:36;a3:none:75
2,3001,human_stop_constraint_2_3001_0,human_stop_constraint,costmap_from_collisions,0.00,1,1,0,0,2,0,2.04189,0.84752,0.41507,2.32189,-0.01015,0.41748,0.26380,0.05252,0.05385,0.08061,0.08657,5,2,none,a0:human_stop:34;a1:none:77
2,3001,human_stop_constraint_2_3001_0,human_stop_constraint,risk_filter_uncertainty,0.00,1,1,0,0,2,0,1.91122,0.84752,0.44344,2.19122,-0.00448,0.39801,0.24845,0.06116,0.11482,0.12775,0.08310,5,2,none,a0:human_stop:33;a1:none:77
2,3001,human_stop_constraint_2_3001_0,human_stop_constraint,constraint_classifier,0.00,1,1,0,1,2,0,2.41039,0.84752,0.35161,2.69039,0.10537,0.32343,0.19291,0.08780,0.13430,0.06523,0.15374,5,2,none,a0:visible_collision:25;a1:none:107
2,3001,human_stop_constraint_2_3001_0,human_stop_constraint,abort_constraint_discovery,0.00,1,0,0,0,1,0,2.14122,0.84752,0.39581,2.14122,0.18507,0.43537,0.27826,0.07815,0.12951,0.01970,0.14751,5,2,none,a0:none:120
2,3001,human_stop_constraint_2_3001_0,human_stop_constraint,oracle_constraints,0.00,1,1,1,1,3,0,2.25942,0.84752,0.37511,2.81942,0.04833,1.00000,1.00000,0.00625,0.02250,0.00581,0.05609,5,2,none,a0:visible_collision:23;a1:visible_collision:24;a2:none:77
2,3002,human_stop_constraint_2_3002_0,human_stop_constraint,ignore_aborted_actions,0.00,1,0,0,0,1,0,1.20318,0.85233,0.70840,1.20318,0.02128,0.00000,0.00000,0.06302,0.06302,0.00000,0.00000,5,2,none,a0:none:71
2,3002,human_stop_constraint_2_3002_0,human_stop_constraint,negative_label_baseline,0.00,1,0,0,0,1,0,1.25361,0.85233,0.67990,1.25361,0.03710,0.21622,0.12121,0.04925,0.04091,0.00479,0.01385,5,2,none,a0:none:71
2,3002,human_stop_constraint_2_3002_0,human_stop_constraint,costmap_from_collisions,0.00,1,0,0,0,1,0,1.58825,0.85233,0.53665,1.58825,0.19338,0.45714,0.29630,0.04944,0.03698,0.00489,0.08241,5,2,none,a0:none:77
2,3002,human_stop_constraint_2_3002_0,human_stop_constraint,risk_filter_uncertainty,0.00,1,0,0,0,1,0,1.27561,0.85233,0.66817,1.27561,0.05603,0.45685,0.29605,0.05664,0.10191,0.11960,0.07341,5,2,none,a0:none:75
2,3002,human_stop_constraint_2_3002_0,human_stop_constraint,constraint_classifier,0.00,1,0,0,0,1,0,1.48501,0.85233,0.57396,1.48501,0.20038,0.43678,0.27941,0.06970,0.10673,0.05821,0.11773,5,2,none,a0:none:78
2,3002,human_stop_constraint_2_3002_0,human_stop_constraint,abort_constraint_discovery,0.00,1,0,0,0,1,0,1.46856,0.85233,0.58039,1.46856,0.22040,0.49827,0.33180,0.07017,0.11026,0.02868,0.13712,5,2,none,a0:none:81
2,3002,human_stop_constraint_2_3002_0,human_stop_constraint,oracle_constraints,0.00,1,1,0,1,2,0,2.31554,0.85233,0.36809,2.59554,0.03721,1.00000,1.00000,0.00862,0.03018,0.00841,0.06302,5,2,none,a0:visible_collision:59;a1:none:71
2,3003,human_stop_constraint_2_3003_0,human_stop_constraint,ignore_aborted_actions,0.00,1,1,0,0,2,0,2.02782,0.85809,0.42316,2.30782,-0.00677,0.00000,0.00000,0.05055,0.05055,0.00000,0.00000,5,2,none,a0:human_stop:41;a1:none:71
2,3003,human_stop_constraint_2_3003_0,human_stop_constraint,negative_label_baseline,0.00,1,0,0,0,1,0,1.42720,0.85809,0.60124,1.42720,0.04613,0.26374,0.15190,0.03382,0.02563,0.01732,0.01247,5,2,none,a0:none:73
2,3003,human_stop_constraint_2_3003_0,human_stop_constraint,costmap_from_collisions,0.00,1,0,0,0,1,0,1.50209,0.85809,0.57127,1.50209,0.17799,0.59184,0.42029,0.03814,0.04992,0.01675,0.08518,5,2,none,a0:none:83
2,3003,human_stop_constraint_2_3003_0,human_stop_constraint,risk_filter_uncertainty,0.00,1,1,0,1,2,0,2.47335,0.85809,0.34694,2.75335,0.11645,0.52535,0.35625,0.05511,0.12830,0.11515,0.09972,5,2,none,a0:visible_collision:57;a1:none:85
2,3003,human_stop_constraint_2_3003_0,human_stop_constraint,constraint_classifier,0.00,1,0,0,0,1,0,1.65917,0.85809,0.51718,1.65917,0.23327,0.53543,0.36559,0.05804,0.11696,0.06035,0.12535,5,2,none,a0:none:90
2,3003,human_stop_constraint_2_3003_0,human_stop_constraint,abort_constraint_discovery,0.00,1,0,0,0,1,0,1.73282,0.85809,0.49520,1.73282,0.27148,0.52364,0.35468,0.06313,0.11923,0.02405,0.13989,5,2,none,a0:none:95
2,3003,human_stop_constraint_2_3003_0,human_stop_constraint,oracle_constraints,0.00,1,1,1,1,4,0,4.19164,0.85809,0.20472,5.03164,0.05139,1.00000,1.00000,0.00591,0.02119,0.00511,0.05055,5,2,none,a0:visible_collision:52;a1:visible_collision:52;a2:visible_collision:52;a3:none:73
2,3004,human_stop_constraint_2_3004_0,human_stop_constraint,ignore_aborted_actions,0.00,1,0,0,0,1,0,1.45080,0.87095,0.60032,1.45080,0.03529,0.00000,0.00000,0.04709,0.04709,0.00000,0.00000,4,3,none,a0:none:73
2,3004,human_stop_constraint_2_3004_0,human_stop_constraint,negative_label_baseline,0.00,1,0,0,0,1,0,1.26726,0.87095,0.68727,1.26726,0.12296,0.26190,0.15068,0.03384,0.02669,0.00000,0.01108,4,3,none,a0:none:73
2,3004,human_stop_constraint_2_3004_0,human_stop_constraint,costmap_from_collisions,0.00,1,0,0,0,1,0,1.38267,0.87095,0.62990,1.38267,0.10034,0.51852,0.35000,0.03452,0.03356,0.00916,0.06510,4,3,none,a0:none:73
2,3004,human_stop_constraint_2_3004_0,human_stop_constraint,risk_filter_uncertainty,0.00,1,0,0,0,1,0,1.43357,0.87095,0.60754,1.43357,0.04290,0.51656,0.34821,0.04314,0.10461,0.09118,0.05748,4,3,none,a0:none:73
2,3004,human_stop_constraint_2_3004_0,human_stop_constraint,constraint_classifier,0.00,1,0,0,0,1,0,1.42030,0.87095,0.61321,1.42030,0.11226,0.42342,0.26857,0.05497,0.09052,0.02619,0.10665,4,3,none,a0:none:73
2,3004,human_stop_constraint_2_3004_0,human_stop_constraint,abort_constraint_discovery,0.00,1,0,0,0,1,0,1.45364,0.87095,0.59915,1.45364,0.19632,0.52212,0.35329,0.05400,0.09334,0.01660,0.10942,4,3,none,a0:none:79
2,3004,human_stop_constraint_2_3004_0,human_stop_constraint,oracle_constraints,0.00,1,0,0,0,1,0,1.28722,0.87095,0.67661,1.28722,0.12164,1.00000,1.00000,0.00559,0.01961,0.00015,0.04709,4,3,none,a0:none:73
2,3005,human_stop_constraint_2_3005_0,human_stop_constraint,ignore_aborted_actions,0.00,0,1,1,0,5,0,2.65543,0.85342,0.11248,3.75543,-0.00984,0.00000,0.00000,0.06510,0.06510,0.00000,0.00000,7,0,human_stop,a0:human_stop:31;a1:human_stop:29;a2:human_stop:30;a3:human_stop:30;a4:human_stop:30
2,3005,human_stop_constraint_2_3005_0,human_stop_constraint,negative_label_baseline,0.00,1,1,0,0,2,0,2.06855,0.85342,0.41257,2.34855,-0.02073,0.29032,0.16981,0.04744,0.02835,0.01021,0.02078,7,0,none,a0:human_stop:34;a1:none:74
2,3005,human_stop_constraint_2_3005_0,human_stop_constraint,costmap_from_collisions,0.00,1,0,0,0,1,0,1.64246,0.85342,0.51960,1.64246,0.08094,0.48000,0.31579,0.05880,0.06717,0.03186,0.10803,7,0,none,a0:none:91
2,3005,human_stop_constraint_2_3005_0,human_stop_constraint,risk_filter_uncertainty,0.00,1,0,0,0,1,0,1.48606,0.85342,0.57428,1.48606,0.06761,0.44082,0.28272,0.06590,0.12036,0.16579,0.10457,7,0,none,a0:none:76
2,3005,human_stop_constraint_2_3005_0,human_stop_constraint,constraint_classifier,0.00,1,0,0,0,1,0,1.72383,0.85342,0.49507,1.72383,0.07990,0.33094,0.19828,0.11948,0.19570,0.15031,0.22368,7,0,none,a0:none:99
2,3005,human_stop_constraint_2_3005_0,human_stop_constraint,abort_constraint_discovery,0.00,1,0,0,0,1,0,1.68238,0.85342,0.50727,1.68238,0.13961,0.49852,0.33202,0.08068,0.13499,0.02974,0.16828,7,0,none,a0:none:93
2,3005,human_stop_constraint_2_3005_0,human_stop_constraint,oracle_constraints,0.00,1,0,0,0,1,0,1.37081,0.85342,0.62256,1.37081,0.03596,1.00000,1.00000,0.00872,0.03103,0.01087,0.06510,7,0,none,a0:none:72
2,3006,human_stop_constraint_2_3006_0,human_stop_constraint,ignore_aborted_actions,0.00,1,0,0,0,1,0,1.08341,0.83392,0.76972,1.08341,0.03660,0.00000,0.00000,0.06648,0.06648,0.00000,0.00000,3,4,none,a0:none:66
2,3006,human_stop_constraint_2_3006_0,human_stop_constraint,negative_label_baseline,0.00,1,0,0,0,1,0,1.13313,0.83392,0.73594,1.13313,0.06141,0.09346,0.04902,0.05998,0.05230,0.01098,0.00762,3,4,none,a0:none:66
2,3006,human_stop_constraint_2_3006_0,human_stop_constraint,costmap_from_collisions,0.00,1,1,1,0,3,0,2.82834,0.83392,0.29485,3.38834,-0.00476,0.48000,0.31579,0.05810,0.06731,0.15831,0.10665,3,4,none,a0:human_stop:45;a1:human_stop:44;a2:none:66
2,3006,human_stop_constraint_2_3006_0,human_stop_constraint,risk_filter_uncertainty,0.00,1,0,0,0,1,0,1.35662,0.83392,0.61471,1.35662,0.01098,0.30601,0.18065,0.06498,0.09136,0.11583,0.06025,3,4,none,a0:none:70
2,3006,human_stop_constraint_2_3006_0,human_stop_constraint,constraint_classifier,0.00,1,0,0,0,1,0,1.27078,0.83392,0.65623,1.27078,0.05782,0.42798,0.27225,0.07139,0.08753,0.12658,0.10180,3,4,none,a0:none:66
2,3006,human_stop_constraint_2_3006_0,human_stop_constraint,abort_constraint_discovery,0.00,1,0,0,0,1,0,1.77229,0.83392,0.47053,1.77229,0.08592,0.48739,0.32222,0.05496,0.07039,0.01754,0.09834,3,4,none,a0:none:101
2,3006,human_stop_constraint_2_3006_0,human_stop_constraint,oracle_constraints,0.00,1,0,0,0,1,0,1.25346,0.83392,0.66530,1.25346,0.05234,1.00000,1.00000,0.00873,0.03097,0.00403,0.06648,3,4,none,a0:none:66
2,3007,human_stop_constraint_2_3007_0,human_stop_constraint,ignore_aborted_actions,0.00,1,0,0,0,1,0,1.22578,0.84755,0.69144,1.22578,0.01600,0.00000,0.00000,0.06371,0.06371,0.00000,0.00000,6,1,none,a0:none:69
2,3007,human_stop_constraint_2_3007_0,human_stop_constraint,negative_label_baseline,0.00,1,1,0,0,2,0,1.76624,0.84755,0.47986,2.04624,-0.00388,0.25424,0.14563,0.04925,0.03352,0.06129,0.01801,6,1,none,a0:human_stop:36;a1:none:69
2,3007,human_stop_constraint_2_3007_0,human_stop_constraint,costmap_from_collisions,0.00,1,0,0,0,1,0,1.48615,0.84755,0.57030,1.48615,0.02394,0.43750,0.28000,0.05492,0.05235,0.03521,0.09141,6,1,none,a0:none:85
2,3007,human_stop_constraint_2_3007_0,human_stop_constraint,risk_filter_uncertainty,0.00,1,1,1,0,3,0,3.09299,0.84755,0.27402,3.65299,-0.01327,0.49254,0.32673,0.06692,0.13523,0.11581,0.12188,6,1,none,a0:human_stop:39;a1:human_stop:37;a2:none:96
2,3007,human_stop_constraint_2_3007_0,human_stop_constraint,constraint_classifier,0.00,1,0,0,0,1,0,1.65017,0.84755,0.51361,1.65017,0.01798,0.41888,0.26493,0.09366,0.15774,0.03327,0.17105,6,1,none,a0:none:88
2,3007,human_stop_constraint_2_3007_0,human_stop_constraint,abort_constraint_discovery,0.00,1,0,0,0,1,0,1.83094,0.84755,0.46290,1.83094,0.13516,0.53333,0.36364,0.06526,0.10222,0.02667,0.13366,6,1,none,a0:none:102
2,3007,human_stop_constraint_2_3007_0,human_stop_constraint,oracle_constraints,0.00,1,0,0,0,1,0,1.32882,0.84755,0.63782,1.32882,0.01056,1.00000,1.00000,0.00874,0.03048,0.03167,0.06371,6,1,none,a0:none:69
2,3008,human_stop_constraint_2_3008_0,human_stop_constraint,ignore_aborted_actions,0.00,1,0,0,0,1,0,1.21874,0.85523,0.70173,1.21874,0.13989,0.00000,0.00000,0.06163,0.06163,0.00000,0.00000,5,2,none,a0:none:67
2,3008,human_stop_constraint_2_3008_0,human_stop_constraint,negative_label_baseline,0.00,1,0,0,0,1,0,1.23759,0.85523,0.69104,1.23759,0.13413,0.09434,0.04950,0.05602,0.04270,0.00193,0.01177,5,2,none,a0:none:67
2,3008,human_stop_constraint_2_3008_0,human_stop_constraint,costmap_from_collisions,0.00,1,0,0,0,1,0,1.19918,0.85523,0.71318,1.19918,0.19449,0.31532,0.18717,0.06753,0.06801,0.01877,0.09211,5,2,none,a0:none:71
2,3008,human_stop_constraint_2_3008_0,human_stop_constraint,risk_filter_uncertainty,0.00,1,0,0,0,1,0,1.27139,0.85523,0.67268,1.27139,0.13975,0.28571,0.16667,0.07698,0.12330,0.11137,0.09349,5,2,none,a0:none:69
2,3008,human_stop_constraint_2_3008_0,human_stop_constraint,constraint_classifier,0.00,1,0,0,0,1,0,1.22901,0.85523,0.69587,1.22901,0.16207,0.26006,0.14947,0.10760,0.16674,0.07272,0.16205,5,2,none,a0:none:69
2,3008,human_stop_constraint_2_3008_0,human_stop_constraint,abort_constraint_discovery,0.00,1,0,0,0,1,0,1.37642,0.85523,0.62135,1.37642,0.27203,0.45926,0.29808,0.06979,0.11242,0.01682,0.12535,5,2,none,a0:none:77
2,3008,human_stop_constraint_2_3008_0,human_stop_constraint,oracle_constraints,0.00,1,0,0,0,1,0,1.21311,0.85523,0.70499,1.21311,0.13273,1.00000,1.00000,0.00862,0.03063,0.00005,0.06163,5,2,none,a0:none:67
2,4000,combined_abort_stress_2_4000_0,combined_abort_stress,ignore_aborted_actions,0.00,0,1,1,1,5,0,2.02691,0.84256,0.14549,3.12691,-0.01743,0.00000,0.00000,0.10942,0.10942,0.00000,0.00000,11,0,collision_margin,a0:visible_collision:13;a1:visible_collision:13;a2:collision_margin:28;a3:visible_collision:12;a4:collision_margin:27
2,4000,combined_abort_stress_2_4000_0,combined_abort_stress,negative_label_baseline,0.00,0,1,1,1,5,0,3.02747,0.84256,0.09741,4.12747,-0.00993,0.24752,0.14124,0.09425,0.07165,0.09980,0.03047,11,0,collision_margin,a0:visible_collision:18;a1:collision_margin:31;a2:collision_margin:33;a3:collision_margin:30;a4:collision_margin:31
2,4000,combined_abort_stress_2_4000_0,combined_abort_stress,costmap_from_collisions,0.00,1,0,0,0,1,0,1.63165,0.84256,0.51638,1.63165,0.03937,0.34727,0.21012,0.10223,0.08483,0.03181,0.10596,11,0,none,a0:none:79
2,4000,combined_abort_stress_2_4000_0,combined_abort_stress,risk_filter_uncertainty,0.00,1,0,0,0,1,0,1.82057,0.84256,0.46280,1.82057,0.02937,0.32544,0.19435,0.10754,0.09910,0.14853,0.12465,11,0,none,a0:none:80
2,4000,combined_abort_stress_2_4000_0,combined_abort_stress,constraint_classifier,0.00,0,1,1,1,5,0,2.33355,0.84256,0.12637,3.43355,-0.02276,0.33984,0.20471,0.15454,0.17778,0.31470,0.24515,11,0,visible_collision,a0:visible_collision:20;a1:collision_margin:35;a2:collision_margin:31;a3:visible_collision:15;a4:visible_collision:12
2,4000,combined_abort_stress_2_4000_0,combined_abort_stress,abort_constraint_discovery,0.00,1,1,0,1,2,0,2.58761,0.84256,0.32561,2.86761,0.02497,0.37727,0.23249,0.13707,0.12864,0.08478,0.19529,11,0,none,a0:visible_collision:47;a1:none:77
2,4000,combined_abort_stress_2_4000_0,combined_abort_stress,oracle_constraints,0.00,1,0,0,0,1,0,1.68790,0.84256,0.49917,1.68790,0.03781,1.00000,1.00000,0.01981,0.06482,0.01880,0.10942,11,0,none,a0:none:77
2,4001,combined_abort_stress_2_4001_0,combined_abort_stress,ignore_aborted_actions,0.00,0,1,1,1,5,0,3.55909,0.85729,0.08431,4.65909,-0.02015,0.00000,0.00000,0.12119,0.12119,0.00000,0.00000,11,0,fixture_snag,a0:human_stop:33;a1:human_stop:33;a2:fixture_snag:33;a3:human_stop:33;a4:fixture_snag:33
2,4001,combined_abort_stress_2_4001_0,combined_abort_stress,negative_label_baseline,0.00,0,1,1,1,5,0,4.32574,0.85729,0.06936,5.42574,-0.02026,0.21622,0.12121,0.09991,0.07082,0.05762,0.03255,11,0,human_stop,a0:fixture_snag:40;a1:human_stop:34;a2:fixture_snag:41;a3:fixture_snag:41;a4:human_stop:34
2,4001,combined_abort_stress_2_4001_0,combined_abort_stress,costmap_from_collisions,0.00,1,1,1,1,4,0,5.05589,0.85729,0.16956,5.89589,-0.00648,0.41763,0.26393,0.11368,0.10223,0.03045,0.17729,11,0,none,a0:fixture_snag:38;a1:human_stop:34;a2:unstable_slip:67;a3:none:99
2,4001,combined_abort_stress_2_4001_0,combined_abort_stress,risk_filter_uncertainty,0.00,0,1,1,1,5,0,4.65287,0.85729,0.06449,5.75287,-0.02502,0.39741,0.24798,0.12887,0.14520,0.22100,0.19945,11,0,fixture_snag,a0:human_stop:38;a1:fixture_snag:59;a2:collision_margin:42;a3:human_stop:34;a4:fixture_snag:42
2,4001,combined_abort_stress_2_4001_0,combined_abort_stress,constraint_classifier,0.00,0,1,1,1,5,0,4.22864,0.85729,0.07096,5.32864,-0.01944,0.43561,0.27846,0.15869,0.22551,0.29133,0.31440,11,0,fixture_snag,a0:human_stop:38;a1:fixture_snag:37;a2:fixture_snag:36;a3:fixture_snag:35;a4:fixture_snag:37
2,4001,combined_abort_stress_2_4001_0,combined_abort_stress,abort_constraint_discovery,0.00,1,0,0,0,1,0,2.15834,0.85729,0.39720,2.15834,0.00016,0.46543,0.30330,0.15062,0.20047,0.12717,0.28947,11,0,none,a0:none:111
2,4001,combined_abort_stress_2_4001_0,combined_abort_stress,oracle_constraints,0.00,1,0,0,0,1,0,1.87112,0.85729,0.45817,1.87112,0.01651,1.00000,1.00000,0.02122,0.07191,0.02152,0.12119,11,0,none,a0:none:91
2,4002,combined_abort_stress_2_4002_0,combined_abort_stress,ignore_aborted_actions,0.00,0,1,1,1,5,0,3.55484,0.85121,0.08381,4.65484,-0.02670,0.00000,0.00000,0.10596,0.10596,0.00000,0.00000,11,0,collision_margin,a0:collision_margin:31;a1:collision_margin:31;a2:collision_margin:31;a3:collision_margin:29;a4:collision_margin:31
2,4002,combined_abort_stress_2_4002_0,combined_abort_stress,negative_label_baseline,0.00,0,1,1,1,5,0,3.39194,0.85121,0.08783,4.49194,-0.02209,0.33171,0.19883,0.07881,0.05948,0.07486,0.03601,11,0,collision_margin,a0:collision_margin:34;a1:collision_margin:33;a2:collision_margin:29;a3:collision_margin:34;a4:collision_margin:30
2,4002,combined_abort_stress_2_4002_0,combined_abort_stress,costmap_from_collisions,0.00,1,1,1,1,3,0,3.27241,0.85121,0.26012,3.83241,-0.02890,0.43605,0.27881,0.08755,0.06492,0.04101,0.13227,11,0,none,a0:collision_margin:36;a1:collision_margin:30;a2:none:90
2,4002,combined_abort_stress_2_4002_0,combined_abort_stress,risk_filter_uncertainty,0.00,1,1,1,1,4,0,5.55930,0.85121,0.15311,6.39930,-0.01191,0.40000,0.25000,0.10557,0.13174,0.20173,0.16759,11,0,none,a0:collision_margin:35;a1:collision_margin:28;a2:human_stop:89;a3:none:91
2,4002,combined_abort_stress_2_4002_0,combined_abort_stress,constraint_classifier,0.00,1,0,0,0,1,0,1.95681,0.85121,0.43500,1.95681,0.04730,0.39921,0.24938,0.12967,0.17157,0.15216,0.24446,11,0,none,a0:none:94
2,4002,combined_abort_stress_2_4002_0,combined_abort_stress,abort_constraint_discovery,0.00,1,0,0,0,1,0,1.95431,0.85121,0.43555,1.95431,0.03506,0.51272,0.34474,0.13245,0.20045,0.06992,0.24792,11,0,none,a0:none:94
2,4002,combined_abort_stress_2_4002_0,combined_abort_stress,oracle_constraints,0.00,0,1,1,1,5,0,1.95240,0.85121,0.15259,3.05240,0.14098,1.00000,1.00000,0.01841,0.06157,0.00878,0.10596,11,0,visible_collision,a0:visible_collision:19;a1:visible_collision:21;a2:visible_collision:19;a3:visible_collision:19;a4:visible_collision:21
2,4003,combined_abort_stress_2_4003_0,combined_abort_stress,ignore_aborted_actions,0.00,0,1,1,1,5,0,3.22376,0.84167,0.09138,4.32376,-0.02690,0.00000,0.00000,0.11427,0.11427,0.00000,0.00000,11,0,fixture_snag,a0:fixture_snag:32;a1:fixture_snag:31;a2:fixture_snag:29;a3:fixture_snag:31;a4:fixture_snag:30
2,4003,combined_abort_stress_2_4003_0,combined_abort_stress,negative_label_baseline,0.00,0,1,1,1,5,0,3.54056,0.84167,0.08320,4.64056,-0.01395,0.22115,0.12432,0.09136,0.06794,0.07240,0.02978,11,0,fixture_snag,a0:fixture_snag:35;a1:fixture_snag:32;a2:fixture_snag:31;a3:fixture_snag:29;a4:fixture_snag:31
2,4003,combined_abort_stress_2_4003_0,combined_abort_stress,costmap_from_collisions,0.00,1,1,1,1,4,0,3.74207,0.84167,0.22492,4.58207,-0.01137,0.42391,0.26897,0.10291,0.09599,0.10351,0.14058,11,0,none,a0:fixture_snag:37;a1:fixture_snag:32;a2:unstable_slip:34;a3:none:79
2,4003,combined_abort_stress_2_4003_0,combined_abort_stress,risk_filter_uncertainty,0.00,1,1,0,1,2,0,2.61003,0.84167,0.32248,2.89003,-0.02801,0.41161,0.25914,0.10608,0.10418,0.17412,0.14820,11,0,none,a0:fixture_snag:37;a1:none:79
2,4003,combined_abort_stress_2_4003_0,combined_abort_stress,constraint_classifier,0.00,1,0,0,0,1,0,1.73314,0.84167,0.48563,1.73314,0.01525,0.36040,0.21981,0.14743,0.16079,0.07959,0.23546,11,0,none,a0:none:79
2,4003,combined_abort_stress_2_4003_0,combined_abort_stress,abort_constraint_discovery,0.00,1,0,0,0,1,0,1.72098,0.84167,0.48906,1.72098,0.01297,0.40547,0.25429,0.14045,0.15977,0.08379,0.18975,11,0,none,a0:none:79
2,4003,combined_abort_stress_2_4003_0,combined_abort_stress,oracle_constraints,0.00,1,0,0,0,1,0,1.65332,0.84167,0.50908,1.65332,0.02131,1.00000,1.00000,0.01939,0.06384,0.01841,0.11427,11,0,none,a0:none:79
2,4004,combined_abort_stress_2_4004_0,combined_abort_stress,ignore_aborted_actions,0.00,0,1,1,1,5,0,4.22552,0.85742,0.07102,5.32552,-0.01812,0.00000,0.00000,0.12535,0.12535,0.00000,0.00000,11,0,fixture_snag,a0:fixture_snag:39;a1:force_limit:37;a2:fixture_snag:40;a3:fixture_snag:38;a4:fixture_snag:39
2,4004,combined_abort_stress_2_4004_0,combined_abort_stress,negative_label_baseline,0.00,0,1,1,1,5,0,4.18274,0.85742,0.07175,5.28274,-0.02563,0.24000,0.13636,0.09635,0.07682,0.08393,0.03047,11,0,fixture_snag,a0:fixture_snag:42;a1:visible_collision:19;a2:fixture_snag:41;a3:fixture_snag:39;a4:fixture_snag:40
2,4004,combined_abort_stress_2_4004_0,combined_abort_stress,costmap_from_collisions,0.00,0,1,1,1,5,0,4.44924,0.85742,0.06745,5.54924,-0.02002,0.47191,0.30882,0.09399,0.06825,0.20095,0.12119,11,0,fixture_snag,a0:fixture_snag:42;a1:fixture_snag:43;a2:fixture_snag:42;a3:fixture_snag:41;a4:fixture_snag:40
2,4004,combined_abort_stress_2_4004_0,combined_abort_stress,risk_filter_uncertainty,0.00,0,1,1,1,5,0,4.53638,0.85742,0.06615,5.63638,-0.01478,0.48990,0.32441,0.09679,0.08972,0.24118,0.14889,11,0,fixture_snag,a0:fixture_snag:42;a1:fixture_snag:43;a2:fixture_snag:57;a3:force_limit:26;a4:fixture_snag:40
2,4004,combined_abort_stress_2_4004_0,combined_abort_stress,constraint_classifier,0.00,0,1,1,1,5,0,4.99956,0.85742,0.06002,6.09956,-0.01499,0.42326,0.26844,0.15378,0.17834,0.32001,0.30332,11,0,fixture_snag,a0:fixture_snag:68;a1:fixture_snag:43;a2:fixture_snag:44;a3:fixture_snag:44;a4:fixture_snag:44
2,4004,combined_abort_stress_2_4004_0,combined_abort_stress,abort_constraint_discovery,0.00,1,0,0,0,1,0,2.59168,0.85742,0.33084,2.59168,0.01415,0.44207,0.28375,0.15413,0.18243,0.07480,0.26316,11,0,none,a0:none:120
2,4004,combined_abort_stress_2_4004_0,combined_abort_stress,oracle_constraints,0.00,1,0,0,0,1,0,2.13530,0.85742,0.40155,2.13530,0.00136,1.00000,1.00000,0.02223,0.07296,0.05326,0.12535,11,0,none,a0:none:90
2,4005,combined_abort_stress_2_4005_0,combined_abort_stress,ignore_aborted_actions,0.00,0,1,1,1,5,0,2.67925,0.86804,0.11340,3.77925,-0.03742,0.00000,0.00000,0.11496,0.11496,0.00000,0.00000,11,0,human_stop,a0:human_stop:27;a1:human_stop:26;a2:human_stop:25;a3:visible_collision:18;a4:human_stop:26
2,4005,combined_abort_stress_2_4005_0,combined_abort_stress,negative_label_baseline,0.00,0,1,1,1,5,0,3.11992,0.86804,0.09738,4.21992,-0.01673,0.23364,0.13228,0.09604,0.07084,0.08512,0.03324,11,0,human_stop,a0:fixture_snag:31;a1:human_stop:27;a2:fixture_snag:33;a3:human_stop:27;a4:human_stop:24
2,4005,combined_abort_stress_2_4005_0,combined_abort_stress,costmap_from_collisions,0.00,0,1,1,1,5,0,4.73349,0.86804,0.06418,5.83349,-0.02848,0.39900,0.24922,0.11998,0.13373,0.16185,0.16274,11,0,fixture_snag,a0:visible_collision:51;a1:fixture_snag:42;a2:fixture_snag:36;a3:collision_margin:49;a4:fixture_snag:35
2,4005,combined_abort_stress_2_4005_0,combined_abort_stress,risk_filter_uncertainty,0.00,0,1,1,1,5,0,5.67318,0.86804,0.05355,6.77318,-0.02518,0.43231,0.27577,0.11998,0.14418,0.25936,0.20222,11,0,fixture_snag,a0:fixture_snag:37;a1:visible_collision:48;a2:fixture_snag:40;a3:force_limit:90;a4:fixture_snag:36
2,4005,combined_abort_stress_2_4005_0,combined_abort_stress,constraint_classifier,0.00,0,1,1,1,5,0,3.77125,0.86804,0.08056,4.87125,-0.02416,0.32461,0.19375,0.17906,0.20777,0.31397,0.28186,11,0,fixture_snag,a0:human_stop:26;a1:fixture_snag:35;a2:visible_collision:45;a3:fixture_snag:33;a4:fixture_snag:34
2,4005,combined_abort_stress_2_4005_0,combined_abort_stress,abort_constraint_discovery,0.00,1,1,0,1,2,0,4.35114,0.86804,0.19950,4.63114,-0.00019,0.44524,0.28637,0.15204,0.18046,0.14375,0.27078,11,0,none,a0:force_limit:94;a1:none:102
2,4005,combined_abort_stress_2_4005_0,combined_abort_stress,oracle_constraints,0.00,1,0,0,0,1,0,2.01544,0.86804,0.43070,2.01544,0.02102,1.00000,1.00000,0.01845,0.06313,0.03907,0.11496,11,0,none,a0:none:96
2,4006,combined_abort_stress_2_4006_0,combined_abort_stress,ignore_aborted_actions,0.00,0,1,1,1,5,0,3.17491,0.84686,0.09336,4.27491,-0.01389,0.00000,0.00000,0.11981,0.11981,0.00000,0.00000,11,0,force_limit,a0:force_limit:28;a1:human_stop:28;a2:force_limit:28;a3:force_limit:28;a4:force_limit:27
2,4006,combined_abort_stress_2_4006_0,combined_abort_stress,negative_label_baseline,0.00,0,1,1,1,5,0,3.13332,0.84686,0.09460,4.23332,-0.01378,0.25234,0.14439,0.09754,0.08198,0.06952,0.02839,11,0,force_limit,a0:human_stop:27;a1:human_stop:35;a2:force_limit:25;a3:human_stop:28;a4:force_limit:28
2,4006,combined_abort_stress_2_4006_0,combined_abort_stress,costmap_from_collisions,0.00,0,1,1,1,5,0,3.65762,0.84686,0.08104,4.75762,-0.02241,0.47568,0.31206,0.09145,0.06292,0.21833,0.13643,11,0,human_stop,a0:collision_margin:46;a1:fixture_snag:36;a2:human_stop:42;a3:force_limit:26;a4:human_stop:27
2,4006,combined_abort_stress_2_4006_0,combined_abort_stress,risk_filter_uncertainty,0.00,0,1,1,1,5,0,3.41225,0.84686,0.08686,4.51225,-0.02560,0.45789,0.29693,0.09721,0.09623,0.24318,0.14335,11,0,force_limit,a0:collision_margin:46;a1:fixture_snag:37;a2:human_stop:26;a3:force_limit:26;a4:force_limit:26
2,4006,combined_abort_stress_2_4006_0,combined_abort_stress,constraint_classifier,0.00,0,1,1,1,5,0,3.29205,0.84686,0.09004,4.39205,-0.01519,0.42729,0.27169,0.14436,0.17442,0.32536,0.26593,11,0,human_stop,a0:visible_collision:42;a1:force_limit:24;a2:human_stop:33;a3:human_stop:28;a4:human_stop:29
2,4006,combined_abort_stress_2_4006_0,combined_abort_stress,abort_constraint_discovery,0.00,1,0,0,0,1,0,2.19898,0.84686,0.38511,2.19898,0.04363,0.51852,0.35000,0.12147,0.17263,0.10253,0.23546,11,0,none,a0:none:107
2,4006,combined_abort_stress_2_4006_0,combined_abort_stress,oracle_constraints,0.00,0,1,1,1,5,0,3.68779,0.84686,0.08037,4.78779,0.10824,1.00000,1.00000,0.01935,0.06457,0.01199,0.11981,11,0,visible_collision,a0:visible_collision:35;a1:visible_collision:34;a2:visible_collision:33;a3:visible_collision:33;a4:visible_collision:36
2,4007,combined_abort_stress_2_4007_0,combined_abort_stress,ignore_aborted_actions,0.00,0,1,1,0,5,0,3.41547,0.85887,0.08801,4.51547,-0.02511,0.00000,0.00000,0.13019,0.13019,0.00000,0.00000,11,0,human_stop,a0:human_stop:32;a1:human_stop:31;a2:human_stop:32;a3:human_stop:31;a4:human_stop:32
2,4007,combined_abort_stress_2_4007_0,combined_abort_stress,negative_label_baseline,0.00,0,1,1,1,5,0,3.91495,0.85887,0.07678,5.01495,-0.01403,0.27731,0.16098,0.10724,0.08453,0.06661,0.03463,11,0,fixture_snag,a0:fixture_snag:33;a1:human_stop:34;a2:fixture_snag:35;a3:collision_margin:36;a4:fixture_snag:33
2,4007,combined_abort_stress_2_4007_0,combined_abort_stress,costmap_from_collisions,0.00,0,1,1,1,5,0,3.80797,0.85887,0.07894,4.90797,-0.01498,0.37173,0.22830,0.12262,0.11494,0.15461,0.13435,11,0,human_stop,a0:fixture_snag:39;a1:fixture_snag:34;a2:fixture_snag:33;a3:collision_margin:34;a4:human_stop:36
2,4007,combined_abort_stress_2_4007_0,combined_abort_stress,risk_filter_uncertainty,0.00,0,1,1,1,5,0,3.63575,0.85887,0.08268,4.73575,-0.01359,0.35122,0.21302,0.12497,0.10798,0.23041,0.15374,11,0,human_stop,a0:fixture_snag:37;a1:fixture_snag:35;a2:collision_margin:36;a3:fixture_snag:34;a4:human_stop:35
2,4007,combined_abort_stress_2_4007_0,combined_abort_stress,constraint_classifier,0.00,1,0,0,0,1,0,1.66156,0.85887,0.51691,1.66156,0.01730,0.36158,0.22069,0.15839,0.16081,0.07987,0.23753,11,0,none,a0:none:82
2,4007,combined_abort_stress_2_4007_0,combined_abort_stress,abort_constraint_discovery,0.00,1,0,0,0,1,0,1.81799,0.85887,0.47243,1.81799,0.02146,0.45434,0.29395,0.13883,0.14699,0.03684,0.18075,11,0,none,a0:none:82
2,4007,combined_abort_stress_2_4007_0,combined_abort_stress,oracle_constraints,0.00,1,0,0,0,1,0,1.66068,0.85887,0.51718,1.66068,0.03103,1.00000,1.00000,0.02265,0.07332,0.01842,0.13019,11,0,none,a0:none:81
2,4008,combined_abort_stress_2_4008_0,combined_abort_stress,ignore_aborted_actions,0.00,0,1,1,1,5,0,2.51582,0.83818,0.11661,3.61582,-0.00942,0.00000,0.00000,0.09903,0.09903,0.00000,0.00000,11,0,force_limit,a0:force_limit:25;a1:force_limit:23;a2:force_limit:24;a3:force_limit:23;a4:force_limit:24
2,4008,combined_abort_stress_2_4008_0,combined_abort_stress,negative_label_baseline,0.00,0,1,1,1,5,0,3.11223,0.83818,0.09426,4.21223,-0.02366,0.28723,0.16770,0.07685,0.05069,0.07745,0.03116,11,0,fixture_snag,a0:fixture_snag:34;a1:human_stop:25;a2:fixture_snag:30;a3:force_limit:23;a4:fixture_snag:32
2,4008,combined_abort_stress_2_4008_0,combined_abort_stress,costmap_from_collisions,0.00,0,1,1,1,5,0,3.41795,0.83818,0.08583,4.51795,-0.02233,0.40483,0.25379,0.08953,0.07266,0.18491,0.13019,11,0,fixture_snag,a0:fixture_snag:33;a1:fixture_snag:36;a2:fixture_snag:32;a3:visible_collision:22;a4:fixture_snag:32
2,4008,combined_abort_stress_2_4008_0,combined_abort_stress,risk_filter_uncertainty,0.00,0,1,1,1,5,0,3.31298,0.83818,0.08855,4.41298,-0.01339,0.39554,0.24653,0.09926,0.12109,0.25616,0.14958,11,0,fixture_snag,a0:fixture_snag:34;a1:visible_collision:23;a2:fixture_snag:36;a3:fixture_snag:30;a4:fixture_snag:30
2,4008,combined_abort_stress_2_4008_0,combined_abort_stress,constraint_classifier,0.00,0,1,1,1,5,0,2.24927,0.83818,0.13043,3.34927,-0.01319,0.37113,0.22785,0.13686,0.18661,0.32844,0.23684,11,0,force_limit,a0:force_limit:21;a1:force_limit:22;a2:force_limit:21;a3:force_limit:18;a4:force_limit:21
2,4008,combined_abort_stress_2_4008_0,combined_abort_stress,abort_constraint_discovery,0.00,1,1,0,1,2,0,3.35520,0.83818,0.24982,3.63520,-0.01287,0.48193,0.31746,0.12569,0.17593,0.10954,0.24584,11,0,none,a0:collision_margin:43;a1:none:120
2,4008,combined_abort_stress_2_4008_0,combined_abort_stress,oracle_constraints,0.00,1,0,0,0,1,0,2.44522,0.83818,0.34278,2.44522,0.04101,1.00000,1.00000,0.01600,0.05405,0.00736,0.09903,11,0,none,a0:none:110
3,0,nominal_known_constraints_3_0_0,nominal_known_constraints,ignore_aborted_actions,0.00,1,0,0,0,1,0,0.91252,0.83902,0.91946,0.91252,1.00000,1.00000,1.00000,0.00000,0.00000,0.00000,0.00000,0,5,none,a0:none:65
3,0,nominal_known_constraints_3_0_0,nominal_known_constraints,negative_label_baseline,0.00,1,0,0,0,1,0,0.92202,0.83902,0.90998,0.92202,1.00000,1.00000,1.00000,0.00000,0.00000,0.00000,0.00000,0,5,none,a0:none:65
3,0,nominal_known_constraints_3_0_0,nominal_known_constraints,costmap_from_collisions,0.00,1,0,0,0,1,0,0.94576,0.83902,0.88714,0.94576,1.00000,1.00000,1.00000,0.00000,0.00000,0.00000,0.00000,0,5,none,a0:none:65
3,0,nominal_known_constraints_3_0_0,nominal_known_constraints,risk_filter_uncertainty,0.00,1,0,0,0,1,0,0.93893,0.83902,0.89359,0.93893,1.00000,1.00000,1.00000,0.01339,0.10619,0.08512,0.00000,0,5,none,a0:none:65
3,0,nominal_known_constraints_3_0_0,nominal_known_constraints,constraint_classifier,0.00,1,0,0,0,1,0,0.90443,0.83902,0.92767,0.90443,1.00000,1.00000,1.00000,0.00158,0.02435,0.00000,0.00000,0,5,none,a0:none:65
3,0,nominal_known_constraints_3_0_0,nominal_known_constraints,abort_constraint_discovery,0.00,1,0,0,0,1,0,0.93148,0.83902,0.90074,0.93148,1.00000,1.00000,1.00000,0.00000,0.00000,0.00000,0.00000,0,5,none,a0:none:65
3,0,nominal_known_constraints_3_0_0,nominal_known_constraints,oracle_constraints,0.00,1,0,0,0,1,0,0.91798,0.83902,0.91399,0.91798,1.00000,1.00000,1.00000,0.00000,0.00000,0.00000,0.00000,0,5,none,a0:none:65
3,1,nominal_known_constraints_3_1_0,nominal_known_constraints,ignore_aborted_actions,0.00,1,0,0,0,1,0,0.91157,0.83027,0.91082,0.91157,1.00000,1.00000,1.00000,0.00000,0.00000,0.00000,0.00000,2,3,none,a0:none:65
3,1,nominal_known_constraints_3_1_0,nominal_known_constraints,negative_label_baseline,0.00,1,0,0,0,1,0,0.96726,0.83027,0.85837,0.96726,1.00000,0.00000,0.00000,0.00261,0.00759,0.00000,0.00346,2,3,none,a0:none:65
3,1,nominal_known_constraints_3_1_0,nominal_known_constraints,costmap_from_collisions,0.00,1,0,0,0,1,0,0.90527,0.83027,0.91715,0.90527,1.00000,0.00000,0.00000,0.01170,0.02757,0.00000,0.01801,2,3,none,a0:none:65
3,1,nominal_known_constraints_3_1_0,nominal_known_constraints,risk_filter_uncertainty,0.00,1,0,0,0,1,0,0.91793,0.83027,0.90450,0.91793,1.00000,0.00000,0.00000,0.02675,0.12732,0.10889,0.02285,2,3,none,a0:none:65
3,1,nominal_known_constraints_3_1_0,nominal_known_constraints,constraint_classifier,0.00,1,0,0,0,1,0,0.92604,0.83027,0.89658,0.92604,1.00000,0.00000,0.00000,0.02486,0.09093,0.00000,0.02562,2,3,none,a0:none:65
3,1,nominal_known_constraints_3_1_0,nominal_known_constraints,abort_constraint_discovery,0.00,1,0,0,0,1,0,0.91786,0.83027,0.90457,0.91786,1.00000,0.00000,0.00000,0.00116,0.00312,0.00000,0.00208,2,3,none,a0:none:65
3,1,nominal_known_constraints_3_1_0,nominal_known_constraints,oracle_constraints,0.00,1,0,0,0,1,0,0.90689,0.83027,0.91552,0.90689,1.00000,1.00000,1.00000,0.00000,0.00000,0.00000,0.00000,2,3,none,a0:none:65
3,2,nominal_known_constraints_3_2_0,nominal_known_constraints,ignore_aborted_actions,0.00,1,0,0,0,1,0,0.99266,0.83545,0.84163,0.99266,1.00000,1.00000,1.00000,0.00000,0.00000,0.00000,0.00000,0,5,none,a0:none:67
3,2,nominal_known_constraints_3_2_0,nominal_known_constraints,negative_label_baseline,0.00,1,0,0,0,1,0,0.92392,0.83545,0.90425,0.92392,1.00000,1.00000,1.00000,0.00000,0.00000,0.00000,0.00000,0,5,none,a0:none:67
3,2,nominal_known_constraints_3_2_0,nominal_known_constraints,costmap_from_collisions,0.00,1,0,0,0,1,0,0.92571,0.83545,0.90250,0.92571,1.00000,1.00000,1.00000,0.00000,0.00000,0.00000,0.00000,0,5,none,a0:none:67
3,2,nominal_known_constraints_3_2_0,nominal_known_constraints,risk_filter_uncertainty,0.00,1,0,0,0,1,0,0.94623,0.83545,0.88293,0.94623,1.00000,1.00000,1.00000,0.01356,0.10668,0.10974,0.00000,0,5,none,a0:none:67
3,2,nominal_known_constraints_3_2_0,nominal_known_constraints,constraint_classifier,0.00,1,0,0,0,1,0,0.94408,0.83545,0.88494,0.94408,1.00000,1.00000,1.00000,0.00183,0.02792,0.00000,0.00000,0,5,none,a0:none:67
3,2,nominal_known_constraints_3_2_0,nominal_known_constraints,abort_constraint_discovery,0.00,1,0,0,0,1,0,0.96473,0.83545,0.86600,0.96473,1.00000,1.00000,1.00000,0.00000,0.00000,0.00000,0.00000,0,5,none,a0:none:67
3,2,nominal_known_constraints_3_2_0,nominal_known_constraints,oracle_constraints,0.00,1,0,0,0,1,0,0.92442,0.83545,0.90376,0.92442,1.00000,1.00000,1.00000,0.00000,0.00000,0.00000,0.00000,0,5,none,a0:none:67
3,3,nominal_known_constraints_3_3_0,nominal_known_constraints,ignore_aborted_actions,0.00,1,0,0,0,1,0,0.97899,0.84648,0.86465,0.97899,1.00000,1.00000,1.00000,0.00000,0.00000,0.00000,0.00000,0,5,none,a0:none:69
3,3,nominal_known_constraints_3_3_0,nominal_known_constraints,negative_label_baseline,0.00,1,0,0,0,1,0,0.96604,0.84648,0.87624,0.96604,1.00000,1.00000,1.00000,0.00000,0.00000,0.00000,0.00000,0,5,none,a0:none:69
3,3,nominal_known_constraints_3_3_0,nominal_known_constraints,costmap_from_collisions,0.00,1,0,0,0,1,0,0.96520,0.84648,0.87700,0.96520,1.00000,1.00000,1.00000,0.00000,0.00000,0.00000,0.00000,0,5,none,a0:none:69
3,3,nominal_known_constraints_3_3_0,nominal_known_constraints,risk_filter_uncertainty,0.00,1,0,0,0,1,0,0.99327,0.84648,0.85221,0.99327,1.00000,1.00000,1.00000,0.01355,0.10706,0.09836,0.00000,0,5,none,a0:none:69
3,3,nominal_known_constraints_3_3_0,nominal_known_constraints,constraint_classifier,0.00,1,0,0,0,1,0,0.97189,0.84648,0.87096,0.97189,1.00000,1.00000,1.00000,0.00189,0.02876,0.00000,0.00000,0,5,none,a0:none:69
3,3,nominal_known_constraints_3_3_0,nominal_known_constraints,abort_constraint_discovery,0.00,1,0,0,0,1,0,1.01504,0.84648,0.83394,1.01504,1.00000,1.00000,1.00000,0.00000,0.00000,0.00000,0.00000,0,5,none,a0:none:69
3,3,nominal_known_constraints_3_3_0,nominal_known_constraints,oracle_constraints,0.00,1,0,0,0,1,0,0.98863,0.84648,0.85622,0.98863,1.00000,1.00000,1.00000,0.00000,0.00000,0.00000,0.00000,0,5,none,a0:none:69
3,4,nominal_known_constraints_3_4_0,nominal_known_constraints,ignore_aborted_actions,0.00,1,0,0,0,1,0,1.00128,0.85722,0.85613,1.00128,1.00000,1.00000,1.00000,0.00000,0.00000,0.00000,0.00000,0,5,none,a0:none:70
3,4,nominal_known_constraints_3_4_0,nominal_known_constraints,negative_label_baseline,0.00,1,0,0,0,1,0,1.01360,0.85722,0.84572,1.01360,1.00000,1.00000,1.00000,0.00000,0.00000,0.00000,0.00000,0,5,none,a0:none:70
3,4,nominal_known_constraints_3_4_0,nominal_known_constraints,costmap_from_collisions,0.00,1,0,0,0,1,0,0.99239,0.85722,0.86380,0.99239,1.00000,1.00000,1.00000,0.00000,0.00000,0.00000,0.00000,0,5,none,a0:none:70
3,4,nominal_known_constraints_3_4_0,nominal_known_constraints,risk_filter_uncertainty,0.00,1,0,0,0,1,0,0.95562,0.85722,0.89704,0.95562,1.00000,1.00000,1.00000,0.01330,0.10623,0.10184,0.00000,0,5,none,a0:none:70
3,4,nominal_known_constraints_3_4_0,nominal_known_constraints,constraint_classifier,0.00,1,0,0,0,1,0,0.99463,0.85722,0.86185,0.99463,1.00000,1.00000,1.00000,0.00170,0.02575,0.00000,0.00000,0,5,none,a0:none:70
3,4,nominal_known_constraints_3_4_0,nominal_known_constraints,abort_constraint_discovery,0.00,1,0,0,0,1,0,1.01471,0.85722,0.84480,1.01471,1.00000,1.00000,1.00000,0.00000,0.00000,0.00000,0.00000,0,5,none,a0:none:70
3,4,nominal_known_constraints_3_4_0,nominal_known_constraints,oracle_constraints,0.00,1,0,0,0,1,0,0.94822,0.85722,0.90404,0.94822,1.00000,1.00000,1.00000,0.00000,0.00000,0.00000,0.00000,0,5,none,a0:none:70
3,5,nominal_known_constraints_3_5_0,nominal_known_constraints,ignore_aborted_actions,0.00,1,0,0,0,1,0,0.96415,0.84257,0.87389,0.96415,1.00000,1.00000,1.00000,0.00000,0.00000,0.00000,0.00000,1,4,none,a0:none:65
3,5,nominal_known_constraints_3_5_0,nominal_known_constraints,negative_label_baseline,0.00,1,0,0,0,1,0,0.93446,0.84257,0.90166,0.93446,1.00000,0.00000,0.00000,0.00212,0.00653,0.00044,0.00208,1,4,none,a0:none:65
3,5,nominal_known_constraints_3_5_0,nominal_known_constraints,costmap_from_collisions,0.00,1,0,0,0,1,0,0.95490,0.84257,0.88236,0.95490,1.00000,0.00000,0.00000,0.01035,0.02524,0.01457,0.01524,1,4,none,a0:none:67
3,5,nominal_known_constraints_3_5_0,nominal_known_constraints,risk_filter_uncertainty,0.00,1,0,0,0,1,0,0.96546,0.84257,0.87271,0.96546,1.00000,0.00000,0.00000,0.02483,0.12375,0.10357,0.02008,1,4,none,a0:none:67
3,5,nominal_known_constraints_3_5_0,nominal_known_constraints,constraint_classifier,0.00,1,0,0,0,1,0,0.94256,0.84257,0.89391,0.94256,1.00000,0.00000,0.00000,0.02050,0.06275,0.00082,0.02770,1,4,none,a0:none:65
3,5,nominal_known_constraints_3_5_0,nominal_known_constraints,abort_constraint_discovery,0.00,1,0,0,0,1,0,0.93816,0.84257,0.89811,0.93816,1.00000,0.00000,0.00000,0.00084,0.00246,0.00000,0.00069,1,4,none,a0:none:65
3,5,nominal_known_constraints_3_5_0,nominal_known_constraints,oracle_constraints,0.00,1,0,0,0,1,0,0.88732,0.84257,0.94956,0.88732,1.00000,1.00000,1.00000,0.00000,0.00000,0.00000,0.00000,1,4,none,a0:none:65
3,6,nominal_known_constraints_3_6_0,nominal_known_constraints,ignore_aborted_actions,0.00,1,0,0,0,1,0,0.93555,0.83993,0.89780,0.93555,1.00000,1.00000,1.00000,0.00000,0.00000,0.00000,0.00000,0,5,none,a0:none:69
3,6,nominal_known_constraints_3_6_0,nominal_known_constraints,negative_label_baseline,0.00,1,1,0,1,2,0,1.74900,0.83993,0.48023,2.02900,1.00000,0.00000,0.00000,0.00212,0.00653,0.00932,0.00277,0,5,none,a0:visible_collision:53;a1:none:69
3,6,nominal_known_constraints_3_6_0,nominal_known_constraints,costmap_from_collisions,0.00,1,0,0,0,1,0,0.96055,0.83993,0.87443,0.96055,1.00000,1.00000,1.00000,0.00000,0.00000,0.00000,0.00000,0,5,none,a0:none:69
3,6,nominal_known_constraints_3_6_0,nominal_known_constraints,risk_filter_uncertainty,0.00,1,0,0,0,1,0,0.95463,0.83993,0.87985,0.95463,1.00000,1.00000,1.00000,0.01342,0.10625,0.09512,0.00000,0,5,none,a0:none:69
3,6,nominal_known_constraints_3_6_0,nominal_known_constraints,constraint_classifier,0.00,1,0,0,0,1,0,0.99856,0.83993,0.84114,0.99856,1.00000,1.00000,1.00000,0.00146,0.02293,0.00000,0.00000,0,5,none,a0:none:69
3,6,nominal_known_constraints_3_6_0,nominal_known_constraints,abort_constraint_discovery,0.00,1,1,0,1,2,0,1.72736,0.83993,0.48625,2.00736,1.00000,0.00000,0.00000,0.00084,0.00246,0.00010,0.00139,0,5,none,a0:visible_collision:53;a1:none:69
3,6,nominal_known_constraints_3_6_0,nominal_known_constraints,oracle_constraints,0.00,1,0,0,0,1,0,0.94030,0.83993,0.89326,0.94030,1.00000,1.00000,1.00000,0.00000,0.00000,0.00000,0.00000,0,5,none,a0:none:69
3,7,nominal_known_constraints_3_7_0,nominal_known_constraints,ignore_aborted_actions,0.00,1,0,0,0,1,0,0.89909,0.83719,0.93115,0.89909,1.00000,1.00000,1.00000,0.00000,0.00000,0.00000,0.00000,0,5,none,a0:none:65
3,7,nominal_known_constraints_3_7_0,nominal_known_constraints,negative_label_baseline,0.00,1,0,0,0,1,0,0.90551,0.83719,0.92454,0.90551,1.00000,1.00000,1.00000,0.00000,0.00000,0.00000,0.00000,0,5,none,a0:none:65
3,7,nominal_known_constraints_3_7_0,nominal_known_constraints,costmap_from_collisions,0.00,1,0,0,0,1,0,0.92645,0.83719,0.90365,0.92645,1.00000,1.00000,1.00000,0.00000,0.00000,0.00000,0.00000,0,5,none,a0:none:65
3,7,nominal_known_constraints_3_7_0,nominal_known_constraints,risk_filter_uncertainty,0.00,1,0,0,0,1,0,0.94077,0.83719,0.88990,0.94077,1.00000,1.00000,1.00000,0.01350,0.10629,0.09265,0.00000,0,5,none,a0:none:65
3,7,nominal_known_constraints_3_7_0,nominal_known_constraints,constraint_classifier,0.00,1,0,0,0,1,0,0.93521,0.83719,0.89519,0.93521,1.00000,1.00000,1.00000,0.00156,0.02445,0.00000,0.00000,0,5,none,a0:none:65
3,7,nominal_known_constraints_3_7_0,nominal_known_constraints,abort_constraint_discovery,0.00,1,0,0,0,1,0,0.90824,0.83719,0.92177,0.90824,1.00000,1.00000,1.00000,0.00000,0.00000,0.00000,0.00000,0,5,none,a0:none:65
3,7,nominal_known_constraints_3_7_0,nominal_known_constraints,oracle_constraints,0.00,1,0,0,0,1,0,0.93920,0.83719,0.89138,0.93920,1.00000,1.00000,1.00000,0.00000,0.00000,0.00000,0.00000,0,5,none,a0:none:65
3,8,nominal_known_constraints_3_8_0,nominal_known_constraints,ignore_aborted_actions,0.00,1,0,0,0,1,0,0.93317,0.84270,0.90305,0.93317,1.00000,1.00000,1.00000,0.00000,0.00000,0.00000,0.00000,0,5,none,a0:none:67
3,8,nominal_known_constraints_3_8_0,nominal_known_constraints,negative_label_baseline,0.00,1,0,0,0,1,0,0.96534,0.84270,0.87295,0.96534,1.00000,1.00000,1.00000,0.00000,0.00000,0.00000,0.00000,0,5,none,a0:none:67
3,8,nominal_known_constraints_3_8_0,nominal_known_constraints,costmap_from_collisions,0.00,1,0,0,0,1,0,0.94450,0.84270,0.89222,0.94450,1.00000,1.00000,1.00000,0.00000,0.00000,0.00000,0.00000,0,5,none,a0:none:67
3,8,nominal_known_constraints_3_8_0,nominal_known_constraints,risk_filter_uncertainty,0.00,1,0,0,0,1,0,0.93838,0.84270,0.89804,0.93838,1.00000,1.00000,1.00000,0.01362,0.10673,0.08608,0.00000,0,5,none,a0:none:67
3,8,nominal_known_constraints_3_8_0,nominal_known_constraints,constraint_classifier,0.00,1,0,0,0,1,0,0.95264,0.84270,0.88460,0.95264,1.00000,1.00000,1.00000,0.00204,0.03031,0.00000,0.00000,0,5,none,a0:none:67
3,8,nominal_known_constraints_3_8_0,nominal_known_constraints,abort_constraint_discovery,0.00,1,0,0,0,1,0,0.95733,0.84270,0.88026,0.95733,1.00000,1.00000,1.00000,0.00000,0.00000,0.00000,0.00000,0,5,none,a0:none:67
3,8,nominal_known_constraints_3_8_0,nominal_known_constraints,oracle_constraints,0.00,1,0,0,0,1,0,0.93080,0.84270,0.90535,0.93080,1.00000,1.00000,1.00000,0.00000,0.00000,0.00000,0.00000,0,5,none,a0:none:67
3,1000,hidden_wall_abort_3_1000_0,hidden_wall_abort,ignore_aborted_actions,0.00,1,0,0,0,1,0,1.14801,0.85315,0.74316,1.14801,0.03426,0.00000,0.00000,0.04086,0.04086,0.00000,0.00000,7,1,none,a0:none:70
3,1000,hidden_wall_abort_3_1000_0,hidden_wall_abort,negative_label_baseline,0.00,1,0,0,0,1,0,1.14978,0.85315,0.74201,1.14978,0.04242,0.31818,0.18919,0.03051,0.01214,0.00025,0.02008,7,1,none,a0:none:70
3,1000,hidden_wall_abort_3_1000_0,hidden_wall_abort,costmap_from_collisions,0.00,1,0,0,0,1,0,1.08834,0.85315,0.78390,1.08834,0.03843,0.44444,0.28571,0.04840,0.06625,0.02559,0.08380,7,1,none,a0:none:70
3,1000,hidden_wall_abort_3_1000_0,hidden_wall_abort,risk_filter_uncertainty,0.00,1,0,0,0,1,0,1.14588,0.85315,0.74454,1.14588,0.02998,0.39810,0.24852,0.06483,0.15212,0.11006,0.10526,7,1,none,a0:none:70
3,1000,hidden_wall_abort_3_1000_0,hidden_wall_abort,constraint_classifier,0.00,1,0,0,0,1,0,1.04903,0.85315,0.81328,1.04903,0.05211,0.31475,0.18677,0.09432,0.17950,0.04203,0.17036,7,1,none,a0:none:70
3,1000,hidden_wall_abort_3_1000_0,hidden_wall_abort,abort_constraint_discovery,0.00,1,0,0,0,1,0,1.08629,0.85315,0.78538,1.08629,0.01817,0.37226,0.22870,0.08636,0.11400,0.13261,0.14889,7,1,none,a0:none:70
3,1000,hidden_wall_abort_3_1000_0,hidden_wall_abort,oracle_constraints,0.00,1,0,0,0,1,0,1.11133,0.85315,0.76768,1.11133,0.05436,1.00000,1.00000,0.01184,0.03886,0.00376,0.04086,7,1,none,a0:none:70
3,1001,hidden_wall_abort_3_1001_0,hidden_wall_abort,ignore_aborted_actions,0.00,0,1,1,1,5,0,2.40731,0.85066,0.12368,3.50731,-0.00926,0.00000,0.00000,0.03947,0.03947,0.00000,0.00000,7,1,collision_margin,a0:collision_margin:29;a1:collision_margin:29;a2:collision_margin:29;a3:collision_margin:30;a4:collision_margin:30
3,1001,hidden_wall_abort_3_1001_0,hidden_wall_abort,negative_label_baseline,0.00,1,0,0,0,1,0,1.10146,0.85066,0.77230,1.10146,0.04289,0.30380,0.17910,0.02685,0.00971,0.02550,0.01524,7,1,none,a0:none:68
3,1001,hidden_wall_abort_3_1001_0,hidden_wall_abort,costmap_from_collisions,0.00,1,0,0,0,1,0,1.12095,0.85066,0.75887,1.12095,0.04159,0.49383,0.32787,0.04031,0.06058,0.05379,0.07271,7,1,none,a0:none:72
3,1001,hidden_wall_abort_3_1001_0,hidden_wall_abort,risk_filter_uncertainty,0.00,1,0,0,0,1,0,1.12832,0.85066,0.75391,1.12832,0.02664,0.47120,0.30822,0.05724,0.14474,0.14955,0.09280,7,1,none,a0:none:72
3,1001,hidden_wall_abort_3_1001_0,hidden_wall_abort,constraint_classifier,0.00,1,0,0,0,1,0,1.11915,0.85066,0.76009,1.11915,0.01179,0.30946,0.18305,0.10169,0.19262,0.10852,0.20222,7,1,none,a0:none:74
3,1001,hidden_wall_abort_3_1001_0,hidden_wall_abort,abort_constraint_discovery,0.00,0,1,1,1,5,0,3.13062,0.85066,0.09510,4.23062,-0.01442,0.33553,0.20158,0.10227,0.13738,0.13771,0.17105,7,1,fixture_snag,a0:fixture_snag:41;a1:fixture_snag:40;a2:fixture_snag:40;a3:fixture_snag:41;a4:fixture_snag:40
3,1001,hidden_wall_abort_3_1001_0,hidden_wall_abort,oracle_constraints,0.00,1,0,0,0,1,0,1.08746,0.85066,0.78225,1.08746,0.03649,1.00000,1.00000,0.01149,0.03762,0.00735,0.03947,7,1,none,a0:none:68
3,1002,hidden_wall_abort_3_1002_0,hidden_wall_abort,ignore_aborted_actions,0.00,0,1,1,1,5,0,2.08432,0.84981,0.14270,3.18432,-0.02021,0.00000,0.00000,0.03878,0.03878,0.00000,0.00000,8,0,collision_margin,a0:collision_margin:27;a1:collision_margin:26;a2:collision_margin:26;a3:collision_margin:27;a4:collision_margin:26
3,1002,hidden_wall_abort_3_1002_0,hidden_wall_abort,negative_label_baseline,0.00,0,1,1,1,5,0,2.20275,0.84981,0.13503,3.30275,-0.01020,0.57143,0.40000,0.01963,0.01157,0.06129,0.02424,8,0,collision_margin,a0:collision_margin:28;a1:collision_margin:29;a2:collision_margin:28;a3:collision_margin:27;a4:collision_margin:31
3,1002,hidden_wall_abort_3_1002_0,hidden_wall_abort,costmap_from_collisions,0.00,1,0,0,0,1,0,1.27568,0.84981,0.66617,1.27568,0.01157,0.54839,0.37778,0.03891,0.07211,0.03997,0.09003,8,0,none,a0:none:87
3,1002,hidden_wall_abort_3_1002_0,hidden_wall_abort,risk_filter_uncertainty,0.00,1,0,0,0,1,0,1.35410,0.84981,0.62759,1.35410,0.02960,0.50476,0.33758,0.05809,0.15544,0.12128,0.10665,8,0,none,a0:none:88
3,1002,hidden_wall_abort_3_1002_0,hidden_wall_abort,constraint_classifier,0.00,0,1,1,1,5,0,2.20534,0.84981,0.13487,3.30534,-0.02228,0.30108,0.17722,0.11346,0.22219,0.29169,0.21884,8,0,collision_margin,a0:collision_margin:28;a1:collision_margin:29;a2:collision_margin:28;a3:collision_margin:30;a4:collision_margin:31
3,1002,hidden_wall_abort_3_1002_0,hidden_wall_abort,abort_constraint_discovery,0.00,0,1,0,0,2,1,1.07585,0.84981,0.27647,1.41585,-0.00184,0.34675,0.20974,0.10794,0.15205,1.00000,0.18490,8,0,no_path,a0:collision_margin:64;a1:no_path
3,1002,hidden_wall_abort_3_1002_0,hidden_wall_abort,oracle_constraints,0.00,1,0,0,0,1,0,1.35397,0.84981,0.62764,1.35397,0.04377,1.00000,1.00000,0.01098,0.03681,0.00809,0.03878,8,0,none,a0:none:88
3,1003,hidden_wall_abort_3_1003_0,hidden_wall_abort,ignore_aborted_actions,0.00,0,1,1,1,5,0,1.93063,0.83606,0.15157,3.03063,-0.00825,0.00000,0.00000,0.03947,0.03947,0.00000,0.00000,7,1,collision_margin,a0:visible_collision:16;a1:collision_margin:29;a2:visible_collision:17;a3:collision_margin:30;a4:collision_margin:30
3,1003,hidden_wall_abort_3_1003_0,hidden_wall_abort,negative_label_baseline,0.00,0,1,1,1,5,0,2.20783,0.83606,0.13254,3.30783,-0.00901,0.35294,0.21429,0.02898,0.01187,0.00311,0.01939,7,1,collision_margin,a0:collision_margin:32;a1:collision_margin:31;a2:collision_margin:29;a3:visible_collision:17;a4:collision_margin:35
3,1003,hidden_wall_abort_3_1003_0,hidden_wall_abort,costmap_from_collisions,0.00,1,0,0,0,1,0,1.20613,0.83606,0.69317,1.20613,0.01711,0.49635,0.33010,0.03494,0.04433,0.02654,0.05540,7,1,none,a0:none:75
3,1003,hidden_wall_abort_3_1003_0,hidden_wall_abort,risk_filter_uncertainty,0.00,1,0,0,0,1,0,1.26104,0.83606,0.66299,1.26104,0.03509,0.49102,0.32540,0.05100,0.13335,0.12058,0.07618,7,1,none,a0:none:79
3,1003,hidden_wall_abort_3_1003_0,hidden_wall_abort,constraint_classifier,0.00,1,0,0,0,1,0,1.22316,0.83606,0.68352,1.22316,0.03563,0.36957,0.22667,0.08391,0.16739,0.13018,0.15166,7,1,none,a0:none:79
3,1003,hidden_wall_abort_3_1003_0,hidden_wall_abort,abort_constraint_discovery,0.00,0,1,1,1,5,0,2.72492,0.83606,0.10739,3.82492,-0.00957,0.27950,0.16245,0.11359,0.14666,0.17433,0.18352,7,1,collision_margin,a0:collision_margin:36;a1:collision_margin:35;a2:collision_margin:37;a3:collision_margin:36;a4:collision_margin:35
3,1003,hidden_wall_abort_3_1003_0,hidden_wall_abort,oracle_constraints,0.00,1,0,0,0,1,0,1.18711,0.83606,0.70428,1.18711,0.04323,1.00000,1.00000,0.01177,0.03768,0.00719,0.03947,7,1,none,a0:none:77
3,1004,hidden_wall_abort_3_1004_0,hidden_wall_abort,ignore_aborted_actions,0.00,0,1,1,1,5,0,2.65796,0.84468,0.11123,3.75796,-0.01012,0.00000,0.00000,0.04086,0.04086,0.00000,0.00000,6,2,fixture_snag,a0:fixture_snag:35;a1:fixture_snag:34;a2:fixture_snag:33;a3:fixture_snag:35;a4:fixture_snag:34
3,1004,hidden_wall_abort_3_1004_0,hidden_wall_abort,negative_label_baseline,0.00,0,1,1,1,5,0,2.77697,0.84468,0.10646,3.87697,-0.01693,0.34146,0.20588,0.02614,0.01716,0.07836,0.01593,6,2,fixture_snag,a0:fixture_snag:35;a1:fixture_snag:36;a2:fixture_snag:36;a3:fixture_snag:34;a4:fixture_snag:35
3,1004,hidden_wall_abort_3_1004_0,hidden_wall_abort,costmap_from_collisions,0.00,1,0,0,0,1,0,1.32180,0.84468,0.63904,1.32180,0.03418,0.53503,0.36522,0.03580,0.05401,0.03009,0.06787,6,2,none,a0:none:81
3,1004,hidden_wall_abort_3_1004_0,hidden_wall_abort,risk_filter_uncertainty,0.00,1,0,0,0,1,0,1.25145,0.84468,0.67496,1.25145,0.02978,0.50811,0.34058,0.05244,0.13753,0.11382,0.08726,6,2,none,a0:none:81
3,1004,hidden_wall_abort_3_1004_0,hidden_wall_abort,constraint_classifier,0.00,1,0,0,0,1,0,1.34254,0.84468,0.62917,1.34254,0.05218,0.32558,0.19444,0.09584,0.17467,0.07043,0.19737,6,2,none,a0:none:83
3,1004,hidden_wall_abort_3_1004_0,hidden_wall_abort,abort_constraint_discovery,0.00,1,0,0,0,1,0,1.34762,0.84468,0.62680,1.34762,0.02925,0.36066,0.22000,0.07515,0.09607,0.10198,0.12812,6,2,none,a0:none:87
3,1004,hidden_wall_abort_3_1004_0,hidden_wall_abort,oracle_constraints,0.00,1,0,0,0,1,0,1.27098,0.84468,0.66459,1.27098,0.05289,1.00000,1.00000,0.01090,0.03772,0.00485,0.04086,6,2,none,a0:none:83
3,1005,hidden_wall_abort_3_1005_0,hidden_wall_abort,ignore_aborted_actions,0.00,1,0,0,0,1,0,1.14972,0.85023,0.73951,1.14972,0.00619,0.00000,0.00000,0.03947,0.03947,0.00000,0.00000,7,1,none,a0:none:70
3,1005,hidden_wall_abort_3_1005_0,hidden_wall_abort,negative_label_baseline,0.00,1,0,0,0,1,0,1.13664,0.85023,0.74802,1.13664,0.05189,0.28947,0.16923,0.03188,0.02296,0.00818,0.01316,7,1,none,a0:none:74
3,1005,hidden_wall_abort_3_1005_0,hidden_wall_abort,costmap_from_collisions,0.00,1,1,1,1,3,0,2.28516,0.85023,0.37207,2.84516,-0.01840,0.39326,0.24476,0.05161,0.06681,0.10657,0.08380,7,1,none,a0:visible_collision:20;a1:fixture_snag:46;a2:none:78
3,1005,hidden_wall_abort_3_1005_0,hidden_wall_abort,risk_filter_uncertainty,0.00,1,1,0,1,2,0,1.95821,0.85023,0.43419,2.23821,-0.01059,0.41808,0.26429,0.05667,0.13572,0.18010,0.08310,7,1,none,a0:fixture_snag:46;a1:none:74
3,1005,hidden_wall_abort_3_1005_0,hidden_wall_abort,constraint_classifier,0.00,1,1,0,1,2,0,1.99702,0.85023,0.42575,2.27702,-0.00833,0.32416,0.19343,0.08948,0.16949,0.16616,0.18698,7,1,none,a0:fixture_snag:52;a1:none:76
3,1005,hidden_wall_abort_3_1005_0,hidden_wall_abort,abort_constraint_discovery,0.00,1,1,0,0,2,0,2.57586,0.85023,0.33008,2.85586,-0.00091,0.30175,0.17769,0.09679,0.12274,0.03501,0.15789,7,1,none,a0:fixture_snag:58;a1:none:109
3,1005,hidden_wall_abort_3_1005_0,hidden_wall_abort,oracle_constraints,0.00,1,0,0,0,1,0,1.24484,0.85023,0.68300,1.24484,0.05934,1.00000,1.00000,0.01165,0.03771,0.00333,0.03947,7,1,none,a0:none:74
3,1006,hidden_wall_abort_3_1006_0,hidden_wall_abort,ignore_aborted_actions,0.00,1,0,0,0,1,0,1.06938,0.84463,0.78983,1.06938,0.01327,0.00000,0.00000,0.03947,0.03947,0.00000,0.00000,6,2,none,a0:none:67
3,1006,hidden_wall_abort_3_1006_0,hidden_wall_abort,negative_label_baseline,0.00,1,0,0,0,1,0,1.08988,0.84463,0.77497,1.08988,0.00941,0.27848,0.16176,0.02996,0.01685,0.00022,0.01524,6,2,none,a0:none:67
3,1006,hidden_wall_abort_3_1006_0,hidden_wall_abort,costmap_from_collisions,0.00,1,0,0,0,1,0,1.08825,0.84463,0.77614,1.08825,0.00640,0.45946,0.29825,0.04093,0.04624,0.02462,0.06302,6,2,none,a0:none:67
3,1006,hidden_wall_abort_3_1006_0,hidden_wall_abort,risk_filter_uncertainty,0.00,1,0,0,0,1,0,1.05950,0.84463,0.79720,1.05950,0.00975,0.42353,0.26866,0.05525,0.13119,0.11594,0.07825,6,2,none,a0:none:67
3,1006,hidden_wall_abort_3_1006_0,hidden_wall_abort,constraint_classifier,0.00,1,0,0,0,1,0,1.07668,0.84463,0.78447,1.07668,0.00309,0.33571,0.20172,0.08625,0.16088,0.05908,0.15443,6,2,none,a0:none:69
3,1006,hidden_wall_abort_3_1006_0,hidden_wall_abort,abort_constraint_discovery,0.00,1,0,0,0,1,0,1.14292,0.84463,0.73901,1.14292,0.01052,0.41202,0.25946,0.07114,0.09238,0.07255,0.12188,6,2,none,a0:none:73
3,1006,hidden_wall_abort_3_1006_0,hidden_wall_abort,oracle_constraints,0.00,1,1,0,1,2,0,1.46210,0.84463,0.57768,1.74210,0.05082,1.00000,1.00000,0.01119,0.03792,0.00551,0.03947,6,2,none,a0:visible_collision:21;a1:none:67
3,1007,hidden_wall_abort_3_1007_0,hidden_wall_abort,ignore_aborted_actions,0.00,0,1,1,1,5,0,1.96881,0.85110,0.15130,3.06881,-0.01770,0.00000,0.00000,0.03947,0.03947,0.00000,0.00000,8,0,collision_margin,a0:visible_collision:16;a1:collision_margin:29;a2:collision_margin:28;a3:collision_margin:28;a4:collision_margin:28
3,1007,hidden_wall_abort_3_1007_0,hidden_wall_abort,negative_label_baseline,0.00,0,1,1,1,5,0,2.25297,0.85110,0.13222,3.35297,-0.02708,0.40860,0.25676,0.02846,0.01335,0.07334,0.02493,8,0,collision_margin,a0:collision_margin:30;a1:collision_margin:30;a2:collision_margin:30;a3:collision_margin:30;a4:collision_margin:30
3,1007,hidden_wall_abort_3_1007_0,hidden_wall_abort,costmap_from_collisions,0.00,1,1,1,0,3,0,2.24935,0.85110,0.37838,2.80935,-0.00293,0.41441,0.26136,0.05586,0.09044,0.11547,0.11427,8,0,none,a0:collision_margin:33;a1:collision_margin:32;a2:none:79
3,1007,hidden_wall_abort_3_1007_0,hidden_wall_abort,risk_filter_uncertainty,0.00,1,1,0,1,2,0,1.73032,0.85110,0.49187,2.01032,-0.02819,0.39216,0.24390,0.07511,0.17508,0.19445,0.13712,8,0,none,a0:collision_margin:38;a1:none:80
3,1007,hidden_wall_abort_3_1007_0,hidden_wall_abort,constraint_classifier,0.00,0,1,1,1,5,0,2.13468,0.85110,0.13955,3.23468,-0.00943,0.29610,0.17378,0.12486,0.24446,0.36611,0.22715,8,0,collision_margin,a0:collision_margin:29;a1:collision_margin:28;a2:collision_margin:29;a3:collision_margin:29;a4:collision_margin:28
3,1007,hidden_wall_abort_3_1007_0,hidden_wall_abort,abort_constraint_discovery,0.00,1,1,1,1,3,0,2.74204,0.85110,0.31039,3.30204,-0.00845,0.32515,0.19414,0.11083,0.14943,0.14088,0.18629,8,0,none,a0:collision_margin:41;a1:collision_margin:48;a2:none:88
3,1007,hidden_wall_abort_3_1007_0,hidden_wall_abort,oracle_constraints,0.00,1,0,0,0,1,0,1.27702,0.85110,0.66647,1.27702,0.04170,1.00000,1.00000,0.01213,0.03902,0.00696,0.03947,8,0,none,a0:none:78
3,1008,hidden_wall_abort_3_1008_0,hidden_wall_abort,ignore_aborted_actions,0.00,0,1,1,1,5,0,2.19100,0.85030,0.13583,3.29100,-0.01852,0.00000,0.00000,0.03878,0.03878,0.00000,0.00000,8,0,fixture_snag,a0:fixture_snag:28;a1:fixture_snag:27;a2:fixture_snag:27;a3:fixture_snag:28;a4:fixture_snag:28
3,1008,hidden_wall_abort_3_1008_0,hidden_wall_abort,negative_label_baseline,0.00,1,1,0,1,2,0,1.64803,0.85030,0.51595,1.92803,-0.01013,0.32941,0.19718,0.02630,0.00827,0.01487,0.02008,8,0,none,a0:fixture_snag:29;a1:none:73
3,1008,hidden_wall_abort_3_1008_0,hidden_wall_abort,costmap_from_collisions,0.00,1,0,0,0,1,0,1.25751,0.85030,0.67617,1.25751,0.04987,0.47778,0.31387,0.04442,0.07252,0.04174,0.08587,8,0,none,a0:none:77
3,1008,hidden_wall_abort_3_1008_0,hidden_wall_abort,risk_filter_uncertainty,0.00,1,0,0,0,1,0,1.17375,0.85030,0.72443,1.17375,0.05585,0.44019,0.28221,0.06277,0.15683,0.13410,0.10596,8,0,none,a0:none:77
3,1008,hidden_wall_abort_3_1008_0,hidden_wall_abort,constraint_classifier,0.00,0,1,1,1,5,0,2.17073,0.85030,0.13710,3.27073,-0.01423,0.28941,0.16918,0.11942,0.22970,0.30888,0.22922,8,0,fixture_snag,a0:fixture_snag:29;a1:fixture_snag:29;a2:fixture_snag:28;a3:fixture_snag:29;a4:fixture_snag:28
3,1008,hidden_wall_abort_3_1008_0,hidden_wall_abort,abort_constraint_discovery,0.00,1,1,1,1,4,0,3.96049,0.85030,0.21469,4.80049,-0.01146,0.30088,0.17708,0.12070,0.16574,0.10868,0.19598,8,0,none,a0:fixture_snag:43;a1:fixture_snag:44;a2:fixture_snag:55;a3:none:113
3,1008,hidden_wall_abort_3_1008_0,hidden_wall_abort,oracle_constraints,0.00,1,0,0,0,1,0,1.15955,0.85030,0.73330,1.15955,0.05375,1.00000,1.00000,0.01111,0.03765,0.00418,0.03878,8,0,none,a0:none:77
3,2000,force_limit_abort_3_2000_0,force_limit_abort,ignore_aborted_actions,0.00,1,0,0,0,1,0,1.16333,0.84296,0.72461,1.16333,0.19058,0.00000,0.00000,0.04571,0.04571,0.00000,0.00000,2,6,none,a0:none:67
3,2000,force_limit_abort_3_2000_0,force_limit_abort,negative_label_baseline,0.00,1,0,0,0,1,0,1.20899,0.84296,0.69724,1.20899,0.18994,0.19178,0.10606,0.03591,0.03432,0.00000,0.00485,2,6,none,a0:none:67
3,2000,force_limit_abort_3_2000_0,force_limit_abort,costmap_from_collisions,0.00,1,0,0,0,1,0,1.13335,0.84296,0.74377,1.13335,0.19898,0.50000,0.33333,0.03245,0.01954,0.00341,0.03740,2,6,none,a0:none:67
3,2000,force_limit_abort_3_2000_0,force_limit_abort,risk_filter_uncertainty,0.00,1,0,0,0,1,0,1.20918,0.84296,0.69713,1.20918,0.18742,0.49123,0.32558,0.04186,0.08885,0.08506,0.03324,2,6,none,a0:none:67
3,2000,force_limit_abort_3_2000_0,force_limit_abort,constraint_classifier,0.00,1,0,0,0,1,0,1.15741,0.84296,0.72831,1.15741,0.19019,0.38095,0.23529,0.04718,0.05226,0.00000,0.05609,2,6,none,a0:none:67
3,2000,force_limit_abort_3_2000_0,force_limit_abort,abort_constraint_discovery,0.00,1,0,0,0,1,0,1.43389,0.84296,0.58788,1.43389,0.19524,0.43478,0.27778,0.06402,0.11759,0.05361,0.12950,2,6,none,a0:none:83
3,2000,force_limit_abort_3_2000_0,force_limit_abort,oracle_constraints,0.00,1,0,0,0,1,0,1.07905,0.84296,0.78120,1.07905,0.20017,1.00000,1.00000,0.00572,0.02044,0.00000,0.04571,2,6,none,a0:none:67
3,2001,force_limit_abort_3_2001_0,force_limit_abort,ignore_aborted_actions,0.00,0,1,1,1,5,0,3.21663,0.84668,0.09213,4.31663,-0.02042,0.00000,0.00000,0.04640,0.04640,0.00000,0.00000,4,4,force_limit,a0:force_limit:38;a1:force_limit:38;a2:force_limit:39;a3:force_limit:39;a4:force_limit:39
3,2001,force_limit_abort_3_2001_0,force_limit_abort,negative_label_baseline,0.00,1,1,1,1,4,0,3.41287,0.84668,0.24808,4.25287,-0.01020,0.28571,0.16667,0.03305,0.01696,0.03153,0.01662,4,4,none,a0:force_limit:44;a1:force_limit:39;a2:force_limit:41;a3:none:75
3,2001,force_limit_abort_3_2001_0,force_limit_abort,costmap_from_collisions,0.00,1,0,0,0,1,0,1.40495,0.84668,0.60264,1.40495,0.03162,0.29787,0.17500,0.04899,0.04224,0.03119,0.05125,4,4,none,a0:none:78
3,2001,force_limit_abort_3_2001_0,force_limit_abort,risk_filter_uncertainty,0.00,1,0,0,0,1,0,1.41017,0.84668,0.60041,1.41017,0.04319,0.25333,0.14504,0.05974,0.10814,0.11447,0.05748,4,4,none,a0:none:82
3,2001,force_limit_abort_3_2001_0,force_limit_abort,constraint_classifier,0.00,1,0,0,0,1,0,1.44019,0.84668,0.58789,1.44019,0.04398,0.24719,0.14103,0.06757,0.08359,0.11187,0.07687,4,4,none,a0:none:86
3,2001,force_limit_abort_3_2001_0,force_limit_abort,abort_constraint_discovery,0.00,1,0,0,0,1,0,1.63275,0.84668,0.51856,1.63275,0.05689,0.44545,0.28655,0.05800,0.10302,0.04608,0.10596,4,4,none,a0:none:92
3,2001,force_limit_abort_3_2001_0,force_limit_abort,oracle_constraints,0.00,1,0,0,0,1,0,1.35721,0.84668,0.62384,1.35721,0.05768,1.00000,1.00000,0.00562,0.02047,0.00903,0.04640,4,4,none,a0:none:81
3,2002,force_limit_abort_3_2002_0,force_limit_abort,ignore_aborted_actions,0.00,1,0,0,0,1,0,1.11488,0.84609,0.75891,1.11488,0.14215,0.00000,0.00000,0.04778,0.04778,0.00000,0.00000,2,6,none,a0:none:68
3,2002,force_limit_abort_3_2002_0,force_limit_abort,negative_label_baseline,0.00,1,0,0,0,1,0,1.10134,0.84609,0.76824,1.10134,0.14584,0.08219,0.04286,0.04186,0.04087,0.00000,0.00277,2,6,none,a0:none:68
3,2002,force_limit_abort_3_2002_0,force_limit_abort,costmap_from_collisions,0.00,1,0,0,0,1,0,1.15007,0.84609,0.73569,1.15007,0.14518,0.36538,0.22353,0.03539,0.01952,0.02239,0.02424,2,6,none,a0:none:68
3,2002,force_limit_abort_3_2002_0,force_limit_abort,risk_filter_uncertainty,0.00,1,0,0,0,1,0,1.08216,0.84609,0.78185,1.08216,0.13931,0.35644,0.21687,0.04295,0.07547,0.10385,0.02216,2,6,none,a0:none:68
3,2002,force_limit_abort_3_2002_0,force_limit_abort,constraint_classifier,0.00,1,0,0,0,1,0,1.19246,0.84609,0.70953,1.19246,0.15605,0.37681,0.23214,0.04152,0.02813,0.00571,0.04778,2,6,none,a0:none:70
3,2002,force_limit_abort_3_2002_0,force_limit_abort,abort_constraint_discovery,0.00,1,0,0,0,1,0,1.29520,0.84609,0.65325,1.29520,0.16801,0.43028,0.27411,0.07040,0.13584,0.14708,0.12604,2,6,none,a0:none:83
3,2002,force_limit_abort_3_2002_0,force_limit_abort,oracle_constraints,0.00,1,0,0,0,1,0,1.15636,0.84609,0.73168,1.15636,0.14556,1.00000,1.00000,0.00562,0.02050,0.00012,0.04778,2,6,none,a0:none:68
3,2003,force_limit_abort_3_2003_0,force_limit_abort,ignore_aborted_actions,0.00,0,1,1,1,5,0,2.70232,0.83927,0.10870,3.80232,-0.01590,0.00000,0.00000,0.04709,0.04709,0.00000,0.00000,6,2,force_limit,a0:force_limit:33;a1:force_limit:31;a2:force_limit:32;a3:force_limit:31;a4:force_limit:32
3,2003,force_limit_abort_3_2003_0,force_limit_abort,negative_label_baseline,0.00,1,0,0,0,1,0,1.27264,0.83927,0.65947,1.27264,0.03369,0.33708,0.20270,0.03516,0.02543,0.02219,0.01454,6,2,none,a0:none:74
3,2003,force_limit_abort_3_2003_0,force_limit_abort,costmap_from_collisions,0.00,1,0,0,0,1,0,1.36657,0.83927,0.61414,1.36657,0.06041,0.46243,0.30075,0.04464,0.05150,0.03278,0.07271,6,2,none,a0:none:82
3,2003,force_limit_abort_3_2003_0,force_limit_abort,risk_filter_uncertainty,0.00,1,0,0,0,1,0,1.29363,0.83927,0.64877,1.29363,0.04066,0.43182,0.27536,0.05411,0.11662,0.10904,0.07479,6,2,none,a0:none:80
3,2003,force_limit_abort_3_2003_0,force_limit_abort,constraint_classifier,0.00,1,1,0,1,2,0,1.90774,0.83927,0.43993,2.18774,0.06090,0.26032,0.14964,0.10648,0.17360,0.06749,0.17105,6,2,none,a0:visible_collision:25;a1:none:88
3,2003,force_limit_abort_3_2003_0,force_limit_abort,abort_constraint_discovery,0.00,1,0,0,0,1,0,2.30166,0.83927,0.36464,2.30166,0.08005,0.34146,0.20588,0.11640,0.22618,0.06331,0.20845,6,2,none,a0:none:120
3,2003,force_limit_abort_3_2003_0,force_limit_abort,oracle_constraints,0.00,1,0,0,0,1,0,1.32634,0.83927,0.63277,1.32634,0.06337,1.00000,1.00000,0.00560,0.02048,0.00828,0.04709,6,2,none,a0:none:76
3,2004,force_limit_abort_3_2004_0,force_limit_abort,ignore_aborted_actions,0.00,1,0,0,0,1,0,1.20065,0.85664,0.71348,1.20065,0.18240,0.00000,0.00000,0.04571,0.04571,0.00000,0.00000,3,5,none,a0:none:70
3,2004,force_limit_abort_3_2004_0,force_limit_abort,negative_label_baseline,0.00,1,0,0,0,1,0,1.28702,0.85664,0.66560,1.28702,0.18214,0.07895,0.04110,0.04394,0.03987,0.00000,0.00693,3,5,none,a0:none:70
3,2004,force_limit_abort_3_2004_0,force_limit_abort,costmap_from_collisions,0.00,1,0,0,0,1,0,1.18640,0.85664,0.72205,1.18640,0.19466,0.24000,0.13636,0.04992,0.04373,0.00049,0.04086,3,5,none,a0:none:70
3,2004,force_limit_abort_3_2004_0,force_limit_abort,risk_filter_uncertainty,0.00,1,0,0,0,1,0,1.20408,0.85664,0.71145,1.20408,0.14205,0.21212,0.11864,0.05595,0.09833,0.09376,0.04571,3,5,none,a0:none:70
3,2004,force_limit_abort_3_2004_0,force_limit_abort,constraint_classifier,0.00,1,0,0,0,1,0,1.16067,0.85664,0.73806,1.16067,0.18275,0.21053,0.11765,0.06363,0.07349,0.00000,0.05956,3,5,none,a0:none:70
3,2004,force_limit_abort_3_2004_0,force_limit_abort,abort_constraint_discovery,0.00,1,0,0,0,1,0,1.26024,0.85664,0.67975,1.26024,0.18707,0.39423,0.24551,0.05563,0.08836,0.04657,0.09834,3,5,none,a0:none:75
3,2004,force_limit_abort_3_2004_0,force_limit_abort,oracle_constraints,0.00,1,0,0,0,1,0,1.23077,0.85664,0.69602,1.23077,0.18782,1.00000,1.00000,0.00561,0.02042,0.00000,0.04571,3,5,none,a0:none:70
3,2005,force_limit_abort_3_2005_0,force_limit_abort,ignore_aborted_actions,0.00,1,0,0,0,1,0,1.15412,0.86839,0.75243,1.15412,0.12186,0.00000,0.00000,0.04640,0.04640,0.00000,0.00000,6,2,none,a0:none:72
3,2005,force_limit_abort_3_2005_0,force_limit_abort,negative_label_baseline,0.00,1,0,0,0,1,0,1.20408,0.86839,0.72121,1.20408,0.07387,0.13636,0.07317,0.04527,0.03884,0.00096,0.01454,6,2,none,a0:none:72
3,2005,force_limit_abort_3_2005_0,force_limit_abort,costmap_from_collisions,0.00,1,0,0,0,1,0,1.11877,0.86839,0.77621,1.11877,0.07774,0.24859,0.14194,0.06394,0.07413,0.05038,0.07618,6,2,none,a0:none:72
3,2005,force_limit_abort_3_2005_0,force_limit_abort,risk_filter_uncertainty,0.00,1,0,0,0,1,0,1.28992,0.86839,0.67322,1.28992,0.04546,0.22335,0.12571,0.07575,0.13063,0.11018,0.09003,6,2,none,a0:none:74
3,2005,force_limit_abort_3_2005_0,force_limit_abort,constraint_classifier,0.00,1,0,0,0,1,0,1.17338,0.86839,0.74008,1.17338,0.08487,0.14047,0.07554,0.11590,0.16383,0.08214,0.16066,6,2,none,a0:none:72
3,2005,force_limit_abort_3_2005_0,force_limit_abort,abort_constraint_discovery,0.00,1,0,0,0,1,0,1.49154,0.86839,0.58221,1.49154,0.15365,0.38095,0.23529,0.07747,0.14087,0.05986,0.12812,6,2,none,a0:none:89
3,2005,force_limit_abort_3_2005_0,force_limit_abort,oracle_constraints,0.00,1,1,0,1,2,0,2.09004,0.86839,0.41549,2.37004,0.14954,1.00000,1.00000,0.00559,0.02039,0.00003,0.04640,6,2,none,a0:visible_collision:52;a1:none:72
3,2006,force_limit_abort_3_2006_0,force_limit_abort,ignore_aborted_actions,0.00,0,1,1,1,5,0,3.06282,0.85674,0.09790,4.16282,-0.00793,0.00000,0.00000,0.04640,0.04640,0.00000,0.00000,7,1,force_limit,a0:force_limit:36;a1:force_limit:36;a2:force_limit:38;a3:force_limit:35;a4:force_limit:34
3,2006,force_limit_abort_3_2006_0,force_limit_abort,negative_label_baseline,0.00,1,0,0,0,1,0,1.24107,0.85674,0.69032,1.24107,0.04464,0.24444,0.13924,0.04063,0.02844,0.02631,0.01593,7,1,none,a0:none:71
3,2006,force_limit_abort_3_2006_0,force_limit_abort,costmap_from_collisions,0.00,1,0,0,0,1,0,1.30868,0.85674,0.65466,1.30868,0.07258,0.32990,0.19753,0.05980,0.07222,0.05606,0.08795,7,1,none,a0:none:79
3,2006,force_limit_abort_3_2006_0,force_limit_abort,risk_filter_uncertainty,0.00,1,0,0,0,1,0,1.26090,0.85674,0.67947,1.26090,0.06502,0.30392,0.17919,0.07149,0.13740,0.12277,0.09488,7,1,none,a0:none:77
3,2006,force_limit_abort_3_2006_0,force_limit_abort,constraint_classifier,0.00,1,1,0,1,2,0,2.44425,0.85674,0.35051,2.72425,-0.00376,0.29091,0.17021,0.11860,0.21920,0.14508,0.22022,7,1,none,a0:force_limit:63;a1:none:85
3,2006,force_limit_abort_3_2006_0,force_limit_abort,abort_constraint_discovery,0.00,1,0,0,0,1,0,1.98778,0.85674,0.43100,1.98778,0.15621,0.41379,0.26087,0.09654,0.19763,0.06299,0.17452,7,1,none,a0:none:118
3,2006,force_limit_abort_3_2006_0,force_limit_abort,oracle_constraints,0.00,1,0,0,0,1,0,1.22293,0.85674,0.70057,1.22293,0.07100,1.00000,1.00000,0.00574,0.02057,0.00619,0.04640,7,1,none,a0:none:73
3,2007,force_limit_abort_3_2007_0,force_limit_abort,ignore_aborted_actions,0.00,1,0,0,0,1,0,1.10056,0.84555,0.76829,1.10056,0.31201,0.00000,0.00000,0.04432,0.04432,0.00000,0.00000,4,4,none,a0:none:65
3,2007,force_limit_abort_3_2007_0,force_limit_abort,negative_label_baseline,0.00,1,0,0,0,1,0,1.08955,0.84555,0.77606,1.08955,0.32825,0.17722,0.09722,0.03724,0.02828,0.02319,0.01039,4,4,none,a0:none:67
3,2007,force_limit_abort_3_2007_0,force_limit_abort,costmap_from_collisions,0.00,1,0,0,0,1,0,1.22793,0.84555,0.68860,1.22793,0.32338,0.38788,0.24060,0.04339,0.05780,0.02444,0.06994,4,4,none,a0:none:73
3,2007,force_limit_abort_3_2007_0,force_limit_abort,risk_filter_uncertainty,0.00,1,0,0,0,1,0,1.29226,0.84555,0.65432,1.29226,0.31344,0.35928,0.21898,0.05496,0.12578,0.10111,0.07133,4,4,none,a0:none:75
3,2007,force_limit_abort_3_2007_0,force_limit_abort,constraint_classifier,0.00,1,0,0,0,1,0,1.06581,0.84555,0.79334,1.06581,0.31867,0.39423,0.24551,0.06311,0.11934,0.13682,0.09972,4,4,none,a0:none:65
3,2007,force_limit_abort_3_2007_0,force_limit_abort,abort_constraint_discovery,0.00,1,0,0,0,1,0,1.18492,0.84555,0.71359,1.18492,0.32390,0.42809,0.27234,0.07793,0.16447,0.01004,0.16274,4,4,none,a0:none:67
3,2007,force_limit_abort_3_2007_0,force_limit_abort,oracle_constraints,0.00,1,1,0,0,2,0,1.58241,0.84555,0.53434,1.86241,0.31827,1.00000,1.00000,0.00568,0.02060,0.00000,0.04432,4,4,none,a0:human_stop:24;a1:none:65
3,2008,force_limit_abort_3_2008_0,force_limit_abort,ignore_aborted_actions,0.00,0,1,1,1,5,0,2.18539,0.85559,0.13703,3.28539,-0.02123,0.00000,0.00000,0.04640,0.04640,0.00000,0.00000,6,2,force_limit,a0:force_limit:25;a1:force_limit:24;a2:force_limit:25;a3:force_limit:24;a4:force_limit:26
3,2008,force_limit_abort_3_2008_0,force_limit_abort,negative_label_baseline,0.00,1,1,0,1,2,0,1.70465,0.85559,0.50191,1.98465,-0.01732,0.25000,0.14286,0.03601,0.02107,0.03770,0.01454,6,2,none,a0:force_limit:24;a1:none:76
3,2008,force_limit_abort_3_2008_0,force_limit_abort,costmap_from_collisions,0.00,1,0,0,0,1,0,1.52255,0.85559,0.56194,1.52255,0.12112,0.41935,0.26531,0.04750,0.06947,0.03235,0.08241,6,2,none,a0:none:86
3,2008,force_limit_abort_3_2008_0,force_limit_abort,risk_filter_uncertainty,0.00,1,0,0,0,1,0,1.44328,0.85559,0.59281,1.44328,0.11014,0.38342,0.23718,0.06085,0.13752,0.11563,0.08726,6,2,none,a0:none:85
3,2008,force_limit_abort_3_2008_0,force_limit_abort,constraint_classifier,0.00,1,0,0,0,1,0,1.51263,0.85559,0.56563,1.51263,0.10441,0.39711,0.24775,0.08317,0.16354,0.06759,0.14543,6,2,none,a0:none:86
3,2008,force_limit_abort_3_2008_0,force_limit_abort,abort_constraint_discovery,0.00,1,0,0,0,1,0,2.24780,0.85559,0.38063,2.24780,0.17408,0.40361,0.25283,0.09314,0.19156,0.04907,0.18352,6,2,none,a0:none:120
3,2008,force_limit_abort_3_2008_0,force_limit_abort,oracle_constraints,0.00,1,1,1,1,3,0,2.89728,0.85559,0.29531,3.45728,0.04826,1.00000,1.00000,0.00569,0.02051,0.01250,0.04640,6,2,none,a0:visible_collision:53;a1:visible_collision:54;a2:none:76
3,3000,human_stop_constraint_3_3000_0,human_stop_constraint,ignore_aborted_actions,0.00,0,1,1,0,5,0,2.17756,0.85164,0.13688,3.27756,-0.01441,0.00000,0.00000,0.04501,0.04501,0.00000,0.00000,2,5,human_stop,a0:human_stop:25;a1:human_stop:25;a2:human_stop:25;a3:human_stop:26;a4:human_stop:24
3,3000,human_stop_constraint_3_3000_0,human_stop_constraint,negative_label_baseline,0.00,1,1,1,0,3,0,2.27669,0.85164,0.37407,2.83669,-0.01469,0.23077,0.13043,0.03517,0.03050,0.02185,0.00900,2,5,none,a0:human_stop:26;a1:human_stop:36;a2:none:73
3,3000,human_stop_constraint_3_3000_0,human_stop_constraint,costmap_from_collisions,0.00,1,0,0,0,1,0,1.48485,0.85164,0.57355,1.48485,0.10118,0.36842,0.22581,0.03640,0.02249,0.03027,0.03393,2,5,none,a0:none:81
3,3000,human_stop_constraint_3_3000_0,human_stop_constraint,risk_filter_uncertainty,0.00,1,0,0,0,1,0,1.51507,0.85164,0.56211,1.51507,0.01862,0.34234,0.20652,0.04400,0.08856,0.10532,0.03186,2,5,none,a0:none:79
3,3000,human_stop_constraint_3_3000_0,human_stop_constraint,constraint_classifier,0.00,1,0,0,0,1,0,1.56556,0.85164,0.54398,1.56556,0.08574,0.29787,0.17500,0.05068,0.04938,0.04705,0.05263,2,5,none,a0:none:88
3,3000,human_stop_constraint_3_3000_0,human_stop_constraint,abort_constraint_discovery,0.00,1,0,0,0,1,0,1.66194,0.85164,0.51244,1.66194,0.14164,0.43750,0.28000,0.04305,0.04882,0.02609,0.06579,2,5,none,a0:none:94
3,3000,human_stop_constraint_3_3000_0,human_stop_constraint,oracle_constraints,0.00,1,0,0,0,1,0,1.43398,0.85164,0.59390,1.43398,0.05152,1.00000,1.00000,0.00541,0.01928,0.00535,0.04501,2,5,none,a0:none:77
3,3001,human_stop_constraint_3_3001_0,human_stop_constraint,ignore_aborted_actions,0.00,0,1,1,0,5,0,3.17325,0.84601,0.09331,4.27325,-0.01916,0.00000,0.00000,0.06302,0.06302,0.00000,0.00000,7,0,human_stop,a0:human_stop:36;a1:human_stop:36;a2:human_stop:35;a3:human_stop:37;a4:human_stop:36
3,3001,human_stop_constraint_3_3001_0,human_stop_constraint,negative_label_baseline,0.00,1,1,0,0,2,0,1.95415,0.84601,0.43293,2.23415,-0.01542,0.19298,0.10680,0.05601,0.04511,0.02206,0.01593,7,0,none,a0:human_stop:37;a1:none:72
3,3001,human_stop_constraint_3_3001_0,human_stop_constraint,costmap_from_collisions,0.00,1,0,0,0,1,0,1.41062,0.84601,0.59974,1.41062,0.05551,0.33175,0.19886,0.06414,0.05685,0.03172,0.08310,7,0,none,a0:none:80
3,3001,human_stop_constraint_3_3001_0,human_stop_constraint,risk_filter_uncertainty,0.00,1,0,0,0,1,0,1.41544,0.84601,0.59770,1.41544,0.08112,0.30189,0.17778,0.07423,0.11702,0.11390,0.08380,7,0,none,a0:none:78
3,3001,human_stop_constraint_3_3001_0,human_stop_constraint,constraint_classifier,0.00,1,0,0,0,1,0,1.44700,0.84601,0.58466,1.44700,0.02998,0.28571,0.16667,0.11990,0.19341,0.14365,0.19875,7,0,none,a0:none:82
3,3001,human_stop_constraint_3_3001_0,human_stop_constraint,abort_constraint_discovery,0.00,1,0,0,0,1,0,1.64207,0.84601,0.51521,1.64207,0.12906,0.46840,0.30583,0.06725,0.10532,0.02417,0.12327,7,0,none,a0:none:89
3,3001,human_stop_constraint_3_3001_0,human_stop_constraint,oracle_constraints,0.00,1,0,0,0,1,0,1.30423,0.84601,0.64867,1.30423,0.04304,1.00000,1.00000,0.00873,0.03105,0.00852,0.06302,7,0,none,a0:none:74
3,3002,human_stop_constraint_3_3002_0,human_stop_constraint,ignore_aborted_actions,0.00,1,0,0,0,1,0,1.22790,0.83869,0.68303,1.22790,0.38649,0.00000,0.00000,0.05540,0.05540,0.00000,0.00000,2,5,none,a0:none:66
3,3002,human_stop_constraint_3_3002_0,human_stop_constraint,negative_label_baseline,0.00,1,0,0,0,1,0,1.26046,0.83869,0.66539,1.26046,0.39549,0.04598,0.02353,0.05352,0.04847,0.00066,0.00485,2,5,none,a0:none:66
3,3002,human_stop_constraint_3_3002_0,human_stop_constraint,costmap_from_collisions,0.00,1,0,0,0,1,0,1.22163,0.83869,0.68654,1.22163,0.41339,0.22059,0.12397,0.05609,0.04538,0.01696,0.03878,2,5,none,a0:none:68
3,3002,human_stop_constraint_3_3002_0,human_stop_constraint,risk_filter_uncertainty,0.00,1,0,0,0,1,0,1.18098,0.83869,0.71017,1.18098,0.38513,0.21898,0.12295,0.06016,0.08795,0.10611,0.03947,2,5,none,a0:none:68
3,3002,human_stop_constraint_3_3002_0,human_stop_constraint,constraint_classifier,0.00,1,0,0,0,1,0,1.17060,0.83869,0.71647,1.17060,0.41777,0.20645,0.11511,0.06636,0.05853,0.03873,0.05194,2,5,none,a0:none:68
3,3002,human_stop_constraint_3_3002_0,human_stop_constraint,abort_constraint_discovery,0.00,1,0,0,0,1,0,1.20579,0.83869,0.69556,1.20579,0.38265,0.38411,0.23770,0.04602,0.02801,0.00021,0.04917,2,5,none,a0:none:66
3,3002,human_stop_constraint_3_3002_0,human_stop_constraint,oracle_constraints,0.00,1,0,0,0,1,0,1.19276,0.83869,0.70315,1.19276,0.38470,1.00000,1.00000,0.00625,0.02231,0.00000,0.05540,2,5,none,a0:none:66
3,3003,human_stop_constraint_3_3003_0,human_stop_constraint,ignore_aborted_actions,0.00,1,0,0,0,1,0,1.24642,0.83839,0.67264,1.24642,0.02571,0.00000,0.00000,0.06025,0.06025,0.00000,0.00000,1,6,none,a0:none:65
3,3003,human_stop_constraint_3_3003_0,human_stop_constraint,negative_label_baseline,0.00,1,0,0,0,1,0,1.22944,0.83839,0.68192,1.22944,0.03723,0.08791,0.04598,0.05456,0.05408,0.00010,0.00277,1,6,none,a0:none:65
3,3003,human_stop_constraint_3_3003_0,human_stop_constraint,costmap_from_collisions,0.00,1,0,0,0,1,0,1.24055,0.83839,0.67582,1.24055,0.06178,0.30252,0.17822,0.04686,0.03101,0.02667,0.02216,1,6,none,a0:none:67
3,3003,human_stop_constraint_3_3003_0,human_stop_constraint,risk_filter_uncertainty,0.00,1,0,0,0,1,0,1.06332,0.83839,0.78846,1.06332,0.03303,0.27586,0.16000,0.05105,0.06426,0.09988,0.02008,1,6,none,a0:none:65
3,3003,human_stop_constraint_3_3003_0,human_stop_constraint,constraint_classifier,0.00,1,0,0,0,1,0,1.22823,0.83839,0.68260,1.22823,0.08693,0.31655,0.18803,0.05249,0.03348,0.00010,0.03601,1,6,none,a0:none:69
3,3003,human_stop_constraint_3_3003_0,human_stop_constraint,abort_constraint_discovery,0.00,1,0,0,0,1,0,1.43550,0.83839,0.58404,1.43550,0.16332,0.42308,0.26829,0.04704,0.02360,0.01589,0.04778,1,6,none,a0:none:77
3,3003,human_stop_constraint_3_3003_0,human_stop_constraint,oracle_constraints,0.00,1,0,0,0,1,0,1.31082,0.83839,0.63959,1.31082,0.06956,1.00000,1.00000,0.00673,0.02412,0.00419,0.06025,1,6,none,a0:none:67
3,3004,human_stop_constraint_3_3004_0,human_stop_constraint,ignore_aborted_actions,0.00,1,0,0,0,1,0,1.16044,0.85585,0.73752,1.16044,0.00922,0.00000,0.00000,0.06440,0.06440,0.00000,0.00000,6,1,none,a0:none:70
3,3004,human_stop_constraint_3_3004_0,human_stop_constraint,negative_label_baseline,0.00,1,1,1,0,4,0,2.84270,0.85585,0.30107,3.68270,-0.01241,0.27869,0.16190,0.05114,0.04041,0.05759,0.02008,6,1,none,a0:human_stop:35;a1:human_stop:28;a2:human_stop:28;a3:none:72
3,3004,human_stop_constraint_3_3004_0,human_stop_constraint,costmap_from_collisions,0.00,1,1,1,1,4,0,4.10273,0.85585,0.20860,4.94273,-0.00480,0.41085,0.25854,0.06685,0.07417,0.06844,0.11427,6,1,none,a0:human_stop:35;a1:visible_collision:68;a2:human_stop:34;a3:none:95
3,3004,human_stop_constraint_3_3004_0,human_stop_constraint,risk_filter_uncertainty,0.00,1,1,1,0,3,0,2.81823,0.85585,0.30368,3.37823,-0.00896,0.43882,0.28108,0.06504,0.11717,0.10381,0.09972,6,1,none,a0:human_stop:34;a1:human_stop:33;a2:none:94
3,3004,human_stop_constraint_3_3004_0,human_stop_constraint,constraint_classifier,0.00,1,1,1,1,4,0,4.66967,0.85585,0.18328,5.50967,-0.00857,0.35859,0.21846,0.11688,0.19275,0.06178,0.20983,6,1,none,a0:visible_collision:70;a1:human_stop:35;a2:human_stop:34;a3:none:119
3,3004,human_stop_constraint_3_3004_0,human_stop_constraint,abort_constraint_discovery,0.00,1,0,0,0,1,0,1.70800,0.85585,0.50108,1.70800,0.01751,0.44262,0.28421,0.06438,0.07014,0.01910,0.10457,6,1,none,a0:none:97
3,3004,human_stop_constraint_3_3004_0,human_stop_constraint,oracle_constraints,0.00,1,0,0,0,1,0,1.33863,0.85585,0.63934,1.33863,0.01454,1.00000,1.00000,0.00860,0.03010,0.03208,0.06440,6,1,none,a0:none:72
3,3005,human_stop_constraint_3_3005_0,human_stop_constraint,ignore_aborted_actions,0.00,1,0,0,0,1,0,1.28598,0.85834,0.66746,1.28598,0.07904,0.00000,0.00000,0.05540,0.05540,0.00000,0.00000,3,4,none,a0:none:70
3,3005,human_stop_constraint_3_3005_0,human_stop_constraint,negative_label_baseline,0.00,1,0,0,0,1,0,1.17824,0.85834,0.72849,1.17824,0.13160,0.06522,0.03371,0.05445,0.05002,0.00002,0.00831,3,4,none,a0:none:70
3,3005,human_stop_constraint_3_3005_0,human_stop_constraint,costmap_from_collisions,0.00,1,0,0,0,1,0,1.34167,0.85834,0.63975,1.34167,0.13135,0.21053,0.11765,0.05590,0.04250,0.03052,0.04986,3,4,none,a0:none:70
3,3005,human_stop_constraint_3_3005_0,human_stop_constraint,risk_filter_uncertainty,0.00,1,0,0,0,1,0,1.21343,0.85834,0.70736,1.21343,0.13029,0.18868,0.10417,0.06629,0.09826,0.10832,0.05471,3,4,none,a0:none:70
3,3005,human_stop_constraint_3_3005_0,human_stop_constraint,constraint_classifier,0.00,1,1,0,1,2,0,2.45856,0.85834,0.34912,2.73856,0.15538,0.20087,0.11165,0.08763,0.12302,0.01463,0.10319,3,4,none,a0:visible_collision:53;a1:none:85
3,3005,human_stop_constraint_3_3005_0,human_stop_constraint,abort_constraint_discovery,0.00,1,0,0,0,1,0,1.52266,0.85834,0.56371,1.52266,0.25659,0.49333,0.32743,0.03541,0.02528,0.00884,0.04848,3,4,none,a0:none:82
3,3005,human_stop_constraint_3_3005_0,human_stop_constraint,oracle_constraints,0.00,1,0,0,0,1,0,1.31302,0.85834,0.65371,1.31302,0.13608,1.00000,1.00000,0.00631,0.02280,0.00008,0.05540,3,4,none,a0:none:70
3,3006,human_stop_constraint_3_3006_0,human_stop_constraint,ignore_aborted_actions,0.00,0,1,1,0,5,0,3.29040,0.85569,0.09102,4.39040,-0.00938,0.00000,0.00000,0.06094,0.06094,0.00000,0.00000,7,0,human_stop,a0:human_stop:34;a1:human_stop:35;a2:human_stop:33;a3:human_stop:34;a4:human_stop:35
3,3006,human_stop_constraint_3_3006_0,human_stop_constraint,negative_label_baseline,0.00,0,1,1,0,5,0,3.20123,0.85569,0.09356,4.30123,-0.01940,0.25806,0.14815,0.05110,0.03611,0.06996,0.02493,7,0,human_stop,a0:human_stop:36;a1:human_stop:34;a2:human_stop:38;a3:human_stop:31;a4:human_stop:35
3,3006,human_stop_constraint_3_3006_0,human_stop_constraint,costmap_from_collisions,0.00,1,1,1,0,3,0,3.19038,0.85569,0.26821,3.75038,-0.01045,0.43728,0.27982,0.06841,0.09102,0.13602,0.13227,7,0,none,a0:human_stop:53;a1:human_stop:37;a2:none:82
3,3006,human_stop_constraint_3_3006_0,human_stop_constraint,risk_filter_uncertainty,0.00,1,1,1,0,4,0,3.75772,0.85569,0.22772,4.59772,-0.01933,0.39590,0.24681,0.07908,0.14620,0.16261,0.14197,7,0,none,a0:human_stop:46;a1:human_stop:37;a2:human_stop:39;a3:none:84
3,3006,human_stop_constraint_3_3006_0,human_stop_constraint,constraint_classifier,0.00,0,1,1,0,5,0,3.16302,0.85569,0.09469,4.26302,-0.00639,0.27416,0.15885,0.13763,0.22035,0.30005,0.24723,7,0,human_stop,a0:human_stop:47;a1:human_stop:38;a2:human_stop:32;a3:human_stop:33;a4:human_stop:32
3,3006,human_stop_constraint_3_3006_0,human_stop_constraint,abort_constraint_discovery,0.00,1,0,0,0,1,0,1.80664,0.85569,0.47364,1.80664,0.18591,0.50781,0.34031,0.05998,0.08595,0.01472,0.11634,7,0,none,a0:none:98
3,3006,human_stop_constraint_3_3006_0,human_stop_constraint,oracle_constraints,0.00,1,0,0,0,1,0,1.48393,0.85569,0.57664,1.48393,0.04532,1.00000,1.00000,0.00766,0.02674,0.00689,0.06094,7,0,none,a0:none:82
3,3007,human_stop_constraint_3_3007_0,human_stop_constraint,ignore_aborted_actions,0.00,0,1,1,0,5,0,3.33494,0.86676,0.09097,4.43494,-0.02202,0.00000,0.00000,0.06440,0.06440,0.00000,0.00000,3,4,human_stop,a0:human_stop:37;a1:human_stop:38;a2:human_stop:37;a3:human_stop:38;a4:human_stop:37
3,3007,human_stop_constraint_3_3007_0,human_stop_constraint,negative_label_baseline,0.00,1,0,0,0,1,0,1.32551,0.86676,0.65391,1.32551,0.02934,0.07692,0.04000,0.06084,0.05428,0.00263,0.00762,3,4,none,a0:none:72
3,3007,human_stop_constraint_3_3007_0,human_stop_constraint,costmap_from_collisions,0.00,1,0,0,0,1,0,1.33006,0.86676,0.65167,1.33006,0.07858,0.23171,0.13103,0.06712,0.06046,0.06635,0.04917,3,4,none,a0:none:77
3,3007,human_stop_constraint_3_3007_0,human_stop_constraint,risk_filter_uncertainty,0.00,1,0,0,0,1,0,1.45765,0.86676,0.59463,1.45765,0.00877,0.21951,0.12329,0.06626,0.09105,0.10320,0.04917,3,4,none,a0:none:82
3,3007,human_stop_constraint_3_3007_0,human_stop_constraint,constraint_classifier,0.00,1,0,0,0,1,0,1.43586,0.86676,0.60365,1.43586,0.03124,0.27184,0.15730,0.07898,0.07929,0.02345,0.07825,3,4,none,a0:none:81
3,3007,human_stop_constraint_3_3007_0,human_stop_constraint,abort_constraint_discovery,0.00,1,0,0,0,1,0,1.60081,0.86676,0.54145,1.60081,0.20329,0.34921,0.21154,0.06484,0.06250,0.01930,0.06648,3,4,none,a0:none:89
3,3007,human_stop_constraint_3_3007_0,human_stop_constraint,oracle_constraints,0.00,1,1,1,1,3,0,2.12342,0.86676,0.40819,2.68342,0.04022,1.00000,1.00000,0.00863,0.03066,0.00528,0.06440,3,4,none,a0:visible_collision:19;a1:visible_collision:21;a2:none:74
3,3008,human_stop_constraint_3_3008_0,human_stop_constraint,ignore_aborted_actions,0.00,0,1,1,1,5,0,1.65260,0.85299,0.18065,2.75260,-0.00254,0.00000,0.00000,0.05402,0.05402,0.00000,0.00000,4,3,human_stop,a0:visible_collision:16;a1:human_stop:21;a2:visible_collision:17;a3:visible_collision:17;a4:human_stop:21
3,3008,human_stop_constraint_3_3008_0,human_stop_constraint,negative_label_baseline,0.00,1,0,0,0,1,0,1.25889,0.85299,0.67758,1.25889,0.07266,0.17391,0.09524,0.04358,0.03657,0.00101,0.00970,4,3,none,a0:none:73
3,3008,human_stop_constraint_3_3008_0,human_stop_constraint,costmap_from_collisions,0.00,1,0,0,0,1,0,1.37526,0.85299,0.62024,1.37526,0.09624,0.45963,0.29839,0.03691,0.02347,0.02550,0.05748,4,3,none,a0:none:76
3,3008,human_stop_constraint_3_3008_0,human_stop_constraint,risk_filter_uncertainty,0.00,1,0,0,0,1,0,1.37715,0.85299,0.61939,1.37715,0.07394,0.43750,0.28000,0.04910,0.09820,0.10814,0.05679,4,3,none,a0:none:77
3,3008,human_stop_constraint_3_3008_0,human_stop_constraint,constraint_classifier,0.00,1,0,0,0,1,0,1.29937,0.85299,0.65647,1.29937,0.07953,0.52174,0.35294,0.04778,0.07525,0.05560,0.08934,4,3,none,a0:none:75
3,3008,human_stop_constraint_3_3008_0,human_stop_constraint,abort_constraint_discovery,0.00,1,0,0,0,1,0,1.46341,0.85299,0.58288,1.46341,0.15262,0.61929,0.44853,0.03725,0.05758,0.02369,0.08241,4,3,none,a0:none:80
3,3008,human_stop_constraint_3_3008_0,human_stop_constraint,oracle_constraints,0.00,1,0,0,0,1,0,1.38649,0.85299,0.61522,1.38649,0.06973,1.00000,1.00000,0.00628,0.02242,0.00163,0.05402,4,3,none,a0:none:73
3,4000,combined_abort_stress_3_4000_0,combined_abort_stress,ignore_aborted_actions,0.00,0,1,1,1,5,0,3.37698,0.83736,0.08679,4.47698,-0.01433,0.00000,0.00000,0.10180,0.10180,0.00000,0.00000,11,0,fixture_snag,a0:fixture_snag:30;a1:fixture_snag:28;a2:fixture_snag:29;a3:fixture_snag:29;a4:fixture_snag:29
3,4000,combined_abort_stress_3_4000_0,combined_abort_stress,negative_label_baseline,0.00,0,1,1,1,5,0,3.29991,0.83736,0.08881,4.39991,-0.02476,0.23204,0.13125,0.08519,0.06886,0.08670,0.02355,11,0,fixture_snag,a0:fixture_snag:31;a1:fixture_snag:32;a2:fixture_snag:30;a3:fixture_snag:32;a4:fixture_snag:29
3,4000,combined_abort_stress_3_4000_0,combined_abort_stress,costmap_from_collisions,0.00,0,1,1,1,5,0,3.50661,0.83736,0.08358,4.60661,-0.02525,0.42945,0.27344,0.08824,0.07507,0.16054,0.12396,11,0,fixture_snag,a0:unstable_slip:41;a1:fixture_snag:31;a2:fixture_snag:32;a3:fixture_snag:33;a4:fixture_snag:33
3,4000,combined_abort_stress_3_4000_0,combined_abort_stress,risk_filter_uncertainty,0.00,0,1,1,1,5,0,3.84120,0.83736,0.07630,4.94120,-0.02837,0.36994,0.22695,0.10213,0.11203,0.22050,0.13781,11,0,fixture_snag,a0:unstable_slip:39;a1:fixture_snag:30;a2:fixture_snag:34;a3:fixture_snag:34;a4:fixture_snag:33
3,4000,combined_abort_stress_3_4000_0,combined_abort_stress,constraint_classifier,0.00,0,1,1,1,5,0,3.44684,0.83736,0.08503,4.54684,-0.00996,0.35130,0.21308,0.14552,0.18112,0.33594,0.24515,11,0,fixture_snag,a0:fixture_snag:31;a1:fixture_snag:30;a2:fixture_snag:30;a3:fixture_snag:31;a4:fixture_snag:30
3,4000,combined_abort_stress_3_4000_0,combined_abort_stress,abort_constraint_discovery,0.00,1,0,0,0,1,0,3.04514,0.83736,0.27498,3.04514,0.04601,0.44444,0.28571,0.12248,0.13349,0.07296,0.20983,11,0,none,a0:none:120
3,4000,combined_abort_stress_3_4000_0,combined_abort_stress,oracle_constraints,0.00,1,1,1,1,5,0,4.95992,0.83736,0.16883,6.07992,-0.00947,1.00000,1.00000,0.01813,0.05895,0.04796,0.10180,11,0,none,a0:fixture_snag:39;a1:fixture_snag:38;a2:fixture_snag:40;a3:fixture_snag:36;a4:none:77
3,4001,combined_abort_stress_3_4001_0,combined_abort_stress,ignore_aborted_actions,0.00,0,1,1,1,5,0,3.10432,0.85078,0.09592,4.20432,-0.01257,0.00000,0.00000,0.10734,0.10734,0.00000,0.00000,11,0,force_limit,a0:collision_margin:29;a1:force_limit:29;a2:collision_margin:30;a3:force_limit:29;a4:force_limit:29
3,4001,combined_abort_stress_3_4001_0,combined_abort_stress,negative_label_baseline,0.00,0,1,1,1,5,0,3.32828,0.85078,0.08947,4.42828,-0.02094,0.20000,0.11111,0.09171,0.07059,0.03789,0.02424,11,0,force_limit,a0:collision_margin:32;a1:collision_margin:36;a2:collision_margin:30;a3:collision_margin:32;a4:force_limit:32
3,4001,combined_abort_stress_3_4001_0,combined_abort_stress,costmap_from_collisions,0.00,0,1,1,1,5,0,4.11291,0.85078,0.07240,5.21291,-0.02286,0.38323,0.23704,0.10227,0.09636,0.12071,0.12396,11,0,fixture_snag,a0:collision_margin:37;a1:fixture_snag:42;a2:collision_margin:35;a3:collision_margin:32;a4:fixture_snag:38
3,4001,combined_abort_stress_3_4001_0,combined_abort_stress,risk_filter_uncertainty,0.00,0,1,1,1,5,0,4.05878,0.85078,0.07337,5.15878,-0.01194,0.36119,0.22039,0.10823,0.11374,0.23824,0.14958,11,0,collision_margin,a0:collision_margin:37;a1:fixture_snag:40;a2:collision_margin:34;a3:fixture_snag:36;a4:collision_margin:32
3,4001,combined_abort_stress_3_4001_0,combined_abort_stress,constraint_classifier,0.00,0,1,1,1,5,0,4.29550,0.85078,0.06932,5.39550,-0.02547,0.32682,0.19533,0.16301,0.19398,0.30018,0.28255,11,0,force_limit,a0:fixture_snag:44;a1:collision_margin:39;a2:collision_margin:36;a3:collision_margin:33;a4:force_limit:33
3,4001,combined_abort_stress_3_4001_0,combined_abort_stress,abort_constraint_discovery,0.00,1,0,0,0,1,0,3.01194,0.85078,0.28247,3.01194,0.03977,0.49406,0.32808,0.10633,0.12392,0.03265,0.18421,11,0,none,a0:none:120
3,4001,combined_abort_stress_3_4001_0,combined_abort_stress,oracle_constraints,0.00,0,1,1,1,5,0,5.17122,0.85078,0.05758,6.27122,0.04323,1.00000,1.00000,0.01887,0.06363,0.00719,0.10734,11,0,visible_collision,a0:visible_collision:54;a1:visible_collision:72;a2:visible_collision:35;a3:visible_collision:33;a4:visible_collision:55
3,4002,combined_abort_stress_3_4002_0,combined_abort_stress,ignore_aborted_actions,0.00,0,1,1,1,5,0,1.73576,0.86080,0.17357,2.83576,0.18484,0.00000,0.00000,0.12119,0.12119,0.00000,0.00000,11,0,visible_collision,a0:visible_collision:14;a1:visible_collision:20;a2:visible_collision:16;a3:visible_collision:16;a4:visible_collision:16
3,4002,combined_abort_stress_3_4002_0,combined_abort_stress,negative_label_baseline,0.00,1,1,0,1,2,0,2.28869,0.86080,0.37611,2.56869,-0.02555,0.21395,0.11979,0.09547,0.06815,0.03804,0.02770,11,0,none,a0:collision_margin:36;a1:none:75
3,4002,combined_abort_stress_3_4002_0,combined_abort_stress,costmap_from_collisions,0.00,1,1,1,1,4,0,4.50650,0.86080,0.19101,5.34650,-0.02710,0.46914,0.30645,0.10196,0.08649,0.14830,0.15928,11,0,none,a0:unstable_slip:54;a1:fixture_snag:45;a2:collision_margin:41;a3:none:81
3,4002,combined_abort_stress_3_4002_0,combined_abort_stress,risk_filter_uncertainty,0.00,1,1,1,1,5,0,6.02952,0.86080,0.14276,7.14952,-0.01422,0.45116,0.29129,0.10676,0.11403,0.19940,0.17659,11,0,none,a0:visible_collision:52;a1:fixture_snag:45;a2:fixture_snag:48;a3:collision_margin:43;a4:none:85
3,4002,combined_abort_stress_3_4002_0,combined_abort_stress,constraint_classifier,0.00,0,1,1,1,5,0,5.30768,0.86080,0.05676,6.40768,-0.00876,0.41845,0.26458,0.15538,0.19417,0.34707,0.29917,11,0,fixture_snag,a0:unstable_slip:54;a1:fixture_snag:44;a2:fixture_snag:45;a3:fixture_snag:45;a4:fixture_snag:44
3,4002,combined_abort_stress_3_4002_0,combined_abort_stress,abort_constraint_discovery,0.00,0,1,1,1,5,0,5.37036,0.86080,0.05610,6.47036,-0.02509,0.43182,0.27536,0.14942,0.14224,0.09896,0.24446,11,0,fixture_snag,a0:collision_margin:46;a1:visible_collision:25;a2:unstable_slip:49;a3:collision_margin:34;a4:fixture_snag:84
3,4002,combined_abort_stress_3_4002_0,combined_abort_stress,oracle_constraints,0.00,1,0,0,0,1,0,1.60082,0.86080,0.53773,1.60082,0.00869,1.00000,1.00000,0.01849,0.06207,0.03915,0.12119,11,0,none,a0:none:71
3,4003,combined_abort_stress_3_4003_0,combined_abort_stress,ignore_aborted_actions,0.00,0,1,1,1,5,0,2.83993,0.87674,0.10805,3.93993,-0.01702,0.00000,0.00000,0.13089,0.13089,0.00000,0.00000,11,0,collision_margin,a0:collision_margin:25;a1:collision_margin:26;a2:collision_margin:26;a3:collision_margin:27;a4:collision_margin:26
3,4003,combined_abort_stress_3_4003_0,combined_abort_stress,negative_label_baseline,0.00,0,1,1,1,5,0,3.11656,0.87674,0.09846,4.21656,-0.01129,0.23478,0.13300,0.10613,0.08751,0.06823,0.02839,11,0,collision_margin,a0:collision_margin:31;a1:collision_margin:28;a2:collision_margin:27;a3:collision_margin:30;a4:collision_margin:24
3,4003,combined_abort_stress_3_4003_0,combined_abort_stress,costmap_from_collisions,0.00,0,1,1,1,5,0,3.87297,0.87674,0.07923,4.97297,-0.00881,0.35806,0.21807,0.12651,0.12296,0.12725,0.13989,11,0,collision_margin,a0:visible_collision:51;a1:collision_margin:41;a2:collision_margin:29;a3:visible_collision:27;a4:collision_margin:28
3,4003,combined_abort_stress_3_4003_0,combined_abort_stress,risk_filter_uncertainty,0.00,0,1,1,1,5,0,3.48377,0.87674,0.08808,4.58377,-0.02147,0.32603,0.19477,0.12670,0.12559,0.23507,0.15374,11,0,collision_margin,a0:visible_collision:48;a1:visible_collision:31;a2:collision_margin:29;a3:collision_margin:28;a4:collision_margin:25
3,4003,combined_abort_stress_3_4003_0,combined_abort_stress,constraint_classifier,0.00,1,0,0,0,1,0,1.95653,0.87674,0.44811,1.95653,0.03380,0.39301,0.24457,0.13616,0.11296,0.09313,0.18629,11,0,none,a0:none:92
3,4003,combined_abort_stress_3_4003_0,combined_abort_stress,abort_constraint_discovery,0.00,1,0,0,0,1,0,1.98462,0.87674,0.44177,1.98462,0.03636,0.39394,0.24528,0.16003,0.16900,0.07243,0.23476,11,0,none,a0:none:94
3,4003,combined_abort_stress_3_4003_0,combined_abort_stress,oracle_constraints,0.00,1,1,0,1,2,0,2.68572,0.87674,0.32645,2.96572,0.04769,1.00000,1.00000,0.02439,0.08191,0.00659,0.13089,11,0,none,a0:visible_collision:30;a1:none:90
3,4004,combined_abort_stress_3_4004_0,combined_abort_stress,ignore_aborted_actions,0.00,0,1,1,1,5,0,3.04135,0.82833,0.09532,4.14135,-0.01986,0.00000,0.00000,0.09834,0.09834,0.00000,0.00000,10,1,fixture_snag,a0:fixture_snag:26;a1:fixture_snag:26;a2:fixture_snag:26;a3:fixture_snag:27;a4:fixture_snag:28
3,4004,combined_abort_stress_3_4004_0,combined_abort_stress,negative_label_baseline,0.00,0,1,1,1,5,0,3.02312,0.82833,0.09590,4.12312,-0.02871,0.23464,0.13291,0.08739,0.07718,0.08998,0.02562,10,1,fixture_snag,a0:fixture_snag:30;a1:fixture_snag:29;a2:fixture_snag:28;a3:fixture_snag:29;a4:fixture_snag:26
3,4004,combined_abort_stress_3_4004_0,combined_abort_stress,costmap_from_collisions,0.00,1,0,0,0,1,0,1.78224,0.82833,0.46477,1.78224,0.02770,0.29213,0.17105,0.09608,0.07822,0.01567,0.08657,10,1,none,a0:none:76
3,4004,combined_abort_stress_3_4004_0,combined_abort_stress,risk_filter_uncertainty,0.00,1,0,0,0,1,0,1.66937,0.82833,0.49619,1.66937,0.00996,0.27682,0.16064,0.09748,0.09630,0.10944,0.10180,10,1,none,a0:none:76
3,4004,combined_abort_stress_3_4004_0,combined_abort_stress,constraint_classifier,0.00,1,0,0,0,1,0,1.61221,0.82833,0.51378,1.61221,0.02561,0.29647,0.17403,0.13855,0.15476,0.19639,0.19598,10,1,none,a0:none:77
3,4004,combined_abort_stress_3_4004_0,combined_abort_stress,abort_constraint_discovery,0.00,1,1,1,1,4,0,7.34574,0.82833,0.11276,8.18574,-0.00435,0.32506,0.19407,0.14454,0.14242,0.08896,0.20845,10,1,none,a0:visible_collision:53;a1:collision_margin:59;a2:collision_margin:81;a3:none:120
3,4004,combined_abort_stress_3_4004_0,combined_abort_stress,oracle_constraints,0.00,1,0,0,0,1,0,1.54522,0.82833,0.53606,1.54522,0.01279,1.00000,1.00000,0.01633,0.05681,0.01912,0.09834,10,1,none,a0:none:76
3,4005,combined_abort_stress_3_4005_0,combined_abort_stress,ignore_aborted_actions,0.00,0,1,1,1,5,0,1.89687,0.84743,0.15636,2.99687,-0.00631,0.00000,0.00000,0.10665,0.10665,0.00000,0.00000,11,0,force_limit,a0:force_limit:18;a1:force_limit:18;a2:force_limit:17;a3:force_limit:19;a4:force_limit:18
3,4005,combined_abort_stress_3_4005_0,combined_abort_stress,negative_label_baseline,0.00,0,1,1,1,5,0,2.31855,0.84743,0.12793,3.41855,-0.01749,0.32836,0.19643,0.07982,0.05533,0.02579,0.03255,11,0,fixture_snag,a0:force_limit:22;a1:force_limit:20;a2:force_limit:20;a3:force_limit:18;a4:fixture_snag:31
3,4005,combined_abort_stress_3_4005_0,combined_abort_stress,costmap_from_collisions,0.00,0,1,1,1,5,0,2.86540,0.84743,0.10351,3.96540,-0.02796,0.46154,0.30000,0.09631,0.09672,0.22699,0.14543,11,0,force_limit,a0:fixture_snag:34;a1:force_limit:21;a2:fixture_snag:33;a3:force_limit:18;a4:force_limit:19
3,4005,combined_abort_stress_3_4005_0,combined_abort_stress,risk_filter_uncertainty,0.00,0,1,1,1,5,0,2.91421,0.84743,0.10178,4.01421,-0.01821,0.43636,0.27907,0.10423,0.12612,0.21761,0.15997,11,0,fixture_snag,a0:fixture_snag:32;a1:force_limit:21;a2:force_limit:20;a3:collision_margin:33;a4:fixture_snag:33
3,4005,combined_abort_stress_3_4005_0,combined_abort_stress,constraint_classifier,0.00,0,1,1,1,5,0,3.43281,0.84743,0.08640,4.53281,-0.02241,0.41199,0.25943,0.14096,0.20058,0.33386,0.26316,11,0,fixture_snag,a0:force_limit:19;a1:collision_margin:34;a2:collision_margin:36;a3:force_limit:30;a4:fixture_snag:33
3,4005,combined_abort_stress_3_4005_0,combined_abort_stress,abort_constraint_discovery,0.00,1,1,0,1,2,0,4.25260,0.84743,0.19927,4.53260,0.01693,0.41975,0.26562,0.13820,0.17766,0.07819,0.22992,11,0,none,a0:visible_collision:63;a1:none:120
3,4005,combined_abort_stress_3_4005_0,combined_abort_stress,oracle_constraints,0.00,0,1,1,1,5,0,3.81445,0.84743,0.07776,4.91445,-0.01633,1.00000,1.00000,0.01886,0.06126,0.06966,0.10665,11,0,fixture_snag,a0:fixture_snag:31;a1:force_limit:33;a2:fixture_snag:31;a3:force_limit:33;a4:fixture_snag:34
3,4006,combined_abort_stress_3_4006_0,combined_abort_stress,ignore_aborted_actions,0.00,0,1,1,1,5,0,2.63354,0.83837,0.11142,3.73354,-0.01691,0.00000,0.00000,0.09418,0.09418,0.00000,0.00000,10,1,visible_collision,a0:collision_margin:34;a1:visible_collision:18;a2:visible_collision:19;a3:collision_margin:34;a4:visible_collision:21
3,4006,combined_abort_stress_3_4006_0,combined_abort_stress,negative_label_baseline,0.00,1,0,0,0,1,0,1.63584,0.83837,0.51250,1.63584,0.02659,0.20571,0.11465,0.08025,0.05542,0.03195,0.02701,10,1,none,a0:none:75
3,4006,combined_abort_stress_3_4006_0,combined_abort_stress,costmap_from_collisions,0.00,1,0,0,0,1,0,1.98408,0.83837,0.42255,1.98408,0.04513,0.37079,0.22759,0.09481,0.08214,0.04845,0.15235,10,1,none,a0:none:83
3,4006,combined_abort_stress_3_4006_0,combined_abort_stress,risk_filter_uncertainty,0.00,1,0,0,0,1,0,1.76499,0.83837,0.47500,1.76499,0.03967,0.34921,0.21154,0.10725,0.13709,0.14995,0.16759,10,1,none,a0:none:83
3,4006,combined_abort_stress_3_4006_0,combined_abort_stress,constraint_classifier,0.00,1,1,0,1,2,0,3.05182,0.83837,0.27471,3.33182,-0.01015,0.39187,0.24368,0.13469,0.19781,0.21383,0.28047,10,1,none,a0:fixture_snag:55;a1:none:86
3,4006,combined_abort_stress_3_4006_0,combined_abort_stress,abort_constraint_discovery,0.00,0,1,1,1,5,0,4.68009,0.83837,0.06270,5.78009,-0.01472,0.44930,0.28974,0.13413,0.18639,0.18710,0.25416,10,1,collision_margin,a0:collision_margin:40;a1:collision_margin:41;a2:collision_margin:40;a3:collision_margin:41;a4:collision_margin:40
3,4006,combined_abort_stress_3_4006_0,combined_abort_stress,oracle_constraints,0.00,1,0,0,0,1,0,1.48806,0.83837,0.56340,1.48806,0.01274,1.00000,1.00000,0.01584,0.05429,0.01695,0.09418,10,1,none,a0:none:73
3,4007,combined_abort_stress_3_4007_0,combined_abort_stress,ignore_aborted_actions,0.00,0,1,1,1,5,0,2.53942,0.82604,0.11385,3.63942,-0.01339,0.00000,0.00000,0.11150,0.11150,0.00000,0.00000,11,0,force_limit,a0:force_limit:25;a1:force_limit:25;a2:force_limit:23;a3:force_limit:24;a4:force_limit:22
3,4007,combined_abort_stress_3_4007_0,combined_abort_stress,negative_label_baseline,0.00,1,0,0,0,1,0,1.58005,0.82604,0.52279,1.58005,0.04013,0.23711,0.13450,0.09050,0.07096,0.01705,0.02285,11,0,none,a0:none:70
3,4007,combined_abort_stress_3_4007_0,combined_abort_stress,costmap_from_collisions,0.00,1,1,1,1,3,0,3.50615,0.82604,0.23560,4.06615,-0.00431,0.44258,0.28417,0.09932,0.09543,0.17339,0.13573,11,0,none,a0:collision_margin:37;a1:force_limit:45;a2:none:72
3,4007,combined_abort_stress_3_4007_0,combined_abort_stress,risk_filter_uncertainty,0.00,1,0,0,0,1,0,1.67665,0.82604,0.49267,1.67665,0.00089,0.39412,0.24542,0.09978,0.10180,0.14859,0.12396,11,0,none,a0:none:74
3,4007,combined_abort_stress_3_4007_0,combined_abort_stress,constraint_classifier,0.00,0,1,1,1,5,0,5.24245,0.82604,0.05515,6.34245,-0.02671,0.40780,0.25612,0.16859,0.24987,0.40429,0.35042,11,0,force_limit,a0:unstable_slip:75;a1:visible_collision:23;a2:fixture_snag:57;a3:fixture_snag:53;a4:force_limit:27
3,4007,combined_abort_stress_3_4007_0,combined_abort_stress,abort_constraint_discovery,0.00,1,0,0,0,1,0,2.77682,0.82604,0.29748,2.77682,0.03953,0.33591,0.20186,0.16917,0.19014,0.09009,0.24723,11,0,none,a0:none:120
3,4007,combined_abort_stress_3_4007_0,combined_abort_stress,oracle_constraints,0.00,1,0,0,0,1,0,1.42870,0.82604,0.57818,1.42870,0.03928,1.00000,1.00000,0.02048,0.06819,0.01589,0.11150,11,0,none,a0:none:70
3,4008,combined_abort_stress_3_4008_0,combined_abort_stress,ignore_aborted_actions,0.00,0,1,1,1,5,0,3.07166,0.85247,0.09713,4.17166,-0.02607,0.00000,0.00000,0.10873,0.10873,0.00000,0.00000,11,0,collision_margin,a0:collision_margin:27;a1:collision_margin:27;a2:collision_margin:27;a3:collision_margin:27;a4:collision_margin:28
3,4008,combined_abort_stress_3_4008_0,combined_abort_stress,negative_label_baseline,0.00,1,1,0,1,2,0,2.29621,0.85247,0.37125,2.57621,-0.00602,0.28866,0.16867,0.08427,0.06507,0.03070,0.02562,11,0,none,a0:collision_margin:30;a1:none:71
3,4008,combined_abort_stress_3_4008_0,combined_abort_stress,costmap_from_collisions,0.00,1,0,0,0,1,0,1.67448,0.85247,0.50909,1.67448,0.02579,0.44231,0.28395,0.08974,0.07696,0.07216,0.10734,11,0,none,a0:none:75
3,4008,combined_abort_stress_3_4008_0,combined_abort_stress,risk_filter_uncertainty,0.00,1,0,0,0,1,0,1.58586,0.85247,0.53754,1.58586,0.01630,0.43243,0.27586,0.09348,0.09525,0.16159,0.12188,11,0,none,a0:none:75
3,4008,combined_abort_stress_3_4008_0,combined_abort_stress,constraint_classifier,0.00,0,1,1,1,5,0,3.27054,0.85247,0.09123,4.37054,-0.02774,0.33538,0.20147,0.14341,0.17660,0.30325,0.22992,11,0,collision_margin,a0:collision_margin:32;a1:fixture_snag:28;a2:collision_margin:31;a3:collision_margin:29;a4:collision_margin:31
3,4008,combined_abort_stress_3_4008_0,combined_abort_stress,abort_constraint_discovery,0.00,1,1,0,1,2,0,3.26734,0.85247,0.26091,3.54734,-0.00858,0.34511,0.20854,0.15597,0.14496,0.10408,0.22438,11,0,none,a0:fixture_snag:30;a1:none:120
3,4008,combined_abort_stress_3_4008_0,combined_abort_stress,oracle_constraints,0.00,1,0,0,0,1,0,1.51421,0.85247,0.56298,1.51421,0.01378,1.00000,1.00000,0.02078,0.06734,0.01270,0.10873,11,0,none,a0:none:71
4,0,nominal_known_constraints_4_0_0,nominal_known_constraints,ignore_aborted_actions,0.00,1,0,0,0,1,0,0.90188,0.83108,0.92149,0.90188,1.00000,1.00000,1.00000,0.00000,0.00000,0.00000,0.00000,0,5,none,a0:none:63
4,0,nominal_known_constraints_4_0_0,nominal_known_constraints,negative_label_baseline,0.00,1,0,0,0,1,0,0.89993,0.83108,0.92349,0.89993,1.00000,1.00000,1.00000,0.00000,0.00000,0.00000,0.00000,0,5,none,a0:none:63
4,0,nominal_known_constraints_4_0_0,nominal_known_constraints,costmap_from_collisions,0.00,1,0,0,0,1,0,0.90655,0.83108,0.91675,0.90655,1.00000,1.00000,1.00000,0.00000,0.00000,0.00000,0.00000,0,5,none,a0:none:63
4,0,nominal_known_constraints_4_0_0,nominal_known_constraints,risk_filter_uncertainty,0.00,1,0,0,0,1,0,0.91249,0.83108,0.91078,0.91249,1.00000,1.00000,1.00000,0.01364,0.10678,0.08747,0.00000,0,5,none,a0:none:63
4,0,nominal_known_constraints_4_0_0,nominal_known_constraints,constraint_classifier,0.00,1,0,0,0,1,0,0.90063,0.83108,0.92278,0.90063,1.00000,1.00000,1.00000,0.00168,0.02616,0.00000,0.00000,0,5,none,a0:none:63
4,0,nominal_known_constraints_4_0_0,nominal_known_constraints,abort_constraint_discovery,0.00,1,0,0,0,1,0,0.92599,0.83108,0.89750,0.92599,1.00000,1.00000,1.00000,0.00000,0.00000,0.00000,0.00000,0,5,none,a0:none:63
4,0,nominal_known_constraints_4_0_0,nominal_known_constraints,oracle_constraints,0.00,1,0,0,0,1,0,0.88998,0.83108,0.93382,0.88998,1.00000,1.00000,1.00000,0.00000,0.00000,0.00000,0.00000,0,5,none,a0:none:63
4,1,nominal_known_constraints_4_1_0,nominal_known_constraints,ignore_aborted_actions,0.00,1,0,0,0,1,0,0.95987,0.83911,0.87419,0.95987,1.00000,1.00000,1.00000,0.00000,0.00000,0.00000,0.00000,0,5,none,a0:none:67
4,1,nominal_known_constraints_4_1_0,nominal_known_constraints,negative_label_baseline,0.00,1,0,0,0,1,0,0.94790,0.83911,0.88523,0.94790,1.00000,1.00000,1.00000,0.00000,0.00000,0.00000,0.00000,0,5,none,a0:none:67
4,1,nominal_known_constraints_4_1_0,nominal_known_constraints,costmap_from_collisions,0.00,1,0,0,0,1,0,0.95031,0.83911,0.88298,0.95031,1.00000,1.00000,1.00000,0.00000,0.00000,0.00000,0.00000,0,5,none,a0:none:67
4,1,nominal_known_constraints_4_1_0,nominal_known_constraints,risk_filter_uncertainty,0.00,1,0,0,0,1,0,0.92037,0.83911,0.91171,0.92037,1.00000,1.00000,1.00000,0.01349,0.10648,0.08961,0.00000,0,5,none,a0:none:67
4,1,nominal_known_constraints_4_1_0,nominal_known_constraints,constraint_classifier,0.00,1,0,0,0,1,0,0.98240,0.83911,0.85414,0.98240,1.00000,1.00000,1.00000,0.00128,0.02117,0.00000,0.00000,0,5,none,a0:none:67
4,1,nominal_known_constraints_4_1_0,nominal_known_constraints,abort_constraint_discovery,0.00,1,0,0,0,1,0,0.93302,0.83911,0.89934,0.93302,1.00000,1.00000,1.00000,0.00000,0.00000,0.00000,0.00000,0,5,none,a0:none:67
4,1,nominal_known_constraints_4_1_0,nominal_known_constraints,oracle_constraints,0.00,1,0,0,0,1,0,0.93616,0.83911,0.89633,0.93616,1.00000,1.00000,1.00000,0.00000,0.00000,0.00000,0.00000,0,5,none,a0:none:67
4,2,nominal_known_constraints_4_2_0,nominal_known_constraints,ignore_aborted_actions,0.00,0,1,1,1,5,0,1.12622,0.83852,0.26059,2.22622,1.00000,1.00000,1.00000,0.00000,0.00000,0.00000,0.00000,1,4,visible_collision,a0:visible_collision:17;a1:visible_collision:17;a2:visible_collision:17;a3:visible_collision:16;a4:visible_collision:16
4,2,nominal_known_constraints_4_2_0,nominal_known_constraints,negative_label_baseline,0.00,1,0,0,0,1,0,1.01269,0.83852,0.82801,1.01269,1.00000,0.00000,0.00000,0.00212,0.00653,0.02234,0.00277,1,4,none,a0:none:71
4,2,nominal_known_constraints_4_2_0,nominal_known_constraints,costmap_from_collisions,0.00,1,0,0,0,1,0,1.03284,0.83852,0.81186,1.03284,1.00000,0.00000,0.00000,0.01035,0.02524,0.02598,0.01662,1,4,none,a0:none:75
4,2,nominal_known_constraints_4_2_0,nominal_known_constraints,risk_filter_uncertainty,0.00,1,0,0,0,1,0,1.10098,0.83852,0.76161,1.10098,1.00000,0.00000,0.00000,0.02526,0.12488,0.09497,0.01939,1,4,none,a0:none:80
4,2,nominal_known_constraints_4_2_0,nominal_known_constraints,constraint_classifier,0.00,1,0,0,0,1,0,1.13204,0.83852,0.74072,1.13204,1.00000,0.00000,0.00000,0.02208,0.07005,0.06860,0.02562,1,4,none,a0:none:80
4,2,nominal_known_constraints_4_2_0,nominal_known_constraints,abort_constraint_discovery,0.00,1,0,0,0,1,0,1.00860,0.83852,0.83137,1.00860,1.00000,0.00000,0.00000,0.00084,0.00246,0.00163,0.00139,1,4,none,a0:none:71
4,2,nominal_known_constraints_4_2_0,nominal_known_constraints,oracle_constraints,0.00,1,1,1,1,4,0,1.62082,0.83852,0.51735,2.46082,1.00000,1.00000,1.00000,0.00000,0.00000,0.00000,0.00000,1,4,none,a0:visible_collision:16;a1:visible_collision:17;a2:visible_collision:17;a3:none:67
4,3,nominal_known_constraints_4_3_0,nominal_known_constraints,ignore_aborted_actions,0.00,1,0,0,0,1,0,0.95999,0.83564,0.87047,0.95999,1.00000,1.00000,1.00000,0.00000,0.00000,0.00000,0.00000,0,5,none,a0:none:68
4,3,nominal_known_constraints_4_3_0,nominal_known_constraints,negative_label_baseline,0.00,1,0,0,0,1,0,0.95136,0.83564,0.87837,0.95136,1.00000,1.00000,1.00000,0.00000,0.00000,0.00000,0.00000,0,5,none,a0:none:68
4,3,nominal_known_constraints_4_3_0,nominal_known_constraints,costmap_from_collisions,0.00,1,0,0,0,1,0,0.99771,0.83564,0.83756,0.99771,1.00000,1.00000,1.00000,0.00000,0.00000,0.00000,0.00000,0,5,none,a0:none:68
4,3,nominal_known_constraints_4_3_0,nominal_known_constraints,risk_filter_uncertainty,0.00,1,0,0,0,1,0,0.95424,0.83564,0.87572,0.95424,1.00000,1.00000,1.00000,0.01383,0.10763,0.09778,0.00000,0,5,none,a0:none:68
4,3,nominal_known_constraints_4_3_0,nominal_known_constraints,constraint_classifier,0.00,1,0,0,0,1,0,0.97167,0.83564,0.86001,0.97167,1.00000,1.00000,1.00000,0.00253,0.03665,0.00000,0.00000,0,5,none,a0:none:68
4,3,nominal_known_constraints_4_3_0,nominal_known_constraints,abort_constraint_discovery,0.00,1,0,0,0,1,0,0.95330,0.83564,0.87658,0.95330,1.00000,1.00000,1.00000,0.00000,0.00000,0.00000,0.00000,0,5,none,a0:none:68
4,3,nominal_known_constraints_4_3_0,nominal_known_constraints,oracle_constraints,0.00,1,0,0,0,1,0,0.97749,0.83564,0.85489,0.97749,1.00000,1.00000,1.00000,0.00000,0.00000,0.00000,0.00000,0,5,none,a0:none:68
4,4,nominal_known_constraints_4_4_0,nominal_known_constraints,ignore_aborted_actions,0.00,1,0,0,0,1,0,0.90911,0.83547,0.91899,0.90911,1.00000,1.00000,1.00000,0.00000,0.00000,0.00000,0.00000,0,5,none,a0:none:64
4,4,nominal_known_constraints_4_4_0,nominal_known_constraints,negative_label_baseline,0.00,1,0,0,0,1,0,0.88231,0.83547,0.94691,0.88231,1.00000,1.00000,1.00000,0.00000,0.00000,0.00000,0.00000,0,5,none,a0:none:64
4,4,nominal_known_constraints_4_4_0,nominal_known_constraints,costmap_from_collisions,0.00,1,0,0,0,1,0,0.91046,0.83547,0.91763,0.91046,1.00000,1.00000,1.00000,0.00000,0.00000,0.00000,0.00000,0,5,none,a0:none:64
4,4,nominal_known_constraints_4_4_0,nominal_known_constraints,risk_filter_uncertainty,0.00,1,0,0,0,1,0,0.90206,0.83547,0.92617,0.90206,1.00000,1.00000,1.00000,0.01347,0.10624,0.08951,0.00000,0,5,none,a0:none:64
4,4,nominal_known_constraints_4_4_0,nominal_known_constraints,constraint_classifier,0.00,1,0,0,0,1,0,0.89658,0.83547,0.93184,0.89658,1.00000,1.00000,1.00000,0.00177,0.02630,0.00000,0.00000,0,5,none,a0:none:64
4,4,nominal_known_constraints_4_4_0,nominal_known_constraints,abort_constraint_discovery,0.00,1,0,0,0,1,0,0.89172,0.83547,0.93691,0.89172,1.00000,1.00000,1.00000,0.00000,0.00000,0.00000,0.00000,0,5,none,a0:none:64
4,4,nominal_known_constraints_4_4_0,nominal_known_constraints,oracle_constraints,0.00,1,0,0,0,1,0,0.90856,0.83547,0.91955,0.90856,1.00000,1.00000,1.00000,0.00000,0.00000,0.00000,0.00000,0,5,none,a0:none:64
4,5,nominal_known_constraints_4_5_0,nominal_known_constraints,ignore_aborted_actions,0.00,1,1,0,1,2,0,1.11454,0.82921,0.74399,1.39454,1.00000,1.00000,1.00000,0.00000,0.00000,0.00000,0.00000,2,3,none,a0:visible_collision:16;a1:none:65
4,5,nominal_known_constraints_4_5_0,nominal_known_constraints,negative_label_baseline,0.00,1,0,0,0,1,0,1.01837,0.82921,0.81425,1.01837,1.00000,0.00000,0.00000,0.00425,0.01307,0.00049,0.00485,2,3,none,a0:none:71
4,5,nominal_known_constraints_4_5_0,nominal_known_constraints,costmap_from_collisions,0.00,1,0,0,0,1,0,1.01117,0.82921,0.82005,1.01117,1.00000,0.00000,0.00000,0.02070,0.05034,0.01914,0.03047,2,3,none,a0:none:73
4,5,nominal_known_constraints_4_5_0,nominal_known_constraints,risk_filter_uncertainty,0.00,1,0,0,0,1,0,1.03189,0.82921,0.80358,1.03189,1.00000,0.00000,0.00000,0.03627,0.14068,0.12178,0.04017,2,3,none,a0:none:73
4,5,nominal_known_constraints_4_5_0,nominal_known_constraints,constraint_classifier,0.00,1,0,0,0,1,0,0.92868,0.82921,0.89289,0.92868,1.00000,0.00000,0.00000,0.05992,0.14315,0.11127,0.09072,2,3,none,a0:none:68
4,5,nominal_known_constraints_4_5_0,nominal_known_constraints,abort_constraint_discovery,0.00,1,0,0,0,1,0,0.98962,0.82921,0.83791,0.98962,1.00000,0.00000,0.00000,0.00167,0.00492,0.00295,0.00139,2,3,none,a0:none:69
4,5,nominal_known_constraints_4_5_0,nominal_known_constraints,oracle_constraints,0.00,1,1,0,1,2,0,1.17246,0.82921,0.70724,1.45246,1.00000,1.00000,1.00000,0.00000,0.00000,0.00000,0.00000,2,3,none,a0:visible_collision:17;a1:none:65
4,6,nominal_known_constraints_4_6_0,nominal_known_constraints,ignore_aborted_actions,0.00,1,0,0,0,1,0,0.95374,0.84895,0.89013,0.95374,1.00000,1.00000,1.00000,0.00000,0.00000,0.00000,0.00000,0,5,none,a0:none:71
4,6,nominal_known_constraints_4_6_0,nominal_known_constraints,negative_label_baseline,0.00,1,0,0,0,1,0,1.00546,0.84895,0.84433,1.00546,1.00000,1.00000,1.00000,0.00000,0.00000,0.00000,0.00000,0,5,none,a0:none:71
4,6,nominal_known_constraints_4_6_0,nominal_known_constraints,costmap_from_collisions,0.00,1,0,0,0,1,0,1.03118,0.84895,0.82328,1.03118,1.00000,1.00000,1.00000,0.00000,0.00000,0.00000,0.00000,0,5,none,a0:none:71
4,6,nominal_known_constraints_4_6_0,nominal_known_constraints,risk_filter_uncertainty,0.00,1,0,0,0,1,0,1.03457,0.84895,0.82058,1.03457,1.00000,1.00000,1.00000,0.01334,0.10579,0.10586,0.00000,0,5,none,a0:none:71
4,6,nominal_known_constraints_4_6_0,nominal_known_constraints,constraint_classifier,0.00,1,0,0,0,1,0,0.97031,0.84895,0.87492,0.97031,1.00000,1.00000,1.00000,0.00161,0.02454,0.00000,0.00000,0,5,none,a0:none:71
4,6,nominal_known_constraints_4_6_0,nominal_known_constraints,abort_constraint_discovery,0.00,1,0,0,0,1,0,1.00198,0.84895,0.84727,1.00198,1.00000,1.00000,1.00000,0.00000,0.00000,0.00000,0.00000,0,5,none,a0:none:71
4,6,nominal_known_constraints_4_6_0,nominal_known_constraints,oracle_constraints,0.00,1,0,0,0,1,0,1.00910,0.84895,0.84129,1.00910,1.00000,1.00000,1.00000,0.00000,0.00000,0.00000,0.00000,0,5,none,a0:none:71
4,7,nominal_known_constraints_4_7_0,nominal_known_constraints,ignore_aborted_actions,0.00,1,0,0,0,1,0,0.92361,0.84202,0.91166,0.92361,1.00000,1.00000,1.00000,0.00000,0.00000,0.00000,0.00000,0,5,none,a0:none:66
4,7,nominal_known_constraints_4_7_0,nominal_known_constraints,negative_label_baseline,0.00,1,0,0,0,1,0,0.94428,0.84202,0.89170,0.94428,1.00000,1.00000,1.00000,0.00000,0.00000,0.00000,0.00000,0,5,none,a0:none:66
4,7,nominal_known_constraints_4_7_0,nominal_known_constraints,costmap_from_collisions,0.00,1,0,0,0,1,0,0.95261,0.84202,0.88391,0.95261,1.00000,1.00000,1.00000,0.00000,0.00000,0.00000,0.00000,0,5,none,a0:none:66
4,7,nominal_known_constraints_4_7_0,nominal_known_constraints,risk_filter_uncertainty,0.00,1,0,0,0,1,0,0.95075,0.84202,0.88564,0.95075,1.00000,1.00000,1.00000,0.01348,0.10640,0.10390,0.00000,0,5,none,a0:none:66
4,7,nominal_known_constraints_4_7_0,nominal_known_constraints,constraint_classifier,0.00,1,0,0,0,1,0,0.92438,0.84202,0.91090,0.92438,1.00000,1.00000,1.00000,0.00122,0.02030,0.00000,0.00000,0,5,none,a0:none:66
4,7,nominal_known_constraints_4_7_0,nominal_known_constraints,abort_constraint_discovery,0.00,1,0,0,0,1,0,0.93090,0.84202,0.90452,0.93090,1.00000,1.00000,1.00000,0.00000,0.00000,0.00000,0.00000,0,5,none,a0:none:66
4,7,nominal_known_constraints_4_7_0,nominal_known_constraints,oracle_constraints,0.00,1,0,0,0,1,0,0.93833,0.84202,0.89735,0.93833,1.00000,1.00000,1.00000,0.00000,0.00000,0.00000,0.00000,0,5,none,a0:none:66
4,8,nominal_known_constraints_4_8_0,nominal_known_constraints,ignore_aborted_actions,0.00,1,0,0,0,1,0,0.94947,0.84718,0.89226,0.94947,1.00000,1.00000,1.00000,0.00000,0.00000,0.00000,0.00000,1,4,none,a0:none:68
4,8,nominal_known_constraints_4_8_0,nominal_known_constraints,negative_label_baseline,0.00,1,0,0,0,1,0,1.01790,0.84718,0.83228,1.01790,1.00000,0.00000,0.00000,0.00212,0.00653,0.00064,0.00277,1,4,none,a0:none:72
4,8,nominal_known_constraints_4_8_0,nominal_known_constraints,costmap_from_collisions,0.00,1,0,0,0,1,0,1.01386,0.84718,0.83560,1.01386,1.00000,0.00000,0.00000,0.01035,0.02523,0.01889,0.01524,1,4,none,a0:none:74
4,8,nominal_known_constraints_4_8_0,nominal_known_constraints,risk_filter_uncertainty,0.00,1,0,0,0,1,0,1.06405,0.84718,0.79618,1.06405,1.00000,0.00000,0.00000,0.02527,0.12499,0.11826,0.02078,1,4,none,a0:none:74
4,8,nominal_known_constraints_4_8_0,nominal_known_constraints,constraint_classifier,0.00,1,0,0,0,1,0,1.13550,0.84718,0.74608,1.13550,1.00000,0.00000,0.00000,0.02290,0.06962,0.05116,0.02770,1,4,none,a0:none:83
4,8,nominal_known_constraints_4_8_0,nominal_known_constraints,abort_constraint_discovery,0.00,1,0,0,0,1,0,0.98258,0.84718,0.86219,0.98258,1.00000,0.00000,0.00000,0.00084,0.00246,0.00000,0.00139,1,4,none,a0:none:72
4,8,nominal_known_constraints_4_8_0,nominal_known_constraints,oracle_constraints,0.00,1,1,0,1,2,0,1.18371,0.84718,0.71570,1.46371,1.00000,1.00000,1.00000,0.00000,0.00000,0.00000,0.00000,1,4,none,a0:visible_collision:18;a1:none:68
4,1000,hidden_wall_abort_4_1000_0,hidden_wall_abort,ignore_aborted_actions,0.00,0,1,1,1,5,0,2.62204,0.83381,0.11130,3.72204,-0.02006,0.00000,0.00000,0.04086,0.04086,0.00000,0.00000,6,2,fixture_snag,a0:fixture_snag:34;a1:fixture_snag:34;a2:fixture_snag:33;a3:fixture_snag:34;a4:fixture_snag:34
4,1000,hidden_wall_abort_4_1000_0,hidden_wall_abort,negative_label_baseline,0.00,0,1,1,1,5,0,2.70619,0.83381,0.10784,3.80619,-0.01256,0.46512,0.30303,0.02628,0.01366,0.08126,0.01870,6,2,fixture_snag,a0:fixture_snag:36;a1:fixture_snag:35;a2:fixture_snag:34;a3:fixture_snag:35;a4:fixture_snag:33
4,1000,hidden_wall_abort_4_1000_0,hidden_wall_abort,costmap_from_collisions,0.00,1,1,1,1,4,0,2.95810,0.83381,0.28187,3.79810,-0.01467,0.48731,0.32215,0.04356,0.06802,0.12750,0.09557,6,2,none,a0:fixture_snag:37;a1:collision_margin:40;a2:fixture_snag:35;a3:none:72
4,1000,hidden_wall_abort_4_1000_0,hidden_wall_abort,risk_filter_uncertainty,0.00,1,1,1,0,3,0,2.35014,0.83381,0.35479,2.91014,-0.00283,0.45455,0.29412,0.06040,0.14918,0.20012,0.11150,6,2,none,a0:collision_margin:41;a1:fixture_snag:37;a2:none:72
4,1000,hidden_wall_abort_4_1000_0,hidden_wall_abort,constraint_classifier,0.00,1,1,0,0,2,0,1.70893,0.83381,0.48791,1.98893,-0.00357,0.36025,0.21970,0.09008,0.17793,0.18279,0.18213,6,2,none,a0:fixture_snag:37;a1:none:74
4,1000,hidden_wall_abort_4_1000_0,hidden_wall_abort,abort_constraint_discovery,0.00,0,1,1,1,5,0,2.97983,0.83381,0.09794,4.07983,-0.01594,0.33987,0.20472,0.09965,0.13555,0.11974,0.17105,6,2,fixture_snag,a0:collision_margin:47;a1:fixture_snag:36;a2:fixture_snag:36;a3:fixture_snag:35;a4:fixture_snag:36
4,1000,hidden_wall_abort_4_1000_0,hidden_wall_abort,oracle_constraints,0.00,1,0,0,0,1,0,1.13705,0.83381,0.73331,1.13705,0.04981,1.00000,1.00000,0.01191,0.03873,0.00770,0.04086,6,2,none,a0:none:72
4,1001,hidden_wall_abort_4_1001_0,hidden_wall_abort,ignore_aborted_actions,0.00,0,1,1,1,5,0,2.87563,0.84502,0.10285,3.97563,-0.02387,0.00000,0.00000,0.03878,0.03878,0.00000,0.00000,8,0,collision_margin,a0:collision_margin:37;a1:collision_margin:35;a2:collision_margin:35;a3:collision_margin:35;a4:collision_margin:35
4,1001,hidden_wall_abort_4_1001_0,hidden_wall_abort,negative_label_baseline,0.00,0,1,1,1,5,0,2.65799,0.84502,0.11127,3.75799,-0.01244,0.39560,0.24658,0.02880,0.01595,0.07110,0.02424,8,0,collision_margin,a0:collision_margin:38;a1:collision_margin:34;a2:collision_margin:34;a3:collision_margin:36;a4:collision_margin:35
4,1001,hidden_wall_abort_4_1001_0,hidden_wall_abort,costmap_from_collisions,0.00,1,1,1,1,3,0,2.42274,0.84502,0.34879,2.98274,-0.01500,0.42211,0.26752,0.05421,0.08250,0.10825,0.09903,8,0,none,a0:collision_margin:38;a1:collision_margin:34;a2:none:80
4,1001,hidden_wall_abort_4_1001_0,hidden_wall_abort,risk_filter_uncertainty,0.00,1,1,1,1,3,0,2.36132,0.84502,0.35786,2.92132,-0.01564,0.35833,0.21827,0.07119,0.16225,0.19359,0.12742,8,0,none,a0:collision_margin:34;a1:collision_margin:39;a2:none:80
4,1001,hidden_wall_abort_4_1001_0,hidden_wall_abort,constraint_classifier,0.00,1,0,0,0,1,0,1.42755,0.84502,0.59194,1.42755,0.03776,0.23499,0.13314,0.12497,0.22187,0.15744,0.22645,8,0,none,a0:none:93
4,1001,hidden_wall_abort_4_1001_0,hidden_wall_abort,abort_constraint_discovery,0.00,1,0,0,0,1,0,1.38931,0.84502,0.60823,1.38931,0.04508,0.28571,0.16667,0.11352,0.14307,0.04561,0.16967,8,0,none,a0:none:95
4,1001,hidden_wall_abort_4_1001_0,hidden_wall_abort,oracle_constraints,0.00,1,0,0,0,1,0,1.21980,0.84502,0.69275,1.21980,0.05069,1.00000,1.00000,0.01187,0.03852,0.00643,0.03878,8,0,none,a0:none:80
4,1002,hidden_wall_abort_4_1002_0,hidden_wall_abort,ignore_aborted_actions,0.00,1,1,0,0,2,0,1.66754,0.84956,0.50947,1.94754,-0.00201,0.00000,0.00000,0.03947,0.03947,0.00000,0.00000,8,0,none,a0:collision_margin:36;a1:none:65
4,1002,hidden_wall_abort_4_1002_0,hidden_wall_abort,negative_label_baseline,0.00,1,0,0,0,1,0,1.10104,0.84956,0.77160,1.10104,0.04852,0.22500,0.12676,0.03434,0.02164,0.02762,0.01593,8,0,none,a0:none:69
4,1002,hidden_wall_abort_4_1002_0,hidden_wall_abort,costmap_from_collisions,0.00,1,1,0,1,2,0,1.74723,0.84956,0.48623,2.02723,-0.00867,0.40609,0.25478,0.05551,0.07627,0.13067,0.09695,8,0,none,a0:collision_margin:43;a1:none:69
4,1002,hidden_wall_abort_4_1002_0,hidden_wall_abort,risk_filter_uncertainty,0.00,1,1,0,1,2,0,1.81563,0.84956,0.46792,2.09563,-0.00788,0.36123,0.22043,0.07115,0.15566,0.20180,0.11773,8,0,none,a0:collision_margin:46;a1:none:69
4,1002,hidden_wall_abort_4_1002_0,hidden_wall_abort,constraint_classifier,0.00,1,1,0,0,2,0,1.74316,0.84956,0.48737,2.02316,-0.00223,0.22738,0.12827,0.13887,0.24039,0.26014,0.25900,8,0,none,a0:collision_margin:41;a1:none:75
4,1002,hidden_wall_abort_4_1002_0,hidden_wall_abort,abort_constraint_discovery,0.00,1,0,0,0,1,0,1.38784,0.84956,0.61215,1.38784,0.03146,0.29197,0.17094,0.09926,0.12031,0.00930,0.15028,8,0,none,a0:none:89
4,1002,hidden_wall_abort_4_1002_0,hidden_wall_abort,oracle_constraints,0.00,1,0,0,0,1,0,1.09232,0.84956,0.77776,1.09232,0.05151,1.00000,1.00000,0.01195,0.03860,0.00500,0.03947,8,0,none,a0:none:69
4,1003,hidden_wall_abort_4_1003_0,hidden_wall_abort,ignore_aborted_actions,0.00,0,1,1,1,5,0,2.86529,0.85286,0.10418,3.96529,-0.01766,0.00000,0.00000,0.04017,0.04017,0.00000,0.00000,5,3,collision_margin,a0:collision_margin:36;a1:collision_margin:36;a2:collision_margin:36;a3:collision_margin:37;a4:collision_margin:37
4,1003,hidden_wall_abort_4_1003_0,hidden_wall_abort,negative_label_baseline,0.00,1,1,0,0,2,0,1.65831,0.85286,0.51430,1.93831,-0.00595,0.25974,0.14925,0.02959,0.01237,0.01819,0.01316,5,3,none,a0:collision_margin:34;a1:none:72
4,1003,hidden_wall_abort_4_1003_0,hidden_wall_abort,costmap_from_collisions,0.00,1,1,1,0,3,0,2.41891,0.85286,0.35258,2.97891,-0.00185,0.49462,0.32857,0.04347,0.06772,0.10869,0.08864,5,3,none,a0:collision_margin:34;a1:fixture_snag:46;a2:none:72
4,1003,hidden_wall_abort_4_1003_0,hidden_wall_abort,risk_filter_uncertainty,0.00,1,1,1,1,3,0,2.47618,0.85286,0.34443,3.03618,-0.01072,0.47489,0.31138,0.05986,0.14918,0.18584,0.11150,5,3,none,a0:collision_margin:35;a1:fixture_snag:48;a2:none:72
4,1003,hidden_wall_abort_4_1003_0,hidden_wall_abort,constraint_classifier,0.00,1,0,0,0,1,0,1.13080,0.85286,0.75421,1.13080,0.01951,0.41007,0.25792,0.07950,0.15533,0.12834,0.15235,5,3,none,a0:none:72
4,1003,hidden_wall_abort_4_1003_0,hidden_wall_abort,abort_constraint_discovery,0.00,1,1,1,0,3,0,2.35322,0.85286,0.36243,2.91322,-0.00431,0.36296,0.22172,0.08276,0.10907,0.11943,0.14681,5,3,none,a0:collision_margin:39;a1:collision_margin:41;a2:none:72
4,1003,hidden_wall_abort_4_1003_0,hidden_wall_abort,oracle_constraints,0.00,1,0,0,0,1,0,1.10553,0.85286,0.77146,1.10553,0.04948,1.00000,1.00000,0.01268,0.03944,0.00659,0.04017,5,3,none,a0:none:72
4,1004,hidden_wall_abort_4_1004_0,hidden_wall_abort,ignore_aborted_actions,0.00,0,1,1,1,5,0,2.83730,0.84430,0.10415,3.93730,-0.01953,0.00000,0.00000,0.04224,0.04224,0.00000,0.00000,8,0,fixture_snag,a0:fixture_snag:36;a1:fixture_snag:36;a2:fixture_snag:36;a3:fixture_snag:35;a4:fixture_snag:36
4,1004,hidden_wall_abort_4_1004_0,hidden_wall_abort,negative_label_baseline,0.00,0,1,1,1,5,0,2.83098,0.84430,0.10438,3.93098,-0.01211,0.48936,0.32394,0.02314,0.01008,0.07596,0.02285,8,0,fixture_snag,a0:fixture_snag:38;a1:fixture_snag:38;a2:fixture_snag:36;a3:fixture_snag:36;a4:fixture_snag:36
4,1004,hidden_wall_abort_4_1004_0,hidden_wall_abort,costmap_from_collisions,0.00,1,0,0,0,1,0,1.19841,0.84430,0.70452,1.19841,0.02149,0.55294,0.38211,0.03826,0.06002,0.01620,0.07548,8,0,none,a0:none:77
4,1004,hidden_wall_abort_4_1004_0,hidden_wall_abort,risk_filter_uncertainty,0.00,1,0,0,0,1,0,1.15394,0.84430,0.73167,1.15394,0.02768,0.50980,0.34211,0.05544,0.14327,0.10909,0.09903,8,0,none,a0:none:77
4,1004,hidden_wall_abort_4_1004_0,hidden_wall_abort,constraint_classifier,0.00,1,0,0,0,1,0,1.21078,0.84430,0.69733,1.21078,0.02119,0.29975,0.17630,0.11539,0.21228,0.17195,0.23961,8,0,none,a0:none:77
4,1004,hidden_wall_abort_4_1004_0,hidden_wall_abort,abort_constraint_discovery,0.00,1,0,0,0,1,0,1.36341,0.84430,0.61926,1.36341,0.03472,0.32692,0.19540,0.10460,0.13936,0.18558,0.17382,8,0,none,a0:none:88
4,1004,hidden_wall_abort_4_1004_0,hidden_wall_abort,oracle_constraints,0.00,1,0,0,0,1,0,1.13389,0.84430,0.74461,1.13389,0.02948,1.00000,1.00000,0.01160,0.03906,0.01791,0.04224,8,0,none,a0:none:77
4,1005,hidden_wall_abort_4_1005_0,hidden_wall_abort,ignore_aborted_actions,0.00,0,1,1,1,5,0,2.74304,0.84939,0.10838,3.84304,-0.01853,0.00000,0.00000,0.04224,0.04224,0.00000,0.00000,7,1,collision_margin,a0:collision_margin:34;a1:collision_margin:34;a2:collision_margin:34;a3:collision_margin:34;a4:collision_margin:35
4,1005,hidden_wall_abort_4_1005_0,hidden_wall_abort,negative_label_baseline,0.00,1,0,0,0,1,0,1.09399,0.84939,0.77641,1.09399,0.04530,0.39080,0.24286,0.02994,0.01548,0.02089,0.01801,7,1,none,a0:none:70
4,1005,hidden_wall_abort_4_1005_0,hidden_wall_abort,costmap_from_collisions,0.00,1,0,0,0,1,0,1.13279,0.84939,0.74982,1.13279,0.00919,0.44828,0.28889,0.04639,0.06806,0.04138,0.07825,7,1,none,a0:none:74
4,1005,hidden_wall_abort_4_1005_0,hidden_wall_abort,risk_filter_uncertainty,0.00,1,1,1,1,4,0,2.93531,0.84939,0.28937,3.77531,-0.02171,0.43511,0.27805,0.07095,0.16800,0.20371,0.13920,7,1,none,a0:fixture_snag:35;a1:collision_margin:42;a2:collision_margin:40;a3:none:70
4,1005,hidden_wall_abort_4_1005_0,hidden_wall_abort,constraint_classifier,0.00,1,0,0,0,1,0,1.08346,0.84939,0.78396,1.08346,0.04061,0.32861,0.19661,0.10711,0.20844,0.15318,0.20222,7,1,none,a0:none:70
4,1005,hidden_wall_abort_4_1005_0,hidden_wall_abort,abort_constraint_discovery,0.00,1,0,0,0,1,0,1.13322,0.84939,0.74954,1.13322,0.02146,0.29870,0.17557,0.10322,0.13639,0.14563,0.17105,7,1,none,a0:none:74
4,1005,hidden_wall_abort_4_1005_0,hidden_wall_abort,oracle_constraints,0.00,1,0,0,0,1,0,1.07362,0.84939,0.79115,1.07362,0.04556,1.00000,1.00000,0.01266,0.03943,0.00707,0.04224,7,1,none,a0:none:70
4,1006,hidden_wall_abort_4_1006_0,hidden_wall_abort,ignore_aborted_actions,0.00,0,1,1,1,5,0,2.68527,0.85346,0.11124,3.78527,-0.01616,0.00000,0.00000,0.04155,0.04155,0.00000,0.00000,7,1,fixture_snag,a0:fixture_snag:34;a1:fixture_snag:34;a2:fixture_snag:34;a3:fixture_snag:33;a4:fixture_snag:33
4,1006,hidden_wall_abort_4_1006_0,hidden_wall_abort,negative_label_baseline,0.00,1,1,1,1,5,0,3.42993,0.85346,0.24883,4.54993,-0.02804,0.35294,0.21429,0.02927,0.01402,0.01612,0.01731,7,1,none,a0:fixture_snag:36;a1:fixture_snag:35;a2:fixture_snag:36;a3:fixture_snag:35;a4:none:77
4,1006,hidden_wall_abort_4_1006_0,hidden_wall_abort,costmap_from_collisions,0.00,1,1,0,0,2,0,1.78881,0.85346,0.47711,2.06881,-0.00251,0.49689,0.33058,0.04159,0.04649,0.08262,0.06994,7,1,none,a0:fixture_snag:38;a1:none:79
4,1006,hidden_wall_abort_4_1006_0,hidden_wall_abort,risk_filter_uncertainty,0.00,1,1,1,0,3,0,2.44469,0.85346,0.34911,3.00469,-0.00545,0.44920,0.28966,0.05715,0.13708,0.16324,0.08795,7,1,none,a0:fixture_snag:38;a1:fixture_snag:36;a2:none:79
4,1006,hidden_wall_abort_4_1006_0,hidden_wall_abort,constraint_classifier,0.00,1,0,0,0,1,0,1.27804,0.85346,0.66779,1.27804,0.04392,0.32558,0.19444,0.08627,0.16026,0.10880,0.16690,7,1,none,a0:none:81
4,1006,hidden_wall_abort_4_1006_0,hidden_wall_abort,abort_constraint_discovery,0.00,1,0,0,0,1,0,1.75621,0.85346,0.48597,1.75621,0.04702,0.24911,0.14228,0.10413,0.12033,0.02221,0.15305,7,1,none,a0:none:117
4,1006,hidden_wall_abort_4_1006_0,hidden_wall_abort,oracle_constraints,0.00,1,0,0,0,1,0,1.18512,0.85346,0.72014,1.18512,0.05649,1.00000,1.00000,0.01223,0.03872,0.00555,0.04155,7,1,none,a0:none:79
4,1007,hidden_wall_abort_4_1007_0,hidden_wall_abort,ignore_aborted_actions,0.00,0,1,1,1,5,0,2.53929,0.84282,0.11617,3.63929,-0.02817,0.00000,0.00000,0.04017,0.04017,0.00000,0.00000,7,1,fixture_snag,a0:fixture_snag:33;a1:fixture_snag:33;a2:fixture_snag:33;a3:fixture_snag:33;a4:fixture_snag:33
4,1007,hidden_wall_abort_4_1007_0,hidden_wall_abort,negative_label_baseline,0.00,0,1,1,1,5,0,2.69083,0.84282,0.10963,3.79083,-0.02263,0.41379,0.26087,0.02618,0.00641,0.08195,0.02008,7,1,fixture_snag,a0:fixture_snag:35;a1:fixture_snag:33;a2:fixture_snag:33;a3:fixture_snag:33;a4:fixture_snag:33
4,1007,hidden_wall_abort_4_1007_0,hidden_wall_abort,costmap_from_collisions,0.00,1,0,0,0,1,0,1.18282,0.84282,0.71255,1.18282,0.01863,0.48315,0.31852,0.04498,0.07188,0.01789,0.08310,7,1,none,a0:none:77
4,1007,hidden_wall_abort_4_1007_0,hidden_wall_abort,risk_filter_uncertainty,0.00,1,0,0,0,1,0,1.16073,0.84282,0.72611,1.16073,0.02435,0.45933,0.29814,0.06284,0.15387,0.11148,0.10457,7,1,none,a0:none:77
4,1007,hidden_wall_abort_4_1007_0,hidden_wall_abort,constraint_classifier,0.00,1,0,0,0,1,0,1.25729,0.84282,0.67035,1.25729,0.02202,0.33233,0.19928,0.10308,0.20681,0.17862,0.18906,7,1,none,a0:none:77
4,1007,hidden_wall_abort_4_1007_0,hidden_wall_abort,abort_constraint_discovery,0.00,1,0,0,0,1,0,1.19244,0.84282,0.70680,1.19244,0.01306,0.35146,0.21320,0.07288,0.09260,0.14469,0.12535,7,1,none,a0:none:77
4,1007,hidden_wall_abort_4_1007_0,hidden_wall_abort,oracle_constraints,0.00,1,0,0,0,1,0,1.22266,0.84282,0.68933,1.22266,0.02568,1.00000,1.00000,0.01165,0.03825,0.01791,0.04017,7,1,none,a0:none:77
4,1008,hidden_wall_abort_4_1008_0,hidden_wall_abort,ignore_aborted_actions,0.00,0,1,1,1,5,0,2.13304,0.84419,0.13852,3.23304,-0.02338,0.00000,0.00000,0.03947,0.03947,0.00000,0.00000,7,1,collision_margin,a0:collision_margin:28;a1:collision_margin:29;a2:collision_margin:29;a3:collision_margin:27;a4:collision_margin:29
4,1008,hidden_wall_abort_4_1008_0,hidden_wall_abort,negative_label_baseline,0.00,0,1,1,1,5,0,2.33269,0.84419,0.12666,3.43269,-0.01410,0.29545,0.17333,0.02978,0.01531,0.07514,0.02147,7,1,collision_margin,a0:collision_margin:29;a1:collision_margin:30;a2:collision_margin:29;a3:collision_margin:28;a4:collision_margin:29
4,1008,hidden_wall_abort_4_1008_0,hidden_wall_abort,costmap_from_collisions,0.00,1,1,0,1,2,0,1.65227,0.84419,0.51093,1.93227,-0.02175,0.41237,0.25974,0.05376,0.07611,0.09180,0.09488,7,1,none,a0:collision_margin:31;a1:none:80
4,1008,hidden_wall_abort_4_1008_0,hidden_wall_abort,risk_filter_uncertainty,0.00,1,1,0,1,2,0,1.71323,0.84419,0.49275,1.99323,-0.01015,0.38428,0.23784,0.07077,0.16248,0.18250,0.11911,7,1,none,a0:collision_margin:30;a1:none:80
4,1008,hidden_wall_abort_4_1008_0,hidden_wall_abort,constraint_classifier,0.00,1,0,0,0,1,0,1.32739,0.84419,0.63598,1.32739,0.05100,0.31746,0.18868,0.09788,0.19386,0.13140,0.17867,7,1,none,a0:none:82
4,1008,hidden_wall_abort_4_1008_0,hidden_wall_abort,abort_constraint_discovery,0.00,1,1,0,1,2,0,2.14720,0.84419,0.39316,2.42720,0.03047,0.37903,0.23383,0.07809,0.09914,0.00865,0.13227,7,1,none,a0:visible_collision:32;a1:none:109
4,1008,hidden_wall_abort_4_1008_0,hidden_wall_abort,oracle_constraints,0.00,1,0,0,0,1,0,1.24644,0.84419,0.67728,1.24644,0.04896,1.00000,1.00000,0.01083,0.03740,0.00419,0.03947,7,1,none,a0:none:80
4,2000,force_limit_abort_4_2000_0,force_limit_abort,ignore_aborted_actions,0.00,1,0,0,0,1,0,1.13535,0.83875,0.73876,1.13535,0.04861,0.00000,0.00000,0.04640,0.04640,0.00000,0.00000,3,5,none,a0:none:68
4,2000,force_limit_abort_4_2000_0,force_limit_abort,negative_label_baseline,0.00,1,0,0,0,1,0,1.25979,0.83875,0.66579,1.25979,0.08467,0.17949,0.09859,0.03955,0.03228,0.00000,0.00762,3,5,none,a0:none:68
4,2000,force_limit_abort_4_2000_0,force_limit_abort,costmap_from_collisions,0.00,1,0,0,0,1,0,1.09422,0.83875,0.76653,1.09422,0.08961,0.39130,0.24324,0.04161,0.02793,0.00506,0.04917,3,5,none,a0:none:68
4,2000,force_limit_abort_4_2000_0,force_limit_abort,risk_filter_uncertainty,0.00,1,0,0,0,1,0,1.16617,0.83875,0.71923,1.16617,0.06506,0.34043,0.20513,0.05058,0.10343,0.10876,0.05125,3,5,none,a0:none:68
4,2000,force_limit_abort_4_2000_0,force_limit_abort,constraint_classifier,0.00,1,0,0,0,1,0,1.19527,0.83875,0.70172,1.19527,0.08423,0.39506,0.24615,0.05584,0.07773,0.00000,0.06579,3,5,none,a0:none:68
4,2000,force_limit_abort_4_2000_0,force_limit_abort,abort_constraint_discovery,0.00,1,0,0,0,1,0,1.37335,0.83875,0.61073,1.37335,0.11967,0.46457,0.30256,0.07289,0.15341,0.09472,0.12950,3,5,none,a0:none:83
4,2000,force_limit_abort_4_2000_0,force_limit_abort,oracle_constraints,0.00,1,0,0,0,1,0,1.13760,0.83875,0.73730,1.13760,0.08855,1.00000,1.00000,0.00566,0.02049,0.00194,0.04640,3,5,none,a0:none:68
4,2001,force_limit_abort_4_2001_0,force_limit_abort,ignore_aborted_actions,0.00,1,0,0,0,1,0,1.15917,0.84636,0.73014,1.15917,0.18983,0.00000,0.00000,0.04640,0.04640,0.00000,0.00000,2,6,none,a0:none:66
4,2001,force_limit_abort_4_2001_0,force_limit_abort,negative_label_baseline,0.00,1,0,0,0,1,0,1.08878,0.84636,0.77735,1.08878,0.18969,0.10811,0.05714,0.04176,0.03626,0.00000,0.00485,2,6,none,a0:none:66
4,2001,force_limit_abort_4_2001_0,force_limit_abort,costmap_from_collisions,0.00,1,0,0,0,1,0,1.19706,0.84636,0.70703,1.19706,0.21519,0.31148,0.18447,0.03718,0.02241,0.00001,0.03809,2,6,none,a0:none:66
4,2001,force_limit_abort_4_2001_0,force_limit_abort,risk_filter_uncertainty,0.00,1,0,0,0,1,0,1.11475,0.84636,0.75924,1.11475,0.19156,0.29032,0.16981,0.04998,0.09825,0.09115,0.03947,2,6,none,a0:none:66
4,2001,force_limit_abort_4_2001_0,force_limit_abort,constraint_classifier,0.00,1,0,0,0,1,0,1.08328,0.84636,0.78130,1.08328,0.20786,0.45860,0.29752,0.04534,0.06479,0.00000,0.06233,2,6,none,a0:none:66
4,2001,force_limit_abort_4_2001_0,force_limit_abort,abort_constraint_discovery,0.00,1,0,0,0,1,0,1.13755,0.84636,0.74402,1.13755,0.26231,0.50237,0.33544,0.04645,0.07838,0.04106,0.09972,2,6,none,a0:none:70
4,2001,force_limit_abort_4_2001_0,force_limit_abort,oracle_constraints,0.00,1,0,0,0,1,0,1.08649,0.84636,0.77899,1.08649,0.21842,1.00000,1.00000,0.00559,0.02036,0.00000,0.04640,2,6,none,a0:none:66
4,2002,force_limit_abort_4_2002_0,force_limit_abort,ignore_aborted_actions,0.00,0,1,1,1,5,0,2.94626,0.84534,0.10042,4.04626,-0.00875,0.00000,0.00000,0.04778,0.04778,0.00000,0.00000,4,4,force_limit,a0:force_limit:36;a1:force_limit:34;a2:force_limit:35;a3:force_limit:34;a4:force_limit:34
4,2002,force_limit_abort_4_2002_0,force_limit_abort,negative_label_baseline,0.00,1,1,0,1,2,0,1.78634,0.84534,0.47322,2.06634,-0.00685,0.30233,0.17808,0.03433,0.02532,0.02388,0.01177,4,4,none,a0:force_limit:35;a1:none:72
4,2002,force_limit_abort_4_2002_0,force_limit_abort,costmap_from_collisions,0.00,1,0,0,0,1,0,1.19820,0.84534,0.70551,1.19820,0.02971,0.48408,0.31933,0.03708,0.04277,0.05076,0.06094,4,4,none,a0:none:76
4,2002,force_limit_abort_4_2002_0,force_limit_abort,risk_filter_uncertainty,0.00,1,0,0,0,1,0,1.26005,0.84534,0.67087,1.26005,0.02901,0.46250,0.30081,0.04768,0.10980,0.11121,0.06302,4,4,none,a0:none:74
4,2002,force_limit_abort_4_2002_0,force_limit_abort,constraint_classifier,0.00,1,0,0,0,1,0,1.22373,0.84534,0.69079,1.22373,0.03053,0.39344,0.24490,0.06845,0.11454,0.07413,0.12119,4,4,none,a0:none:73
4,2002,force_limit_abort_4_2002_0,force_limit_abort,abort_constraint_discovery,0.00,1,0,0,0,1,0,1.90784,0.84534,0.44309,1.90784,0.06926,0.39316,0.24468,0.09906,0.20027,0.07883,0.19529,4,4,none,a0:none:120
4,2002,force_limit_abort_4_2002_0,force_limit_abort,oracle_constraints,0.00,1,0,0,0,1,0,1.25792,0.84534,0.67202,1.25792,0.04277,1.00000,1.00000,0.00565,0.02050,0.02317,0.04778,4,4,none,a0:none:74
4,2003,force_limit_abort_4_2003_0,force_limit_abort,ignore_aborted_actions,0.00,1,0,0,0,1,0,1.19096,0.83953,0.70492,1.19096,0.14415,0.00000,0.00000,0.04709,0.04709,0.00000,0.00000,2,6,none,a0:none:70
4,2003,force_limit_abort_4_2003_0,force_limit_abort,negative_label_baseline,0.00,1,0,0,0,1,0,1.20217,0.83953,0.69835,1.20217,0.14079,0.18421,0.10145,0.03470,0.03414,0.00000,0.00554,2,6,none,a0:none:70
4,2003,force_limit_abort_4_2003_0,force_limit_abort,costmap_from_collisions,0.00,1,0,0,0,1,0,1.19591,0.83953,0.70200,1.19591,0.14892,0.54815,0.37755,0.02656,0.01919,0.01252,0.04640,2,6,none,a0:none:70
4,2003,force_limit_abort_4_2003_0,force_limit_abort,risk_filter_uncertainty,0.00,1,0,0,0,1,0,1.20197,0.83953,0.69846,1.20197,0.11350,0.56000,0.38889,0.03614,0.09422,0.10888,0.03947,2,6,none,a0:none:70
4,2003,force_limit_abort_4_2003_0,force_limit_abort,constraint_classifier,0.00,1,0,0,0,1,0,1.11847,0.83953,0.75061,1.11847,0.14339,0.50761,0.34014,0.04446,0.05904,0.00000,0.08934,2,6,none,a0:none:70
4,2003,force_limit_abort_4_2003_0,force_limit_abort,abort_constraint_discovery,0.00,1,0,0,0,1,0,1.27698,0.83953,0.65744,1.27698,0.25702,0.48227,0.31776,0.07708,0.17045,0.04574,0.14820,2,6,none,a0:none:76
4,2003,force_limit_abort_4_2003_0,force_limit_abort,oracle_constraints,0.00,0,1,1,1,5,0,4.07004,0.83953,0.07220,5.17004,0.14570,1.00000,1.00000,0.00564,0.02050,0.00004,0.04709,2,6,visible_collision,a0:visible_collision:47;a1:human_stop:44;a2:visible_collision:48;a3:visible_collision:56;a4:visible_collision:47
4,2004,force_limit_abort_4_2004_0,force_limit_abort,ignore_aborted_actions,0.00,1,0,0,0,1,0,1.11252,0.83833,0.75354,1.11252,0.14915,0.00000,0.00000,0.04571,0.04571,0.00000,0.00000,3,5,none,a0:none:65
4,2004,force_limit_abort_4_2004_0,force_limit_abort,negative_label_baseline,0.00,1,0,0,0,1,0,1.08201,0.83833,0.77479,1.08201,0.14517,0.15385,0.08333,0.03619,0.02793,0.00001,0.00831,3,5,none,a0:none:65
4,2004,force_limit_abort_4_2004_0,force_limit_abort,costmap_from_collisions,0.00,1,0,0,0,1,0,1.18697,0.83833,0.70628,1.18697,0.15058,0.49032,0.32479,0.03587,0.04261,0.02421,0.06163,3,5,none,a0:none:65
4,2004,force_limit_abort_4_2004_0,force_limit_abort,risk_filter_uncertainty,0.00,1,0,0,0,1,0,1.18349,0.83833,0.70835,1.18349,0.14536,0.42384,0.26891,0.04604,0.10831,0.09293,0.05886,3,5,none,a0:none:65
4,2004,force_limit_abort_4_2004_0,force_limit_abort,constraint_classifier,0.00,1,0,0,0,1,0,1.14372,0.83833,0.73299,1.14372,0.14564,0.38298,0.23684,0.06827,0.10317,0.00418,0.11704,3,5,none,a0:none:65
4,2004,force_limit_abort_4_2004_0,force_limit_abort,abort_constraint_discovery,0.00,1,0,0,0,1,0,1.29771,0.83833,0.64601,1.29771,0.22196,0.50575,0.33846,0.06751,0.14830,0.06625,0.13504,3,5,none,a0:none:79
4,2004,force_limit_abort_4_2004_0,force_limit_abort,oracle_constraints,0.00,1,0,0,0,1,0,1.07499,0.83833,0.77985,1.07499,0.15236,1.00000,1.00000,0.00559,0.02046,0.00007,0.04571,3,5,none,a0:none:65
4,2005,force_limit_abort_4_2005_0,force_limit_abort,ignore_aborted_actions,0.00,0,1,1,1,5,0,3.07479,0.85370,0.09718,4.17479,-0.01095,0.00000,0.00000,0.04709,0.04709,0.00000,0.00000,2,6,force_limit,a0:force_limit:37;a1:force_limit:36;a2:force_limit:37;a3:force_limit:38;a4:force_limit:37
4,2005,force_limit_abort_4_2005_0,force_limit_abort,negative_label_baseline,0.00,1,0,0,0,1,0,1.25971,0.85370,0.67770,1.25971,0.07650,0.18667,0.10294,0.03439,0.03417,0.00054,0.00485,2,6,none,a0:none:73
4,2005,force_limit_abort_4_2005_0,force_limit_abort,costmap_from_collisions,0.00,1,0,0,0,1,0,1.21706,0.85370,0.70144,1.21706,0.12155,0.58647,0.41489,0.02637,0.01728,0.02185,0.04501,2,6,none,a0:none:77
4,2005,force_limit_abort_4_2005_0,force_limit_abort,risk_filter_uncertainty,0.00,1,0,0,0,1,0,1.31958,0.85370,0.64695,1.31958,0.12397,0.56693,0.39560,0.03572,0.09314,0.09780,0.04086,2,6,none,a0:none:77
4,2005,force_limit_abort_4_2005_0,force_limit_abort,constraint_classifier,0.00,1,0,0,0,1,0,1.42734,0.85370,0.59811,1.42734,0.11868,0.46835,0.30579,0.03764,0.04408,0.00984,0.06233,2,6,none,a0:none:77
4,2005,force_limit_abort_4_2005_0,force_limit_abort,abort_constraint_discovery,0.00,1,0,0,0,1,0,1.52014,0.85370,0.56159,1.52014,0.19394,0.50370,0.33663,0.06769,0.15613,0.11679,0.13989,2,6,none,a0:none:91
4,2005,force_limit_abort_4_2005_0,force_limit_abort,oracle_constraints,0.00,1,0,0,0,1,0,1.18827,0.85370,0.71844,1.18827,0.08600,1.00000,1.00000,0.00572,0.02057,0.00243,0.04709,2,6,none,a0:none:73
4,2006,force_limit_abort_4_2006_0,force_limit_abort,ignore_aborted_actions,0.00,1,0,0,0,1,0,1.17405,0.85037,0.72430,1.17405,0.17902,0.00000,0.00000,0.04709,0.04709,0.00000,0.00000,3,5,none,a0:none:68
4,2006,force_limit_abort_4_2006_0,force_limit_abort,negative_label_baseline,0.00,1,0,0,0,1,0,1.16015,0.85037,0.73298,1.16015,0.18101,0.20253,0.11268,0.03737,0.02965,0.00000,0.00762,3,5,none,a0:none:68
4,2006,force_limit_abort_4_2006_0,force_limit_abort,costmap_from_collisions,0.00,1,0,0,0,1,0,1.13240,0.85037,0.75094,1.13240,0.17445,0.46753,0.30508,0.03784,0.04016,0.01419,0.05956,3,5,none,a0:none:68
4,2006,force_limit_abort_4_2006_0,force_limit_abort,risk_filter_uncertainty,0.00,1,0,0,0,1,0,1.20448,0.85037,0.70600,1.20448,0.17058,0.42857,0.27273,0.04904,0.11102,0.10613,0.05956,3,5,none,a0:none:68
4,2006,force_limit_abort_4_2006_0,force_limit_abort,constraint_classifier,0.00,1,1,0,1,2,0,2.20674,0.85037,0.38535,2.48674,0.17178,0.41921,0.26519,0.06756,0.12696,0.00070,0.11150,3,5,none,a0:visible_collision:55;a1:none:78
4,2006,force_limit_abort_4_2006_0,force_limit_abort,abort_constraint_discovery,0.00,1,0,0,0,1,0,1.30471,0.85037,0.65177,1.30471,0.28327,0.49817,0.33171,0.07839,0.17014,0.04190,0.14197,3,5,none,a0:none:78
4,2006,force_limit_abort_4_2006_0,force_limit_abort,oracle_constraints,0.00,1,0,0,0,1,0,1.12731,0.85037,0.75433,1.12731,0.18147,1.00000,1.00000,0.00566,0.02050,0.00001,0.04709,3,5,none,a0:none:68
4,2007,force_limit_abort_4_2007_0,force_limit_abort,ignore_aborted_actions,0.00,1,0,0,0,1,0,1.05184,0.84503,0.80338,1.05184,0.09405,0.00000,0.00000,0.04571,0.04571,0.00000,0.00000,3,5,none,a0:none:67
4,2007,force_limit_abort_4_2007_0,force_limit_abort,negative_label_baseline,0.00,1,0,0,0,1,0,1.06022,0.84503,0.79703,1.06022,0.09264,0.23377,0.13235,0.03079,0.02886,0.00008,0.00762,3,5,none,a0:none:67
4,2007,force_limit_abort_4_2007_0,force_limit_abort,costmap_from_collisions,0.00,1,1,0,1,2,0,2.02106,0.84503,0.41811,2.30106,0.08453,0.52632,0.35714,0.03737,0.05039,0.05265,0.07271,3,5,none,a0:visible_collision:51;a1:none:67
4,2007,force_limit_abort_4_2007_0,force_limit_abort,risk_filter_uncertainty,0.00,1,0,0,0,1,0,1.15614,0.84503,0.73090,1.15614,0.08594,0.59574,0.42424,0.03621,0.10311,0.11059,0.05194,3,5,none,a0:none:67
4,2007,force_limit_abort_4_2007_0,force_limit_abort,constraint_classifier,0.00,1,1,0,1,2,0,2.10518,0.84503,0.40140,2.38518,0.09415,0.43777,0.28022,0.05948,0.10431,0.04497,0.11565,3,5,none,a0:visible_collision:51;a1:none:75
4,2007,force_limit_abort_4_2007_0,force_limit_abort,abort_constraint_discovery,0.00,1,0,0,0,1,0,1.28696,0.84503,0.65661,1.28696,0.15905,0.43854,0.28085,0.08507,0.18009,0.03364,0.16274,3,5,none,a0:none:73
4,2007,force_limit_abort_4_2007_0,force_limit_abort,oracle_constraints,0.00,1,1,1,1,5,0,4.68555,0.84503,0.18035,5.80555,0.08999,1.00000,1.00000,0.00566,0.02051,0.00079,0.04571,3,5,none,a0:visible_collision:51;a1:visible_collision:53;a2:visible_collision:53;a3:visible_collision:46;a4:none:67
4,2008,force_limit_abort_4_2008_0,force_limit_abort,ignore_aborted_actions,0.00,1,0,0,0,1,0,1.18187,0.84267,0.71299,1.18187,0.07128,0.00000,0.00000,0.04709,0.04709,0.00000,0.00000,4,4,none,a0:none:71
4,2008,force_limit_abort_4_2008_0,force_limit_abort,negative_label_baseline,0.00,1,0,0,0,1,0,1.22217,0.84267,0.68949,1.22217,0.06657,0.20000,0.11111,0.04074,0.03381,0.00048,0.00831,4,4,none,a0:none:71
4,2008,force_limit_abort_4_2008_0,force_limit_abort,costmap_from_collisions,0.00,1,0,0,0,1,0,1.30655,0.84267,0.64496,1.30655,0.04786,0.37594,0.23148,0.04161,0.02736,0.01871,0.04501,4,4,none,a0:none:73
4,2008,force_limit_abort_4_2008_0,force_limit_abort,risk_filter_uncertainty,0.00,1,0,0,0,1,0,1.24625,0.84267,0.67616,1.24625,0.04211,0.31818,0.18919,0.05140,0.09701,0.10551,0.04432,4,4,none,a0:none:73
4,2008,force_limit_abort_4_2008_0,force_limit_abort,constraint_classifier,0.00,1,0,0,0,1,0,1.27945,0.84267,0.65862,1.27945,0.04471,0.26459,0.15247,0.08009,0.10370,0.02312,0.13089,4,4,none,a0:none:73
4,2008,force_limit_abort_4_2008_0,force_limit_abort,abort_constraint_discovery,0.00,1,0,0,0,1,0,1.37472,0.84267,0.61297,1.37472,0.13351,0.51181,0.34392,0.06918,0.14722,0.04083,0.12881,4,4,none,a0:none:82
4,2008,force_limit_abort_4_2008_0,force_limit_abort,oracle_constraints,0.00,1,0,0,0,1,0,1.25678,0.84267,0.67050,1.25678,0.13249,1.00000,1.00000,0.00559,0.02042,0.00005,0.04709,4,4,none,a0:none:71
4,3000,human_stop_constraint_4_3000_0,human_stop_constraint,ignore_aborted_actions,0.00,0,1,1,0,5,0,2.85170,0.86022,0.10558,3.95170,-0.01631,0.00000,0.00000,0.06371,0.06371,0.00000,0.00000,5,2,human_stop,a0:human_stop:33;a1:human_stop:33;a2:human_stop:33;a3:human_stop:33;a4:human_stop:33
4,3000,human_stop_constraint_4_3000_0,human_stop_constraint,negative_label_baseline,0.00,1,0,0,0,1,0,1.38747,0.86022,0.61999,1.38747,0.01804,0.14953,0.08081,0.05420,0.04427,0.01219,0.01039,5,2,none,a0:none:73
4,3000,human_stop_constraint_4_3000_0,human_stop_constraint,costmap_from_collisions,0.00,1,0,0,0,1,0,1.46126,0.86022,0.58869,1.46126,0.09882,0.42328,0.26846,0.04897,0.02565,0.06337,0.06717,5,2,none,a0:none:79
4,3000,human_stop_constraint_4_3000_0,human_stop_constraint,risk_filter_uncertainty,0.00,1,0,0,0,1,0,1.36464,0.86022,0.63037,1.36464,0.05784,0.38095,0.23529,0.05883,0.09543,0.13496,0.06717,5,2,none,a0:none:77
4,3000,human_stop_constraint_4_3000_0,human_stop_constraint,constraint_classifier,0.00,1,0,0,0,1,0,1.42316,0.86022,0.60445,1.42316,0.04662,0.38735,0.24020,0.06897,0.09082,0.08028,0.11150,5,2,none,a0:none:75
4,3000,human_stop_constraint_4_3000_0,human_stop_constraint,abort_constraint_discovery,0.00,1,0,0,0,1,0,1.67722,0.86022,0.51289,1.67722,0.16849,0.58667,0.41509,0.04633,0.06079,0.02478,0.09211,5,2,none,a0:none:92
4,3000,human_stop_constraint_4_3000_0,human_stop_constraint,oracle_constraints,0.00,1,0,0,0,1,0,1.39212,0.86022,0.61792,1.39212,0.04692,1.00000,1.00000,0.00806,0.02770,0.00854,0.06371,5,2,none,a0:none:75
4,3001,human_stop_constraint_4_3001_0,human_stop_constraint,ignore_aborted_actions,0.00,1,0,0,0,1,0,1.14797,0.82959,0.72265,1.14797,0.02486,0.00000,0.00000,0.06094,0.06094,0.00000,0.00000,4,3,none,a0:none:65
4,3001,human_stop_constraint_4_3001_0,human_stop_constraint,negative_label_baseline,0.00,1,0,0,0,1,0,1.32822,0.82959,0.62458,1.32822,0.04260,0.05882,0.03030,0.05930,0.05598,0.02379,0.00970,4,3,none,a0:none:67
4,3001,human_stop_constraint_4_3001_0,human_stop_constraint,costmap_from_collisions,0.00,1,1,1,0,3,0,2.59312,0.82959,0.31992,3.15312,-0.02270,0.41546,0.26220,0.05369,0.04190,0.12470,0.08241,4,3,none,a0:human_stop:43;a1:human_stop:30;a2:none:71
4,3001,human_stop_constraint_4_3001_0,human_stop_constraint,risk_filter_uncertainty,0.00,1,0,0,0,1,0,1.33770,0.82959,0.62016,1.33770,0.01813,0.18868,0.10417,0.06418,0.10065,0.10350,0.04917,4,3,none,a0:none:73
4,3001,human_stop_constraint_4_3001_0,human_stop_constraint,constraint_classifier,0.00,1,1,0,0,2,0,2.19663,0.82959,0.37766,2.47663,-0.00980,0.33803,0.20339,0.08521,0.12473,0.15177,0.13573,4,3,none,a0:human_stop:46;a1:none:71
4,3001,human_stop_constraint_4_3001_0,human_stop_constraint,abort_constraint_discovery,0.00,1,1,1,1,3,0,2.86920,0.82959,0.28914,3.42920,-0.00262,0.49372,0.32778,0.05948,0.08758,0.01884,0.10457,4,3,none,a0:human_stop:46;a1:visible_collision:26;a2:none:94
4,3001,human_stop_constraint_4_3001_0,human_stop_constraint,oracle_constraints,0.00,1,0,0,0,1,0,1.24100,0.82959,0.66848,1.24100,0.05161,1.00000,1.00000,0.00867,0.03094,0.00610,0.06094,4,3,none,a0:none:67
4,3002,human_stop_constraint_4_3002_0,human_stop_constraint,ignore_aborted_actions,0.00,1,0,0,0,1,0,1.31451,0.86853,0.66073,1.31451,0.22457,0.00000,0.00000,0.03878,0.03878,0.00000,0.00000,1,6,none,a0:none:72
4,3002,human_stop_constraint_4_3002_0,human_stop_constraint,negative_label_baseline,0.00,1,0,0,0,1,0,1.32809,0.86853,0.65397,1.32809,0.23652,0.06667,0.03448,0.03536,0.03357,0.00000,0.00277,1,6,none,a0:none:72
4,3002,human_stop_constraint_4_3002_0,human_stop_constraint,costmap_from_collisions,0.00,1,0,0,0,1,0,1.28267,0.86853,0.67713,1.28267,0.35004,0.31818,0.18919,0.02829,0.01331,0.00000,0.02216,1,6,none,a0:none:72
4,3002,human_stop_constraint_4_3002_0,human_stop_constraint,risk_filter_uncertainty,0.00,1,0,0,0,1,0,1.28287,0.86853,0.67702,1.28287,0.22455,0.28571,0.16667,0.03694,0.08481,0.09106,0.01939,1,6,none,a0:none:72
4,3002,human_stop_constraint_4_3002_0,human_stop_constraint,constraint_classifier,0.00,1,0,0,0,1,0,1.37871,0.86853,0.62996,1.37871,0.23153,0.27338,0.15833,0.04651,0.04068,0.00000,0.05748,1,6,none,a0:none:72
4,3002,human_stop_constraint_4_3002_0,human_stop_constraint,abort_constraint_discovery,0.00,1,1,0,1,2,0,1.59706,0.86853,0.54383,1.87706,0.29901,0.45926,0.29808,0.03331,0.03651,0.00002,0.05471,1,6,none,a0:visible_collision:23;a1:none:72
4,3002,human_stop_constraint_4_3002_0,human_stop_constraint,oracle_constraints,0.00,1,1,0,1,2,0,1.67662,0.86853,0.51803,1.95662,0.34670,1.00000,1.00000,0.00476,0.01735,0.00000,0.03878,1,6,none,a0:visible_collision:22;a1:none:72
4,3003,human_stop_constraint_4_3003_0,human_stop_constraint,ignore_aborted_actions,0.00,0,1,1,0,5,0,2.61694,0.87607,0.11717,3.71694,-0.01404,0.00000,0.00000,0.05263,0.05263,0.00000,0.00000,4,3,human_stop,a0:human_stop:31;a1:human_stop:30;a2:human_stop:30;a3:human_stop:30;a4:human_stop:30
4,3003,human_stop_constraint_4_3003_0,human_stop_constraint,negative_label_baseline,0.00,1,0,0,0,1,0,1.46454,0.87607,0.59818,1.46454,0.11289,0.06667,0.03448,0.05212,0.04842,0.00002,0.00970,4,3,none,a0:none:74
4,3003,human_stop_constraint_4_3003_0,human_stop_constraint,costmap_from_collisions,0.00,1,0,0,0,1,0,1.31589,0.87607,0.66576,1.31589,0.12122,0.21118,0.11806,0.05970,0.04524,0.03616,0.05886,4,3,none,a0:none:74
4,3003,human_stop_constraint_4_3003_0,human_stop_constraint,risk_filter_uncertainty,0.00,1,0,0,0,1,0,1.33455,0.87607,0.65645,1.33455,0.11584,0.18072,0.09934,0.06790,0.10904,0.10046,0.06233,4,3,none,a0:none:74
4,3003,human_stop_constraint_4_3003_0,human_stop_constraint,constraint_classifier,0.00,1,0,0,0,1,0,1.27109,0.87607,0.68922,1.27109,0.11389,0.30597,0.18062,0.08618,0.13219,0.06362,0.13296,4,3,none,a0:none:74
4,3003,human_stop_constraint_4_3003_0,human_stop_constraint,abort_constraint_discovery,0.00,1,0,0,0,1,0,1.50289,0.87607,0.58292,1.50289,0.25078,0.41290,0.26016,0.04478,0.03629,0.02290,0.05471,4,3,none,a0:none:88
4,3003,human_stop_constraint_4_3003_0,human_stop_constraint,oracle_constraints,0.00,1,0,0,0,1,0,1.37780,0.87607,0.63584,1.37780,0.11472,1.00000,1.00000,0.00604,0.02140,0.00019,0.05263,4,3,none,a0:none:74
4,3004,human_stop_constraint_4_3004_0,human_stop_constraint,ignore_aborted_actions,0.00,0,1,1,0,5,0,2.74228,0.83924,0.10711,3.84228,-0.02130,0.00000,0.00000,0.05332,0.05332,0.00000,0.00000,4,3,human_stop,a0:human_stop:31;a1:human_stop:32;a2:human_stop:30;a3:human_stop:30;a4:human_stop:31
4,3004,human_stop_constraint_4_3004_0,human_stop_constraint,negative_label_baseline,0.00,1,1,0,0,2,0,1.88502,0.83924,0.44521,2.16502,-0.00119,0.21505,0.12048,0.04222,0.03416,0.01155,0.01108,4,3,none,a0:human_stop:30;a1:none:71
4,3004,human_stop_constraint_4_3004_0,human_stop_constraint,costmap_from_collisions,0.00,1,0,0,0,1,0,1.40120,0.83924,0.59894,1.40120,0.14698,0.46154,0.30000,0.03776,0.02127,0.02078,0.05471,4,3,none,a0:none:79
4,3004,human_stop_constraint_4_3004_0,human_stop_constraint,risk_filter_uncertainty,0.00,1,0,0,0,1,0,1.27037,0.83924,0.66063,1.27037,0.08035,0.43709,0.27966,0.04634,0.09221,0.12146,0.05125,4,3,none,a0:none:75
4,3004,human_stop_constraint_4_3004_0,human_stop_constraint,constraint_classifier,0.00,1,0,0,0,1,0,1.47974,0.83924,0.56715,1.47974,0.17591,0.49793,0.33149,0.05361,0.08243,0.01975,0.11357,4,3,none,a0:none:81
4,3004,human_stop_constraint_4_3004_0,human_stop_constraint,abort_constraint_discovery,0.00,1,0,0,0,1,0,1.65495,0.83924,0.50711,1.65495,0.17135,0.52915,0.35976,0.05187,0.08099,0.03908,0.10111,4,3,none,a0:none:86
4,3004,human_stop_constraint_4_3004_0,human_stop_constraint,oracle_constraints,0.00,1,0,0,0,1,0,1.28813,0.83924,0.65152,1.28813,0.04670,1.00000,1.00000,0.00598,0.02135,0.00748,0.05332,4,3,none,a0:none:71
4,3005,human_stop_constraint_4_3005_0,human_stop_constraint,ignore_aborted_actions,0.00,1,0,0,0,1,0,1.18539,0.84410,0.71209,1.18539,0.01055,0.00000,0.00000,0.04155,0.04155,0.00000,0.00000,5,2,none,a0:none:67
4,3005,human_stop_constraint_4_3005_0,human_stop_constraint,negative_label_baseline,0.00,1,0,0,0,1,0,1.16657,0.84410,0.72358,1.16657,0.01117,0.17949,0.09859,0.03835,0.03146,0.00007,0.01247,5,2,none,a0:none:67
4,3005,human_stop_constraint_4_3005_0,human_stop_constraint,costmap_from_collisions,0.00,1,0,0,0,1,0,1.18739,0.84410,0.71089,1.18739,0.03976,0.32099,0.19118,0.04768,0.05250,0.03965,0.07064,5,2,none,a0:none:67
4,3005,human_stop_constraint_4_3005_0,human_stop_constraint,risk_filter_uncertainty,0.00,1,0,0,0,1,0,1.30335,0.84410,0.64764,1.30335,0.01512,0.28571,0.16667,0.06068,0.12558,0.09559,0.07479,5,2,none,a0:none:67
4,3005,human_stop_constraint_4_3005_0,human_stop_constraint,constraint_classifier,0.00,1,0,0,0,1,0,1.23903,0.84410,0.68126,1.23903,0.01125,0.25095,0.14348,0.08845,0.14564,0.01273,0.14058,5,2,none,a0:none:67
4,3005,human_stop_constraint_4_3005_0,human_stop_constraint,abort_constraint_discovery,0.00,1,0,0,0,1,0,1.35808,0.84410,0.62154,1.35808,0.14043,0.56250,0.39130,0.03631,0.05771,0.01976,0.06925,5,2,none,a0:none:73
4,3005,human_stop_constraint_4_3005_0,human_stop_constraint,oracle_constraints,0.00,1,0,0,0,1,0,1.25560,0.84410,0.67227,1.25560,0.06101,1.00000,1.00000,0.00508,0.01791,0.00249,0.04155,5,2,none,a0:none:67
4,3006,human_stop_constraint_4_3006_0,human_stop_constraint,ignore_aborted_actions,0.00,1,1,1,1,3,0,1.81614,0.84867,0.46729,2.37614,0.06796,0.00000,0.00000,0.06233,0.06233,0.00000,0.00000,3,4,none,a0:visible_collision:19;a1:visible_collision:17;a2:none:69
4,3006,human_stop_constraint_4_3006_0,human_stop_constraint,negative_label_baseline,0.00,1,0,0,0,1,0,1.31035,0.84867,0.64766,1.31035,0.06624,0.17647,0.09677,0.05042,0.04633,0.00027,0.00831,3,4,none,a0:none:69
4,3006,human_stop_constraint_4_3006_0,human_stop_constraint,costmap_from_collisions,0.00,1,0,0,0,1,0,1.37193,0.84867,0.61859,1.37193,0.11629,0.45455,0.29412,0.04545,0.02718,0.01759,0.05956,3,4,none,a0:none:73
4,3006,human_stop_constraint_4_3006_0,human_stop_constraint,risk_filter_uncertainty,0.00,1,0,0,0,1,0,1.37888,0.84867,0.61548,1.37888,0.12796,0.44311,0.28462,0.05274,0.08994,0.09622,0.05332,3,4,none,a0:none:73
4,3006,human_stop_constraint_4_3006_0,human_stop_constraint,constraint_classifier,0.00,1,0,0,0,1,0,1.27076,0.84867,0.66784,1.27076,0.10036,0.46531,0.30319,0.06300,0.08956,0.00478,0.10734,3,4,none,a0:none:71
4,3006,human_stop_constraint_4_3006_0,human_stop_constraint,abort_constraint_discovery,0.00,1,0,0,0,1,0,1.50553,0.84867,0.56370,1.50553,0.22553,0.50190,0.33503,0.06417,0.10313,0.01678,0.11981,3,4,none,a0:none:81
4,3006,human_stop_constraint_4_3006_0,human_stop_constraint,oracle_constraints,0.00,1,1,0,1,2,0,1.56369,0.84867,0.54273,1.84369,0.07141,1.00000,1.00000,0.00869,0.03099,0.00174,0.06233,3,4,none,a0:visible_collision:18;a1:none:69
4,3007,human_stop_constraint_4_3007_0,human_stop_constraint,ignore_aborted_actions,0.00,1,0,0,0,1,0,1.16593,0.84702,0.72647,1.16593,0.07240,0.00000,0.00000,0.03601,0.03601,0.00000,0.00000,6,1,none,a0:none:65
4,3007,human_stop_constraint_4_3007_0,human_stop_constraint,negative_label_baseline,0.00,1,0,0,0,1,0,1.22909,0.84702,0.68914,1.22909,0.07580,0.11765,0.06250,0.03243,0.02579,0.00614,0.01108,6,1,none,a0:none:65
4,3007,human_stop_constraint_4_3007_0,human_stop_constraint,costmap_from_collisions,0.00,1,0,0,0,1,0,1.30366,0.84702,0.64972,1.30366,0.15974,0.38667,0.23967,0.04119,0.06093,0.03937,0.06787,6,1,none,a0:none:71
4,3007,human_stop_constraint_4_3007_0,human_stop_constraint,risk_filter_uncertainty,0.00,1,0,0,0,1,0,1.25249,0.84702,0.67627,1.25249,0.12578,0.33557,0.20161,0.05145,0.12770,0.11100,0.06717,6,1,none,a0:none:69
4,3007,human_stop_constraint_4_3007_0,human_stop_constraint,constraint_classifier,0.00,1,0,0,0,1,0,1.21675,0.84702,0.69613,1.21675,0.08004,0.32157,0.19159,0.08471,0.17313,0.08437,0.14058,6,1,none,a0:none:67
4,3007,human_stop_constraint_4_3007_0,human_stop_constraint,abort_constraint_discovery,0.00,1,0,0,0,1,0,1.44156,0.84702,0.58757,1.44156,0.23973,0.53403,0.36429,0.04825,0.09343,0.02357,0.09626,6,1,none,a0:none:82
4,3007,human_stop_constraint_4_3007_0,human_stop_constraint,oracle_constraints,0.00,1,0,0,0,1,0,1.25733,0.84702,0.67366,1.25733,0.07457,1.00000,1.00000,0.00461,0.01668,0.00155,0.03601,6,1,none,a0:none:65
4,3008,human_stop_constraint_4_3008_0,human_stop_constraint,ignore_aborted_actions,0.00,1,0,0,0,1,0,1.22673,0.83657,0.68195,1.22673,0.14550,0.00000,0.00000,0.06302,0.06302,0.00000,0.00000,5,2,none,a0:none:65
4,3008,human_stop_constraint_4_3008_0,human_stop_constraint,negative_label_baseline,0.00,1,0,0,0,1,0,1.37266,0.83657,0.60945,1.37266,0.17130,0.16822,0.09184,0.05451,0.04490,0.01897,0.01108,5,2,none,a0:none:67
4,3008,human_stop_constraint_4_3008_0,human_stop_constraint,costmap_from_collisions,0.00,1,0,0,0,1,0,1.28470,0.83657,0.65118,1.28470,0.24755,0.37696,0.23226,0.05571,0.04171,0.01952,0.06925,5,2,none,a0:none:73
4,3008,human_stop_constraint_4_3008_0,human_stop_constraint,risk_filter_uncertainty,0.00,1,0,0,0,1,0,1.34110,0.83657,0.62380,1.34110,0.14883,0.35417,0.21519,0.06526,0.10515,0.10678,0.06994,5,2,none,a0:none:73
4,3008,human_stop_constraint_4_3008_0,human_stop_constraint,constraint_classifier,0.00,1,0,0,0,1,0,1.40518,0.83657,0.59535,1.40518,0.22520,0.38411,0.23770,0.08918,0.14420,0.08834,0.14612,5,2,none,a0:none:79
4,3008,human_stop_constraint_4_3008_0,human_stop_constraint,abort_constraint_discovery,0.00,1,0,0,0,1,0,1.29184,0.83657,0.64758,1.29184,0.17077,0.49042,0.32487,0.06471,0.09622,0.01603,0.11773,5,2,none,a0:none:67
4,3008,human_stop_constraint_4_3008_0,human_stop_constraint,oracle_constraints,0.00,1,0,0,0,1,0,1.15389,0.83657,0.72500,1.15389,0.14558,1.00000,1.00000,0.00867,0.03092,0.00004,0.06302,5,2,none,a0:none:65
4,4000,combined_abort_stress_4_4000_0,combined_abort_stress,ignore_aborted_actions,0.00,0,1,1,1,5,0,3.50724,0.84474,0.08430,4.60724,-0.02179,0.00000,0.00000,0.10734,0.10734,0.00000,0.00000,11,0,fixture_snag,a0:fixture_snag:30;a1:fixture_snag:32;a2:human_stop:31;a3:fixture_snag:32;a4:fixture_snag:32
4,4000,combined_abort_stress_4_4000_0,combined_abort_stress,negative_label_baseline,0.00,0,1,1,1,5,0,3.57285,0.84474,0.08275,4.67285,-0.02100,0.26943,0.15569,0.07285,0.06254,0.10020,0.02632,11,0,human_stop,a0:fixture_snag:34;a1:fixture_snag:32;a2:force_limit:34;a3:fixture_snag:33;a4:human_stop:30
4,4000,combined_abort_stress_4_4000_0,combined_abort_stress,costmap_from_collisions,0.00,0,1,1,1,5,0,4.08997,0.84474,0.07229,5.18997,-0.02137,0.60058,0.42917,0.06145,0.03901,0.11921,0.13019,11,0,unstable_slip,a0:force_limit:33;a1:fixture_snag:37;a2:fixture_snag:34;a3:fixture_snag:34;a4:unstable_slip:47
4,4000,combined_abort_stress_4_4000_0,combined_abort_stress,risk_filter_uncertainty,0.00,0,1,1,1,5,0,3.95423,0.84474,0.07477,5.05423,-0.01514,0.65583,0.48790,0.06907,0.10694,0.21509,0.14820,11,0,unstable_slip,a0:force_limit:31;a1:fixture_snag:36;a2:unstable_slip:47;a3:fixture_snag:35;a4:unstable_slip:34
4,4000,combined_abort_stress_4_4000_0,combined_abort_stress,constraint_classifier,0.00,0,1,1,1,5,0,3.89901,0.84474,0.07583,4.99901,-0.01439,0.54579,0.37531,0.11419,0.18378,0.33428,0.27078,11,0,fixture_snag,a0:force_limit:32;a1:fixture_snag:36;a2:unstable_slip:29;a3:fixture_snag:35;a4:fixture_snag:34
4,4000,combined_abort_stress_4_4000_0,combined_abort_stress,abort_constraint_discovery,0.00,1,1,1,1,3,0,4.98838,0.84474,0.16934,5.54838,-0.00297,0.52159,0.35280,0.13763,0.23194,0.11439,0.29363,11,0,none,a0:force_limit:30;a1:visible_collision:62;a2:none:120
4,4000,combined_abort_stress_4_4000_0,combined_abort_stress,oracle_constraints,0.00,1,0,0,0,1,0,2.34144,0.84474,0.36078,2.34144,0.02090,1.00000,1.00000,0.01674,0.05708,0.01913,0.10734,11,0,none,a0:none:110
4,4001,combined_abort_stress_4_4001_0,combined_abort_stress,ignore_aborted_actions,0.00,0,1,1,1,5,0,3.46349,0.84907,0.08580,4.56349,-0.01918,0.00000,0.00000,0.10388,0.10388,0.00000,0.00000,11,0,fixture_snag,a0:fixture_snag:31;a1:fixture_snag:32;a2:fixture_snag:30;a3:fixture_snag:30;a4:fixture_snag:32
4,4001,combined_abort_stress_4_4001_0,combined_abort_stress,negative_label_baseline,0.00,0,1,1,1,5,0,3.43879,0.84907,0.08642,4.53879,-0.01494,0.28272,0.16463,0.07893,0.05678,0.07534,0.02839,11,0,fixture_snag,a0:force_limit:30;a1:fixture_snag:33;a2:fixture_snag:30;a3:fixture_snag:32;a4:fixture_snag:33
4,4001,combined_abort_stress_4_4001_0,combined_abort_stress,costmap_from_collisions,0.00,1,0,0,0,1,0,2.10922,0.84907,0.40255,2.10922,0.02139,0.45122,0.29134,0.09016,0.08256,0.04254,0.12327,11,0,none,a0:none:90
4,4001,combined_abort_stress_4_4001_0,combined_abort_stress,risk_filter_uncertainty,0.00,1,0,0,0,1,0,2.04192,0.84907,0.41582,2.04192,0.02170,0.44058,0.28253,0.09329,0.10940,0.12682,0.13504,11,0,none,a0:none:91
4,4001,combined_abort_stress_4_4001_0,combined_abort_stress,constraint_classifier,0.00,1,0,0,0,1,0,2.05217,0.84907,0.41374,2.05217,0.01839,0.36436,0.22276,0.13957,0.18450,0.19463,0.24584,11,0,none,a0:none:94
4,4001,combined_abort_stress_4_4001_0,combined_abort_stress,abort_constraint_discovery,0.00,1,1,1,1,3,0,6.28483,0.84907,0.13510,6.84483,0.03479,0.51701,0.34862,0.10114,0.14131,0.03612,0.20152,11,0,none,a0:visible_collision:69;a1:visible_collision:66;a2:none:120
4,4001,combined_abort_stress_4_4001_0,combined_abort_stress,oracle_constraints,0.00,1,0,0,0,1,0,2.06691,0.84907,0.41079,2.06691,0.03143,1.00000,1.00000,0.01775,0.05894,0.01405,0.10388,11,0,none,a0:none:92
4,4002,combined_abort_stress_4_4002_0,combined_abort_stress,ignore_aborted_actions,0.00,0,1,1,1,5,0,2.58131,0.83791,0.11361,3.68131,-0.01200,0.00000,0.00000,0.13089,0.13089,0.00000,0.00000,11,0,fixture_snag,a0:fixture_snag:24;a1:fixture_snag:26;a2:fixture_snag:26;a3:fixture_snag:24;a4:fixture_snag:26
4,4002,combined_abort_stress_4_4002_0,combined_abort_stress,negative_label_baseline,0.00,0,1,1,1,5,0,2.99418,0.83791,0.09795,4.09418,-0.02307,0.18667,0.10294,0.10858,0.08673,0.06891,0.02493,11,0,fixture_snag,a0:fixture_snag:29;a1:fixture_snag:26;a2:fixture_snag:27;a3:fixture_snag:26;a4:fixture_snag:28
4,4002,combined_abort_stress_4_4002_0,combined_abort_stress,costmap_from_collisions,0.00,0,1,1,1,5,0,3.40223,0.83791,0.08620,4.50223,-0.02175,0.41799,0.26421,0.10500,0.07274,0.15545,0.13089,11,0,fixture_snag,a0:fixture_snag:33;a1:human_stop:34;a2:fixture_snag:30;a3:fixture_snag:27;a4:fixture_snag:27
4,4002,combined_abort_stress_4_4002_0,combined_abort_stress,risk_filter_uncertainty,0.00,1,0,0,0,1,0,1.51722,0.83791,0.55226,1.51722,0.01687,0.36813,0.22559,0.10375,0.07267,0.11015,0.12119,11,0,none,a0:none:78
4,4002,combined_abort_stress_4_4002_0,combined_abort_stress,constraint_classifier,0.00,1,0,0,0,1,0,1.61514,0.83791,0.51878,1.61514,0.01485,0.39754,0.24808,0.13782,0.13866,0.17679,0.20706,11,0,none,a0:none:78
4,4002,combined_abort_stress_4_4002_0,combined_abort_stress,abort_constraint_discovery,0.00,1,1,1,1,5,0,8.39401,0.83791,0.09982,9.51401,-0.01463,0.37086,0.22764,0.15223,0.14332,0.06676,0.18283,11,0,none,a0:fixture_snag:31;a1:fixture_snag:32;a2:collision_margin:65;a3:visible_collision:92;a4:none:120
4,4002,combined_abort_stress_4_4002_0,combined_abort_stress,oracle_constraints,0.00,1,0,0,0,1,0,1.64282,0.83791,0.51004,1.64282,0.02298,1.00000,1.00000,0.02053,0.06736,0.01919,0.13089,11,0,none,a0:none:78
4,4003,combined_abort_stress_4_4003_0,combined_abort_stress,ignore_aborted_actions,0.00,0,1,1,1,5,0,2.01975,0.84993,0.14728,3.11975,-0.01319,0.00000,0.00000,0.12465,0.12465,0.00000,0.00000,11,0,force_limit,a0:force_limit:20;a1:force_limit:20;a2:force_limit:20;a3:force_limit:19;a4:force_limit:20
4,4003,combined_abort_stress_4_4003_0,combined_abort_stress,negative_label_baseline,0.00,0,1,1,1,5,0,2.54442,0.84993,0.11691,3.64442,-0.00538,0.33184,0.19892,0.08869,0.07855,0.08951,0.02978,11,0,force_limit,a0:force_limit:21;a1:force_limit:29;a2:force_limit:23;a3:force_limit:21;a4:force_limit:21
4,4003,combined_abort_stress_4_4003_0,combined_abort_stress,costmap_from_collisions,0.00,0,1,1,1,5,0,4.86603,0.84993,0.06113,5.96603,-0.01724,0.55471,0.38380,0.09117,0.08618,0.17873,0.14751,11,0,fixture_snag,a0:fixture_snag:41;a1:visible_collision:53;a2:fixture_snag:42;a3:fixture_snag:43;a4:fixture_snag:40
4,4003,combined_abort_stress_4_4003_0,combined_abort_stress,risk_filter_uncertainty,0.00,0,1,1,1,5,0,4.27853,0.84993,0.06953,5.37853,-0.02945,0.46047,0.29909,0.10928,0.10682,0.26728,0.17313,11,0,force_limit,a0:fixture_snag:41;a1:visible_collision:30;a2:fixture_snag:41;a3:visible_collision:51;a4:force_limit:25
4,4003,combined_abort_stress_4_4003_0,combined_abort_stress,constraint_classifier,0.00,0,1,1,1,5,0,5.80306,0.84993,0.05126,6.90306,-0.01156,0.41888,0.26493,0.16663,0.22107,0.35867,0.34488,11,0,human_stop,a0:visible_collision:52;a1:fixture_snag:45;a2:force_limit:34;a3:unstable_slip:96;a4:human_stop:32
4,4003,combined_abort_stress_4_4003_0,combined_abort_stress,abort_constraint_discovery,0.00,1,1,0,1,2,0,4.67261,0.84993,0.18190,4.95261,-0.01277,0.45820,0.29719,0.16749,0.25468,0.14703,0.32271,11,0,none,a0:unstable_slip:107;a1:none:120
4,4003,combined_abort_stress_4_4003_0,combined_abort_stress,oracle_constraints,0.00,0,1,1,1,5,0,3.59726,0.84993,0.08269,4.69726,0.01937,1.00000,1.00000,0.02179,0.07246,0.01041,0.12465,11,0,visible_collision,a0:visible_collision:27;a1:visible_collision:26;a2:visible_collision:24;a3:visible_collision:63;a4:visible_collision:28
4,4004,combined_abort_stress_4_4004_0,combined_abort_stress,ignore_aborted_actions,0.00,0,1,1,1,5,0,3.44039,0.84098,0.08555,4.54039,-0.01310,0.00000,0.00000,0.13435,0.13435,0.00000,0.00000,11,0,fixture_snag,a0:fixture_snag:32;a1:fixture_snag:32;a2:fixture_snag:32;a3:fixture_snag:32;a4:fixture_snag:32
4,4004,combined_abort_stress_4_4004_0,combined_abort_stress,negative_label_baseline,0.00,0,1,1,1,5,0,3.25111,0.84098,0.09054,4.35111,-0.02012,0.24167,0.13744,0.11105,0.09281,0.07261,0.03186,11,0,fixture_snag,a0:fixture_snag:29;a1:fixture_snag:36;a2:fixture_snag:33;a3:fixture_snag:31;a4:fixture_snag:29
4,4004,combined_abort_stress_4_4004_0,combined_abort_stress,costmap_from_collisions,0.00,1,1,1,1,4,0,3.96067,0.84098,0.21233,4.80067,-0.01595,0.37368,0.22977,0.12109,0.10795,0.10906,0.12881,11,0,none,a0:fixture_snag:38;a1:fixture_snag:32;a2:fixture_snag:35;a3:none:81
4,4004,combined_abort_stress_4_4004_0,combined_abort_stress,risk_filter_uncertainty,0.00,1,1,1,1,4,0,4.00469,0.84098,0.21000,4.84469,-0.02421,0.35381,0.21493,0.12267,0.09985,0.20088,0.14751,11,0,none,a0:fixture_snag:39;a1:fixture_snag:29;a2:fixture_snag:35;a3:none:81
4,4004,combined_abort_stress_4_4004_0,combined_abort_stress,constraint_classifier,0.00,1,0,0,0,1,0,1.75698,0.84098,0.47865,1.75698,0.01894,0.36194,0.22096,0.15660,0.15148,0.10046,0.23684,11,0,none,a0:none:82
4,4004,combined_abort_stress_4_4004_0,combined_abort_stress,abort_constraint_discovery,0.00,1,0,0,0,1,0,1.74249,0.84098,0.48263,1.74249,0.02731,0.42804,0.27230,0.16157,0.16605,0.08187,0.24100,11,0,none,a0:none:82
4,4004,combined_abort_stress_4_4004_0,combined_abort_stress,oracle_constraints,0.00,1,0,0,0,1,0,1.73064,0.84098,0.48593,1.73064,0.01591,1.00000,1.00000,0.02517,0.08235,0.01841,0.13435,11,0,none,a0:none:81
4,4005,combined_abort_stress_4_4005_0,combined_abort_stress,ignore_aborted_actions,0.00,0,1,1,1,5,0,3.32393,0.86598,0.09118,4.42393,-0.01908,0.00000,0.00000,0.13089,0.13089,0.00000,0.00000,11,0,collision_margin,a0:collision_margin:29;a1:collision_margin:29;a2:collision_margin:29;a3:collision_margin:29;a4:collision_margin:29
4,4005,combined_abort_stress_4_4005_0,combined_abort_stress,negative_label_baseline,0.00,0,1,1,1,5,0,3.59598,0.86598,0.08429,4.69598,-0.02343,0.21097,0.11792,0.11403,0.09182,0.07362,0.03324,11,0,collision_margin,a0:collision_margin:32;a1:collision_margin:31;a2:collision_margin:32;a3:collision_margin:38;a4:collision_margin:33
4,4005,combined_abort_stress_4_4005_0,combined_abort_stress,costmap_from_collisions,0.00,0,1,1,1,5,0,3.63254,0.86598,0.08344,4.73254,-0.01749,0.31025,0.18361,0.13062,0.12519,0.16525,0.11911,11,0,collision_margin,a0:collision_margin:33;a1:collision_margin:31;a2:collision_margin:29;a3:collision_margin:31;a4:collision_margin:32
4,4005,combined_abort_stress_4_4005_0,combined_abort_stress,risk_filter_uncertainty,0.00,0,1,1,1,5,0,3.56638,0.86598,0.08499,4.66638,-0.01848,0.31043,0.18373,0.12465,0.09990,0.23852,0.14127,11,0,collision_margin,a0:collision_margin:36;a1:collision_margin:33;a2:collision_margin:33;a3:collision_margin:34;a4:collision_margin:29
4,4005,combined_abort_stress_4_4005_0,combined_abort_stress,constraint_classifier,0.00,0,1,1,1,5,0,3.31296,0.86598,0.09149,4.41296,-0.01316,0.30000,0.17647,0.17212,0.16685,0.32605,0.24307,11,0,collision_margin,a0:collision_margin:36;a1:collision_margin:32;a2:collision_margin:31;a3:collision_margin:27;a4:collision_margin:26
4,4005,combined_abort_stress_4_4005_0,combined_abort_stress,abort_constraint_discovery,0.00,1,1,0,1,2,0,3.27498,0.86598,0.26442,3.55498,0.02398,0.34937,0.21166,0.13959,0.12836,0.00865,0.14266,11,0,none,a0:visible_collision:48;a1:none:99
4,4005,combined_abort_stress_4_4005_0,combined_abort_stress,oracle_constraints,0.00,0,1,1,1,5,0,2.67830,0.86598,0.11317,3.77830,0.11255,1.00000,1.00000,0.02373,0.07747,0.00903,0.13089,11,0,visible_collision,a0:visible_collision:25;a1:visible_collision:23;a2:visible_collision:28;a3:visible_collision:26;a4:visible_collision:24
4,4006,combined_abort_stress_4_4006_0,combined_abort_stress,ignore_aborted_actions,0.00,0,1,1,1,5,0,3.83198,0.83808,0.07655,4.93198,-0.02531,0.00000,0.00000,0.11357,0.11357,0.00000,0.00000,10,1,fixture_snag,a0:force_limit:33;a1:fixture_snag:34;a2:fixture_snag:34;a3:force_limit:34;a4:fixture_snag:35
4,4006,combined_abort_stress_4_4006_0,combined_abort_stress,negative_label_baseline,0.00,0,1,1,1,5,0,3.45016,0.83808,0.08502,4.55016,-0.00775,0.22549,0.12707,0.08948,0.06924,0.08541,0.02770,10,1,fixture_snag,a0:force_limit:30;a1:fixture_snag:37;a2:force_limit:29;a3:fixture_snag:35;a4:fixture_snag:33
4,4006,combined_abort_stress_4_4006_0,combined_abort_stress,costmap_from_collisions,0.00,1,0,0,0,1,0,1.72638,0.83808,0.48546,1.72638,0.02347,0.40895,0.25703,0.08646,0.04398,0.01420,0.10319,10,1,none,a0:none:80
4,4006,combined_abort_stress_4_4006_0,combined_abort_stress,risk_filter_uncertainty,0.00,0,1,1,1,5,0,3.95099,0.83808,0.07424,5.05099,-0.02098,0.44800,0.28866,0.09701,0.10677,0.24728,0.14612,10,1,fixture_snag,a0:fixture_snag:41;a1:force_limit:32;a2:fixture_snag:36;a3:force_limit:31;a4:fixture_snag:36
4,4006,combined_abort_stress_4_4006_0,combined_abort_stress,constraint_classifier,0.00,1,0,0,0,1,0,1.55384,0.83808,0.53936,1.55384,0.02343,0.44292,0.28446,0.11389,0.13371,0.16110,0.18975,10,1,none,a0:none:80
4,4006,combined_abort_stress_4_4006_0,combined_abort_stress,abort_constraint_discovery,0.00,0,1,1,1,5,0,6.57270,0.83808,0.04463,7.67270,-0.01545,0.57143,0.40000,0.10667,0.14836,0.29815,0.24030,10,1,fixture_snag,a0:visible_collision:81;a1:collision_margin:68;a2:collision_margin:65;a3:unstable_slip:43;a4:fixture_snag:38
4,4006,combined_abort_stress_4_4006_0,combined_abort_stress,oracle_constraints,0.00,1,0,0,0,1,0,1.61856,0.83808,0.51779,1.61856,0.01982,1.00000,1.00000,0.01892,0.06301,0.01909,0.11357,10,1,none,a0:none:80
4,4007,combined_abort_stress_4_4007_0,combined_abort_stress,ignore_aborted_actions,0.00,0,1,1,1,5,0,1.94078,0.85147,0.15355,3.04078,-0.01701,0.00000,0.00000,0.13089,0.13089,0.00000,0.00000,11,0,collision_margin,a0:visible_collision:18;a1:visible_collision:14;a2:visible_collision:17;a3:visible_collision:14;a4:collision_margin:32
4,4007,combined_abort_stress_4_4007_0,combined_abort_stress,negative_label_baseline,0.00,0,1,1,1,5,0,4.02456,0.85147,0.07405,5.12456,-0.02227,0.18103,0.09953,0.11147,0.08777,0.01518,0.02978,11,0,visible_collision,a0:visible_collision:33;a1:collision_margin:34;a2:collision_margin:36;a3:collision_margin:37;a4:visible_collision:35
4,4007,combined_abort_stress_4_4007_0,combined_abort_stress,costmap_from_collisions,0.00,0,1,1,1,5,0,4.28997,0.85147,0.06947,5.38997,-0.02786,0.34715,0.21003,0.11960,0.09151,0.15375,0.13643,11,0,collision_margin,a0:visible_collision:37;a1:collision_margin:37;a2:visible_collision:34;a3:collision_margin:35;a4:collision_margin:41
4,4007,combined_abort_stress_4_4007_0,combined_abort_stress,risk_filter_uncertainty,0.00,1,1,1,1,5,0,5.65238,0.85147,0.15064,6.77238,-0.02556,0.34845,0.21098,0.11940,0.09892,0.20750,0.15928,11,0,none,a0:collision_margin:39;a1:visible_collision:39;a2:collision_margin:41;a3:visible_collision:40;a4:none:82
4,4007,combined_abort_stress_4_4007_0,combined_abort_stress,constraint_classifier,0.00,1,0,0,0,1,0,1.70885,0.85147,0.49827,1.70885,0.03389,0.38941,0.24178,0.15278,0.15044,0.22659,0.23546,11,0,none,a0:none:82
4,4007,combined_abort_stress_4_4007_0,combined_abort_stress,abort_constraint_discovery,0.00,1,0,0,0,1,0,1.78381,0.85147,0.47733,1.78381,0.02970,0.44541,0.28652,0.12883,0.10773,0.10359,0.18629,11,0,none,a0:none:80
4,4007,combined_abort_stress_4_4007_0,combined_abort_stress,oracle_constraints,0.00,1,0,0,0,1,0,1.70501,0.85147,0.49939,1.70501,0.03384,1.00000,1.00000,0.02225,0.07550,0.00774,0.13089,11,0,none,a0:none:80
4,4008,combined_abort_stress_4_4008_0,combined_abort_stress,ignore_aborted_actions,0.00,0,1,1,1,5,0,3.42773,0.84655,0.08644,4.52773,-0.02759,0.00000,0.00000,0.10457,0.10457,0.00000,0.00000,11,0,fixture_snag,a0:fixture_snag:31;a1:fixture_snag:30;a2:fixture_snag:31;a3:fixture_snag:31;a4:fixture_snag:30
4,4008,combined_abort_stress_4_4008_0,combined_abort_stress,negative_label_baseline,0.00,0,1,1,1,5,0,3.46097,0.84655,0.08561,4.56097,-0.01757,0.23529,0.13333,0.08370,0.06242,0.08289,0.02493,11,0,fixture_snag,a0:fixture_snag:33;a1:fixture_snag:31;a2:fixture_snag:31;a3:fixture_snag:30;a4:fixture_snag:31
4,4008,combined_abort_stress_4_4008_0,combined_abort_stress,costmap_from_collisions,0.00,1,0,0,0,1,0,1.68954,0.84655,0.50105,1.68954,0.01065,0.40803,0.25630,0.08875,0.06960,0.04595,0.10249,11,0,none,a0:none:80
4,4008,combined_abort_stress_4_4008_0,combined_abort_stress,risk_filter_uncertainty,0.00,1,0,0,0,1,0,1.73438,0.84655,0.48810,1.73438,0.02688,0.41250,0.25984,0.09567,0.09876,0.14222,0.11704,11,0,none,a0:none:80
4,4008,combined_abort_stress_4_4008_0,combined_abort_stress,constraint_classifier,0.00,1,0,0,0,1,0,1.56739,0.84655,0.54010,1.56739,0.01202,0.35341,0.21463,0.14557,0.17524,0.21044,0.24030,11,0,none,a0:none:81
4,4008,combined_abort_stress_4_4008_0,combined_abort_stress,abort_constraint_discovery,0.00,1,1,1,1,3,0,4.58998,0.84655,0.18443,5.14998,-0.01001,0.34059,0.20525,0.15650,0.16172,0.06889,0.24515,11,0,none,a0:human_stop:16;a1:fixture_snag:39;a2:none:120
4,4008,combined_abort_stress_4_4008_0,combined_abort_stress,oracle_constraints,0.00,1,0,0,0,1,0,1.56244,0.84655,0.54181,1.56244,0.02046,1.00000,1.00000,0.01780,0.05998,0.01840,0.10457,11,0,none,a0:none:80
5,0,nominal_known_constraints_5_0_0,nominal_known_constraints,ignore_aborted_actions,0.00,1,0,0,0,1,0,0.92117,0.84309,0.91523,0.92117,1.00000,1.00000,1.00000,0.00000,0.00000,0.00000,0.00000,0,5,none,a0:none:65
5,0,nominal_known_constraints_5_0_0,nominal_known_constraints,negative_label_baseline,0.00,1,0,0,0,1,0,0.92217,0.84309,0.91424,0.92217,1.00000,1.00000,1.00000,0.00000,0.00000,0.00000,0.00000,0,5,none,a0:none:65
5,0,nominal_known_constraints_5_0_0,nominal_known_constraints,costmap_from_collisions,0.00,1,0,0,0,1,0,0.89813,0.84309,0.93871,0.89813,1.00000,1.00000,1.00000,0.00000,0.00000,0.00000,0.00000,0,5,none,a0:none:65
5,0,nominal_known_constraints_5_0_0,nominal_known_constraints,risk_filter_uncertainty,0.00,1,0,0,0,1,0,0.92077,0.84309,0.91563,0.92077,1.00000,1.00000,1.00000,0.01340,0.10602,0.08583,0.00000,0,5,none,a0:none:65
5,0,nominal_known_constraints_5_0_0,nominal_known_constraints,constraint_classifier,0.00,1,0,0,0,1,0,0.92059,0.84309,0.91581,0.92059,1.00000,1.00000,1.00000,0.00138,0.02162,0.00000,0.00000,0,5,none,a0:none:65
5,0,nominal_known_constraints_5_0_0,nominal_known_constraints,abort_constraint_discovery,0.00,1,0,0,0,1,0,0.92346,0.84309,0.91297,0.92346,1.00000,1.00000,1.00000,0.00000,0.00000,0.00000,0.00000,0,5,none,a0:none:65
5,0,nominal_known_constraints_5_0_0,nominal_known_constraints,oracle_constraints,0.00,1,0,0,0,1,0,0.90212,0.84309,0.93456,0.90212,1.00000,1.00000,1.00000,0.00000,0.00000,0.00000,0.00000,0,5,none,a0:none:65
5,1,nominal_known_constraints_5_1_0,nominal_known_constraints,ignore_aborted_actions,0.00,1,0,0,0,1,0,1.02516,0.88559,0.86386,1.02516,1.00000,1.00000,1.00000,0.00000,0.00000,0.00000,0.00000,0,5,none,a0:none:74
5,1,nominal_known_constraints_5_1_0,nominal_known_constraints,negative_label_baseline,0.00,1,0,0,0,1,0,1.03205,0.88559,0.85809,1.03205,1.00000,1.00000,1.00000,0.00000,0.00000,0.00000,0.00000,0,5,none,a0:none:74
5,1,nominal_known_constraints_5_1_0,nominal_known_constraints,costmap_from_collisions,0.00,1,0,0,0,1,0,1.03871,0.88559,0.85259,1.03871,1.00000,1.00000,1.00000,0.00000,0.00000,0.00000,0.00000,0,5,none,a0:none:74
5,1,nominal_known_constraints_5_1_0,nominal_known_constraints,risk_filter_uncertainty,0.00,1,0,0,0,1,0,1.04743,0.88559,0.84549,1.04743,1.00000,1.00000,1.00000,0.01336,0.10595,0.09998,0.00000,0,5,none,a0:none:74
5,1,nominal_known_constraints_5_1_0,nominal_known_constraints,constraint_classifier,0.00,1,0,0,0,1,0,1.00599,0.88559,0.88032,1.00599,1.00000,1.00000,1.00000,0.00133,0.02097,0.00000,0.00000,0,5,none,a0:none:74
5,1,nominal_known_constraints_5_1_0,nominal_known_constraints,abort_constraint_discovery,0.00,1,0,0,0,1,0,1.04767,0.88559,0.84529,1.04767,1.00000,1.00000,1.00000,0.00000,0.00000,0.00000,0.00000,0,5,none,a0:none:74
5,1,nominal_known_constraints_5_1_0,nominal_known_constraints,oracle_constraints,0.00,1,0,0,0,1,0,1.02978,0.88559,0.85998,1.02978,1.00000,1.00000,1.00000,0.00000,0.00000,0.00000,0.00000,0,5,none,a0:none:74
5,2,nominal_known_constraints_5_2_0,nominal_known_constraints,ignore_aborted_actions,0.00,1,0,0,0,1,0,0.96813,0.86075,0.88909,0.96813,1.00000,1.00000,1.00000,0.00000,0.00000,0.00000,0.00000,0,5,none,a0:none:71
5,2,nominal_known_constraints_5_2_0,nominal_known_constraints,negative_label_baseline,0.00,1,0,0,0,1,0,0.99512,0.86075,0.86497,0.99512,1.00000,1.00000,1.00000,0.00000,0.00000,0.00000,0.00000,0,5,none,a0:none:71
5,2,nominal_known_constraints_5_2_0,nominal_known_constraints,costmap_from_collisions,0.00,1,0,0,0,1,0,0.98864,0.86075,0.87064,0.98864,1.00000,1.00000,1.00000,0.00000,0.00000,0.00000,0.00000,0,5,none,a0:none:71
5,2,nominal_known_constraints_5_2_0,nominal_known_constraints,risk_filter_uncertainty,0.00,1,0,0,0,1,0,1.00714,0.86075,0.85465,1.00714,1.00000,1.00000,1.00000,0.01345,0.10632,0.09923,0.00000,0,5,none,a0:none:71
5,2,nominal_known_constraints_5_2_0,nominal_known_constraints,constraint_classifier,0.00,1,0,0,0,1,0,1.01398,0.86075,0.84889,1.01398,1.00000,1.00000,1.00000,0.00163,0.02451,0.00000,0.00000,0,5,none,a0:none:71
5,2,nominal_known_constraints_5_2_0,nominal_known_constraints,abort_constraint_discovery,0.00,1,0,0,0,1,0,1.03517,0.86075,0.83151,1.03517,1.00000,1.00000,1.00000,0.00000,0.00000,0.00000,0.00000,0,5,none,a0:none:71
5,2,nominal_known_constraints_5_2_0,nominal_known_constraints,oracle_constraints,0.00,1,0,0,0,1,0,0.99464,0.86075,0.86540,0.99464,1.00000,1.00000,1.00000,0.00000,0.00000,0.00000,0.00000,0,5,none,a0:none:71
5,3,nominal_known_constraints_5_3_0,nominal_known_constraints,ignore_aborted_actions,0.00,1,0,0,0,1,0,1.00641,0.86117,0.85569,1.00641,1.00000,1.00000,1.00000,0.00000,0.00000,0.00000,0.00000,2,3,none,a0:none:71
5,3,nominal_known_constraints_5_3_0,nominal_known_constraints,negative_label_baseline,0.00,1,0,0,0,1,0,0.99720,0.86117,0.86359,0.99720,1.00000,0.00000,0.00000,0.00301,0.00849,0.00000,0.00346,2,3,none,a0:none:71
5,3,nominal_known_constraints_5_3_0,nominal_known_constraints,costmap_from_collisions,0.00,1,0,0,0,1,0,0.99109,0.86117,0.86892,0.99109,1.00000,0.00000,0.00000,0.01287,0.02960,0.00022,0.02008,2,3,none,a0:none:71
5,3,nominal_known_constraints_5_3_0,nominal_known_constraints,risk_filter_uncertainty,0.00,1,0,0,0,1,0,0.97669,0.86117,0.88173,0.97669,1.00000,0.00000,0.00000,0.02772,0.12856,0.11027,0.02355,2,3,none,a0:none:71
5,3,nominal_known_constraints_5_3_0,nominal_known_constraints,constraint_classifier,0.00,1,0,0,0,1,0,0.97876,0.86117,0.87986,0.97876,1.00000,0.00000,0.00000,0.03233,0.09351,0.00000,0.04571,2,3,none,a0:none:71
5,3,nominal_known_constraints_5_3_0,nominal_known_constraints,abort_constraint_discovery,0.00,1,0,0,0,1,0,0.99826,0.86117,0.86267,0.99826,1.00000,0.00000,0.00000,0.00138,0.00365,0.00000,0.00277,2,3,none,a0:none:71
5,3,nominal_known_constraints_5_3_0,nominal_known_constraints,oracle_constraints,0.00,1,0,0,0,1,0,1.00116,0.86117,0.86017,1.00116,1.00000,1.00000,1.00000,0.00000,0.00000,0.00000,0.00000,2,3,none,a0:none:71
5,4,nominal_known_constraints_5_4_0,nominal_known_constraints,ignore_aborted_actions,0.00,1,0,0,0,1,0,0.97232,0.85944,0.88391,0.97232,1.00000,1.00000,1.00000,0.00000,0.00000,0.00000,0.00000,0,5,none,a0:none:70
5,4,nominal_known_constraints_5_4_0,nominal_known_constraints,negative_label_baseline,0.00,1,0,0,0,1,0,0.99524,0.85944,0.86355,0.99524,1.00000,1.00000,1.00000,0.00000,0.00000,0.00000,0.00000,0,5,none,a0:none:70
5,4,nominal_known_constraints_5_4_0,nominal_known_constraints,costmap_from_collisions,0.00,1,0,0,0,1,0,0.98470,0.85944,0.87279,0.98470,1.00000,1.00000,1.00000,0.00000,0.00000,0.00000,0.00000,0,5,none,a0:none:70
5,4,nominal_known_constraints_5_4_0,nominal_known_constraints,risk_filter_uncertainty,0.00,1,0,0,0,1,0,0.97671,0.85944,0.87993,0.97671,1.00000,1.00000,1.00000,0.01354,0.10641,0.09755,0.00000,0,5,none,a0:none:70
5,4,nominal_known_constraints_5_4_0,nominal_known_constraints,constraint_classifier,0.00,1,0,0,0,1,0,1.00342,0.85944,0.85651,1.00342,1.00000,1.00000,1.00000,0.00199,0.02966,0.00000,0.00000,0,5,none,a0:none:70
5,4,nominal_known_constraints_5_4_0,nominal_known_constraints,abort_constraint_discovery,0.00,1,0,0,0,1,0,0.99238,0.85944,0.86603,0.99238,1.00000,1.00000,1.00000,0.00000,0.00000,0.00000,0.00000,0,5,none,a0:none:70
5,4,nominal_known_constraints_5_4_0,nominal_known_constraints,oracle_constraints,0.00,1,0,0,0,1,0,0.98039,0.85944,0.87663,0.98039,1.00000,1.00000,1.00000,0.00000,0.00000,0.00000,0.00000,0,5,none,a0:none:70
5,5,nominal_known_constraints_5_5_0,nominal_known_constraints,ignore_aborted_actions,0.00,1,0,0,0,1,0,1.01647,0.85166,0.83786,1.01647,1.00000,1.00000,1.00000,0.00000,0.00000,0.00000,0.00000,0,5,none,a0:none:70
5,5,nominal_known_constraints_5_5_0,nominal_known_constraints,negative_label_baseline,0.00,1,0,0,0,1,0,1.01189,0.85166,0.84166,1.01189,1.00000,1.00000,1.00000,0.00000,0.00000,0.00000,0.00000,0,5,none,a0:none:70
5,5,nominal_known_constraints_5_5_0,nominal_known_constraints,costmap_from_collisions,0.00,1,0,0,0,1,0,0.99940,0.85166,0.85217,0.99940,1.00000,1.00000,1.00000,0.00000,0.00000,0.00000,0.00000,0,5,none,a0:none:70
5,5,nominal_known_constraints_5_5_0,nominal_known_constraints,risk_filter_uncertainty,0.00,1,0,0,0,1,0,0.98318,0.85166,0.86623,0.98318,1.00000,1.00000,1.00000,0.01350,0.10626,0.09311,0.00000,0,5,none,a0:none:70
5,5,nominal_known_constraints_5_5_0,nominal_known_constraints,constraint_classifier,0.00,1,0,0,0,1,0,0.98982,0.85166,0.86042,0.98982,1.00000,1.00000,1.00000,0.00169,0.02597,0.00000,0.00000,0,5,none,a0:none:70
5,5,nominal_known_constraints_5_5_0,nominal_known_constraints,abort_constraint_discovery,0.00,1,0,0,0,1,0,0.99673,0.85166,0.85446,0.99673,1.00000,1.00000,1.00000,0.00000,0.00000,0.00000,0.00000,0,5,none,a0:none:70
5,5,nominal_known_constraints_5_5_0,nominal_known_constraints,oracle_constraints,0.00,1,0,0,0,1,0,1.00612,0.85166,0.84648,1.00612,1.00000,1.00000,1.00000,0.00000,0.00000,0.00000,0.00000,0,5,none,a0:none:70
5,6,nominal_known_constraints_5_6_0,nominal_known_constraints,ignore_aborted_actions,0.00,1,0,0,0,1,0,0.99985,0.86220,0.86233,0.99985,1.00000,1.00000,1.00000,0.00000,0.00000,0.00000,0.00000,0,5,none,a0:none:71
5,6,nominal_known_constraints_5_6_0,nominal_known_constraints,negative_label_baseline,0.00,1,0,0,0,1,0,0.97739,0.86220,0.88214,0.97739,1.00000,1.00000,1.00000,0.00000,0.00000,0.00000,0.00000,0,5,none,a0:none:71
5,6,nominal_known_constraints_5_6_0,nominal_known_constraints,costmap_from_collisions,0.00,1,0,0,0,1,0,0.98085,0.86220,0.87903,0.98085,1.00000,1.00000,1.00000,0.00000,0.00000,0.00000,0.00000,0,5,none,a0:none:71
5,6,nominal_known_constraints_5_6_0,nominal_known_constraints,risk_filter_uncertainty,0.00,1,0,0,0,1,0,0.96134,0.86220,0.89688,0.96134,1.00000,1.00000,1.00000,0.01366,0.10705,0.09510,0.00000,0,5,none,a0:none:71
5,6,nominal_known_constraints_5_6_0,nominal_known_constraints,constraint_classifier,0.00,1,0,0,0,1,0,0.97829,0.86220,0.88133,0.97829,1.00000,1.00000,1.00000,0.00184,0.02778,0.00000,0.00000,0,5,none,a0:none:71
5,6,nominal_known_constraints_5_6_0,nominal_known_constraints,abort_constraint_discovery,0.00,1,0,0,0,1,0,1.00070,0.86220,0.86160,1.00070,1.00000,1.00000,1.00000,0.00000,0.00000,0.00000,0.00000,0,5,none,a0:none:71
5,6,nominal_known_constraints_5_6_0,nominal_known_constraints,oracle_constraints,0.00,1,0,0,0,1,0,0.99472,0.86220,0.86678,0.99472,1.00000,1.00000,1.00000,0.00000,0.00000,0.00000,0.00000,0,5,none,a0:none:71
5,7,nominal_known_constraints_5_7_0,nominal_known_constraints,ignore_aborted_actions,0.00,1,0,0,0,1,0,1.08863,0.87208,0.80108,1.08863,1.00000,1.00000,1.00000,0.00000,0.00000,0.00000,0.00000,0,5,none,a0:none:75
5,7,nominal_known_constraints_5_7_0,nominal_known_constraints,negative_label_baseline,0.00,1,0,0,0,1,0,1.07367,0.87208,0.81224,1.07367,1.00000,1.00000,1.00000,0.00000,0.00000,0.00000,0.00000,0,5,none,a0:none:75
5,7,nominal_known_constraints_5_7_0,nominal_known_constraints,costmap_from_collisions,0.00,1,0,0,0,1,0,1.06575,0.87208,0.81828,1.06575,1.00000,1.00000,1.00000,0.00000,0.00000,0.00000,0.00000,0,5,none,a0:none:75
5,7,nominal_known_constraints_5_7_0,nominal_known_constraints,risk_filter_uncertainty,0.00,1,0,0,0,1,0,1.05730,0.87208,0.82482,1.05730,1.00000,1.00000,1.00000,0.01338,0.10617,0.09184,0.00000,0,5,none,a0:none:75
5,7,nominal_known_constraints_5_7_0,nominal_known_constraints,constraint_classifier,0.00,1,0,0,0,1,0,1.05863,0.87208,0.82378,1.05863,1.00000,1.00000,1.00000,0.00137,0.02185,0.00000,0.00000,0,5,none,a0:none:75
5,7,nominal_known_constraints_5_7_0,nominal_known_constraints,abort_constraint_discovery,0.00,1,0,0,0,1,0,1.04078,0.87208,0.83791,1.04078,1.00000,1.00000,1.00000,0.00000,0.00000,0.00000,0.00000,0,5,none,a0:none:75
5,7,nominal_known_constraints_5_7_0,nominal_known_constraints,oracle_constraints,0.00,1,0,0,0,1,0,1.04847,0.87208,0.83176,1.04847,1.00000,1.00000,1.00000,0.00000,0.00000,0.00000,0.00000,0,5,none,a0:none:75
5,8,nominal_known_constraints_5_8_0,nominal_known_constraints,ignore_aborted_actions,0.00,1,0,0,0,1,0,0.95620,0.85242,0.89147,0.95620,1.00000,1.00000,1.00000,0.00000,0.00000,0.00000,0.00000,0,5,none,a0:none:69
5,8,nominal_known_constraints_5_8_0,nominal_known_constraints,negative_label_baseline,0.00,1,0,0,0,1,0,0.95780,0.85242,0.88998,0.95780,1.00000,1.00000,1.00000,0.00000,0.00000,0.00000,0.00000,0,5,none,a0:none:69
5,8,nominal_known_constraints_5_8_0,nominal_known_constraints,costmap_from_collisions,0.00,1,0,0,0,1,0,0.98009,0.85242,0.86974,0.98009,1.00000,1.00000,1.00000,0.00000,0.00000,0.00000,0.00000,0,5,none,a0:none:69
5,8,nominal_known_constraints_5_8_0,nominal_known_constraints,risk_filter_uncertainty,0.00,1,0,0,0,1,0,0.97211,0.85242,0.87688,0.97211,1.00000,1.00000,1.00000,0.01354,0.10673,0.08922,0.00000,0,5,none,a0:none:69
5,8,nominal_known_constraints_5_8_0,nominal_known_constraints,constraint_classifier,0.00,1,0,0,0,1,0,0.97136,0.85242,0.87756,0.97136,1.00000,1.00000,1.00000,0.00188,0.02842,0.00000,0.00000,0,5,none,a0:none:69
5,8,nominal_known_constraints_5_8_0,nominal_known_constraints,abort_constraint_discovery,0.00,1,0,0,0,1,0,1.00058,0.85242,0.85193,1.00058,1.00000,1.00000,1.00000,0.00000,0.00000,0.00000,0.00000,0,5,none,a0:none:69
5,8,nominal_known_constraints_5_8_0,nominal_known_constraints,oracle_constraints,0.00,1,0,0,0,1,0,0.98489,0.85242,0.86550,0.98489,1.00000,1.00000,1.00000,0.00000,0.00000,0.00000,0.00000,0,5,none,a0:none:69
5,1000,hidden_wall_abort_5_1000_0,hidden_wall_abort,ignore_aborted_actions,0.00,0,1,1,1,5,0,2.62774,0.85308,0.11363,3.72774,-0.01795,0.00000,0.00000,0.03947,0.03947,0.00000,0.00000,5,3,fixture_snag,a0:fixture_snag:34;a1:fixture_snag:34;a2:fixture_snag:33;a3:fixture_snag:33;a4:fixture_snag:33
5,1000,hidden_wall_abort_5_1000_0,hidden_wall_abort,negative_label_baseline,0.00,0,1,1,1,5,0,2.79434,0.85308,0.10685,3.89434,-0.01789,0.34568,0.20896,0.03090,0.01951,0.01359,0.01662,5,3,fixture_snag,a0:fixture_snag:36;a1:fixture_snag:35;a2:fixture_snag:33;a3:fixture_snag:34;a4:fixture_snag:40
5,1000,hidden_wall_abort_5_1000_0,hidden_wall_abort,costmap_from_collisions,0.00,1,1,0,0,2,0,1.87914,0.85308,0.45397,2.15914,-0.00585,0.44025,0.28226,0.04480,0.05696,0.04998,0.07064,5,3,none,a0:fixture_snag:39;a1:none:81
5,1000,hidden_wall_abort_5_1000_0,hidden_wall_abort,risk_filter_uncertainty,0.00,1,1,0,0,2,0,1.92515,0.85308,0.44313,2.20515,-0.00321,0.40217,0.25170,0.06003,0.14021,0.13737,0.08795,5,3,none,a0:fixture_snag:40;a1:none:81
5,1000,hidden_wall_abort_5_1000_0,hidden_wall_abort,constraint_classifier,0.00,1,1,0,0,2,0,2.21865,0.85308,0.38450,2.49865,-0.00553,0.33333,0.20000,0.09399,0.17856,0.08017,0.16828,5,3,none,a0:fixture_snag:45;a1:none:97
5,1000,hidden_wall_abort_5_1000_0,hidden_wall_abort,abort_constraint_discovery,0.00,1,0,0,0,1,0,1.42987,0.85308,0.59662,1.42987,0.06649,0.56790,0.39655,0.03628,0.04427,0.00573,0.07271,5,3,none,a0:none:91
5,1000,hidden_wall_abort_5_1000_0,hidden_wall_abort,oracle_constraints,0.00,1,0,0,0,1,0,1.24306,0.85308,0.68628,1.24306,0.02921,1.00000,1.00000,0.01134,0.03761,0.01738,0.03947,5,3,none,a0:none:81
5,1001,hidden_wall_abort_5_1001_0,hidden_wall_abort,ignore_aborted_actions,0.00,0,1,1,1,5,0,2.64024,0.85507,0.11335,3.74024,-0.01079,0.00000,0.00000,0.04224,0.04224,0.00000,0.00000,6,2,fixture_snag,a0:fixture_snag:34;a1:fixture_snag:34;a2:fixture_snag:34;a3:fixture_snag:34;a4:fixture_snag:34
5,1001,hidden_wall_abort_5_1001_0,hidden_wall_abort,negative_label_baseline,0.00,1,1,0,1,2,0,1.80196,0.85507,0.47452,2.08196,-0.01666,0.32941,0.19718,0.02930,0.01456,0.01611,0.01662,6,2,none,a0:fixture_snag:37;a1:none:71
5,1001,hidden_wall_abort_5_1001_0,hidden_wall_abort,costmap_from_collisions,0.00,1,1,0,1,2,0,1.81499,0.85507,0.47112,2.09499,-0.02110,0.50588,0.33858,0.04190,0.05151,0.08905,0.07548,6,2,none,a0:fixture_snag:38;a1:none:73
5,1001,hidden_wall_abort_5_1001_0,hidden_wall_abort,risk_filter_uncertainty,0.00,1,1,0,1,2,0,1.77131,0.85507,0.48274,2.05131,-0.01813,0.46231,0.30065,0.05792,0.14020,0.17502,0.09557,6,2,none,a0:fixture_snag:38;a1:none:73
5,1001,hidden_wall_abort_5_1001_0,hidden_wall_abort,constraint_classifier,0.00,0,1,1,1,5,0,2.62407,0.85507,0.11405,3.72407,-0.00763,0.36482,0.22311,0.08637,0.17156,0.23871,0.17036,6,2,fixture_snag,a0:fixture_snag:34;a1:fixture_snag:33;a2:fixture_snag:32;a3:fixture_snag:37;a4:fixture_snag:32
5,1001,hidden_wall_abort_5_1001_0,hidden_wall_abort,abort_constraint_discovery,0.00,1,1,1,1,5,0,3.78226,0.85507,0.22607,4.90226,-0.02121,0.37638,0.23182,0.08377,0.10654,0.05779,0.14543,6,2,none,a0:fixture_snag:33;a1:fixture_snag:34;a2:fixture_snag:33;a3:fixture_snag:34;a4:none:105
5,1001,hidden_wall_abort_5_1001_0,hidden_wall_abort,oracle_constraints,0.00,1,0,0,0,1,0,1.19210,0.85507,0.71728,1.19210,0.03308,1.00000,1.00000,0.01228,0.03985,0.01273,0.04224,6,2,none,a0:none:73
5,1002,hidden_wall_abort_5_1002_0,hidden_wall_abort,ignore_aborted_actions,0.00,0,1,1,1,5,0,2.60896,0.86151,0.11557,3.70896,-0.01768,0.00000,0.00000,0.04086,0.04086,0.00000,0.00000,8,0,fixture_snag,a0:fixture_snag:34;a1:fixture_snag:34;a2:fixture_snag:34;a3:fixture_snag:34;a4:fixture_snag:35
5,1002,hidden_wall_abort_5_1002_0,hidden_wall_abort,negative_label_baseline,0.00,0,1,1,1,5,0,3.02923,0.86151,0.09954,4.12923,-0.01253,0.41237,0.25974,0.02601,0.00958,0.06587,0.02632,8,0,fixture_snag,a0:fixture_snag:40;a1:fixture_snag:43;a2:fixture_snag:36;a3:fixture_snag:36;a4:fixture_snag:36
5,1002,hidden_wall_abort_5_1002_0,hidden_wall_abort,costmap_from_collisions,0.00,0,1,1,1,5,0,2.95190,0.86151,0.10215,4.05190,-0.01655,0.45815,0.29714,0.05557,0.09673,0.15539,0.11634,8,0,fixture_snag,a0:fixture_snag:42;a1:fixture_snag:41;a2:fixture_snag:36;a3:fixture_snag:40;a4:fixture_snag:37
5,1002,hidden_wall_abort_5_1002_0,hidden_wall_abort,risk_filter_uncertainty,0.00,1,0,0,0,1,0,1.31294,0.86151,0.65617,1.31294,0.00142,0.42342,0.26857,0.06695,0.16059,0.12096,0.11288,8,0,none,a0:none:83
5,1002,hidden_wall_abort_5_1002_0,hidden_wall_abort,constraint_classifier,0.00,1,0,0,0,1,0,1.28409,0.86151,0.67091,1.28409,0.02274,0.26398,0.15206,0.13413,0.24650,0.16092,0.26870,8,0,none,a0:none:86
5,1002,hidden_wall_abort_5_1002_0,hidden_wall_abort,abort_constraint_discovery,0.00,1,1,1,0,3,0,3.28915,0.86151,0.26193,3.84915,-0.00185,0.33333,0.20000,0.10980,0.15107,0.13228,0.18352,8,0,none,a0:fixture_snag:85;a1:fixture_snag:39;a2:none:89
5,1002,hidden_wall_abort_5_1002_0,hidden_wall_abort,oracle_constraints,0.00,1,0,0,0,1,0,1.25561,0.86151,0.68613,1.25561,0.02466,1.00000,1.00000,0.01138,0.03890,0.01746,0.04086,8,0,none,a0:none:85
5,1003,hidden_wall_abort_5_1003_0,hidden_wall_abort,ignore_aborted_actions,0.00,0,1,1,1,5,0,1.72379,0.83623,0.16979,2.82379,-0.01304,0.00000,0.00000,0.03809,0.03809,0.00000,0.00000,6,2,visible_collision,a0:collision_margin:29;a1:visible_collision:18;a2:collision_margin:29;a3:visible_collision:18;a4:visible_collision:14
5,1003,hidden_wall_abort_5_1003_0,hidden_wall_abort,negative_label_baseline,0.00,0,1,1,1,5,0,2.72440,0.83623,0.10743,3.82440,-0.01629,0.34783,0.21053,0.02992,0.01733,0.06870,0.02562,6,2,collision_margin,a0:collision_margin:33;a1:collision_margin:34;a2:visible_collision:43;a3:collision_margin:35;a4:collision_margin:32
5,1003,hidden_wall_abort_5_1003_0,hidden_wall_abort,costmap_from_collisions,0.00,0,1,1,1,5,0,2.76443,0.83623,0.10587,3.86443,-0.01515,0.38710,0.24000,0.06051,0.08916,0.17958,0.11219,6,2,collision_margin,a0:visible_collision:40;a1:collision_margin:35;a2:visible_collision:32;a3:collision_margin:34;a4:collision_margin:36
5,1003,hidden_wall_abort_5_1003_0,hidden_wall_abort,risk_filter_uncertainty,0.00,1,1,0,1,2,0,1.81180,0.83623,0.46155,2.09180,-0.01458,0.38914,0.24157,0.06947,0.15851,0.15178,0.11496,6,2,none,a0:collision_margin:36;a1:none:81
5,1003,hidden_wall_abort_5_1003_0,hidden_wall_abort,constraint_classifier,0.00,1,0,0,0,1,0,1.22881,0.83623,0.68052,1.22881,0.04262,0.30216,0.17797,0.08943,0.16254,0.10995,0.15443,6,2,none,a0:none:82
5,1003,hidden_wall_abort_5_1003_0,hidden_wall_abort,abort_constraint_discovery,0.00,1,0,0,0,1,0,1.24722,0.83623,0.67047,1.24722,0.03361,0.32540,0.19431,0.08573,0.11031,0.04176,0.13643,6,2,none,a0:none:79
5,1003,hidden_wall_abort_5_1003_0,hidden_wall_abort,oracle_constraints,0.00,1,0,0,0,1,0,1.20991,0.83623,0.69115,1.20991,0.04527,1.00000,1.00000,0.01145,0.03777,0.00719,0.03809,6,2,none,a0:none:79
5,1004,hidden_wall_abort_5_1004_0,hidden_wall_abort,ignore_aborted_actions,0.00,0,1,1,1,5,0,2.72348,0.84751,0.10892,3.82348,-0.02821,0.00000,0.00000,0.04224,0.04224,0.00000,0.00000,8,0,collision_margin,a0:collision_margin:35;a1:collision_margin:34;a2:collision_margin:35;a3:collision_margin:34;a4:collision_margin:33
5,1004,hidden_wall_abort_5_1004_0,hidden_wall_abort,negative_label_baseline,0.00,0,1,1,1,5,0,2.88618,0.84751,0.10278,3.98618,-0.01877,0.36957,0.22667,0.02881,0.00974,0.08007,0.02147,8,0,collision_margin,a0:collision_margin:37;a1:collision_margin:36;a2:collision_margin:37;a3:collision_margin:37;a4:collision_margin:37
5,1004,hidden_wall_abort_5_1004_0,hidden_wall_abort,costmap_from_collisions,0.00,1,1,1,1,3,0,2.61086,0.84751,0.32461,3.17086,-0.00819,0.49091,0.32530,0.05242,0.09365,0.06925,0.11011,8,0,none,a0:collision_margin:43;a1:collision_margin:36;a2:none:91
5,1004,hidden_wall_abort_5_1004_0,hidden_wall_abort,risk_filter_uncertainty,0.00,1,1,1,0,3,0,2.36919,0.84751,0.35772,2.92919,-0.00036,0.37262,0.22897,0.08091,0.18331,0.15475,0.13989,8,0,none,a0:human_stop:14;a1:collision_margin:38;a2:none:92
5,1004,hidden_wall_abort_5_1004_0,hidden_wall_abort,constraint_classifier,0.00,0,1,1,1,5,0,2.92737,0.84751,0.10133,4.02737,-0.01969,0.26786,0.15464,0.13352,0.23717,0.35130,0.26801,8,0,collision_margin,a0:collision_margin:41;a1:collision_margin:37;a2:collision_margin:36;a3:collision_margin:36;a4:collision_margin:37
5,1004,hidden_wall_abort_5_1004_0,hidden_wall_abort,abort_constraint_discovery,0.00,1,1,1,1,4,0,3.79435,0.84751,0.22336,4.63435,-0.01625,0.31922,0.18992,0.10760,0.13992,0.11836,0.17036,8,0,none,a0:collision_margin:40;a1:fixture_snag:66;a2:collision_margin:43;a3:none:94
5,1004,hidden_wall_abort_5_1004_0,hidden_wall_abort,oracle_constraints,0.00,1,0,0,0,1,0,1.34286,0.84751,0.63112,1.34286,0.04804,1.00000,1.00000,0.01219,0.03957,0.00781,0.04224,8,0,none,a0:none:88
5,1005,hidden_wall_abort_5_1005_0,hidden_wall_abort,ignore_aborted_actions,0.00,0,1,1,1,5,0,2.63906,0.84854,0.11254,3.73906,-0.01499,0.00000,0.00000,0.03947,0.03947,0.00000,0.00000,8,0,collision_margin,a0:collision_margin:34;a1:collision_margin:34;a2:collision_margin:35;a3:collision_margin:35;a4:collision_margin:33
5,1005,hidden_wall_abort_5_1005_0,hidden_wall_abort,negative_label_baseline,0.00,1,1,0,0,2,0,1.67992,0.84854,0.50511,1.95992,-0.00496,0.30000,0.17647,0.02791,0.01503,0.02857,0.01593,8,0,none,a0:collision_margin:31;a1:none:74
5,1005,hidden_wall_abort_5_1005_0,hidden_wall_abort,costmap_from_collisions,0.00,1,1,1,0,3,0,2.25915,0.84854,0.37560,2.81915,-0.00228,0.45087,0.29104,0.04385,0.05711,0.11013,0.08033,8,0,none,a0:collision_margin:32;a1:fixture_snag:40;a2:none:76
5,1005,hidden_wall_abort_5_1005_0,hidden_wall_abort,risk_filter_uncertainty,0.00,1,0,0,0,1,0,1.28854,0.84854,0.65853,1.28854,0.00034,0.43902,0.28125,0.05298,0.13469,0.13216,0.07410,8,0,none,a0:none:80
5,1005,hidden_wall_abort_5_1005_0,hidden_wall_abort,constraint_classifier,0.00,0,1,1,1,5,0,3.21765,0.84854,0.09230,4.31765,-0.00695,0.24171,0.13747,0.13054,0.23142,0.18132,0.25277,8,0,visible_collision,a0:visible_collision:61;a1:fixture_snag:41;a2:collision_margin:32;a3:collision_margin:35;a4:visible_collision:42
5,1005,hidden_wall_abort_5_1005_0,hidden_wall_abort,abort_constraint_discovery,0.00,1,1,0,1,2,0,2.82561,0.84854,0.30030,3.10561,0.03164,0.32192,0.19184,0.10120,0.13311,0.04212,0.16274,8,0,none,a0:visible_collision:64;a1:none:115
5,1005,hidden_wall_abort_5_1005_0,hidden_wall_abort,oracle_constraints,0.00,1,0,0,0,1,0,1.12846,0.84854,0.75195,1.12846,0.03967,1.00000,1.00000,0.01153,0.03802,0.00836,0.03947,8,0,none,a0:none:74
5,1006,hidden_wall_abort_5_1006_0,hidden_wall_abort,ignore_aborted_actions,0.00,0,1,1,1,5,0,2.85146,0.83885,0.10296,3.95146,-0.01269,0.00000,0.00000,0.04017,0.04017,0.00000,0.00000,6,2,fixture_snag,a0:fixture_snag:35;a1:fixture_snag:36;a2:fixture_snag:36;a3:fixture_snag:36;a4:fixture_snag:36
5,1006,hidden_wall_abort_5_1006_0,hidden_wall_abort,negative_label_baseline,0.00,0,1,1,1,5,0,2.83122,0.83885,0.10370,3.93122,-0.02101,0.29885,0.17568,0.02982,0.01657,0.07894,0.02008,6,2,fixture_snag,a0:fixture_snag:39;a1:fixture_snag:38;a2:fixture_snag:36;a3:fixture_snag:36;a4:fixture_snag:37
5,1006,hidden_wall_abort_5_1006_0,hidden_wall_abort,costmap_from_collisions,0.00,1,0,0,0,1,0,1.27475,0.83885,0.65806,1.27475,0.00064,0.40678,0.25532,0.04982,0.06943,0.04611,0.08241,6,2,none,a0:none:80
5,1006,hidden_wall_abort_5_1006_0,hidden_wall_abort,risk_filter_uncertainty,0.00,1,0,0,0,1,0,1.22658,0.83885,0.68390,1.22658,0.00361,0.38835,0.24096,0.06627,0.15367,0.13386,0.10249,6,2,none,a0:none:80
5,1006,hidden_wall_abort_5_1006_0,hidden_wall_abort,constraint_classifier,0.00,1,0,0,0,1,0,1.22095,0.83885,0.68705,1.22095,0.02335,0.27425,0.15891,0.10188,0.18688,0.08749,0.16690,6,2,none,a0:none:78
5,1006,hidden_wall_abort_5_1006_0,hidden_wall_abort,abort_constraint_discovery,0.00,1,1,1,0,3,0,3.17633,0.83885,0.26410,3.73633,-0.00153,0.28571,0.16667,0.10055,0.13284,0.07263,0.16828,6,2,none,a0:collision_margin:62;a1:collision_margin:43;a2:none:99
5,1006,hidden_wall_abort_5_1006_0,hidden_wall_abort,oracle_constraints,0.00,1,0,0,0,1,0,1.15926,0.83885,0.72361,1.15926,0.04810,1.00000,1.00000,0.01141,0.03839,0.00725,0.04017,6,2,none,a0:none:76
5,1007,hidden_wall_abort_5_1007_0,hidden_wall_abort,ignore_aborted_actions,0.00,0,1,1,1,5,0,1.29623,0.84195,0.22734,2.39623,0.23603,0.00000,0.00000,0.04017,0.04017,0.00000,0.00000,5,3,visible_collision,a0:visible_collision:18;a1:visible_collision:16;a2:visible_collision:18;a3:visible_collision:18;a4:visible_collision:18
5,1007,hidden_wall_abort_5_1007_0,hidden_wall_abort,negative_label_baseline,0.00,1,0,0,0,1,0,1.09452,0.84195,0.76924,1.09452,0.02624,0.16901,0.09231,0.03184,0.02351,0.00000,0.00900,5,3,none,a0:none:68
5,1007,hidden_wall_abort_5_1007_0,hidden_wall_abort,costmap_from_collisions,0.00,1,0,0,0,1,0,1.01749,0.84195,0.82747,1.01749,0.02852,0.42623,0.27083,0.03676,0.03291,0.00055,0.04432,5,3,none,a0:none:68
5,1007,hidden_wall_abort_5_1007_0,hidden_wall_abort,risk_filter_uncertainty,0.00,1,0,0,0,1,0,1.05217,0.84195,0.80021,1.05217,0.02576,0.41958,0.26549,0.04779,0.11422,0.10939,0.05886,5,3,none,a0:none:68
5,1007,hidden_wall_abort_5_1007_0,hidden_wall_abort,constraint_classifier,0.00,1,0,0,0,1,0,1.08289,0.84195,0.77750,1.08289,0.02046,0.31579,0.18750,0.08170,0.12709,0.00000,0.14404,5,3,none,a0:none:68
5,1007,hidden_wall_abort_5_1007_0,hidden_wall_abort,abort_constraint_discovery,0.00,1,1,0,0,2,0,1.76274,0.84195,0.47764,2.04274,-0.00091,0.41245,0.25980,0.07708,0.10557,0.08285,0.13781,5,3,none,a0:collision_margin:42;a1:none:70
5,1007,hidden_wall_abort_5_1007_0,hidden_wall_abort,oracle_constraints,0.00,1,0,0,0,1,0,1.09931,0.84195,0.76589,1.09931,0.05432,1.00000,1.00000,0.01151,0.03888,0.00452,0.04017,5,3,none,a0:none:68
5,1008,hidden_wall_abort_5_1008_0,hidden_wall_abort,ignore_aborted_actions,0.00,0,1,1,1,5,0,2.10455,0.84860,0.14113,3.20455,-0.01908,0.00000,0.00000,0.03947,0.03947,0.00000,0.00000,7,1,collision_margin,a0:visible_collision:15;a1:collision_margin:37;a2:collision_margin:36;a3:visible_collision:16;a4:collision_margin:36
5,1008,hidden_wall_abort_5_1008_0,hidden_wall_abort,negative_label_baseline,0.00,0,1,1,1,5,0,3.11651,0.84860,0.09530,4.21651,-0.02414,0.47826,0.31429,0.02529,0.00934,0.02252,0.02424,7,1,collision_margin,a0:collision_margin:40;a1:collision_margin:39;a2:collision_margin:38;a3:collision_margin:37;a4:collision_margin:42
5,1008,hidden_wall_abort_5_1008_0,hidden_wall_abort,costmap_from_collisions,0.00,0,1,1,1,5,0,3.19527,0.84860,0.09295,4.29527,-0.02380,0.49091,0.32530,0.05458,0.10165,0.17172,0.11288,7,1,collision_margin,a0:collision_margin:45;a1:collision_margin:37;a2:collision_margin:40;a3:collision_margin:37;a4:collision_margin:38
5,1008,hidden_wall_abort_5_1008_0,hidden_wall_abort,risk_filter_uncertainty,0.00,1,1,1,1,5,0,4.04894,0.84860,0.20959,5.16894,-0.01217,0.41379,0.26087,0.07393,0.17573,0.14512,0.14127,7,1,none,a0:collision_margin:44;a1:collision_margin:38;a2:collision_margin:40;a3:collision_margin:39;a4:none:97
5,1008,hidden_wall_abort_5_1008_0,hidden_wall_abort,constraint_classifier,0.00,1,0,0,0,1,0,1.58501,0.84860,0.53539,1.58501,0.04722,0.29008,0.16964,0.11819,0.22422,0.08200,0.23269,7,1,none,a0:none:100
5,1008,hidden_wall_abort_5_1008_0,hidden_wall_abort,abort_constraint_discovery,0.00,1,0,0,0,1,0,1.52676,0.84860,0.55582,1.52676,0.03207,0.41633,0.26289,0.07005,0.09631,0.11300,0.13019,7,1,none,a0:none:96
5,1008,hidden_wall_abort_5_1008_0,hidden_wall_abort,oracle_constraints,0.00,1,0,0,0,1,0,1.47278,0.84860,0.57619,1.47278,0.05515,1.00000,1.00000,0.01155,0.03819,0.00513,0.03947,7,1,none,a0:none:93
5,2000,force_limit_abort_5_2000_0,force_limit_abort,ignore_aborted_actions,0.00,1,0,0,0,1,0,1.20765,0.84940,0.70335,1.20765,0.04910,0.00000,0.00000,0.04848,0.04848,0.00000,0.00000,2,6,none,a0:none:65
5,2000,force_limit_abort_5_2000_0,force_limit_abort,negative_label_baseline,0.00,1,0,0,0,1,0,1.12513,0.84940,0.75494,1.12513,0.05498,0.00000,0.00000,0.05091,0.05356,0.00000,0.00277,2,6,none,a0:none:65
5,2000,force_limit_abort_5_2000_0,force_limit_abort,costmap_from_collisions,0.00,1,0,0,0,1,0,1.04338,0.84940,0.81409,1.04338,0.05904,0.00000,0.00000,0.05967,0.06912,0.00019,0.01731,2,6,none,a0:none:65
5,2000,force_limit_abort_5_2000_0,force_limit_abort,risk_filter_uncertainty,0.00,1,0,0,0,1,0,1.09616,0.84940,0.77489,1.09616,0.04867,0.00000,0.00000,0.05593,0.08966,0.08844,0.02078,2,6,none,a0:none:65
5,2000,force_limit_abort_5_2000_0,force_limit_abort,constraint_classifier,0.00,1,0,0,0,1,0,1.07682,0.84940,0.78881,1.07682,0.05355,0.00000,0.00000,0.07202,0.09548,0.00000,0.03601,2,6,none,a0:none:65
5,2000,force_limit_abort_5_2000_0,force_limit_abort,abort_constraint_discovery,0.00,1,0,0,0,1,0,1.10776,0.84940,0.76677,1.10776,0.05640,0.00000,0.00000,0.04953,0.05056,0.00000,0.00139,2,6,none,a0:none:65
5,2000,force_limit_abort_5_2000_0,force_limit_abort,oracle_constraints,0.00,1,0,0,0,1,0,1.06698,0.84940,0.79608,1.06698,0.05647,1.00000,1.00000,0.00573,0.02064,0.01029,0.04848,2,6,none,a0:none:65
5,2001,force_limit_abort_5_2001_0,force_limit_abort,ignore_aborted_actions,0.00,1,0,0,0,1,0,1.16305,0.85047,0.73124,1.16305,0.27544,0.00000,0.00000,0.04778,0.04778,0.00000,0.00000,4,4,none,a0:none:70
5,2001,force_limit_abort_5_2001_0,force_limit_abort,negative_label_baseline,0.00,1,1,0,1,2,0,2.02576,0.85047,0.41983,2.30576,0.22366,0.09195,0.04819,0.04704,0.04102,0.01655,0.01247,4,4,none,a0:visible_collision:52;a1:none:74
5,2001,force_limit_abort_5_2001_0,force_limit_abort,costmap_from_collisions,0.00,1,0,0,0,1,0,1.35177,0.85047,0.62915,1.35177,0.33273,0.29870,0.17557,0.04879,0.03360,0.02476,0.05886,4,4,none,a0:none:76
5,2001,force_limit_abort_5_2001_0,force_limit_abort,risk_filter_uncertainty,0.00,1,0,0,0,1,0,1.37080,0.85047,0.62042,1.37080,0.33010,0.27500,0.15942,0.06034,0.10956,0.11206,0.06302,4,4,none,a0:none:76
5,2001,force_limit_abort_5_2001_0,force_limit_abort,constraint_classifier,0.00,1,0,0,0,1,0,1.23906,0.85047,0.68638,1.23906,0.31598,0.36275,0.22156,0.06911,0.11586,0.04699,0.09349,4,4,none,a0:none:76
5,2001,force_limit_abort_5_2001_0,force_limit_abort,abort_constraint_discovery,0.00,1,0,0,0,1,0,1.26622,0.85047,0.67166,1.26622,0.32314,0.55605,0.38509,0.04988,0.08610,0.01123,0.10665,4,4,none,a0:none:74
5,2001,force_limit_abort_5_2001_0,force_limit_abort,oracle_constraints,0.00,1,1,0,1,2,0,2.10175,0.85047,0.40465,2.38175,0.27883,1.00000,1.00000,0.00559,0.02048,0.00000,0.04778,4,4,none,a0:visible_collision:54;a1:none:70
5,2002,force_limit_abort_5_2002_0,force_limit_abort,ignore_aborted_actions,0.00,1,0,0,0,1,0,1.17492,0.83966,0.71465,1.17492,0.25684,0.00000,0.00000,0.04571,0.04571,0.00000,0.00000,2,6,none,a0:none:66
5,2002,force_limit_abort_5_2002_0,force_limit_abort,negative_label_baseline,0.00,1,0,0,0,1,0,1.17261,0.83966,0.71606,1.17261,0.30831,0.00000,0.00000,0.04684,0.04599,0.00125,0.00554,2,6,none,a0:none:70
5,2002,force_limit_abort_5_2002_0,force_limit_abort,costmap_from_collisions,0.00,1,0,0,0,1,0,1.19431,0.83966,0.70305,1.19431,0.31374,0.09174,0.04808,0.05120,0.04318,0.02796,0.02978,2,6,none,a0:none:73
5,2002,force_limit_abort_5_2002_0,force_limit_abort,risk_filter_uncertainty,0.00,1,0,0,0,1,0,1.32223,0.83966,0.63503,1.32223,0.30964,0.12903,0.06897,0.05688,0.09325,0.11078,0.04017,2,6,none,a0:none:76
5,2002,force_limit_abort_5_2002_0,force_limit_abort,constraint_classifier,0.00,1,0,0,0,1,0,1.36315,0.83966,0.61597,1.36315,0.32266,0.27586,0.16000,0.05180,0.06376,0.05431,0.05471,2,6,none,a0:none:79
5,2002,force_limit_abort_5_2002_0,force_limit_abort,abort_constraint_discovery,0.00,1,0,0,0,1,0,1.17683,0.83966,0.71349,1.17683,0.31362,0.00000,0.00000,0.04668,0.04654,0.00000,0.00208,2,6,none,a0:none:70
5,2002,force_limit_abort_5_2002_0,force_limit_abort,oracle_constraints,0.00,1,0,0,0,1,0,1.09766,0.83966,0.76495,1.09766,0.31820,1.00000,1.00000,0.00564,0.02053,0.00000,0.04571,2,6,none,a0:none:66
5,2003,force_limit_abort_5_2003_0,force_limit_abort,ignore_aborted_actions,0.00,1,0,0,0,1,0,1.23044,0.84631,0.68781,1.23044,0.25806,0.00000,0.00000,0.04778,0.04778,0.00000,0.00000,3,5,none,a0:none:68
5,2003,force_limit_abort_5_2003_0,force_limit_abort,negative_label_baseline,0.00,1,0,0,0,1,0,1.17998,0.84631,0.71722,1.17998,0.26219,0.10390,0.05479,0.04339,0.03814,0.00000,0.00554,3,5,none,a0:none:68
5,2003,force_limit_abort_5_2003_0,force_limit_abort,costmap_from_collisions,0.00,1,0,0,0,1,0,1.20988,0.84631,0.69950,1.20988,0.33586,0.30159,0.17757,0.04217,0.02665,0.00000,0.03947,3,5,none,a0:none:68
5,2003,force_limit_abort_5_2003_0,force_limit_abort,risk_filter_uncertainty,0.00,1,0,0,0,1,0,1.09362,0.84631,0.77386,1.09362,0.26461,0.28125,0.16364,0.05083,0.09450,0.08495,0.04086,3,5,none,a0:none:68
5,2003,force_limit_abort_5_2003_0,force_limit_abort,constraint_classifier,0.00,1,0,0,0,1,0,1.12369,0.84631,0.75315,1.12369,0.27733,0.42727,0.27168,0.05902,0.09842,0.00000,0.10457,3,5,none,a0:none:68
5,2003,force_limit_abort_5_2003_0,force_limit_abort,abort_constraint_discovery,0.00,1,0,0,0,1,0,1.25769,0.84631,0.67291,1.25769,0.37025,0.42029,0.26606,0.07197,0.13808,0.04284,0.14335,3,5,none,a0:none:72
5,2003,force_limit_abort_5_2003_0,force_limit_abort,oracle_constraints,0.00,1,0,0,0,1,0,1.17096,0.84631,0.72274,1.17096,0.33312,1.00000,1.00000,0.00564,0.02051,0.00000,0.04778,3,5,none,a0:none:68
5,2004,force_limit_abort_5_2004_0,force_limit_abort,ignore_aborted_actions,0.00,0,1,1,1,5,0,2.87362,0.84567,0.10300,3.97362,-0.00703,0.00000,0.00000,0.04778,0.04778,0.00000,0.00000,5,3,force_limit,a0:force_limit:33;a1:force_limit:34;a2:force_limit:34;a3:force_limit:34;a4:force_limit:34
5,2004,force_limit_abort_5_2004_0,force_limit_abort,negative_label_baseline,0.00,1,0,0,0,1,0,1.16406,0.84567,0.72648,1.16406,0.04210,0.27160,0.15714,0.03662,0.03458,0.01290,0.00831,5,3,none,a0:none:71
5,2004,force_limit_abort_5_2004_0,force_limit_abort,costmap_from_collisions,0.00,1,1,1,1,3,0,2.66720,0.84567,0.31706,3.22720,0.04427,0.35632,0.21678,0.05416,0.05509,0.08899,0.07271,5,3,none,a0:visible_collision:62;a1:visible_collision:26;a2:none:77
5,2004,force_limit_abort_5_2004_0,force_limit_abort,risk_filter_uncertainty,0.00,1,0,0,0,1,0,1.33643,0.84567,0.63278,1.33643,0.04371,0.46032,0.29897,0.04297,0.09041,0.11574,0.03947,5,3,none,a0:none:77
5,2004,force_limit_abort_5_2004_0,force_limit_abort,constraint_classifier,0.00,1,1,1,1,3,0,3.51717,0.84567,0.24044,4.07717,-0.00073,0.39446,0.24569,0.07975,0.14626,0.16082,0.15235,5,3,none,a0:visible_collision:63;a1:force_limit:73;a2:none:79
5,2004,force_limit_abort_5_2004_0,force_limit_abort,abort_constraint_discovery,0.00,1,0,0,0,1,0,1.93533,0.84567,0.43696,1.93533,0.16992,0.39144,0.24335,0.10243,0.20823,0.06098,0.17867,5,3,none,a0:none:120
5,2004,force_limit_abort_5_2004_0,force_limit_abort,oracle_constraints,0.00,1,0,0,0,1,0,1.25469,0.84567,0.67401,1.25469,0.06257,1.00000,1.00000,0.00571,0.02053,0.00791,0.04778,5,3,none,a0:none:73
5,2005,force_limit_abort_5_2005_0,force_limit_abort,ignore_aborted_actions,0.00,0,1,1,1,5,0,1.90355,0.86091,0.15829,3.00355,-0.00697,0.00000,0.00000,0.04501,0.04501,0.00000,0.00000,5,3,force_limit,a0:force_limit:24;a1:force_limit:23;a2:force_limit:23;a3:force_limit:24;a4:force_limit:23
5,2005,force_limit_abort_5_2005_0,force_limit_abort,negative_label_baseline,0.00,1,0,0,0,1,0,1.30043,0.86091,0.66202,1.30043,0.02865,0.19277,0.10667,0.04007,0.03213,0.00104,0.01247,5,3,none,a0:none:72
5,2005,force_limit_abort_5_2005_0,force_limit_abort,costmap_from_collisions,0.00,1,0,0,0,1,0,1.27675,0.86091,0.67430,1.27675,0.04910,0.30769,0.18182,0.05470,0.05860,0.05804,0.07202,5,3,none,a0:none:74
5,2005,force_limit_abort_5_2005_0,force_limit_abort,risk_filter_uncertainty,0.00,1,0,0,0,1,0,1.19656,0.86091,0.71949,1.19656,0.04929,0.27219,0.15753,0.06472,0.12487,0.12039,0.07202,5,3,none,a0:none:74
5,2005,force_limit_abort_5_2005_0,force_limit_abort,constraint_classifier,0.00,1,0,0,0,1,0,1.48972,0.86091,0.57790,1.48972,0.07907,0.27966,0.16256,0.08508,0.14479,0.04660,0.11842,5,3,none,a0:none:91
5,2005,force_limit_abort_5_2005_0,force_limit_abort,abort_constraint_discovery,0.00,1,0,0,0,1,0,1.93367,0.86091,0.44522,1.93367,0.14605,0.40690,0.25541,0.08637,0.18296,0.09084,0.15582,5,3,none,a0:none:114
5,2005,force_limit_abort_5_2005_0,force_limit_abort,oracle_constraints,0.00,1,0,0,0,1,0,1.25983,0.86091,0.68335,1.25983,0.03892,1.00000,1.00000,0.00568,0.02060,0.01315,0.04501,5,3,none,a0:none:74
5,2006,force_limit_abort_5_2006_0,force_limit_abort,ignore_aborted_actions,0.00,1,0,0,0,1,0,1.19188,0.84417,0.70827,1.19188,0.32606,0.00000,0.00000,0.04709,0.04709,0.00000,0.00000,1,7,none,a0:none:68
5,2006,force_limit_abort_5_2006_0,force_limit_abort,negative_label_baseline,0.00,1,0,0,0,1,0,1.15096,0.84417,0.73345,1.15096,0.33225,0.05634,0.02899,0.04040,0.04072,0.00000,0.00208,1,7,none,a0:none:68
5,2006,force_limit_abort_5_2006_0,force_limit_abort,costmap_from_collisions,0.00,1,0,0,0,1,0,1.12091,0.84417,0.75311,1.12091,0.39386,0.41584,0.26250,0.02831,0.01366,0.00000,0.02285,1,7,none,a0:none:68
5,2006,force_limit_abort_5_2006_0,force_limit_abort,risk_filter_uncertainty,0.00,1,0,0,0,1,0,1.11141,0.84417,0.75956,1.11141,0.32463,0.37113,0.22785,0.03709,0.08857,0.09364,0.02008,1,7,none,a0:none:68
5,2006,force_limit_abort_5_2006_0,force_limit_abort,constraint_classifier,0.00,1,0,0,0,1,0,1.16318,0.84417,0.72575,1.16318,0.32631,0.38037,0.23485,0.04496,0.04317,0.00000,0.06579,1,7,none,a0:none:68
5,2006,force_limit_abort_5_2006_0,force_limit_abort,abort_constraint_discovery,0.00,1,1,0,1,2,0,1.52569,0.84417,0.55331,1.80569,0.35113,0.55399,0.38312,0.04607,0.08009,0.01683,0.10042,1,7,none,a0:visible_collision:20;a1:none:68
5,2006,force_limit_abort_5_2006_0,force_limit_abort,oracle_constraints,0.00,1,0,0,0,1,0,1.06435,0.84417,0.79313,1.06435,0.41052,1.00000,1.00000,0.00560,0.02041,0.00000,0.04709,1,7,none,a0:none:68
5,2007,force_limit_abort_5_2007_0,force_limit_abort,ignore_aborted_actions,0.00,1,0,0,0,1,0,1.11530,0.83890,0.75217,1.11530,0.15858,0.00000,0.00000,0.04571,0.04571,0.00000,0.00000,3,5,none,a0:none:67
5,2007,force_limit_abort_5_2007_0,force_limit_abort,negative_label_baseline,0.00,1,0,0,0,1,0,1.10092,0.83890,0.76200,1.10092,0.17658,0.25641,0.14706,0.03035,0.02935,0.00000,0.00831,3,5,none,a0:none:67
5,2007,force_limit_abort_5_2007_0,force_limit_abort,costmap_from_collisions,0.00,1,1,0,1,2,0,2.14846,0.83890,0.39046,2.42846,0.18535,0.53254,0.36290,0.03713,0.05115,0.02104,0.07133,3,5,none,a0:visible_collision:51;a1:none:77
5,2007,force_limit_abort_5_2007_0,force_limit_abort,risk_filter_uncertainty,0.00,1,0,0,0,1,0,1.07827,0.83890,0.77801,1.07827,0.15224,0.59420,0.42268,0.03565,0.10235,0.10457,0.04986,3,5,none,a0:none:67
5,2007,force_limit_abort_5_2007_0,force_limit_abort,constraint_classifier,0.00,1,0,0,0,1,0,1.21153,0.83890,0.69243,1.21153,0.18571,0.57988,0.40833,0.03729,0.06273,0.00000,0.07133,3,5,none,a0:none:67
5,2007,force_limit_abort_5_2007_0,force_limit_abort,abort_constraint_discovery,0.00,1,0,0,0,1,0,1.30993,0.83890,0.64041,1.30993,0.22813,0.42718,0.27160,0.08452,0.17274,0.02616,0.16828,3,5,none,a0:none:75
5,2007,force_limit_abort_5_2007_0,force_limit_abort,oracle_constraints,0.00,1,1,1,1,3,0,2.90582,0.83890,0.28870,3.46582,0.17883,1.00000,1.00000,0.00573,0.02063,0.00001,0.04571,3,5,none,a0:visible_collision:52;a1:visible_collision:50;a2:none:67
5,2008,force_limit_abort_5_2008_0,force_limit_abort,ignore_aborted_actions,0.00,0,1,1,1,5,0,3.00556,0.84281,0.09815,4.10556,-0.00855,0.00000,0.00000,0.04571,0.04571,0.00000,0.00000,3,5,force_limit,a0:force_limit:38;a1:force_limit:38;a2:force_limit:36;a3:force_limit:36;a4:force_limit:36
5,2008,force_limit_abort_5_2008_0,force_limit_abort,negative_label_baseline,0.00,1,1,1,1,3,0,2.56696,0.84281,0.32833,3.12696,-0.00754,0.30952,0.18310,0.03187,0.02193,0.01915,0.01247,3,5,none,a0:force_limit:46;a1:force_limit:37;a2:none:74
5,2008,force_limit_abort_5_2008_0,force_limit_abort,costmap_from_collisions,0.00,1,0,0,0,1,0,1.40779,0.84281,0.59868,1.40779,0.03533,0.40000,0.25000,0.03562,0.01646,0.03153,0.04086,3,5,none,a0:none:78
5,2008,force_limit_abort_5_2008_0,force_limit_abort,risk_filter_uncertainty,0.00,1,0,0,0,1,0,1.26875,0.84281,0.66428,1.26875,0.03631,0.36090,0.22018,0.04740,0.09598,0.11462,0.04640,3,5,none,a0:none:76
5,2008,force_limit_abort_5_2008_0,force_limit_abort,constraint_classifier,0.00,1,0,0,0,1,0,1.34843,0.84281,0.62504,1.34843,0.05020,0.35233,0.21384,0.05683,0.06660,0.02072,0.08795,3,5,none,a0:none:84
5,2008,force_limit_abort_5_2008_0,force_limit_abort,abort_constraint_discovery,0.00,1,0,0,0,1,0,2.02562,0.84281,0.41608,2.02562,0.10813,0.49042,0.32487,0.06223,0.12677,0.04545,0.13504,3,5,none,a0:none:120
5,2008,force_limit_abort_5_2008_0,force_limit_abort,oracle_constraints,0.00,1,0,0,0,1,0,1.37300,0.84281,0.61385,1.37300,0.05110,1.00000,1.00000,0.00559,0.02042,0.01268,0.04571,3,5,none,a0:none:77
5,3000,human_stop_constraint_5_3000_0,human_stop_constraint,ignore_aborted_actions,0.00,1,0,0,0,1,0,1.15576,0.83247,0.72028,1.15576,0.22473,0.00000,0.00000,0.06371,0.06371,0.00000,0.00000,5,2,none,a0:none:65
5,3000,human_stop_constraint_5_3000_0,human_stop_constraint,negative_label_baseline,0.00,1,0,0,0,1,0,1.12379,0.83247,0.74077,1.12379,0.22256,0.16514,0.09000,0.05348,0.04279,0.00000,0.01177,5,2,none,a0:none:65
5,3000,human_stop_constraint_5_3000_0,human_stop_constraint,costmap_from_collisions,0.00,1,0,0,0,1,0,1.20810,0.83247,0.68908,1.20810,0.20917,0.43243,0.27586,0.04810,0.02799,0.00201,0.06440,5,2,none,a0:none:65
5,3000,human_stop_constraint_5_3000_0,human_stop_constraint,risk_filter_uncertainty,0.00,1,0,0,0,1,0,1.09713,0.83247,0.75877,1.09713,0.22605,0.40838,0.25658,0.05916,0.09661,0.10484,0.06856,5,2,none,a0:none:65
5,3000,human_stop_constraint_5_3000_0,human_stop_constraint,constraint_classifier,0.00,1,0,0,0,1,0,1.14517,0.83247,0.72695,1.14517,0.21234,0.45270,0.29258,0.07423,0.10711,0.00000,0.14127,5,2,none,a0:none:65
5,3000,human_stop_constraint_5_3000_0,human_stop_constraint,abort_constraint_discovery,0.00,1,0,0,0,1,0,1.14239,0.83247,0.72871,1.14239,0.24031,0.61135,0.44025,0.04456,0.05896,0.01633,0.09488,5,2,none,a0:none:67
5,3000,human_stop_constraint_5_3000_0,human_stop_constraint,oracle_constraints,0.00,1,0,0,0,1,0,1.20957,0.83247,0.68824,1.20957,0.21924,1.00000,1.00000,0.00772,0.02687,0.00000,0.06371,5,2,none,a0:none:65
5,3001,human_stop_constraint_5_3001_0,human_stop_constraint,ignore_aborted_actions,0.00,0,1,1,0,5,0,2.39343,0.85700,0.12532,3.49343,-0.01717,0.00000,0.00000,0.06371,0.06371,0.00000,0.00000,7,0,human_stop,a0:human_stop:27;a1:human_stop:27;a2:human_stop:26;a3:human_stop:27;a4:human_stop:27
5,3001,human_stop_constraint_5_3001_0,human_stop_constraint,negative_label_baseline,0.00,1,1,1,0,5,0,3.42478,0.85700,0.25023,4.54478,-0.01354,0.24590,0.14019,0.05224,0.03676,0.02694,0.02078,7,0,none,a0:human_stop:30;a1:human_stop:37;a2:human_stop:26;a3:human_stop:28;a4:none:77
5,3001,human_stop_constraint_5_3001_0,human_stop_constraint,costmap_from_collisions,0.00,1,1,1,1,4,0,3.83725,0.85700,0.22334,4.67725,-0.00524,0.42754,0.27189,0.06863,0.08325,0.03104,0.12742,7,0,none,a0:human_stop:47;a1:visible_collision:24;a2:human_stop:44;a3:none:95
5,3001,human_stop_constraint_5_3001_0,human_stop_constraint,risk_filter_uncertainty,0.00,1,1,1,1,4,0,3.80391,0.85700,0.22529,4.64391,-0.00811,0.40426,0.25333,0.07621,0.13679,0.10944,0.13158,7,0,none,a0:human_stop:42;a1:visible_collision:28;a2:human_stop:44;a3:none:96
5,3001,human_stop_constraint_5_3001_0,human_stop_constraint,constraint_classifier,0.00,1,0,0,0,1,0,1.76968,0.85700,0.48427,1.76968,0.22563,0.27056,0.15644,0.11978,0.17913,0.07814,0.19737,7,0,none,a0:none:97
5,3001,human_stop_constraint_5_3001_0,human_stop_constraint,abort_constraint_discovery,0.00,1,1,0,0,2,0,2.85046,0.85700,0.30065,3.13046,-0.00252,0.46201,0.30040,0.08466,0.13851,0.02806,0.16413,7,0,none,a0:human_stop:62;a1:none:103
5,3001,human_stop_constraint_5_3001_0,human_stop_constraint,oracle_constraints,0.00,1,1,1,1,3,0,2.29539,0.85700,0.37336,2.85539,0.04286,1.00000,1.00000,0.00844,0.02916,0.00726,0.06371,7,0,none,a0:visible_collision:27;a1:visible_collision:28;a2:none:77
5,3002,human_stop_constraint_5_3002_0,human_stop_constraint,ignore_aborted_actions,0.00,0,1,1,1,5,0,1.93279,0.84551,0.15311,3.03279,-0.00923,0.00000,0.00000,0.04917,0.04917,0.00000,0.00000,3,4,human_stop,a0:visible_collision:21;a1:visible_collision:20;a2:visible_collision:20;a3:human_stop:26;a4:human_stop:25
5,3002,human_stop_constraint_5_3002_0,human_stop_constraint,negative_label_baseline,0.00,1,0,0,0,1,0,1.31571,0.84551,0.64262,1.31571,0.08590,0.09877,0.05195,0.04628,0.04049,0.00135,0.00693,3,4,none,a0:none:71
5,3002,human_stop_constraint_5_3002_0,human_stop_constraint,costmap_from_collisions,0.00,1,0,0,0,1,0,1.38808,0.84551,0.60912,1.38808,0.14625,0.26277,0.15126,0.04736,0.02853,0.03149,0.04571,3,4,none,a0:none:75
5,3002,human_stop_constraint_5_3002_0,human_stop_constraint,risk_filter_uncertainty,0.00,1,0,0,0,1,0,1.28322,0.84551,0.65889,1.28322,0.12383,0.23188,0.13115,0.05580,0.09399,0.10978,0.04640,3,4,none,a0:none:73
5,3002,human_stop_constraint_5_3002_0,human_stop_constraint,constraint_classifier,0.00,1,0,0,0,1,0,1.34968,0.84551,0.62645,1.34968,0.14147,0.23077,0.13043,0.07631,0.08573,0.05378,0.09488,3,4,none,a0:none:75
5,3002,human_stop_constraint_5_3002_0,human_stop_constraint,abort_constraint_discovery,0.00,1,0,0,0,1,0,1.38186,0.84551,0.61186,1.38186,0.24307,0.47436,0.31092,0.03948,0.03984,0.03391,0.05886,3,4,none,a0:none:83
5,3002,human_stop_constraint_5_3002_0,human_stop_constraint,oracle_constraints,0.00,1,0,0,0,1,0,1.31049,0.84551,0.64519,1.31049,0.09646,1.00000,1.00000,0.00579,0.02065,0.00062,0.04917,3,4,none,a0:none:71
5,3003,human_stop_constraint_5_3003_0,human_stop_constraint,ignore_aborted_actions,0.00,1,0,0,0,1,0,1.12592,0.82648,0.73405,1.12592,0.03770,0.00000,0.00000,0.06440,0.06440,0.00000,0.00000,4,3,none,a0:none:65
5,3003,human_stop_constraint_5_3003_0,human_stop_constraint,negative_label_baseline,0.00,1,0,0,0,1,0,1.20177,0.82648,0.68772,1.20177,0.05191,0.11321,0.06000,0.05970,0.05170,0.00171,0.00900,4,3,none,a0:none:65
5,3003,human_stop_constraint_5_3003_0,human_stop_constraint,costmap_from_collisions,0.00,1,0,0,0,1,0,1.18346,0.82648,0.69836,1.18346,0.07684,0.27673,0.16058,0.05864,0.04081,0.02693,0.04571,4,3,none,a0:none:67
5,3003,human_stop_constraint_5_3003_0,human_stop_constraint,risk_filter_uncertainty,0.00,1,0,0,0,1,0,1.17290,0.82648,0.70464,1.17290,0.05487,0.24390,0.13889,0.06576,0.08550,0.10884,0.04917,4,3,none,a0:none:69
5,3003,human_stop_constraint_5_3003_0,human_stop_constraint,constraint_classifier,0.00,1,0,0,0,1,0,1.14067,0.82648,0.72456,1.14067,0.05351,0.29344,0.17195,0.08284,0.09400,0.09935,0.11496,4,3,none,a0:none:65
5,3003,human_stop_constraint_5_3003_0,human_stop_constraint,abort_constraint_discovery,0.00,1,0,0,0,1,0,1.16005,0.82648,0.71245,1.16005,0.05862,0.43243,0.27586,0.04848,0.02707,0.00307,0.06371,4,3,none,a0:none:65
5,3003,human_stop_constraint_5_3003_0,human_stop_constraint,oracle_constraints,0.00,1,0,0,0,1,0,1.09367,0.82648,0.75569,1.09367,0.05012,1.00000,1.00000,0.00856,0.02992,0.00499,0.06440,4,3,none,a0:none:65
5,3004,human_stop_constraint_5_3004_0,human_stop_constraint,ignore_aborted_actions,0.00,1,0,0,0,1,0,1.28819,0.84568,0.65649,1.28819,0.04538,0.00000,0.00000,0.06094,0.06094,0.00000,0.00000,4,3,none,a0:none:66
5,3004,human_stop_constraint_5_3004_0,human_stop_constraint,negative_label_baseline,0.00,1,0,0,0,1,0,1.16290,0.84568,0.72722,1.16290,0.05723,0.07843,0.04082,0.05760,0.05079,0.00651,0.00970,4,3,none,a0:none:66
5,3004,human_stop_constraint_5_3004_0,human_stop_constraint,costmap_from_collisions,0.00,1,0,0,0,1,0,1.22479,0.84568,0.69047,1.22479,0.10162,0.26882,0.15528,0.06341,0.05162,0.06738,0.06787,4,3,none,a0:none:70
5,3004,human_stop_constraint_5_3004_0,human_stop_constraint,risk_filter_uncertainty,0.00,1,0,0,0,1,0,1.27446,0.84568,0.66356,1.27446,0.07879,0.25000,0.14286,0.07064,0.10261,0.13416,0.06648,4,3,none,a0:none:68
5,3004,human_stop_constraint_5_3004_0,human_stop_constraint,constraint_classifier,0.00,1,0,0,0,1,0,1.23771,0.84568,0.68326,1.23771,0.06454,0.25306,0.14486,0.09026,0.10539,0.11071,0.10873,4,3,none,a0:none:68
5,3004,human_stop_constraint_5_3004_0,human_stop_constraint,abort_constraint_discovery,0.00,1,0,0,0,1,0,1.58575,0.84568,0.53330,1.58575,0.28605,0.45000,0.29032,0.05463,0.05009,0.01237,0.07756,4,3,none,a0:none:86
5,3004,human_stop_constraint_5_3004_0,human_stop_constraint,oracle_constraints,0.00,1,0,0,0,1,0,1.14057,0.84568,0.74145,1.14057,0.06023,1.00000,1.00000,0.00731,0.02590,0.00474,0.06094,4,3,none,a0:none:66
5,3005,human_stop_constraint_5_3005_0,human_stop_constraint,ignore_aborted_actions,0.00,0,1,1,0,5,0,3.94138,0.87329,0.07755,5.04138,-0.01540,0.00000,0.00000,0.06371,0.06371,0.00000,0.00000,6,1,human_stop,a0:human_stop:43;a1:human_stop:43;a2:human_stop:43;a3:human_stop:44;a4:human_stop:43
5,3005,human_stop_constraint_5_3005_0,human_stop_constraint,negative_label_baseline,0.00,1,0,0,0,1,0,1.34942,0.87329,0.64716,1.34942,0.01424,0.12727,0.06796,0.05717,0.04999,0.00007,0.01247,6,1,none,a0:none:75
5,3005,human_stop_constraint_5_3005_0,human_stop_constraint,costmap_from_collisions,0.00,1,0,0,0,1,0,1.38114,0.87329,0.63230,1.38114,0.03255,0.33503,0.20122,0.05458,0.03702,0.02732,0.07271,6,1,none,a0:none:77
5,3005,human_stop_constraint_5_3005_0,human_stop_constraint,risk_filter_uncertainty,0.00,1,0,0,0,1,0,1.38337,0.87329,0.63128,1.38337,0.00224,0.31959,0.19018,0.06508,0.10292,0.11808,0.07064,6,1,none,a0:none:75
5,3005,human_stop_constraint_5_3005_0,human_stop_constraint,constraint_classifier,0.00,1,0,0,0,1,0,1.35223,0.87329,0.64581,1.35223,0.07744,0.36437,0.22277,0.07605,0.11663,0.07453,0.10734,6,1,none,a0:none:81
5,3005,human_stop_constraint_5_3005_0,human_stop_constraint,abort_constraint_discovery,0.00,1,0,0,0,1,0,1.51104,0.87329,0.57794,1.51104,0.09354,0.51793,0.34946,0.05831,0.08620,0.03404,0.11011,6,1,none,a0:none:87
5,3005,human_stop_constraint_5_3005_0,human_stop_constraint,oracle_constraints,0.00,1,0,0,0,1,0,1.49350,0.87329,0.58473,1.49350,0.05428,1.00000,1.00000,0.00868,0.03062,0.00430,0.06371,6,1,none,a0:none:79
5,3006,human_stop_constraint_5_3006_0,human_stop_constraint,ignore_aborted_actions,0.00,1,0,0,0,1,0,1.37468,0.85638,0.62296,1.37468,0.03792,0.00000,0.00000,0.06233,0.06233,0.00000,0.00000,5,2,none,a0:none:72
5,3006,human_stop_constraint_5_3006_0,human_stop_constraint,negative_label_baseline,0.00,1,0,0,0,1,0,1.46495,0.85638,0.58458,1.46495,0.12404,0.11215,0.05941,0.05789,0.05065,0.00144,0.01177,5,2,none,a0:none:73
5,3006,human_stop_constraint_5_3006_0,human_stop_constraint,costmap_from_collisions,0.00,1,0,0,0,1,0,1.30893,0.85638,0.65425,1.30893,0.15554,0.28415,0.16561,0.06007,0.03728,0.02992,0.06440,5,2,none,a0:none:76
5,3006,human_stop_constraint_5_3006_0,human_stop_constraint,risk_filter_uncertainty,0.00,1,0,0,0,1,0,1.48127,0.85638,0.57814,1.48127,0.17790,0.25000,0.14286,0.07087,0.10635,0.09908,0.07618,5,2,none,a0:none:80
5,3006,human_stop_constraint_5_3006_0,human_stop_constraint,constraint_classifier,0.00,1,0,0,0,1,0,1.49507,0.85638,0.57280,1.49507,0.15842,0.32143,0.19149,0.09850,0.13875,0.02956,0.17036,5,2,none,a0:none:82
5,3006,human_stop_constraint_5_3006_0,human_stop_constraint,abort_constraint_discovery,0.00,1,0,0,0,1,0,1.31460,0.85638,0.65144,1.31460,0.18521,0.54455,0.37415,0.04366,0.04390,0.01534,0.07756,5,2,none,a0:none:77
5,3006,human_stop_constraint_5_3006_0,human_stop_constraint,oracle_constraints,0.00,1,0,0,0,1,0,1.31004,0.85638,0.65370,1.31004,0.05413,1.00000,1.00000,0.00722,0.02543,0.00408,0.06233,5,2,none,a0:none:72
5,3007,human_stop_constraint_5_3007_0,human_stop_constraint,ignore_aborted_actions,0.00,0,1,1,0,5,0,3.07789,0.85693,0.09744,4.17789,-0.02176,0.00000,0.00000,0.06094,0.06094,0.00000,0.00000,6,1,human_stop,a0:human_stop:33;a1:human_stop:33;a2:human_stop:34;a3:human_stop:34;a4:human_stop:33
5,3007,human_stop_constraint_5_3007_0,human_stop_constraint,negative_label_baseline,0.00,1,0,0,0,1,0,1.30415,0.85693,0.65708,1.30415,0.01679,0.11215,0.05941,0.05559,0.04709,0.01135,0.01316,6,1,none,a0:none:72
5,3007,human_stop_constraint_5_3007_0,human_stop_constraint,costmap_from_collisions,0.00,1,0,0,0,1,0,1.59435,0.85693,0.53748,1.59435,0.00774,0.31884,0.18966,0.06151,0.05181,0.03766,0.08241,6,1,none,a0:none:82
5,3007,human_stop_constraint_5_3007_0,human_stop_constraint,risk_filter_uncertainty,0.00,1,1,1,0,3,0,3.16045,0.85693,0.27114,3.72045,-0.01172,0.42146,0.26699,0.07217,0.13661,0.12246,0.11981,6,1,none,a0:human_stop:41;a1:human_stop:44;a2:none:92
5,3007,human_stop_constraint_5_3007_0,human_stop_constraint,constraint_classifier,0.00,1,0,0,0,1,0,1.50257,0.85693,0.57031,1.50257,0.00717,0.25143,0.14379,0.11187,0.16756,0.13920,0.18144,6,1,none,a0:none:82
5,3007,human_stop_constraint_5_3007_0,human_stop_constraint,abort_constraint_discovery,0.00,1,0,0,0,1,0,1.58846,0.85693,0.53947,1.58846,0.09348,0.47656,0.31282,0.06147,0.08818,0.03931,0.11634,6,1,none,a0:none:90
5,3007,human_stop_constraint_5_3007_0,human_stop_constraint,oracle_constraints,0.00,1,0,0,0,1,0,1.20714,0.85693,0.70988,1.20714,0.01510,1.00000,1.00000,0.00862,0.03035,0.02625,0.06094,6,1,none,a0:none:72
5,3008,human_stop_constraint_5_3008_0,human_stop_constraint,ignore_aborted_actions,0.00,0,1,1,0,5,0,3.69871,0.88021,0.08329,4.79871,-0.02798,0.00000,0.00000,0.04848,0.04848,0.00000,0.00000,4,3,human_stop,a0:human_stop:41;a1:human_stop:41;a2:human_stop:41;a3:human_stop:40;a4:human_stop:41
5,3008,human_stop_constraint_5_3008_0,human_stop_constraint,negative_label_baseline,0.00,1,0,0,0,1,0,1.53398,0.88021,0.57381,1.53398,0.01176,0.17073,0.09333,0.04078,0.03295,0.00001,0.00831,4,3,none,a0:none:76
5,3008,human_stop_constraint_5_3008_0,human_stop_constraint,costmap_from_collisions,0.00,1,0,0,0,1,0,1.33991,0.88021,0.65692,1.33991,0.01742,0.38926,0.24167,0.04061,0.02256,0.02525,0.05471,4,3,none,a0:none:76
5,3008,human_stop_constraint_5_3008_0,human_stop_constraint,risk_filter_uncertainty,0.00,1,0,0,0,1,0,1.41303,0.88021,0.62292,1.41303,0.00621,0.37333,0.22951,0.05007,0.09808,0.09976,0.05540,4,3,none,a0:none:76
5,3008,human_stop_constraint_5_3008_0,human_stop_constraint,constraint_classifier,0.00,1,0,0,0,1,0,1.49502,0.88021,0.58876,1.49502,0.06564,0.37815,0.23316,0.06122,0.08564,0.01565,0.11634,4,3,none,a0:none:80
5,3008,human_stop_constraint_5_3008_0,human_stop_constraint,abort_constraint_discovery,0.00,1,0,0,0,1,0,1.58276,0.88021,0.55612,1.58276,0.11822,0.50000,0.33333,0.04440,0.06117,0.02418,0.08449,4,3,none,a0:none:84
5,3008,human_stop_constraint_5_3008_0,human_stop_constraint,oracle_constraints,0.00,1,0,0,0,1,0,1.47605,0.88021,0.59633,1.47605,0.06019,1.00000,1.00000,0.00559,0.02028,0.00294,0.04848,4,3,none,a0:none:80
5,4000,combined_abort_stress_5_4000_0,combined_abort_stress,ignore_aborted_actions,0.00,0,1,1,1,5,0,3.23122,0.84640,0.09168,4.33122,-0.02483,0.00000,0.00000,0.11357,0.11357,0.00000,0.00000,11,0,fixture_snag,a0:fixture_snag:30;a1:fixture_snag:29;a2:fixture_snag:29;a3:fixture_snag:29;a4:fixture_snag:30
5,4000,combined_abort_stress_5_4000_0,combined_abort_stress,negative_label_baseline,0.00,0,1,1,1,5,0,3.57624,0.84640,0.08284,4.67624,-0.01722,0.28986,0.16949,0.08724,0.06718,0.05452,0.02978,11,0,fixture_snag,a0:fixture_snag:33;a1:fixture_snag:31;a2:fixture_snag:31;a3:fixture_snag:31;a4:fixture_snag:30
5,4000,combined_abort_stress_5_4000_0,combined_abort_stress,costmap_from_collisions,0.00,0,1,1,1,5,0,3.79285,0.84640,0.07811,4.89285,-0.02177,0.43333,0.27660,0.10036,0.09446,0.15559,0.13573,11,0,fixture_snag,a0:fixture_snag:37;a1:fixture_snag:32;a2:fixture_snag:30;a3:fixture_snag:31;a4:fixture_snag:30
5,4000,combined_abort_stress_5_4000_0,combined_abort_stress,risk_filter_uncertainty,0.00,1,1,1,1,4,0,4.13819,0.84640,0.20453,4.97819,-0.01697,0.43434,0.27742,0.10660,0.12557,0.13905,0.16066,11,0,none,a0:fixture_snag:38;a1:fixture_snag:32;a2:fixture_snag:31;a3:none:91
5,4000,combined_abort_stress_5_4000_0,combined_abort_stress,constraint_classifier,0.00,1,0,0,0,1,0,2.18303,0.84640,0.38772,2.18303,0.01653,0.36427,0.22270,0.16006,0.20686,0.11549,0.28186,11,0,none,a0:none:96
5,4000,combined_abort_stress_5_4000_0,combined_abort_stress,abort_constraint_discovery,0.00,1,0,0,0,1,0,2.02773,0.84640,0.41741,2.02773,0.00660,0.35000,0.21212,0.16558,0.19629,0.12343,0.24654,11,0,none,a0:none:96
5,4000,combined_abort_stress_5_4000_0,combined_abort_stress,oracle_constraints,0.00,1,0,0,0,1,0,2.00397,0.84640,0.42236,2.00397,0.04549,1.00000,1.00000,0.02093,0.07093,0.00604,0.11357,11,0,none,a0:none:88
5,4001,combined_abort_stress_5_4001_0,combined_abort_stress,ignore_aborted_actions,0.00,0,1,1,1,5,0,1.80518,0.83337,0.16158,2.90518,-0.00799,0.00000,0.00000,0.11288,0.11288,0.00000,0.00000,11,0,visible_collision,a0:visible_collision:12;a1:collision_margin:31;a2:visible_collision:13;a3:visible_collision:17;a4:visible_collision:14
5,4001,combined_abort_stress_5_4001_0,combined_abort_stress,negative_label_baseline,0.00,0,1,1,1,5,0,3.78705,0.83337,0.07702,4.88705,-0.01032,0.23364,0.13228,0.08872,0.05947,0.07738,0.03532,11,0,collision_margin,a0:visible_collision:36;a1:collision_margin:36;a2:human_stop:30;a3:visible_collision:31;a4:collision_margin:36
5,4001,combined_abort_stress_5_4001_0,combined_abort_stress,costmap_from_collisions,0.00,1,0,0,0,1,0,1.51684,0.83337,0.54941,1.51684,0.05108,0.40698,0.25547,0.09056,0.05476,0.04546,0.12535,11,0,none,a0:none:77
5,4001,combined_abort_stress_5_4001_0,combined_abort_stress,risk_filter_uncertainty,0.00,1,0,0,0,1,0,1.60754,0.83337,0.51841,1.60754,0.03170,0.38857,0.24113,0.09782,0.09507,0.17284,0.12950,11,0,none,a0:none:78
5,4001,combined_abort_stress_5_4001_0,combined_abort_stress,constraint_classifier,0.00,1,0,0,0,1,0,1.53481,0.83337,0.54298,1.53481,0.03027,0.40159,0.25124,0.13640,0.16377,0.16469,0.23546,11,0,none,a0:none:75
5,4001,combined_abort_stress_5_4001_0,combined_abort_stress,abort_constraint_discovery,0.00,1,1,1,1,4,0,3.81509,0.83337,0.21844,4.65509,-0.00232,0.48311,0.31849,0.13629,0.19536,0.02184,0.29709,11,0,none,a0:visible_collision:31;a1:visible_collision:32;a2:collision_margin:35;a3:none:76
5,4001,combined_abort_stress_5_4001_0,combined_abort_stress,oracle_constraints,0.00,1,0,0,0,1,0,1.43819,0.83337,0.57946,1.43819,0.04373,1.00000,1.00000,0.01835,0.06301,0.00764,0.11288,11,0,none,a0:none:75
5,4002,combined_abort_stress_5_4002_0,combined_abort_stress,ignore_aborted_actions,0.00,0,1,1,1,5,0,3.19572,0.84619,0.09268,4.29572,-0.02433,0.00000,0.00000,0.11773,0.11773,0.00000,0.00000,11,0,force_limit,a0:fixture_snag:32;a1:fixture_snag:33;a2:fixture_snag:31;a3:fixture_snag:32;a4:force_limit:31
5,4002,combined_abort_stress_5_4002_0,combined_abort_stress,negative_label_baseline,0.00,0,1,1,1,5,0,3.35340,0.84619,0.08832,4.45340,-0.00938,0.22326,0.12565,0.09623,0.06926,0.06253,0.03116,11,0,fixture_snag,a0:fixture_snag:34;a1:force_limit:27;a2:fixture_snag:32;a3:force_limit:30;a4:fixture_snag:34
5,4002,combined_abort_stress_5_4002_0,combined_abort_stress,costmap_from_collisions,0.00,0,1,1,1,5,0,3.95547,0.84619,0.07488,5.05547,-0.02141,0.40409,0.25321,0.11028,0.09202,0.17775,0.15305,11,0,fixture_snag,a0:fixture_snag:42;a1:force_limit:26;a2:fixture_snag:34;a3:fixture_snag:39;a4:fixture_snag:33
5,4002,combined_abort_stress_5_4002_0,combined_abort_stress,risk_filter_uncertainty,0.00,0,1,1,1,5,0,3.45686,0.84619,0.08568,4.55686,-0.01213,0.39012,0.24233,0.11236,0.12015,0.21683,0.16274,11,0,fixture_snag,a0:force_limit:26;a1:fixture_snag:42;a2:fixture_snag:33;a3:force_limit:29;a4:fixture_snag:38
5,4002,combined_abort_stress_5_4002_0,combined_abort_stress,constraint_classifier,0.00,1,0,0,0,1,0,1.80716,0.84619,0.46824,1.80716,0.01057,0.41241,0.25977,0.14632,0.18800,0.13026,0.26177,11,0,none,a0:none:88
5,4002,combined_abort_stress_5_4002_0,combined_abort_stress,abort_constraint_discovery,0.00,1,1,1,1,4,0,5.90711,0.84619,0.14325,6.74711,-0.00947,0.44527,0.28640,0.14391,0.17914,0.07198,0.25554,11,0,none,a0:fixture_snag:33;a1:fixture_snag:45;a2:force_limit:28;a3:none:120
5,4002,combined_abort_stress_5_4002_0,combined_abort_stress,oracle_constraints,0.00,1,0,0,0,1,0,1.82993,0.84619,0.46242,1.82993,0.00972,1.00000,1.00000,0.02038,0.06864,0.01980,0.11773,11,0,none,a0:none:84
5,4003,combined_abort_stress_5_4003_0,combined_abort_stress,ignore_aborted_actions,0.00,0,1,1,1,5,0,3.34977,0.84289,0.08807,4.44977,-0.01491,0.00000,0.00000,0.12673,0.12673,0.00000,0.00000,11,0,force_limit,a0:force_limit:29;a1:force_limit:28;a2:force_limit:29;a3:force_limit:29;a4:force_limit:29
5,4003,combined_abort_stress_5_4003_0,combined_abort_stress,negative_label_baseline,0.00,0,1,1,1,5,0,3.18363,0.84289,0.09267,4.28363,-0.01672,0.28319,0.16495,0.10231,0.08418,0.09323,0.02978,11,0,force_limit,a0:force_limit:32;a1:force_limit:32;a2:visible_collision:19;a3:force_limit:34;a4:force_limit:29
5,4003,combined_abort_stress_5_4003_0,combined_abort_stress,costmap_from_collisions,0.00,0,1,1,1,5,0,3.36833,0.84289,0.08758,4.46833,-0.01812,0.35789,0.21795,0.11847,0.10824,0.20934,0.13643,11,0,force_limit,a0:visible_collision:37;a1:visible_collision:23;a2:force_limit:34;a3:force_limit:29;a4:force_limit:31
5,4003,combined_abort_stress_5_4003_0,combined_abort_stress,risk_filter_uncertainty,0.00,1,1,0,1,2,0,2.43675,0.84289,0.34591,2.71675,0.03537,0.37569,0.23129,0.10880,0.09196,0.14091,0.12396,11,0,none,a0:visible_collision:25;a1:none:88
5,4003,combined_abort_stress_5_4003_0,combined_abort_stress,constraint_classifier,0.00,1,0,0,0,1,0,1.85027,0.84289,0.45555,1.85027,0.03389,0.38780,0.24054,0.12920,0.11592,0.10091,0.19114,11,0,none,a0:none:86
5,4003,combined_abort_stress_5_4003_0,combined_abort_stress,abort_constraint_discovery,0.00,1,0,0,0,1,0,3.43754,0.84289,0.24520,3.43754,0.00737,0.44770,0.28841,0.13082,0.13199,0.02643,0.20429,11,0,none,a0:none:120
5,4003,combined_abort_stress_5_4003_0,combined_abort_stress,oracle_constraints,0.00,1,0,0,0,1,0,2.10699,0.84289,0.40005,2.10699,0.02763,1.00000,1.00000,0.02274,0.07610,0.01545,0.12673,11,0,none,a0:none:86
5,4004,combined_abort_stress_5_4004_0,combined_abort_stress,ignore_aborted_actions,0.00,0,1,1,1,5,0,2.43557,0.85280,0.12255,3.53557,-0.01852,0.00000,0.00000,0.11288,0.11288,0.00000,0.00000,11,0,force_limit,a0:force_limit:22;a1:force_limit:22;a2:force_limit:22;a3:force_limit:24;a4:force_limit:23
5,4004,combined_abort_stress_5_4004_0,combined_abort_stress,negative_label_baseline,0.00,0,1,1,1,5,0,2.99406,0.85280,0.09969,4.09406,-0.02497,0.31068,0.18391,0.07814,0.06629,0.07699,0.02978,11,0,force_limit,a0:force_limit:24;a1:collision_margin:30;a2:force_limit:22;a3:collision_margin:32;a4:force_limit:22
5,4004,combined_abort_stress_5_4004_0,combined_abort_stress,costmap_from_collisions,0.00,0,1,1,1,5,0,3.30792,0.85280,0.09023,4.40792,-0.01767,0.51282,0.34483,0.08222,0.06215,0.18093,0.15720,11,0,collision_margin,a0:visible_collision:33;a1:collision_margin:35;a2:visible_collision:25;a3:force_limit:26;a4:collision_margin:32
5,4004,combined_abort_stress_5_4004_0,combined_abort_stress,risk_filter_uncertainty,0.00,0,1,1,1,5,0,3.59109,0.85280,0.08312,4.69109,-0.01782,0.50739,0.33993,0.08914,0.11654,0.24173,0.16828,11,0,force_limit,a0:visible_collision:32;a1:force_limit:28;a2:collision_margin:34;a3:visible_collision:49;a4:force_limit:22
5,4004,combined_abort_stress_5_4004_0,combined_abort_stress,constraint_classifier,0.00,0,1,1,1,5,0,3.63460,0.85280,0.08212,4.73460,-0.00744,0.52158,0.35280,0.12501,0.19073,0.31355,0.27216,11,0,force_limit,a0:visible_collision:53;a1:visible_collision:31;a2:force_limit:24;a3:force_limit:22;a4:force_limit:24
5,4004,combined_abort_stress_5_4004_0,combined_abort_stress,abort_constraint_discovery,0.00,1,0,0,0,1,0,2.26962,0.85280,0.37575,2.26962,0.03997,0.48067,0.31637,0.14795,0.22790,0.15222,0.29917,11,0,none,a0:none:113
5,4004,combined_abort_stress_5_4004_0,combined_abort_stress,oracle_constraints,0.00,1,1,0,1,2,0,2.86563,0.85280,0.29760,3.14563,0.03319,1.00000,1.00000,0.01837,0.06208,0.00749,0.11288,11,0,none,a0:visible_collision:30;a1:none:98
5,4005,combined_abort_stress_5_4005_0,combined_abort_stress,ignore_aborted_actions,0.00,0,1,1,1,5,0,3.49888,0.84869,0.08490,4.59888,-0.02322,0.00000,0.00000,0.11981,0.11981,0.00000,0.00000,11,0,collision_margin,a0:collision_margin:32;a1:collision_margin:32;a2:collision_margin:31;a3:collision_margin:31;a4:collision_margin:31
5,4005,combined_abort_stress_5_4005_0,combined_abort_stress,negative_label_baseline,0.00,0,1,1,1,5,0,3.93149,0.84869,0.07555,5.03149,-0.02636,0.27650,0.16043,0.09482,0.07291,0.07424,0.03047,11,0,collision_margin,a0:collision_margin:37;a1:collision_margin:37;a2:collision_margin:32;a3:collision_margin:31;a4:collision_margin:32
5,4005,combined_abort_stress_5_4005_0,combined_abort_stress,costmap_from_collisions,0.00,0,1,1,1,5,0,3.88114,0.84869,0.07653,4.98114,-0.02651,0.44624,0.28720,0.09573,0.06860,0.17285,0.13781,11,0,collision_margin,a0:unstable_slip:44;a1:collision_margin:37;a2:collision_margin:33;a3:collision_margin:31;a4:collision_margin:36
5,4005,combined_abort_stress_5_4005_0,combined_abort_stress,risk_filter_uncertainty,0.00,0,1,1,1,5,0,3.78440,0.84869,0.07849,4.88440,-0.01965,0.43655,0.27922,0.10161,0.10033,0.23767,0.15305,11,0,collision_margin,a0:unstable_slip:46;a1:collision_margin:37;a2:collision_margin:32;a3:collision_margin:35;a4:collision_margin:32
5,4005,combined_abort_stress_5_4005_0,combined_abort_stress,constraint_classifier,0.00,0,1,1,1,5,0,3.92604,0.84869,0.07566,5.02604,-0.02814,0.41356,0.26068,0.14740,0.18953,0.34290,0.28878,11,0,collision_margin,a0:human_stop:48;a1:collision_margin:33;a2:collision_margin:33;a3:collision_margin:33;a4:collision_margin:33
5,4005,combined_abort_stress_5_4005_0,combined_abort_stress,abort_constraint_discovery,0.00,0,1,1,1,5,0,5.48662,0.84869,0.05414,6.58662,-0.01686,0.46429,0.30233,0.14599,0.16443,0.22608,0.26801,11,0,collision_margin,a0:fixture_snag:57;a1:collision_margin:45;a2:collision_margin:46;a3:human_stop:51;a4:collision_margin:52
5,4005,combined_abort_stress_5_4005_0,combined_abort_stress,oracle_constraints,0.00,1,1,0,1,2,0,3.43326,0.84869,0.24720,3.71326,0.04153,1.00000,1.00000,0.02045,0.06886,0.01029,0.11981,11,0,none,a0:visible_collision:49;a1:none:111
5,4006,combined_abort_stress_5_4006_0,combined_abort_stress,ignore_aborted_actions,0.00,1,0,0,0,1,0,1.60379,0.86231,0.53767,1.60379,0.00406,0.00000,0.00000,0.11496,0.11496,0.00000,0.00000,11,0,none,a0:none:71
5,4006,combined_abort_stress_5_4006_0,combined_abort_stress,negative_label_baseline,0.00,1,1,0,1,2,0,2.84797,0.86231,0.30278,3.12797,0.04121,0.16667,0.09091,0.10197,0.08194,0.02063,0.02632,11,0,none,a0:visible_collision:52;a1:none:75
5,4006,combined_abort_stress_5_4006_0,combined_abort_stress,costmap_from_collisions,0.00,1,1,0,0,2,0,2.42577,0.86231,0.35548,2.70577,-0.00494,0.33146,0.19865,0.11415,0.09542,0.10894,0.13158,11,0,none,a0:fixture_snag:41;a1:none:79
5,4006,combined_abort_stress_5_4006_0,combined_abort_stress,risk_filter_uncertainty,0.00,1,1,0,0,2,0,2.68680,0.86231,0.32094,2.96680,-0.00221,0.31579,0.18750,0.11892,0.11514,0.18339,0.16136,11,0,none,a0:fixture_snag:41;a1:none:80
5,4006,combined_abort_stress_5_4006_0,combined_abort_stress,constraint_classifier,0.00,1,0,0,0,1,0,1.92073,0.86231,0.44895,1.92073,0.02048,0.33735,0.20290,0.16720,0.20417,0.17984,0.28740,11,0,none,a0:none:94
5,4006,combined_abort_stress_5_4006_0,combined_abort_stress,abort_constraint_discovery,0.00,1,1,0,0,2,0,2.59004,0.86231,0.33293,2.87004,-0.00435,0.34656,0.20960,0.15596,0.15625,0.14915,0.21676,11,0,none,a0:fixture_snag:41;a1:none:75
5,4006,combined_abort_stress_5_4006_0,combined_abort_stress,oracle_constraints,0.00,1,1,1,1,3,0,4.12419,0.86231,0.20909,4.68419,0.05270,1.00000,1.00000,0.01761,0.05909,0.00385,0.11496,11,0,none,a0:visible_collision:53;a1:visible_collision:57;a2:none:71
5,4007,combined_abort_stress_5_4007_0,combined_abort_stress,ignore_aborted_actions,0.00,0,1,1,0,5,0,2.86500,0.84411,0.10312,3.96500,-0.02419,0.00000,0.00000,0.12604,0.12604,0.00000,0.00000,11,0,human_stop,a0:human_stop:24;a1:human_stop:28;a2:human_stop:26;a3:human_stop:26;a4:human_stop:27
5,4007,combined_abort_stress_5_4007_0,combined_abort_stress,negative_label_baseline,0.00,0,1,1,1,5,0,3.52677,0.84411,0.08377,4.62677,-0.02013,0.21719,0.12183,0.10531,0.08161,0.09400,0.02701,11,0,human_stop,a0:force_limit:37;a1:fixture_snag:38;a2:human_stop:27;a3:human_stop:26;a4:human_stop:27
5,4007,combined_abort_stress_5_4007_0,combined_abort_stress,costmap_from_collisions,0.00,1,1,0,1,2,0,2.63283,0.84411,0.32061,2.91283,-0.01075,0.31361,0.18596,0.12440,0.11711,0.06720,0.10803,11,0,none,a0:fixture_snag:39;a1:none:79
5,4007,combined_abort_stress_5_4007_0,combined_abort_stress,risk_filter_uncertainty,0.00,1,1,0,1,2,0,2.74595,0.84411,0.30740,3.02595,-0.02767,0.31233,0.18506,0.12582,0.08668,0.13095,0.12673,11,0,none,a0:fixture_snag:41;a1:none:79
5,4007,combined_abort_stress_5_4007_0,combined_abort_stress,constraint_classifier,0.00,1,1,1,1,4,0,5.45017,0.84411,0.15488,6.29017,-0.02150,0.35772,0.21782,0.17775,0.20959,0.09899,0.29986,11,0,none,a0:fixture_snag:46;a1:fixture_snag:44;a2:force_limit:42;a3:none:114
5,4007,combined_abort_stress_5_4007_0,combined_abort_stress,abort_constraint_discovery,0.00,1,1,1,1,3,0,4.59565,0.84411,0.18368,5.15565,-0.00954,0.32976,0.19744,0.15827,0.15766,0.06271,0.19737,11,0,none,a0:fixture_snag:49;a1:fixture_snag:43;a2:none:116
5,4007,combined_abort_stress_5_4007_0,combined_abort_stress,oracle_constraints,0.00,1,0,0,0,1,0,1.73553,0.84411,0.48637,1.73553,0.01110,1.00000,1.00000,0.02173,0.07301,0.06014,0.12604,11,0,none,a0:none:81
5,4008,combined_abort_stress_5_4008_0,combined_abort_stress,ignore_aborted_actions,0.00,0,1,1,1,5,0,2.76287,0.84711,0.10731,3.86287,-0.02748,0.00000,0.00000,0.13227,0.13227,0.00000,0.00000,11,0,fixture_snag,a0:fixture_snag:27;a1:fixture_snag:27;a2:fixture_snag:26;a3:fixture_snag:25;a4:fixture_snag:26
5,4008,combined_abort_stress_5_4008_0,combined_abort_stress,negative_label_baseline,0.00,0,1,1,1,5,0,2.71895,0.84711,0.10905,3.81895,-0.02220,0.23176,0.13107,0.11062,0.09111,0.08082,0.02909,11,0,fixture_snag,a0:fixture_snag:28;a1:fixture_snag:25;a2:fixture_snag:27;a3:fixture_snag:24;a4:fixture_snag:27
5,4008,combined_abort_stress_5_4008_0,combined_abort_stress,costmap_from_collisions,0.00,0,1,1,1,5,0,2.94967,0.84711,0.10052,4.04967,-0.01483,0.36517,0.22337,0.11620,0.09899,0.16779,0.11427,11,0,fixture_snag,a0:fixture_snag:28;a1:fixture_snag:27;a2:fixture_snag:23;a3:fixture_snag:26;a4:fixture_snag:26
5,4008,combined_abort_stress_5_4008_0,combined_abort_stress,risk_filter_uncertainty,0.00,0,1,1,1,5,0,3.26702,0.84711,0.09075,4.36702,-0.02419,0.36554,0.22364,0.11277,0.08971,0.25487,0.13296,11,0,fixture_snag,a0:fixture_snag:28;a1:fixture_snag:28;a2:fixture_snag:24;a3:unstable_slip:35;a4:fixture_snag:28
5,4008,combined_abort_stress_5_4008_0,combined_abort_stress,constraint_classifier,0.00,0,1,1,1,5,0,2.80261,0.84711,0.10579,3.90261,-0.02334,0.39766,0.24818,0.14515,0.15375,0.34235,0.22299,11,0,fixture_snag,a0:fixture_snag:26;a1:fixture_snag:24;a2:fixture_snag:23;a3:fixture_snag:24;a4:fixture_snag:22
5,4008,combined_abort_stress_5_4008_0,combined_abort_stress,abort_constraint_discovery,0.00,0,1,1,1,5,0,5.83344,0.84711,0.05083,6.93344,-0.00689,0.45263,0.29252,0.14888,0.14894,0.15708,0.26247,11,0,visible_collision,a0:human_stop:62;a1:fixture_snag:42;a2:collision_margin:69;a3:unstable_slip:39;a4:visible_collision:54
5,4008,combined_abort_stress_5_4008_0,combined_abort_stress,oracle_constraints,0.00,1,0,0,0,1,0,1.87099,0.84711,0.45276,1.87099,0.00247,1.00000,1.00000,0.02305,0.07619,0.04162,0.13227,11,0,none,a0:none:79
6,0,nominal_known_constraints_6_0_0,nominal_known_constraints,ignore_aborted_actions,0.00,1,0,0,0,1,0,0.93736,0.83746,0.89342,0.93736,1.00000,1.00000,1.00000,0.00000,0.00000,0.00000,0.00000,1,4,none,a0:none:67
6,0,nominal_known_constraints_6_0_0,nominal_known_constraints,negative_label_baseline,0.00,1,0,0,0,1,0,0.94508,0.83746,0.88613,0.94508,1.00000,0.00000,0.00000,0.00212,0.00653,0.00000,0.00277,1,4,none,a0:none:67
6,0,nominal_known_constraints_6_0_0,nominal_known_constraints,costmap_from_collisions,0.00,1,0,0,0,1,0,0.95765,0.83746,0.87449,0.95765,1.00000,0.00000,0.00000,0.01035,0.02524,0.00055,0.01524,1,4,none,a0:none:67
6,0,nominal_known_constraints_6_0_0,nominal_known_constraints,risk_filter_uncertainty,0.00,1,0,0,0,1,0,0.95146,0.83746,0.88018,0.95146,1.00000,0.00000,0.00000,0.02498,0.12405,0.09906,0.01939,1,4,none,a0:none:67
6,0,nominal_known_constraints_6_0_0,nominal_known_constraints,constraint_classifier,0.00,1,0,0,0,1,0,0.92916,0.83746,0.90131,0.92916,1.00000,0.00000,0.00000,0.02197,0.07691,0.00000,0.02562,1,4,none,a0:none:67
6,0,nominal_known_constraints_6_0_0,nominal_known_constraints,abort_constraint_discovery,0.00,1,0,0,0,1,0,0.92290,0.83746,0.90743,0.92290,1.00000,0.00000,0.00000,0.00084,0.00246,0.00000,0.00139,1,4,none,a0:none:67
6,0,nominal_known_constraints_6_0_0,nominal_known_constraints,oracle_constraints,0.00,1,0,0,0,1,0,0.95210,0.83746,0.87959,0.95210,1.00000,1.00000,1.00000,0.00000,0.00000,0.00000,0.00000,1,4,none,a0:none:67
6,1,nominal_known_constraints_6_1_0,nominal_known_constraints,ignore_aborted_actions,0.00,1,0,0,0,1,0,1.04499,0.86875,0.83135,1.04499,1.00000,1.00000,1.00000,0.00000,0.00000,0.00000,0.00000,0,5,none,a0:none:73
6,1,nominal_known_constraints_6_1_0,nominal_known_constraints,negative_label_baseline,0.00,1,0,0,0,1,0,1.02627,0.86875,0.84651,1.02627,1.00000,1.00000,1.00000,0.00000,0.00000,0.00000,0.00000,0,5,none,a0:none:73
6,1,nominal_known_constraints_6_1_0,nominal_known_constraints,costmap_from_collisions,0.00,1,0,0,0,1,0,1.01061,0.86875,0.85963,1.01061,1.00000,1.00000,1.00000,0.00000,0.00000,0.00000,0.00000,0,5,none,a0:none:73
6,1,nominal_known_constraints_6_1_0,nominal_known_constraints,risk_filter_uncertainty,0.00,1,0,0,0,1,0,0.98511,0.86875,0.88188,0.98511,1.00000,1.00000,1.00000,0.01363,0.10730,0.10510,0.00000,0,5,none,a0:none:73
6,1,nominal_known_constraints_6_1_0,nominal_known_constraints,constraint_classifier,0.00,1,0,0,0,1,0,1.03910,0.86875,0.83606,1.03910,1.00000,1.00000,1.00000,0.00198,0.02975,0.00000,0.00000,0,5,none,a0:none:73
6,1,nominal_known_constraints_6_1_0,nominal_known_constraints,abort_constraint_discovery,0.00,1,0,0,0,1,0,1.06764,0.86875,0.81371,1.06764,1.00000,1.00000,1.00000,0.00000,0.00000,0.00000,0.00000,0,5,none,a0:none:73
6,1,nominal_known_constraints_6_1_0,nominal_known_constraints,oracle_constraints,0.00,1,0,0,0,1,0,1.04515,0.86875,0.83122,1.04515,1.00000,1.00000,1.00000,0.00000,0.00000,0.00000,0.00000,0,5,none,a0:none:73
6,2,nominal_known_constraints_6_2_0,nominal_known_constraints,ignore_aborted_actions,0.00,1,0,0,0,1,0,0.96480,0.84075,0.87143,0.96480,1.00000,1.00000,1.00000,0.00000,0.00000,0.00000,0.00000,0,5,none,a0:none:67
6,2,nominal_known_constraints_6_2_0,nominal_known_constraints,negative_label_baseline,0.00,1,0,0,0,1,0,0.94928,0.84075,0.88567,0.94928,1.00000,1.00000,1.00000,0.00000,0.00000,0.00000,0.00000,0,5,none,a0:none:67
6,2,nominal_known_constraints_6_2_0,nominal_known_constraints,costmap_from_collisions,0.00,1,0,0,0,1,0,0.92931,0.84075,0.90471,0.92931,1.00000,1.00000,1.00000,0.00000,0.00000,0.00000,0.00000,0,5,none,a0:none:67
6,2,nominal_known_constraints_6_2_0,nominal_known_constraints,risk_filter_uncertainty,0.00,1,0,0,0,1,0,0.94404,0.84075,0.89059,0.94404,1.00000,1.00000,1.00000,0.01350,0.10649,0.08810,0.00000,0,5,none,a0:none:67
6,2,nominal_known_constraints_6_2_0,nominal_known_constraints,constraint_classifier,0.00,1,0,0,0,1,0,0.96122,0.84075,0.87467,0.96122,1.00000,1.00000,1.00000,0.00155,0.02401,0.00000,0.00000,0,5,none,a0:none:67
6,2,nominal_known_constraints_6_2_0,nominal_known_constraints,abort_constraint_discovery,0.00,1,0,0,0,1,0,0.97054,0.84075,0.86628,0.97054,1.00000,1.00000,1.00000,0.00000,0.00000,0.00000,0.00000,0,5,none,a0:none:67
6,2,nominal_known_constraints_6_2_0,nominal_known_constraints,oracle_constraints,0.00,1,0,0,0,1,0,0.94638,0.84075,0.88839,0.94638,1.00000,1.00000,1.00000,0.00000,0.00000,0.00000,0.00000,0,5,none,a0:none:67
6,3,nominal_known_constraints_6_3_0,nominal_known_constraints,ignore_aborted_actions,0.00,1,0,0,0,1,0,0.92071,0.84877,0.92186,0.92071,1.00000,1.00000,1.00000,0.00000,0.00000,0.00000,0.00000,0,5,none,a0:none:67
6,3,nominal_known_constraints_6_3_0,nominal_known_constraints,negative_label_baseline,0.00,1,0,0,0,1,0,0.97892,0.84877,0.86705,0.97892,1.00000,1.00000,1.00000,0.00000,0.00000,0.00000,0.00000,0,5,none,a0:none:67
6,3,nominal_known_constraints_6_3_0,nominal_known_constraints,costmap_from_collisions,0.00,1,0,0,0,1,0,0.94146,0.84877,0.90155,0.94146,1.00000,1.00000,1.00000,0.00000,0.00000,0.00000,0.00000,0,5,none,a0:none:67
6,3,nominal_known_constraints_6_3_0,nominal_known_constraints,risk_filter_uncertainty,0.00,1,0,0,0,1,0,0.94426,0.84877,0.89887,0.94426,1.00000,1.00000,1.00000,0.01354,0.10645,0.08687,0.00000,0,5,none,a0:none:67
6,3,nominal_known_constraints_6_3_0,nominal_known_constraints,constraint_classifier,0.00,1,0,0,0,1,0,0.92977,0.84877,0.91289,0.92977,1.00000,1.00000,1.00000,0.00183,0.02777,0.00000,0.00000,0,5,none,a0:none:67
6,3,nominal_known_constraints_6_3_0,nominal_known_constraints,abort_constraint_discovery,0.00,1,0,0,0,1,0,0.96302,0.84877,0.88136,0.96302,1.00000,1.00000,1.00000,0.00000,0.00000,0.00000,0.00000,0,5,none,a0:none:67
6,3,nominal_known_constraints_6_3_0,nominal_known_constraints,oracle_constraints,0.00,1,0,0,0,1,0,0.97925,0.84877,0.86676,0.97925,1.00000,1.00000,1.00000,0.00000,0.00000,0.00000,0.00000,0,5,none,a0:none:67
6,4,nominal_known_constraints_6_4_0,nominal_known_constraints,ignore_aborted_actions,0.00,1,0,0,0,1,0,0.97917,0.84021,0.85808,0.97917,1.00000,1.00000,1.00000,0.00000,0.00000,0.00000,0.00000,0,5,none,a0:none:69
6,4,nominal_known_constraints_6_4_0,nominal_known_constraints,negative_label_baseline,0.00,1,0,0,0,1,0,0.94834,0.84021,0.88598,0.94834,1.00000,1.00000,1.00000,0.00000,0.00000,0.00000,0.00000,0,5,none,a0:none:69
6,4,nominal_known_constraints_6_4_0,nominal_known_constraints,costmap_from_collisions,0.00,1,0,0,0,1,0,0.95570,0.84021,0.87916,0.95570,1.00000,1.00000,1.00000,0.00000,0.00000,0.00000,0.00000,0,5,none,a0:none:69
6,4,nominal_known_constraints_6_4_0,nominal_known_constraints,risk_filter_uncertainty,0.00,1,0,0,0,1,0,0.97860,0.84021,0.85859,0.97860,1.00000,1.00000,1.00000,0.01362,0.10710,0.10405,0.00000,0,5,none,a0:none:69
6,4,nominal_known_constraints_6_4_0,nominal_known_constraints,constraint_classifier,0.00,1,0,0,0,1,0,0.99308,0.84021,0.84607,0.99308,1.00000,1.00000,1.00000,0.00243,0.03529,0.00000,0.00000,0,5,none,a0:none:69
6,4,nominal_known_constraints_6_4_0,nominal_known_constraints,abort_constraint_discovery,0.00,1,0,0,0,1,0,0.98820,0.84021,0.85025,0.98820,1.00000,1.00000,1.00000,0.00000,0.00000,0.00000,0.00000,0,5,none,a0:none:69
6,4,nominal_known_constraints_6_4_0,nominal_known_constraints,oracle_constraints,0.00,1,0,0,0,1,0,0.94027,0.84021,0.89359,0.94027,1.00000,1.00000,1.00000,0.00000,0.00000,0.00000,0.00000,0,5,none,a0:none:69
6,5,nominal_known_constraints_6_5_0,nominal_known_constraints,ignore_aborted_actions,0.00,1,0,0,0,1,0,0.97740,0.85421,0.87396,0.97740,1.00000,1.00000,1.00000,0.00000,0.00000,0.00000,0.00000,1,4,none,a0:none:68
6,5,nominal_known_constraints_6_5_0,nominal_known_constraints,negative_label_baseline,0.00,1,0,0,0,1,0,0.97161,0.85421,0.87917,0.97161,1.00000,0.00000,0.00000,0.00212,0.00653,0.00000,0.00277,1,4,none,a0:none:68
6,5,nominal_known_constraints_6_5_0,nominal_known_constraints,costmap_from_collisions,0.00,1,0,0,0,1,0,0.96218,0.85421,0.88779,0.96218,1.00000,0.00000,0.00000,0.01035,0.02525,0.00000,0.01454,1,4,none,a0:none:68
6,5,nominal_known_constraints_6_5_0,nominal_known_constraints,risk_filter_uncertainty,0.00,1,0,0,0,1,0,0.96649,0.85421,0.88383,0.96649,1.00000,0.00000,0.00000,0.02485,0.12359,0.09758,0.02078,1,4,none,a0:none:68
6,5,nominal_known_constraints_6_5_0,nominal_known_constraints,constraint_classifier,0.00,1,0,0,0,1,0,0.97169,0.85421,0.87910,0.97169,1.00000,0.00000,0.00000,0.01981,0.07450,0.00000,0.02216,1,4,none,a0:none:68
6,5,nominal_known_constraints_6_5_0,nominal_known_constraints,abort_constraint_discovery,0.00,1,0,0,0,1,0,0.97891,0.85421,0.87262,0.97891,1.00000,0.00000,0.00000,0.00084,0.00246,0.00000,0.00139,1,4,none,a0:none:68
6,5,nominal_known_constraints_6_5_0,nominal_known_constraints,oracle_constraints,0.00,1,0,0,0,1,0,0.98375,0.85421,0.86832,0.98375,1.00000,1.00000,1.00000,0.00000,0.00000,0.00000,0.00000,1,4,none,a0:none:68
6,6,nominal_known_constraints_6_6_0,nominal_known_constraints,ignore_aborted_actions,0.00,1,0,0,0,1,0,0.91182,0.84079,0.92211,0.91182,1.00000,1.00000,1.00000,0.00000,0.00000,0.00000,0.00000,0,5,none,a0:none:66
6,6,nominal_known_constraints_6_6_0,nominal_known_constraints,negative_label_baseline,0.00,1,0,0,0,1,0,0.91946,0.84079,0.91445,0.91946,1.00000,1.00000,1.00000,0.00000,0.00000,0.00000,0.00000,0,5,none,a0:none:66
6,6,nominal_known_constraints_6_6_0,nominal_known_constraints,costmap_from_collisions,0.00,1,0,0,0,1,0,0.95073,0.84079,0.88436,0.95073,1.00000,1.00000,1.00000,0.00000,0.00000,0.00000,0.00000,0,5,none,a0:none:66
6,6,nominal_known_constraints_6_6_0,nominal_known_constraints,risk_filter_uncertainty,0.00,1,0,0,0,1,0,0.95529,0.84079,0.88015,0.95529,1.00000,1.00000,1.00000,0.01360,0.10647,0.08347,0.00000,0,5,none,a0:none:66
6,6,nominal_known_constraints_6_6_0,nominal_known_constraints,constraint_classifier,0.00,1,0,0,0,1,0,0.93385,0.84079,0.90035,0.93385,1.00000,1.00000,1.00000,0.00226,0.03306,0.00000,0.00000,0,5,none,a0:none:66
6,6,nominal_known_constraints_6_6_0,nominal_known_constraints,abort_constraint_discovery,0.00,1,0,0,0,1,0,0.93890,0.84079,0.89551,0.93890,1.00000,1.00000,1.00000,0.00000,0.00000,0.00000,0.00000,0,5,none,a0:none:66
6,6,nominal_known_constraints_6_6_0,nominal_known_constraints,oracle_constraints,0.00,1,0,0,0,1,0,0.96678,0.84079,0.86968,0.96678,1.00000,1.00000,1.00000,0.00000,0.00000,0.00000,0.00000,0,5,none,a0:none:66
6,7,nominal_known_constraints_6_7_0,nominal_known_constraints,ignore_aborted_actions,0.00,1,0,0,0,1,0,0.98073,0.83645,0.85289,0.98073,1.00000,1.00000,1.00000,0.00000,0.00000,0.00000,0.00000,0,5,none,a0:none:67
6,7,nominal_known_constraints_6_7_0,nominal_known_constraints,negative_label_baseline,0.00,1,0,0,0,1,0,0.93756,0.83645,0.89215,0.93756,1.00000,1.00000,1.00000,0.00000,0.00000,0.00000,0.00000,0,5,none,a0:none:67
6,7,nominal_known_constraints_6_7_0,nominal_known_constraints,costmap_from_collisions,0.00,1,0,0,0,1,0,0.96647,0.83645,0.86547,0.96647,1.00000,1.00000,1.00000,0.00000,0.00000,0.00000,0.00000,0,5,none,a0:none:67
6,7,nominal_known_constraints_6_7_0,nominal_known_constraints,risk_filter_uncertainty,0.00,1,0,0,0,1,0,0.93924,0.83645,0.89056,0.93924,1.00000,1.00000,1.00000,0.01350,0.10650,0.09869,0.00000,0,5,none,a0:none:67
6,7,nominal_known_constraints_6_7_0,nominal_known_constraints,constraint_classifier,0.00,1,0,0,0,1,0,0.93746,0.83645,0.89225,0.93746,1.00000,1.00000,1.00000,0.00145,0.02292,0.00000,0.00000,0,5,none,a0:none:67
6,7,nominal_known_constraints_6_7_0,nominal_known_constraints,abort_constraint_discovery,0.00,1,0,0,0,1,0,0.94050,0.83645,0.88937,0.94050,1.00000,1.00000,1.00000,0.00000,0.00000,0.00000,0.00000,0,5,none,a0:none:67
6,7,nominal_known_constraints_6_7_0,nominal_known_constraints,oracle_constraints,0.00,1,0,0,0,1,0,0.93894,0.83645,0.89085,0.93894,1.00000,1.00000,1.00000,0.00000,0.00000,0.00000,0.00000,0,5,none,a0:none:67
6,8,nominal_known_constraints_6_8_0,nominal_known_constraints,ignore_aborted_actions,0.00,1,0,0,0,1,0,0.94218,0.83989,0.89143,0.94218,1.00000,1.00000,1.00000,0.00000,0.00000,0.00000,0.00000,0,5,none,a0:none:67
6,8,nominal_known_constraints_6_8_0,nominal_known_constraints,negative_label_baseline,0.00,1,0,0,0,1,0,0.94955,0.83989,0.88452,0.94955,1.00000,1.00000,1.00000,0.00000,0.00000,0.00000,0.00000,0,5,none,a0:none:67
6,8,nominal_known_constraints_6_8_0,nominal_known_constraints,costmap_from_collisions,0.00,1,0,0,0,1,0,0.92957,0.83989,0.90353,0.92957,1.00000,1.00000,1.00000,0.00000,0.00000,0.00000,0.00000,0,5,none,a0:none:67
6,8,nominal_known_constraints_6_8_0,nominal_known_constraints,risk_filter_uncertainty,0.00,1,0,0,0,1,0,0.93788,0.83989,0.89552,0.93788,1.00000,1.00000,1.00000,0.01364,0.10668,0.10232,0.00000,0,5,none,a0:none:67
6,8,nominal_known_constraints_6_8_0,nominal_known_constraints,constraint_classifier,0.00,1,0,0,0,1,0,0.94918,0.83989,0.88486,0.94918,1.00000,1.00000,1.00000,0.00191,0.02836,0.00000,0.00000,0,5,none,a0:none:67
6,8,nominal_known_constraints_6_8_0,nominal_known_constraints,abort_constraint_discovery,0.00,1,0,0,0,1,0,0.95716,0.83989,0.87748,0.95716,1.00000,1.00000,1.00000,0.00000,0.00000,0.00000,0.00000,0,5,none,a0:none:67
6,8,nominal_known_constraints_6_8_0,nominal_known_constraints,oracle_constraints,0.00,1,0,0,0,1,0,0.93382,0.83989,0.89941,0.93382,1.00000,1.00000,1.00000,0.00000,0.00000,0.00000,0.00000,0,5,none,a0:none:67
6,1000,hidden_wall_abort_6_1000_0,hidden_wall_abort,ignore_aborted_actions,0.00,0,1,1,1,5,0,2.23542,0.84498,0.13230,3.33542,-0.02360,0.00000,0.00000,0.03947,0.03947,0.00000,0.00000,7,1,collision_margin,a0:collision_margin:28;a1:collision_margin:29;a2:collision_margin:28;a3:collision_margin:28;a4:collision_margin:29
6,1000,hidden_wall_abort_6_1000_0,hidden_wall_abort,negative_label_baseline,0.00,1,1,0,1,2,0,1.56771,0.84498,0.53899,1.84771,-0.00652,0.35443,0.21538,0.02821,0.01645,0.01262,0.01524,7,1,none,a0:collision_margin:29;a1:none:72
6,1000,hidden_wall_abort_6_1000_0,hidden_wall_abort,costmap_from_collisions,0.00,1,1,0,0,2,0,1.78254,0.84498,0.47403,2.06254,-0.00276,0.46988,0.30709,0.04120,0.06361,0.08090,0.07548,7,1,none,a0:fixture_snag:39;a1:none:74
6,1000,hidden_wall_abort_6_1000_0,hidden_wall_abort,risk_filter_uncertainty,0.00,1,1,1,0,3,0,2.39663,0.84498,0.35257,2.95663,-0.00354,0.46696,0.30460,0.06183,0.15571,0.17331,0.11773,7,1,none,a0:fixture_snag:39;a1:fixture_snag:43;a2:none:74
6,1000,hidden_wall_abort_6_1000_0,hidden_wall_abort,constraint_classifier,0.00,1,0,0,0,1,0,1.17875,0.84498,0.71684,1.17875,0.02598,0.31034,0.18367,0.09155,0.17504,0.09173,0.16136,7,1,none,a0:none:74
6,1000,hidden_wall_abort_6_1000_0,hidden_wall_abort,abort_constraint_discovery,0.00,1,1,0,1,2,0,1.81368,0.84498,0.46589,2.09368,-0.00909,0.40741,0.25581,0.08064,0.10853,0.14484,0.14751,7,1,none,a0:fixture_snag:44;a1:none:74
6,1000,hidden_wall_abort_6_1000_0,hidden_wall_abort,oracle_constraints,0.00,1,0,0,0,1,0,1.16170,0.84498,0.72736,1.16170,0.05227,1.00000,1.00000,0.01152,0.03832,0.00566,0.03947,7,1,none,a0:none:72
6,1001,hidden_wall_abort_6_1001_0,hidden_wall_abort,ignore_aborted_actions,0.00,0,1,1,1,5,0,2.62799,0.83479,0.11118,3.72799,-0.01423,0.00000,0.00000,0.04155,0.04155,0.00000,0.00000,8,0,fixture_snag,a0:fixture_snag:33;a1:fixture_snag:33;a2:fixture_snag:34;a3:fixture_snag:33;a4:fixture_snag:32
6,1001,hidden_wall_abort_6_1001_0,hidden_wall_abort,negative_label_baseline,0.00,0,1,1,1,5,0,2.66425,0.83479,0.10967,3.76425,-0.01295,0.53191,0.36232,0.02510,0.01389,0.08536,0.02355,8,0,fixture_snag,a0:fixture_snag:35;a1:fixture_snag:33;a2:fixture_snag:34;a3:fixture_snag:33;a4:fixture_snag:34
6,1001,hidden_wall_abort_6_1001_0,hidden_wall_abort,costmap_from_collisions,0.00,1,1,1,1,5,0,3.52274,0.83479,0.23697,4.64274,-0.02808,0.46789,0.30539,0.04948,0.08089,0.12492,0.10942,8,0,none,a0:fixture_snag:39;a1:fixture_snag:36;a2:fixture_snag:35;a3:fixture_snag:36;a4:none:78
6,1001,hidden_wall_abort_6_1001_0,hidden_wall_abort,risk_filter_uncertainty,0.00,0,1,1,1,5,0,2.68412,0.83479,0.10885,3.78412,-0.01366,0.43725,0.27979,0.06651,0.15993,0.24814,0.12950,8,0,fixture_snag,a0:fixture_snag:39;a1:fixture_snag:36;a2:fixture_snag:34;a3:fixture_snag:33;a4:fixture_snag:34
6,1001,hidden_wall_abort_6_1001_0,hidden_wall_abort,constraint_classifier,0.00,1,0,0,0,1,0,1.20925,0.83479,0.69033,1.20925,0.02770,0.28117,0.16358,0.11477,0.20187,0.08083,0.21953,8,0,none,a0:none:78
6,1001,hidden_wall_abort_6_1001_0,hidden_wall_abort,abort_constraint_discovery,0.00,1,0,0,0,1,0,1.18674,0.83479,0.70343,1.18674,0.02779,0.32082,0.19106,0.09826,0.12677,0.04381,0.16136,8,0,none,a0:none:78
6,1001,hidden_wall_abort_6_1001_0,hidden_wall_abort,oracle_constraints,0.00,1,0,0,0,1,0,1.19887,0.83479,0.69631,1.19887,0.02553,1.00000,1.00000,0.01227,0.03937,0.01847,0.04155,8,0,none,a0:none:78
6,1002,hidden_wall_abort_6_1002_0,hidden_wall_abort,ignore_aborted_actions,0.00,1,0,0,0,1,0,1.11700,0.84870,0.75981,1.11700,0.05005,0.00000,0.00000,0.04086,0.04086,0.00000,0.00000,7,1,none,a0:none:70
6,1002,hidden_wall_abort_6_1002_0,hidden_wall_abort,negative_label_baseline,0.00,1,1,0,1,2,0,1.67081,0.84870,0.50796,1.95081,-0.00781,0.24691,0.14085,0.03372,0.02118,0.01337,0.01524,7,1,none,a0:fixture_snag:35;a1:none:70
6,1002,hidden_wall_abort_6_1002_0,hidden_wall_abort,costmap_from_collisions,0.00,1,1,0,1,2,0,1.63895,0.84870,0.51783,1.91895,-0.00629,0.36471,0.22302,0.05195,0.06560,0.09446,0.07687,7,1,none,a0:fixture_snag:33;a1:none:70
6,1002,hidden_wall_abort_6_1002_0,hidden_wall_abort,risk_filter_uncertainty,0.00,1,1,0,0,2,0,1.70283,0.84870,0.49841,1.98283,-0.00322,0.33503,0.20122,0.06668,0.14693,0.17090,0.09557,7,1,none,a0:fixture_snag:33;a1:none:70
6,1002,hidden_wall_abort_6_1002_0,hidden_wall_abort,constraint_classifier,0.00,1,1,0,1,2,0,1.75173,0.84870,0.48449,2.03173,-0.01440,0.29012,0.16968,0.10083,0.18622,0.13926,0.18352,7,1,none,a0:fixture_snag:34;a1:none:70
6,1002,hidden_wall_abort_6_1002_0,hidden_wall_abort,abort_constraint_discovery,0.00,1,1,1,1,4,0,3.38652,0.84870,0.25061,4.22652,-0.01351,0.37241,0.22881,0.09007,0.12309,0.15307,0.15997,7,1,none,a0:visible_collision:58;a1:collision_margin:56;a2:fixture_snag:36;a3:none:70
6,1002,hidden_wall_abort_6_1002_0,hidden_wall_abort,oracle_constraints,0.00,1,0,0,0,1,0,1.10033,0.84870,0.77132,1.10033,0.05430,1.00000,1.00000,0.01160,0.03803,0.00451,0.04086,7,1,none,a0:none:70
6,1003,hidden_wall_abort_6_1003_0,hidden_wall_abort,ignore_aborted_actions,0.00,0,1,1,1,5,0,2.49744,0.84702,0.11870,3.59744,-0.01995,0.00000,0.00000,0.04155,0.04155,0.00000,0.00000,6,2,fixture_snag,a0:fixture_snag:32;a1:fixture_snag:32;a2:fixture_snag:32;a3:fixture_snag:31;a4:fixture_snag:32
6,1003,hidden_wall_abort_6_1003_0,hidden_wall_abort,negative_label_baseline,0.00,1,0,0,0,1,0,1.19106,0.84702,0.71115,1.19106,0.01958,0.31169,0.18462,0.02845,0.01682,0.01304,0.01177,6,2,none,a0:none:73
6,1003,hidden_wall_abort_6_1003_0,hidden_wall_abort,costmap_from_collisions,0.00,1,0,0,0,1,0,1.16774,0.84702,0.72535,1.16774,0.04089,0.50685,0.33945,0.03729,0.04577,0.06313,0.05956,6,2,none,a0:none:75
6,1003,hidden_wall_abort_6_1003_0,hidden_wall_abort,risk_filter_uncertainty,0.00,1,0,0,0,1,0,1.21060,0.84702,0.69967,1.21060,0.03754,0.46591,0.30370,0.05331,0.13441,0.14882,0.08033,6,2,none,a0:none:75
6,1003,hidden_wall_abort_6_1003_0,hidden_wall_abort,constraint_classifier,0.00,1,1,0,1,2,0,1.45699,0.84702,0.58135,1.73699,0.01146,0.35333,0.21457,0.08640,0.16617,0.14964,0.16620,6,2,none,a0:visible_collision:22;a1:none:77
6,1003,hidden_wall_abort_6_1003_0,hidden_wall_abort,abort_constraint_discovery,0.00,1,1,1,1,3,0,3.53140,0.84702,0.23985,4.09140,-0.00458,0.32000,0.19048,0.09637,0.12678,0.04227,0.16620,6,2,none,a0:collision_margin:46;a1:visible_collision:67;a2:none:116
6,1003,hidden_wall_abort_6_1003_0,hidden_wall_abort,oracle_constraints,0.00,1,0,0,0,1,0,1.16712,0.84702,0.72574,1.16712,0.03803,1.00000,1.00000,0.01203,0.03919,0.00843,0.04155,6,2,none,a0:none:75
6,1004,hidden_wall_abort_6_1004_0,hidden_wall_abort,ignore_aborted_actions,0.00,0,1,1,1,5,0,1.78055,0.84918,0.16692,2.88055,-0.01128,0.00000,0.00000,0.04363,0.04363,0.00000,0.00000,7,1,visible_collision,a0:collision_margin:26;a1:collision_margin:26;a2:visible_collision:17;a3:collision_margin:28;a4:visible_collision:17
6,1004,hidden_wall_abort_6_1004_0,hidden_wall_abort,negative_label_baseline,0.00,0,1,1,1,5,0,2.00689,0.84918,0.14810,3.10689,-0.01743,0.43299,0.27632,0.02788,0.00815,0.08051,0.02355,7,1,visible_collision,a0:visible_collision:29;a1:collision_margin:29;a2:collision_margin:28;a3:collision_margin:27;a4:visible_collision:18
6,1004,hidden_wall_abort_6_1004_0,hidden_wall_abort,costmap_from_collisions,0.00,1,1,1,1,3,0,2.28908,0.84918,0.37097,2.84908,0.01131,0.41284,0.26012,0.05746,0.09008,0.06777,0.10734,7,1,none,a0:visible_collision:38;a1:visible_collision:23;a2:none:87
6,1004,hidden_wall_abort_6_1004_0,hidden_wall_abort,risk_filter_uncertainty,0.00,1,1,1,1,4,0,3.02876,0.84918,0.28037,3.86876,-0.01064,0.37545,0.23111,0.07964,0.17634,0.14096,0.14820,7,1,none,a0:visible_collision:44;a1:collision_margin:31;a2:visible_collision:26;a3:none:91
6,1004,hidden_wall_abort_6_1004_0,hidden_wall_abort,constraint_classifier,0.00,1,0,0,0,1,0,1.22817,0.84918,0.69142,1.22817,0.02470,0.35882,0.21864,0.10083,0.19991,0.16269,0.19183,7,1,none,a0:none:80
6,1004,hidden_wall_abort_6_1004_0,hidden_wall_abort,abort_constraint_discovery,0.00,1,1,1,1,5,0,3.08797,0.84918,0.27500,4.20797,-0.01447,0.39189,0.24370,0.08635,0.11838,0.14816,0.16136,7,1,none,a0:visible_collision:16;a1:visible_collision:32;a2:collision_margin:30;a3:collision_margin:33;a4:none:81
6,1004,hidden_wall_abort_6_1004_0,hidden_wall_abort,oracle_constraints,0.00,1,0,0,0,1,0,1.18045,0.84918,0.71937,1.18045,0.04303,1.00000,1.00000,0.01241,0.03988,0.00698,0.04363,7,1,none,a0:none:79
6,1005,hidden_wall_abort_6_1005_0,hidden_wall_abort,ignore_aborted_actions,0.00,0,1,1,1,5,0,2.63464,0.83979,0.11156,3.73464,-0.01987,0.00000,0.00000,0.03878,0.03878,0.00000,0.00000,7,1,fixture_snag,a0:fixture_snag:35;a1:fixture_snag:34;a2:fixture_snag:34;a3:fixture_snag:33;a4:fixture_snag:34
6,1005,hidden_wall_abort_6_1005_0,hidden_wall_abort,negative_label_baseline,0.00,1,1,1,1,4,0,2.82742,0.83979,0.29702,3.66742,-0.01859,0.48837,0.32308,0.02089,0.00882,0.02491,0.02078,7,1,none,a0:fixture_snag:35;a1:fixture_snag:33;a2:fixture_snag:35;a3:none:75
6,1005,hidden_wall_abort_6_1005_0,hidden_wall_abort,costmap_from_collisions,0.00,1,0,0,0,1,0,1.18944,0.83979,0.70603,1.18944,0.04552,0.58140,0.40984,0.03693,0.06639,0.02571,0.08033,7,1,none,a0:none:77
6,1005,hidden_wall_abort_6_1005_0,hidden_wall_abort,risk_filter_uncertainty,0.00,1,0,0,0,1,0,1.21153,0.83979,0.69316,1.21153,0.04527,0.51741,0.34899,0.05507,0.14900,0.11452,0.10042,7,1,none,a0:none:77
6,1005,hidden_wall_abort_6_1005_0,hidden_wall_abort,constraint_classifier,0.00,1,0,0,0,1,0,1.18345,0.83979,0.70961,1.18345,0.01900,0.33333,0.20000,0.09683,0.18942,0.12522,0.18975,7,1,none,a0:none:75
6,1005,hidden_wall_abort_6_1005_0,hidden_wall_abort,abort_constraint_discovery,0.00,1,0,0,0,1,0,1.23591,0.83979,0.67949,1.23591,0.00941,0.44269,0.28426,0.07331,0.10446,0.13485,0.13643,7,1,none,a0:none:75
6,1005,hidden_wall_abort_6_1005_0,hidden_wall_abort,oracle_constraints,0.00,1,0,0,0,1,0,1.28481,0.83979,0.65363,1.28481,0.04319,1.00000,1.00000,0.01176,0.03840,0.00715,0.03878,7,1,none,a0:none:77
6,1006,hidden_wall_abort_6_1006_0,hidden_wall_abort,ignore_aborted_actions,0.00,0,1,1,1,5,0,2.43021,0.85724,0.12346,3.53021,-0.01192,0.00000,0.00000,0.03878,0.03878,0.00000,0.00000,7,1,fixture_snag,a0:fixture_snag:30;a1:fixture_snag:31;a2:fixture_snag:31;a3:fixture_snag:30;a4:fixture_snag:31
6,1006,hidden_wall_abort_6_1006_0,hidden_wall_abort,negative_label_baseline,0.00,0,1,1,1,5,0,2.68309,0.85724,0.11182,3.78309,-0.01955,0.45977,0.29851,0.02468,0.01447,0.05673,0.02147,7,1,fixture_snag,a0:fixture_snag:39;a1:fixture_snag:33;a2:fixture_snag:32;a3:fixture_snag:32;a4:fixture_snag:34
6,1006,hidden_wall_abort_6_1006_0,hidden_wall_abort,costmap_from_collisions,0.00,1,1,1,1,5,0,3.71385,0.85724,0.23082,4.83385,-0.02163,0.45405,0.29371,0.04542,0.06725,0.05030,0.08934,7,1,none,a0:fixture_snag:41;a1:fixture_snag:38;a2:fixture_snag:33;a3:fixture_snag:33;a4:none:94
6,1006,hidden_wall_abort_6_1006_0,hidden_wall_abort,risk_filter_uncertainty,0.00,1,1,1,1,5,0,3.74810,0.85724,0.22871,4.86810,-0.02843,0.41509,0.26190,0.06207,0.15247,0.13564,0.10803,7,1,none,a0:fixture_snag:41;a1:fixture_snag:39;a2:fixture_snag:33;a3:fixture_snag:33;a4:none:95
6,1006,hidden_wall_abort_6_1006_0,hidden_wall_abort,constraint_classifier,0.00,1,0,0,0,1,0,1.26475,0.85724,0.67779,1.26475,0.01880,0.32131,0.19141,0.08927,0.17635,0.10510,0.17244,7,1,none,a0:none:86
6,1006,hidden_wall_abort_6_1006_0,hidden_wall_abort,abort_constraint_discovery,0.00,1,0,0,0,1,0,1.31755,0.85724,0.65063,1.31755,0.01702,0.34752,0.21030,0.08661,0.11853,0.07331,0.15651,7,1,none,a0:none:86
6,1006,hidden_wall_abort_6_1006_0,hidden_wall_abort,oracle_constraints,0.00,1,0,0,0,1,0,1.29839,0.85724,0.66023,1.29839,0.02619,1.00000,1.00000,0.01144,0.03781,0.01795,0.03878,7,1,none,a0:none:83
6,1007,hidden_wall_abort_6_1007_0,hidden_wall_abort,ignore_aborted_actions,0.00,0,1,1,1,5,0,2.47053,0.84970,0.12038,3.57053,-0.02786,0.00000,0.00000,0.04086,0.04086,0.00000,0.00000,8,0,collision_margin,a0:collision_margin:31;a1:collision_margin:30;a2:collision_margin:31;a3:collision_margin:32;a4:collision_margin:31
6,1007,hidden_wall_abort_6_1007_0,hidden_wall_abort,negative_label_baseline,0.00,0,1,1,1,5,0,2.50056,0.84970,0.11893,3.60056,-0.01766,0.37363,0.22973,0.03059,0.01285,0.06559,0.02216,8,0,collision_margin,a0:collision_margin:34;a1:collision_margin:31;a2:collision_margin:33;a3:collision_margin:32;a4:collision_margin:32
6,1007,hidden_wall_abort_6_1007_0,hidden_wall_abort,costmap_from_collisions,0.00,1,1,1,1,3,0,2.21631,0.84970,0.38339,2.77631,-0.01872,0.41315,0.26036,0.05692,0.09104,0.10786,0.10665,8,0,none,a0:collision_margin:34;a1:collision_margin:33;a2:none:78
6,1007,hidden_wall_abort_6_1007_0,hidden_wall_abort,risk_filter_uncertainty,0.00,1,1,1,0,3,0,2.25134,0.84970,0.37742,2.81134,-0.00487,0.37398,0.23000,0.07211,0.16471,0.19835,0.12950,8,0,none,a0:collision_margin:34;a1:collision_margin:32;a2:none:78
6,1007,hidden_wall_abort_6_1007_0,hidden_wall_abort,constraint_classifier,0.00,1,1,1,1,5,0,3.74656,0.84970,0.22679,4.86656,-0.01710,0.29353,0.17201,0.12317,0.22767,0.12255,0.23753,8,0,none,a0:collision_margin:31;a1:collision_margin:30;a2:collision_margin:32;a3:collision_margin:36;a4:none:109
6,1007,hidden_wall_abort_6_1007_0,hidden_wall_abort,abort_constraint_discovery,0.00,1,1,1,1,3,0,3.35673,0.84970,0.25313,3.91673,-0.00828,0.29859,0.17550,0.12342,0.17488,0.12420,0.20499,8,0,none,a0:fixture_snag:45;a1:collision_margin:38;a2:none:120
6,1007,hidden_wall_abort_6_1007_0,hidden_wall_abort,oracle_constraints,0.00,1,0,0,0,1,0,1.19643,0.84970,0.71020,1.19643,0.03441,1.00000,1.00000,0.01157,0.03852,0.00731,0.04086,8,0,none,a0:none:78
6,1008,hidden_wall_abort_6_1008_0,hidden_wall_abort,ignore_aborted_actions,0.00,1,0,0,0,1,0,1.07658,0.85446,0.79369,1.07658,0.01883,0.00000,0.00000,0.03809,0.03809,0.00000,0.00000,7,1,none,a0:none:70
6,1008,hidden_wall_abort_6_1008_0,hidden_wall_abort,negative_label_baseline,0.00,1,0,0,0,1,0,1.10531,0.85446,0.77305,1.10531,0.03652,0.43590,0.27869,0.02446,0.01301,0.02138,0.01593,7,1,none,a0:none:70
6,1008,hidden_wall_abort_6_1008_0,hidden_wall_abort,costmap_from_collisions,0.00,1,0,0,0,1,0,1.12482,0.85446,0.75964,1.12482,0.04503,0.50323,0.33621,0.03861,0.05127,0.04352,0.06925,7,1,none,a0:none:74
6,1008,hidden_wall_abort_6_1008_0,hidden_wall_abort,risk_filter_uncertainty,0.00,1,0,0,0,1,0,1.11471,0.85446,0.76654,1.11471,0.04665,0.46328,0.30147,0.05530,0.14031,0.13500,0.08449,7,1,none,a0:none:74
6,1008,hidden_wall_abort_6_1008_0,hidden_wall_abort,constraint_classifier,0.00,1,0,0,0,1,0,1.10500,0.85446,0.77327,1.10500,0.01181,0.33803,0.20339,0.08311,0.16733,0.08768,0.15859,7,1,none,a0:none:70
6,1008,hidden_wall_abort_6_1008_0,hidden_wall_abort,abort_constraint_discovery,0.00,1,0,0,0,1,0,1.19595,0.85446,0.71446,1.19595,0.00738,0.37037,0.22727,0.07693,0.09948,0.12024,0.13019,7,1,none,a0:none:76
6,1008,hidden_wall_abort_6_1008_0,hidden_wall_abort,oracle_constraints,0.00,1,0,0,0,1,0,1.09999,0.85446,0.77679,1.09999,0.04369,1.00000,1.00000,0.01166,0.03753,0.00893,0.03809,7,1,none,a0:none:70
6,2000,force_limit_abort_6_2000_0,force_limit_abort,ignore_aborted_actions,0.00,1,0,0,0,1,0,1.11416,0.84310,0.75671,1.11416,0.10598,0.00000,0.00000,0.04571,0.04571,0.00000,0.00000,2,6,none,a0:none:66
6,2000,force_limit_abort_6_2000_0,force_limit_abort,negative_label_baseline,0.00,1,0,0,0,1,0,1.14852,0.84310,0.73407,1.14852,0.10459,0.16438,0.08955,0.03347,0.03332,0.00000,0.00485,2,6,none,a0:none:66
6,2000,force_limit_abort_6_2000_0,force_limit_abort,costmap_from_collisions,0.00,1,0,0,0,1,0,1.18942,0.84310,0.70883,1.18942,0.12436,0.57143,0.40000,0.02468,0.01144,0.00005,0.04155,2,6,none,a0:none:66
6,2000,force_limit_abort_6_2000_0,force_limit_abort,risk_filter_uncertainty,0.00,1,0,0,0,1,0,1.12376,0.84310,0.75025,1.12376,0.10513,0.56198,0.39080,0.03533,0.09462,0.08618,0.03809,2,6,none,a0:none:66
6,2000,force_limit_abort_6_2000_0,force_limit_abort,constraint_classifier,0.00,1,0,0,0,1,0,1.12553,0.84310,0.74907,1.12553,0.11356,0.44944,0.28986,0.04488,0.05155,0.00000,0.07756,2,6,none,a0:none:66
6,2000,force_limit_abort_6_2000_0,force_limit_abort,abort_constraint_discovery,0.00,1,0,0,0,1,0,1.25981,0.84310,0.66923,1.25981,0.17249,0.47761,0.31373,0.06962,0.13650,0.02485,0.13989,2,6,none,a0:none:72
6,2000,force_limit_abort_6_2000_0,force_limit_abort,oracle_constraints,0.00,1,0,0,0,1,0,1.19386,0.84310,0.70619,1.19386,0.11760,1.00000,1.00000,0.00573,0.02056,0.00023,0.04571,2,6,none,a0:none:66
6,2001,force_limit_abort_6_2001_0,force_limit_abort,ignore_aborted_actions,0.00,1,0,0,0,1,0,1.13506,0.84689,0.74612,1.13506,0.33012,0.00000,0.00000,0.04778,0.04778,0.00000,0.00000,1,7,none,a0:none:66
6,2001,force_limit_abort_6_2001_0,force_limit_abort,negative_label_baseline,0.00,1,0,0,0,1,0,1.19271,0.84689,0.71005,1.19271,0.35044,0.00000,0.00000,0.04991,0.05244,0.01694,0.00277,1,7,none,a0:none:68
6,2001,force_limit_abort_6_2001_0,force_limit_abort,costmap_from_collisions,0.00,1,0,0,0,1,0,1.29528,0.84689,0.65383,1.29528,0.33771,0.00000,0.00000,0.05813,0.06709,0.01921,0.01524,1,7,none,a0:none:74
6,2001,force_limit_abort_6_2001_0,force_limit_abort,risk_filter_uncertainty,0.00,1,0,0,0,1,0,1.20414,0.84689,0.70331,1.20414,0.33217,0.00000,0.00000,0.05432,0.09547,0.10468,0.02008,1,7,none,a0:none:74
6,2001,force_limit_abort_6_2001_0,force_limit_abort,constraint_classifier,0.00,1,0,0,0,1,0,1.34902,0.84689,0.62778,1.34902,0.15976,0.00000,0.00000,0.05847,0.06428,0.01148,0.01316,1,7,none,a0:none:80
6,2001,force_limit_abort_6_2001_0,force_limit_abort,abort_constraint_discovery,0.00,1,0,0,0,1,0,1.16415,0.84689,0.72747,1.16415,0.33956,0.00000,0.00000,0.04862,0.04936,0.00075,0.00139,1,7,none,a0:none:68
6,2001,force_limit_abort_6_2001_0,force_limit_abort,oracle_constraints,0.00,1,0,0,0,1,0,1.13597,0.84689,0.74552,1.13597,0.32166,1.00000,1.00000,0.00556,0.02043,0.00000,0.04778,1,7,none,a0:none:66
6,2002,force_limit_abort_6_2002_0,force_limit_abort,ignore_aborted_actions,0.00,1,0,0,0,1,0,1.16694,0.85733,0.73468,1.16694,0.16316,0.00000,0.00000,0.04778,0.04778,0.00000,0.00000,4,4,none,a0:none:68
6,2002,force_limit_abort_6_2002_0,force_limit_abort,negative_label_baseline,0.00,1,0,0,0,1,0,1.16890,0.85733,0.73345,1.16890,0.19331,0.19753,0.10959,0.03829,0.02993,0.00011,0.00831,4,4,none,a0:none:68
6,2002,force_limit_abort_6_2002_0,force_limit_abort,costmap_from_collisions,0.00,1,0,0,0,1,0,1.10085,0.85733,0.77879,1.10085,0.18790,0.45455,0.29412,0.04015,0.03213,0.02364,0.05886,4,4,none,a0:none:68
6,2002,force_limit_abort_6_2002_0,force_limit_abort,risk_filter_uncertainty,0.00,1,0,0,0,1,0,1.18332,0.85733,0.72451,1.18332,0.16107,0.42105,0.26667,0.04972,0.10614,0.10266,0.05748,4,4,none,a0:none:68
6,2002,force_limit_abort_6_2002_0,force_limit_abort,constraint_classifier,0.00,1,0,0,0,1,0,1.21076,0.85733,0.70809,1.21076,0.19485,0.43983,0.28191,0.06002,0.10542,0.03042,0.11911,4,4,none,a0:none:68
6,2002,force_limit_abort_6_2002_0,force_limit_abort,abort_constraint_discovery,0.00,1,0,0,0,1,0,1.38850,0.85733,0.61745,1.38850,0.26753,0.50000,0.33333,0.07590,0.17373,0.03751,0.14335,4,4,none,a0:none:80
6,2002,force_limit_abort_6_2002_0,force_limit_abort,oracle_constraints,0.00,1,1,0,0,2,0,2.29810,0.85733,0.37306,2.57810,0.18421,1.00000,1.00000,0.00570,0.02055,0.00001,0.04778,4,4,none,a0:human_stop:63;a1:none:68
6,2003,force_limit_abort_6_2003_0,force_limit_abort,ignore_aborted_actions,0.00,1,0,0,0,1,0,1.08017,0.83667,0.77457,1.08017,0.04748,0.00000,0.00000,0.04848,0.04848,0.00000,0.00000,7,1,none,a0:none:68
6,2003,force_limit_abort_6_2003_0,force_limit_abort,negative_label_baseline,0.00,1,0,0,0,1,0,1.15078,0.83667,0.72704,1.15078,0.02545,0.27660,0.16049,0.03901,0.02544,0.00140,0.01662,7,1,none,a0:none:68
6,2003,force_limit_abort_6_2003_0,force_limit_abort,costmap_from_collisions,0.00,1,0,0,0,1,0,1.16438,0.83667,0.71855,1.16438,0.03979,0.43386,0.27703,0.04849,0.06105,0.07699,0.08241,7,1,none,a0:none:68
6,2003,force_limit_abort_6_2003_0,force_limit_abort,risk_filter_uncertainty,0.00,1,0,0,0,1,0,1.19406,0.83667,0.70069,1.19406,0.03648,0.37755,0.23270,0.06099,0.12780,0.12559,0.08726,7,1,none,a0:none:68
6,2003,force_limit_abort_6_2003_0,force_limit_abort,constraint_classifier,0.00,1,0,0,0,1,0,1.23552,0.83667,0.67718,1.23552,0.03175,0.34503,0.20848,0.10161,0.18582,0.04889,0.18837,7,1,none,a0:none:70
6,2003,force_limit_abort_6_2003_0,force_limit_abort,abort_constraint_discovery,0.00,1,0,0,0,1,0,1.79029,0.83667,0.46734,1.79029,0.09921,0.44728,0.28807,0.08540,0.18834,0.06269,0.16828,7,1,none,a0:none:103
6,2003,force_limit_abort_6_2003_0,force_limit_abort,oracle_constraints,0.00,1,0,0,0,1,0,1.11456,0.83667,0.75067,1.11456,0.05511,1.00000,1.00000,0.00573,0.02065,0.01091,0.04848,7,1,none,a0:none:68
6,2004,force_limit_abort_6_2004_0,force_limit_abort,ignore_aborted_actions,0.00,1,0,0,0,1,0,1.11578,0.84598,0.75819,1.11578,0.06894,0.00000,0.00000,0.04501,0.04501,0.00000,0.00000,4,4,none,a0:none:70
6,2004,force_limit_abort_6_2004_0,force_limit_abort,negative_label_baseline,0.00,1,0,0,0,1,0,1.13677,0.84598,0.74420,1.13677,0.08967,0.29268,0.17143,0.03173,0.02105,0.00008,0.01177,4,4,none,a0:none:70
6,2004,force_limit_abort_6_2004_0,force_limit_abort,costmap_from_collisions,0.00,1,0,0,0,1,0,1.22378,0.84598,0.69128,1.22378,0.10956,0.51685,0.34848,0.03932,0.05759,0.02447,0.07825,4,4,none,a0:none:72
6,2004,force_limit_abort_6_2004_0,force_limit_abort,risk_filter_uncertainty,0.00,1,0,0,0,1,0,1.17724,0.84598,0.71861,1.17724,0.10798,0.48864,0.32331,0.04974,0.12443,0.10214,0.07687,4,4,none,a0:none:72
6,2004,force_limit_abort_6_2004_0,force_limit_abort,constraint_classifier,0.00,1,0,0,0,1,0,1.23973,0.84598,0.68239,1.23973,0.10741,0.35472,0.21560,0.07937,0.13926,0.01016,0.13850,4,4,none,a0:none:72
6,2004,force_limit_abort_6_2004_0,force_limit_abort,abort_constraint_discovery,0.00,1,0,0,0,1,0,1.47552,0.84598,0.57334,1.47552,0.16171,0.40000,0.25000,0.09612,0.20797,0.06939,0.18006,4,4,none,a0:none:93
6,2004,force_limit_abort_6_2004_0,force_limit_abort,oracle_constraints,0.00,1,0,0,0,1,0,1.18608,0.84598,0.71326,1.18608,0.08949,1.00000,1.00000,0.00545,0.02030,0.00165,0.04501,4,4,none,a0:none:70
6,2005,force_limit_abort_6_2005_0,force_limit_abort,ignore_aborted_actions,0.00,0,1,1,1,5,0,4.25750,0.85667,0.07043,5.35750,-0.01124,0.00000,0.00000,0.04640,0.04640,0.00000,0.00000,3,5,force_limit,a0:force_limit:50;a1:force_limit:50;a2:force_limit:47;a3:force_limit:49;a4:force_limit:49
6,2005,force_limit_abort_6_2005_0,force_limit_abort,negative_label_baseline,0.00,1,0,0,0,1,0,1.24820,0.85667,0.68632,1.24820,0.01989,0.23077,0.13043,0.03379,0.03229,0.01884,0.00762,3,5,none,a0:none:71
6,2005,force_limit_abort_6_2005_0,force_limit_abort,costmap_from_collisions,0.00,1,0,0,0,1,0,1.24763,0.85667,0.68664,1.24763,0.04669,0.56061,0.38947,0.02530,0.01566,0.03176,0.04501,3,5,none,a0:none:79
6,2005,force_limit_abort_6_2005_0,force_limit_abort,risk_filter_uncertainty,0.00,1,0,0,0,1,0,1.24529,0.85667,0.68793,1.24529,0.04885,0.54264,0.37234,0.03422,0.09133,0.10636,0.04294,3,5,none,a0:none:77
6,2005,force_limit_abort_6_2005_0,force_limit_abort,constraint_classifier,0.00,1,0,0,0,1,0,1.71828,0.85667,0.49856,1.71828,0.06433,0.47059,0.30769,0.05097,0.07362,0.03752,0.10665,3,5,none,a0:none:94
6,2005,force_limit_abort_6_2005_0,force_limit_abort,abort_constraint_discovery,0.00,1,0,0,0,1,0,2.31047,0.85667,0.37078,2.31047,0.07933,0.46367,0.30180,0.06977,0.13417,0.05628,0.15374,3,5,none,a0:none:120
6,2005,force_limit_abort_6_2005_0,force_limit_abort,oracle_constraints,0.00,1,0,0,0,1,0,1.23534,0.85667,0.69347,1.23534,0.04561,1.00000,1.00000,0.00572,0.02059,0.01182,0.04640,3,5,none,a0:none:75
6,2006,force_limit_abort_6_2006_0,force_limit_abort,ignore_aborted_actions,0.00,1,0,0,0,1,0,1.26334,0.84747,0.67081,1.26334,0.14551,0.00000,0.00000,0.04501,0.04501,0.00000,0.00000,2,6,none,a0:none:69
6,2006,force_limit_abort_6_2006_0,force_limit_abort,negative_label_baseline,0.00,1,0,0,0,1,0,1.12151,0.84747,0.75565,1.12151,0.15285,0.21622,0.12121,0.03220,0.03198,0.00000,0.00623,2,6,none,a0:none:69
6,2006,force_limit_abort_6_2006_0,force_limit_abort,costmap_from_collisions,0.00,1,1,0,1,2,0,2.08652,0.84747,0.40616,2.36652,0.09014,0.50000,0.33333,0.03468,0.04459,0.04718,0.06302,2,6,none,a0:visible_collision:53;a1:none:71
6,2006,force_limit_abort_6_2006_0,force_limit_abort,risk_filter_uncertainty,0.00,1,1,0,1,2,0,2.12343,0.84747,0.39910,2.40343,0.08900,0.45455,0.29412,0.04556,0.11447,0.11818,0.06163,2,6,none,a0:visible_collision:52;a1:none:73
6,2006,force_limit_abort_6_2006_0,force_limit_abort,constraint_classifier,0.00,1,0,0,0,1,0,1.17162,0.84747,0.72333,1.17162,0.15006,0.61111,0.44000,0.03288,0.05207,0.00000,0.05471,2,6,none,a0:none:69
6,2006,force_limit_abort_6_2006_0,force_limit_abort,abort_constraint_discovery,0.00,1,0,0,0,1,0,1.21343,0.84747,0.69841,1.21343,0.14844,0.44369,0.28509,0.07225,0.15489,0.02918,0.15789,2,6,none,a0:none:71
6,2006,force_limit_abort_6_2006_0,force_limit_abort,oracle_constraints,0.00,1,1,1,1,5,0,4.47930,0.84747,0.18920,5.59930,0.15723,1.00000,1.00000,0.00555,0.02039,0.00001,0.04501,2,6,none,a0:visible_collision:51;a1:visible_collision:52;a2:visible_collision:53;a3:visible_collision:52;a4:none:69
6,2007,force_limit_abort_6_2007_0,force_limit_abort,ignore_aborted_actions,0.00,1,0,0,0,1,0,1.22609,0.84723,0.69100,1.22609,0.08289,0.00000,0.00000,0.04501,0.04501,0.00000,0.00000,6,2,none,a0:none:69
6,2007,force_limit_abort_6_2007_0,force_limit_abort,negative_label_baseline,0.00,1,0,0,0,1,0,1.07712,0.84723,0.78656,1.07712,0.08602,0.12346,0.06579,0.04198,0.03386,0.00000,0.01108,6,2,none,a0:none:69
6,2007,force_limit_abort_6_2007_0,force_limit_abort,costmap_from_collisions,0.00,1,0,0,0,1,0,1.17696,0.84723,0.71985,1.17696,0.10019,0.28188,0.16406,0.04910,0.04690,0.00701,0.05817,6,2,none,a0:none:69
6,2007,force_limit_abort_6_2007_0,force_limit_abort,risk_filter_uncertainty,0.00,1,0,0,0,1,0,1.15788,0.84723,0.73171,1.15788,0.08347,0.25926,0.14894,0.06156,0.11678,0.08966,0.06717,6,2,none,a0:none:69
6,2007,force_limit_abort_6_2007_0,force_limit_abort,constraint_classifier,0.00,1,0,0,0,1,0,1.19308,0.84723,0.71012,1.19308,0.07045,0.22951,0.12963,0.10049,0.16090,0.00000,0.16620,6,2,none,a0:none:69
6,2007,force_limit_abort_6_2007_0,force_limit_abort,abort_constraint_discovery,0.00,1,0,0,0,1,0,1.66506,0.84723,0.50883,1.66506,0.10511,0.46212,0.30049,0.07480,0.15570,0.04659,0.13781,6,2,none,a0:none:98
6,2007,force_limit_abort_6_2007_0,force_limit_abort,oracle_constraints,0.00,1,0,0,0,1,0,1.26154,0.84723,0.67158,1.26154,0.10309,1.00000,1.00000,0.00559,0.02042,0.00037,0.04501,6,2,none,a0:none:69
6,2008,force_limit_abort_6_2008_0,force_limit_abort,ignore_aborted_actions,0.00,0,1,1,1,5,0,2.48776,0.87203,0.12269,3.58776,-0.00710,0.00000,0.00000,0.04571,0.04571,0.00000,0.00000,5,3,force_limit,a0:force_limit:30;a1:force_limit:30;a2:force_limit:31;a3:force_limit:33;a4:force_limit:30
6,2008,force_limit_abort_6_2008_0,force_limit_abort,negative_label_baseline,0.00,1,0,0,0,1,0,1.16899,0.87203,0.74597,1.16899,0.07567,0.30588,0.18056,0.02882,0.01846,0.00240,0.01316,5,3,none,a0:none:72
6,2008,force_limit_abort_6_2008_0,force_limit_abort,costmap_from_collisions,0.00,1,0,0,0,1,0,1.28411,0.87203,0.67909,1.28411,0.10354,0.62500,0.45455,0.03492,0.05122,0.02786,0.08726,5,3,none,a0:none:78
6,2008,force_limit_abort_6_2008_0,force_limit_abort,risk_filter_uncertainty,0.00,1,0,0,0,1,0,1.33401,0.87203,0.65369,1.33401,0.07764,0.62295,0.45238,0.04469,0.12175,0.11054,0.08102,5,3,none,a0:none:76
6,2008,force_limit_abort_6_2008_0,force_limit_abort,constraint_classifier,0.00,1,0,0,0,1,0,1.48524,0.87203,0.58713,1.48524,0.10335,0.49167,0.32597,0.05912,0.11244,0.01624,0.12050,5,3,none,a0:none:81
6,2008,force_limit_abort_6_2008_0,force_limit_abort,abort_constraint_discovery,0.00,1,0,0,0,1,0,1.61017,0.87203,0.54158,1.61017,0.17651,0.40000,0.25000,0.10003,0.20783,0.07270,0.18283,5,3,none,a0:none:100
6,2008,force_limit_abort_6_2008_0,force_limit_abort,oracle_constraints,0.00,1,0,0,0,1,0,1.30065,0.87203,0.67046,1.30065,0.07425,1.00000,1.00000,0.00558,0.02050,0.00379,0.04571,5,3,none,a0:none:72
6,3000,human_stop_constraint_6_3000_0,human_stop_constraint,ignore_aborted_actions,0.00,1,0,0,0,1,0,1.12314,0.83498,0.74343,1.12314,0.35541,0.00000,0.00000,0.06094,0.06094,0.00000,0.00000,5,2,none,a0:none:67
6,3000,human_stop_constraint_6_3000_0,human_stop_constraint,negative_label_baseline,0.00,1,1,0,1,2,0,2.22492,0.83498,0.37529,2.50492,0.36310,0.16822,0.09184,0.04757,0.03460,0.01843,0.01316,5,2,none,a0:visible_collision:52;a1:none:71
6,3000,human_stop_constraint_6_3000_0,human_stop_constraint,costmap_from_collisions,0.00,1,1,0,1,2,0,2.26428,0.83498,0.36876,2.54428,0.22557,0.47059,0.30769,0.05235,0.05969,0.03027,0.09211,5,2,none,a0:visible_collision:52;a1:none:75
6,3000,human_stop_constraint_6_3000_0,human_stop_constraint,risk_filter_uncertainty,0.00,1,0,0,0,1,0,1.12261,0.83498,0.74379,1.12261,0.36761,0.51309,0.34507,0.05000,0.10159,0.11019,0.07133,5,2,none,a0:none:67
6,3000,human_stop_constraint_6_3000_0,human_stop_constraint,constraint_classifier,0.00,1,0,0,0,1,0,1.20640,0.83498,0.69212,1.20640,0.36406,0.55303,0.38220,0.05799,0.10364,0.00000,0.12188,5,2,none,a0:none:67
6,3000,human_stop_constraint_6_3000_0,human_stop_constraint,abort_constraint_discovery,0.00,1,0,0,0,1,0,1.15873,0.83498,0.72060,1.15873,0.38670,0.55124,0.38049,0.06166,0.10542,0.00081,0.13504,5,2,none,a0:none:67
6,3000,human_stop_constraint_6_3000_0,human_stop_constraint,oracle_constraints,0.00,1,0,0,0,1,0,1.20631,0.83498,0.69218,1.20631,0.38961,1.00000,1.00000,0.00729,0.02564,0.00000,0.06094,5,2,none,a0:none:67
6,3001,human_stop_constraint_6_3001_0,human_stop_constraint,ignore_aborted_actions,0.00,1,1,0,1,2,0,2.23951,0.85640,0.38241,2.51951,0.26909,0.00000,0.00000,0.06094,0.06094,0.00000,0.00000,4,3,none,a0:visible_collision:55;a1:none:70
6,3001,human_stop_constraint_6_3001_0,human_stop_constraint,negative_label_baseline,0.00,1,0,0,0,1,0,1.28471,0.85640,0.66661,1.28471,0.27983,0.19802,0.10989,0.04767,0.04126,0.00000,0.00900,4,3,none,a0:none:70
6,3001,human_stop_constraint_6_3001_0,human_stop_constraint,costmap_from_collisions,0.00,1,0,0,0,1,0,1.32464,0.85640,0.64651,1.32464,0.28957,0.49180,0.32609,0.04198,0.02063,0.00012,0.06579,4,3,none,a0:none:70
6,3001,human_stop_constraint_6_3001_0,human_stop_constraint,risk_filter_uncertainty,0.00,1,0,0,0,1,0,1.23245,0.85640,0.69487,1.23245,0.27313,0.47399,0.31061,0.05028,0.09166,0.11041,0.05886,4,3,none,a0:none:70
6,3001,human_stop_constraint_6_3001_0,human_stop_constraint,constraint_classifier,0.00,1,0,0,0,1,0,1.28460,0.85640,0.66667,1.28460,0.28693,0.44934,0.28977,0.05661,0.06874,0.00000,0.09626,4,3,none,a0:none:70
6,3001,human_stop_constraint_6_3001_0,human_stop_constraint,abort_constraint_discovery,0.00,1,0,0,0,1,0,1.34035,0.85640,0.63893,1.34035,0.29136,0.55645,0.38547,0.05598,0.08377,0.00609,0.11080,4,3,none,a0:none:70
6,3001,human_stop_constraint_6_3001_0,human_stop_constraint,oracle_constraints,0.00,1,0,0,0,1,0,1.23402,0.85640,0.69399,1.23402,0.28766,1.00000,1.00000,0.00697,0.02462,0.00000,0.06094,4,3,none,a0:none:70
6,3002,human_stop_constraint_6_3002_0,human_stop_constraint,ignore_aborted_actions,0.00,0,1,1,0,5,0,2.44782,0.85695,0.12253,3.54782,-0.02828,0.00000,0.00000,0.05540,0.05540,0.00000,0.00000,5,2,human_stop,a0:human_stop:27;a1:human_stop:27;a2:human_stop:26;a3:human_stop:27;a4:human_stop:27
6,3002,human_stop_constraint_6_3002_0,human_stop_constraint,negative_label_baseline,0.00,1,1,0,1,2,0,1.65450,0.85695,0.51795,1.93450,0.01836,0.22222,0.12500,0.04403,0.03453,0.04544,0.01316,5,2,none,a0:visible_collision:18;a1:none:72
6,3002,human_stop_constraint_6_3002_0,human_stop_constraint,costmap_from_collisions,0.00,1,0,0,0,1,0,1.44049,0.85695,0.59490,1.44049,0.12507,0.53846,0.36842,0.03917,0.03001,0.02927,0.07064,5,2,none,a0:none:80
6,3002,human_stop_constraint_6_3002_0,human_stop_constraint,risk_filter_uncertainty,0.00,1,0,0,0,1,0,1.41367,0.85695,0.60619,1.41367,0.10592,0.53801,0.36800,0.04734,0.09970,0.11440,0.06302,5,2,none,a0:none:78
6,3002,human_stop_constraint_6_3002_0,human_stop_constraint,constraint_classifier,0.00,1,0,0,0,1,0,1.52570,0.85695,0.56168,1.52570,0.10190,0.44195,0.28365,0.06489,0.09788,0.01587,0.12950,5,2,none,a0:none:86
6,3002,human_stop_constraint_6_3002_0,human_stop_constraint,abort_constraint_discovery,0.00,1,0,0,0,1,0,1.64295,0.85695,0.52159,1.64295,0.18935,0.51908,0.35052,0.05937,0.09640,0.02165,0.12604,5,2,none,a0:none:93
6,3002,human_stop_constraint_6_3002_0,human_stop_constraint,oracle_constraints,0.00,1,1,1,1,3,0,2.06425,0.85695,0.41514,2.62425,0.04655,1.00000,1.00000,0.00607,0.02201,0.00967,0.05540,5,2,none,a0:visible_collision:20;a1:visible_collision:18;a2:none:74
6,3003,human_stop_constraint_6_3003_0,human_stop_constraint,ignore_aborted_actions,0.00,1,0,0,0,1,0,1.31491,0.84840,0.64521,1.31491,0.09576,0.00000,0.00000,0.06440,0.06440,0.00000,0.00000,6,1,none,a0:none:70
6,3003,human_stop_constraint_6_3003_0,human_stop_constraint,negative_label_baseline,0.00,1,0,0,0,1,0,1.21821,0.84840,0.69643,1.21821,0.15000,0.12174,0.06481,0.05637,0.04672,0.00000,0.01524,6,1,none,a0:none:70
6,3003,human_stop_constraint_6_3003_0,human_stop_constraint,costmap_from_collisions,0.00,1,0,0,0,1,0,1.39699,0.84840,0.60730,1.39699,0.14260,0.36364,0.22222,0.05778,0.04827,0.00684,0.08795,6,1,none,a0:none:70
6,3003,human_stop_constraint_6_3003_0,human_stop_constraint,risk_filter_uncertainty,0.00,1,0,0,0,1,0,1.29796,0.84840,0.65364,1.29796,0.11699,0.31532,0.18717,0.06799,0.11168,0.10651,0.08934,6,1,none,a0:none:70
6,3003,human_stop_constraint_6_3003_0,human_stop_constraint,constraint_classifier,0.00,1,0,0,0,1,0,1.26762,0.84840,0.66929,1.26762,0.14578,0.35556,0.21622,0.09176,0.13825,0.00121,0.15374,6,1,none,a0:none:70
6,3003,human_stop_constraint_6_3003_0,human_stop_constraint,abort_constraint_discovery,0.00,1,0,0,0,1,0,1.40251,0.84840,0.60492,1.40251,0.22533,0.52364,0.35468,0.06081,0.09516,0.01400,0.12604,6,1,none,a0:none:76
6,3003,human_stop_constraint_6_3003_0,human_stop_constraint,oracle_constraints,0.00,1,0,0,0,1,0,1.26768,0.84840,0.66925,1.26768,0.13801,1.00000,1.00000,0.00863,0.03026,0.00004,0.06440,6,1,none,a0:none:70
6,3004,human_stop_constraint_6_3004_0,human_stop_constraint,ignore_aborted_actions,0.00,0,1,1,0,5,0,3.91894,0.86630,0.07737,5.01894,-0.00804,0.00000,0.00000,0.06163,0.06163,0.00000,0.00000,4,3,human_stop,a0:human_stop:43;a1:human_stop:41;a2:human_stop:43;a3:human_stop:45;a4:human_stop:43
6,3004,human_stop_constraint_6_3004_0,human_stop_constraint,negative_label_baseline,0.00,1,1,1,0,3,0,3.10635,0.86630,0.27888,3.66635,-0.00995,0.20000,0.11111,0.05150,0.03809,0.01319,0.01454,4,3,none,a0:human_stop:46;a1:human_stop:42;a2:none:77
6,3004,human_stop_constraint_6_3004_0,human_stop_constraint,costmap_from_collisions,0.00,1,0,0,0,1,0,1.52362,0.86630,0.56858,1.52362,0.03984,0.36548,0.22360,0.05673,0.04861,0.02538,0.07479,4,3,none,a0:none:83
6,3004,human_stop_constraint_6_3004_0,human_stop_constraint,risk_filter_uncertainty,0.00,1,0,0,0,1,0,1.49002,0.86630,0.58140,1.49002,0.01601,0.34197,0.20625,0.06565,0.10818,0.10313,0.07202,4,3,none,a0:none:81
6,3004,human_stop_constraint_6_3004_0,human_stop_constraint,constraint_classifier,0.00,1,0,0,0,1,0,1.47653,0.86630,0.58671,1.47653,0.03898,0.32515,0.19414,0.09554,0.14576,0.03123,0.16413,4,3,none,a0:none:83
6,3004,human_stop_constraint_6_3004_0,human_stop_constraint,abort_constraint_discovery,0.00,1,0,0,0,1,0,1.56172,0.86630,0.55471,1.56172,0.17340,0.47940,0.31527,0.06935,0.11231,0.04785,0.12327,4,3,none,a0:none:89
6,3004,human_stop_constraint_6_3004_0,human_stop_constraint,oracle_constraints,0.00,1,0,0,0,1,0,1.27762,0.86630,0.67806,1.27762,0.09854,1.00000,1.00000,0.00853,0.03084,0.00054,0.06163,4,3,none,a0:none:75
6,3005,human_stop_constraint_6_3005_0,human_stop_constraint,ignore_aborted_actions,0.00,1,1,1,1,4,0,2.07016,0.84532,0.40833,2.91016,0.09681,0.00000,0.00000,0.06025,0.06025,0.00000,0.00000,6,1,none,a0:visible_collision:16;a1:visible_collision:17;a2:visible_collision:15;a3:none:67
6,3005,human_stop_constraint_6_3005_0,human_stop_constraint,negative_label_baseline,0.00,1,0,0,0,1,0,1.35516,0.84532,0.62378,1.35516,0.09061,0.14953,0.08081,0.04892,0.03586,0.02170,0.01385,6,1,none,a0:none:71
6,3005,human_stop_constraint_6_3005_0,human_stop_constraint,costmap_from_collisions,0.00,1,0,0,0,1,0,1.29345,0.84532,0.65353,1.29345,0.26385,0.43363,0.27684,0.05641,0.06214,0.02847,0.09626,6,1,none,a0:none:75
6,3005,human_stop_constraint_6_3005_0,human_stop_constraint,risk_filter_uncertainty,0.00,1,0,0,0,1,0,1.41012,0.84532,0.59947,1.41012,0.26267,0.41739,0.26374,0.06595,0.12597,0.12161,0.09903,6,1,none,a0:none:77
6,3005,human_stop_constraint_6_3005_0,human_stop_constraint,constraint_classifier,0.00,1,1,1,1,4,0,2.15367,0.84532,0.39250,2.99367,0.11192,0.33435,0.20073,0.10318,0.17406,0.19239,0.16759,6,1,none,a0:visible_collision:19;a1:visible_collision:17;a2:visible_collision:15;a3:none:67
6,3005,human_stop_constraint_6_3005_0,human_stop_constraint,abort_constraint_discovery,0.00,1,0,0,0,1,0,1.31591,0.84532,0.64238,1.31591,0.23299,0.50667,0.33929,0.07286,0.11776,0.01126,0.14751,6,1,none,a0:none:73
6,3005,human_stop_constraint_6_3005_0,human_stop_constraint,oracle_constraints,0.00,0,1,1,1,5,0,1.60105,0.84532,0.18479,2.70105,0.18394,1.00000,1.00000,0.00861,0.03033,0.00003,0.06025,6,1,visible_collision,a0:visible_collision:16;a1:visible_collision:21;a2:visible_collision:17;a3:visible_collision:17;a4:visible_collision:16
6,3006,human_stop_constraint_6_3006_0,human_stop_constraint,ignore_aborted_actions,0.00,0,1,1,1,5,0,1.62623,0.84873,0.18267,2.72623,-0.00485,0.00000,0.00000,0.05679,0.05679,0.00000,0.00000,4,3,visible_collision,a0:visible_collision:15;a1:visible_collision:20;a2:visible_collision:20;a3:human_stop:24;a4:visible_collision:19
6,3006,human_stop_constraint_6_3006_0,human_stop_constraint,negative_label_baseline,0.00,1,0,0,0,1,0,1.28470,0.84873,0.66065,1.28470,0.05050,0.06250,0.03226,0.05570,0.05073,0.00686,0.00970,4,3,none,a0:none:72
6,3006,human_stop_constraint_6_3006_0,human_stop_constraint,costmap_from_collisions,0.00,1,0,0,0,1,0,1.39754,0.84873,0.60730,1.39754,0.13046,0.22500,0.12676,0.06257,0.05439,0.03799,0.05402,4,3,none,a0:none:78
6,3006,human_stop_constraint_6_3006_0,human_stop_constraint,risk_filter_uncertainty,0.00,1,0,0,0,1,0,1.48294,0.84873,0.57233,1.48294,0.13675,0.19883,0.11039,0.06972,0.09894,0.10896,0.06163,4,3,none,a0:none:79
6,3006,human_stop_constraint_6_3006_0,human_stop_constraint,constraint_classifier,0.00,1,0,0,0,1,0,1.40578,0.84873,0.60375,1.40578,0.16181,0.17323,0.09483,0.09826,0.10182,0.04168,0.11911,4,3,none,a0:none:83
6,3006,human_stop_constraint_6_3006_0,human_stop_constraint,abort_constraint_discovery,0.00,1,0,0,0,1,0,1.63923,0.84873,0.51777,1.63923,0.23275,0.41509,0.26190,0.04603,0.02515,0.03038,0.05332,4,3,none,a0:none:88
6,3006,human_stop_constraint_6_3006_0,human_stop_constraint,oracle_constraints,0.00,1,0,0,0,1,0,1.38888,0.84873,0.61109,1.38888,0.06136,1.00000,1.00000,0.00619,0.02251,0.00472,0.05679,4,3,none,a0:none:72
6,3007,human_stop_constraint_6_3007_0,human_stop_constraint,ignore_aborted_actions,0.00,1,0,0,0,1,0,1.29099,0.85678,0.66367,1.29099,0.03419,0.00000,0.00000,0.05125,0.05125,0.00000,0.00000,5,2,none,a0:none:68
6,3007,human_stop_constraint_6_3007_0,human_stop_constraint,negative_label_baseline,0.00,1,0,0,0,1,0,1.20861,0.85678,0.70890,1.20861,0.03352,0.18605,0.10256,0.03797,0.03055,0.00361,0.00831,5,2,none,a0:none:68
6,3007,human_stop_constraint_6_3007_0,human_stop_constraint,costmap_from_collisions,0.00,1,1,0,1,2,0,2.25191,0.85678,0.38047,2.53191,0.03868,0.45685,0.29605,0.04763,0.05783,0.04039,0.08518,5,2,none,a0:visible_collision:49;a1:none:74
6,3007,human_stop_constraint_6_3007_0,human_stop_constraint,risk_filter_uncertainty,0.00,1,0,0,0,1,0,1.34615,0.85678,0.63647,1.34615,0.03694,0.50307,0.33607,0.04574,0.10453,0.10791,0.06163,5,2,none,a0:none:72
6,3007,human_stop_constraint_6_3007_0,human_stop_constraint,constraint_classifier,0.00,1,0,0,0,1,0,1.52038,0.85678,0.56353,1.52038,0.17294,0.44954,0.28994,0.06173,0.10330,0.00000,0.09972,5,2,none,a0:none:80
6,3007,human_stop_constraint_6_3007_0,human_stop_constraint,abort_constraint_discovery,0.00,1,0,0,0,1,0,1.54205,0.85678,0.55561,1.54205,0.16137,0.52893,0.35955,0.05807,0.10034,0.02468,0.11634,5,2,none,a0:none:82
6,3007,human_stop_constraint_6_3007_0,human_stop_constraint,oracle_constraints,0.00,1,0,0,0,1,0,1.30333,0.85678,0.65738,1.30333,0.06836,1.00000,1.00000,0.00582,0.02069,0.00308,0.05125,5,2,none,a0:none:70
6,3008,human_stop_constraint_6_3008_0,human_stop_constraint,ignore_aborted_actions,0.00,1,0,0,0,1,0,1.23002,0.83040,0.67511,1.23002,0.17855,0.00000,0.00000,0.06025,0.06025,0.00000,0.00000,4,3,none,a0:none:64
6,3008,human_stop_constraint_6_3008_0,human_stop_constraint,negative_label_baseline,0.00,1,0,0,0,1,0,1.17129,0.83040,0.70897,1.17129,0.20069,0.14000,0.07527,0.05098,0.04288,0.00000,0.00900,4,3,none,a0:none:64
6,3008,human_stop_constraint_6_3008_0,human_stop_constraint,costmap_from_collisions,0.00,1,0,0,0,1,0,1.22390,0.83040,0.67849,1.22390,0.20234,0.40223,0.25175,0.04732,0.03612,0.00223,0.06371,4,3,none,a0:none:64
6,3008,human_stop_constraint_6_3008_0,human_stop_constraint,risk_filter_uncertainty,0.00,1,0,0,0,1,0,1.16916,0.83040,0.71026,1.16916,0.17454,0.37778,0.23288,0.05729,0.10181,0.09914,0.06440,4,3,none,a0:none:64
6,3008,human_stop_constraint_6_3008_0,human_stop_constraint,constraint_classifier,0.00,1,0,0,0,1,0,1.16380,0.83040,0.71353,1.16380,0.20182,0.34441,0.20803,0.09358,0.13959,0.00000,0.16898,4,3,none,a0:none:64
6,3008,human_stop_constraint_6_3008_0,human_stop_constraint,abort_constraint_discovery,0.00,1,0,0,0,1,0,1.19825,0.83040,0.69301,1.19825,0.25686,0.56225,0.39106,0.05107,0.07831,0.01175,0.11219,4,3,none,a0:none:68
6,3008,human_stop_constraint_6_3008_0,human_stop_constraint,oracle_constraints,0.00,1,0,0,0,1,0,1.18165,0.83040,0.70275,1.18165,0.20336,1.00000,1.00000,0.00717,0.02550,0.00000,0.06025,4,3,none,a0:none:64
6,4000,combined_abort_stress_6_4000_0,combined_abort_stress,ignore_aborted_actions,0.00,0,1,1,1,5,0,3.33236,0.86876,0.09125,4.43236,-0.01590,0.00000,0.00000,0.09211,0.09211,0.00000,0.00000,10,1,collision_margin,a0:collision_margin:33;a1:collision_margin:32;a2:collision_margin:33;a3:collision_margin:33;a4:collision_margin:32
6,4000,combined_abort_stress_6_4000_0,combined_abort_stress,negative_label_baseline,0.00,1,0,0,0,1,0,1.75520,0.86876,0.49497,1.75520,0.00624,0.27059,0.15646,0.07047,0.04780,0.00845,0.02562,10,1,none,a0:none:75
6,4000,combined_abort_stress_6_4000_0,combined_abort_stress,costmap_from_collisions,0.00,1,0,0,0,1,0,1.60311,0.86876,0.54192,1.60311,0.00670,0.43537,0.27826,0.07764,0.05956,0.10339,0.11150,10,1,none,a0:none:75
6,4000,combined_abort_stress_6_4000_0,combined_abort_stress,risk_filter_uncertainty,0.00,1,0,0,0,1,0,1.76211,0.86876,0.49302,1.76211,0.04435,0.42462,0.26953,0.08760,0.11957,0.13226,0.13296,10,1,none,a0:none:90
6,4000,combined_abort_stress_6_4000_0,combined_abort_stress,constraint_classifier,0.00,1,1,1,1,4,0,4.31587,0.86876,0.20130,5.15587,-0.00876,0.38114,0.23544,0.13419,0.18929,0.27435,0.26039,10,1,none,a0:collision_margin:35;a1:visible_collision:48;a2:collision_margin:37;a3:none:75
6,4000,combined_abort_stress_6_4000_0,combined_abort_stress,abort_constraint_discovery,0.00,0,1,1,1,5,0,3.41273,0.86876,0.08910,4.51273,-0.02209,0.44697,0.28780,0.14566,0.22299,0.18185,0.27355,10,1,collision_margin,a0:collision_margin:34;a1:collision_margin:35;a2:collision_margin:35;a3:collision_margin:33;a4:collision_margin:34
6,4000,combined_abort_stress_6_4000_0,combined_abort_stress,oracle_constraints,0.00,1,1,0,1,2,0,2.20394,0.86876,0.39419,2.48394,0.02329,1.00000,1.00000,0.01495,0.05248,0.02795,0.09211,10,1,none,a0:visible_collision:23;a1:none:77
6,4001,combined_abort_stress_6_4001_0,combined_abort_stress,ignore_aborted_actions,0.00,0,1,1,1,5,0,2.95929,0.84673,0.10014,4.05929,-0.02565,0.00000,0.00000,0.11219,0.11219,0.00000,0.00000,11,0,fixture_snag,a0:fixture_snag:27;a1:fixture_snag:25;a2:fixture_snag:25;a3:fixture_snag:26;a4:fixture_snag:27
6,4001,combined_abort_stress_6_4001_0,combined_abort_stress,negative_label_baseline,0.00,0,1,1,1,5,0,2.82109,0.84673,0.10505,3.92109,-0.01974,0.22549,0.12707,0.08886,0.06949,0.07823,0.02909,11,0,fixture_snag,a0:fixture_snag:28;a1:fixture_snag:26;a2:fixture_snag:26;a3:fixture_snag:25;a4:fixture_snag:25
6,4001,combined_abort_stress_6_4001_0,combined_abort_stress,costmap_from_collisions,0.00,1,0,0,0,1,0,1.44970,0.84673,0.58407,1.44970,0.01559,0.45045,0.29070,0.09071,0.06534,0.02145,0.11842,11,0,none,a0:none:79
6,4001,combined_abort_stress_6_4001_0,combined_abort_stress,risk_filter_uncertainty,0.00,1,0,0,0,1,0,1.47367,0.84673,0.57457,1.47367,0.01853,0.42817,0.27240,0.09715,0.10082,0.11327,0.13366,11,0,none,a0:none:79
6,4001,combined_abort_stress_6_4001_0,combined_abort_stress,constraint_classifier,0.00,1,0,0,0,1,0,1.52438,0.84673,0.55546,1.52438,0.02131,0.42259,0.26790,0.13329,0.16378,0.20558,0.21884,11,0,none,a0:none:79
6,4001,combined_abort_stress_6_4001_0,combined_abort_stress,abort_constraint_discovery,0.00,1,1,1,1,5,0,10.16446,0.84673,0.08330,11.28446,-0.00827,0.52361,0.35465,0.11205,0.13615,0.07822,0.21053,11,0,none,a0:human_stop:44;a1:visible_collision:67;a2:visible_collision:89;a3:visible_collision:98;a4:none:120
6,4001,combined_abort_stress_6_4001_0,combined_abort_stress,oracle_constraints,0.00,1,0,0,0,1,0,1.66954,0.84673,0.50716,1.66954,0.01019,1.00000,1.00000,0.01802,0.06082,0.01808,0.11219,11,0,none,a0:none:79
6,4002,combined_abort_stress_6_4002_0,combined_abort_stress,ignore_aborted_actions,0.00,0,1,1,1,5,0,3.65564,0.86983,0.08328,4.75564,-0.02495,0.00000,0.00000,0.12535,0.12535,0.00000,0.00000,11,0,collision_margin,a0:collision_margin:32;a1:collision_margin:32;a2:collision_margin:32;a3:collision_margin:33;a4:collision_margin:32
6,4002,combined_abort_stress_6_4002_0,combined_abort_stress,negative_label_baseline,0.00,0,1,1,1,5,0,3.34631,0.86983,0.09098,4.44631,-0.01871,0.28696,0.16751,0.09511,0.07058,0.05156,0.03393,11,0,unstable_slip,a0:collision_margin:37;a1:unstable_slip:24;a2:collision_margin:35;a3:collision_margin:35;a4:unstable_slip:22
6,4002,combined_abort_stress_6_4002_0,combined_abort_stress,costmap_from_collisions,0.00,0,1,1,1,5,0,4.16310,0.86983,0.07313,5.26310,-0.00680,0.45498,0.29448,0.10420,0.07894,0.18286,0.16690,11,0,collision_margin,a0:unstable_slip:26;a1:visible_collision:51;a2:collision_margin:35;a3:visible_collision:43;a4:collision_margin:36
6,4002,combined_abort_stress_6_4002_0,combined_abort_stress,risk_filter_uncertainty,0.00,0,1,1,1,5,0,3.92923,0.86983,0.07748,5.02923,-0.01459,0.43694,0.27954,0.10807,0.11283,0.26002,0.18213,11,0,collision_margin,a0:unstable_slip:25;a1:visible_collision:56;a2:collision_margin:36;a3:unstable_slip:22;a4:collision_margin:33
6,4002,combined_abort_stress_6_4002_0,combined_abort_stress,constraint_classifier,0.00,1,1,0,1,2,0,2.73668,0.86983,0.31784,3.01668,-0.02364,0.45255,0.29245,0.13548,0.16993,0.13488,0.25416,11,0,none,a0:unstable_slip:26;a1:none:99
6,4002,combined_abort_stress_6_4002_0,combined_abort_stress,abort_constraint_discovery,0.00,1,0,0,0,1,0,2.11436,0.86983,0.41139,2.11436,0.04344,0.50751,0.34004,0.14382,0.19328,0.17400,0.28947,11,0,none,a0:none:101
6,4002,combined_abort_stress_6_4002_0,combined_abort_stress,oracle_constraints,0.00,1,1,1,1,3,0,3.85098,0.86983,0.22587,4.41098,0.04485,1.00000,1.00000,0.02158,0.07094,0.00739,0.12535,11,0,none,a0:visible_collision:44;a1:visible_collision:43;a2:none:93
6,4003,combined_abort_stress_6_4003_0,combined_abort_stress,ignore_aborted_actions,0.00,0,1,1,1,5,0,2.16528,0.84825,0.13711,3.26528,-0.01957,0.00000,0.00000,0.11427,0.11427,0.00000,0.00000,11,0,force_limit,a0:force_limit:20;a1:force_limit:19;a2:force_limit:17;a3:force_limit:19;a4:force_limit:19
6,4003,combined_abort_stress_6_4003_0,combined_abort_stress,negative_label_baseline,0.00,0,1,1,1,5,0,4.49938,0.84825,0.06598,5.59938,-0.01069,0.29907,0.17582,0.08586,0.05694,0.08896,0.03393,11,0,collision_margin,a0:force_limit:28;a1:collision_margin:45;a2:collision_margin:44;a3:fixture_snag:42;a4:collision_margin:41
6,4003,combined_abort_stress_6_4003_0,combined_abort_stress,costmap_from_collisions,0.00,1,1,1,1,3,0,4.39640,0.84825,0.19294,4.95640,-0.01071,0.43766,0.28013,0.09447,0.07859,0.04050,0.15789,11,0,none,a0:fixture_snag:45;a1:collision_margin:52;a2:none:99
6,4003,combined_abort_stress_6_4003_0,combined_abort_stress,risk_filter_uncertainty,0.00,1,1,1,1,3,0,4.41293,0.84825,0.19222,4.97293,-0.01475,0.42755,0.27190,0.10459,0.13097,0.10637,0.17729,11,0,none,a0:fixture_snag:43;a1:collision_margin:53;a2:none:100
6,4003,combined_abort_stress_6_4003_0,combined_abort_stress,constraint_classifier,0.00,0,1,1,1,5,0,5.53484,0.84825,0.05364,6.63484,-0.02121,0.42136,0.26692,0.16590,0.23596,0.34811,0.35249,11,0,collision_margin,a0:fixture_snag:53;a1:fixture_snag:55;a2:collision_margin:55;a3:collision_margin:46;a4:collision_margin:45
6,4003,combined_abort_stress_6_4003_0,combined_abort_stress,abort_constraint_discovery,0.00,1,1,0,1,2,0,4.12866,0.84825,0.20545,4.40866,0.03301,0.45534,0.29478,0.14599,0.20516,0.08322,0.28116,11,0,none,a0:visible_collision:69;a1:none:120
6,4003,combined_abort_stress_6_4003_0,combined_abort_stress,oracle_constraints,0.00,1,0,0,0,1,0,2.18811,0.84825,0.38766,2.18811,0.01885,1.00000,1.00000,0.01868,0.06472,0.01905,0.11427,11,0,none,a0:none:98
6,4004,combined_abort_stress_6_4004_0,combined_abort_stress,ignore_aborted_actions,0.00,0,1,1,1,5,0,3.33736,0.85108,0.08925,4.43736,-0.01723,0.00000,0.00000,0.12050,0.12050,0.00000,0.00000,11,0,fixture_snag,a0:fixture_snag:30;a1:fixture_snag:31;a2:fixture_snag:30;a3:fixture_snag:30;a4:fixture_snag:29
6,4004,combined_abort_stress_6_4004_0,combined_abort_stress,negative_label_baseline,0.00,0,1,1,1,5,0,3.51939,0.85108,0.08464,4.61939,-0.02210,0.21395,0.11979,0.10396,0.08211,0.07689,0.02839,11,0,fixture_snag,a0:fixture_snag:31;a1:fixture_snag:31;a2:fixture_snag:34;a3:fixture_snag:31;a4:fixture_snag:32
6,4004,combined_abort_stress_6_4004_0,combined_abort_stress,costmap_from_collisions,0.00,0,1,1,1,5,0,4.64722,0.85108,0.06410,5.74722,-0.02341,0.49383,0.32787,0.08816,0.07308,0.17844,0.15997,11,0,fixture_snag,a0:unstable_slip:66;a1:fixture_snag:38;a2:force_limit:45;a3:fixture_snag:36;a4:fixture_snag:34
6,4004,combined_abort_stress_6_4004_0,combined_abort_stress,risk_filter_uncertainty,0.00,0,1,1,1,5,0,4.59935,0.85108,0.06476,5.69935,-0.03170,0.51467,0.34650,0.10094,0.13439,0.24203,0.18629,11,0,fixture_snag,a0:unstable_slip:66;a1:human_stop:38;a2:force_limit:47;a3:fixture_snag:36;a4:fixture_snag:31
6,4004,combined_abort_stress_6_4004_0,combined_abort_stress,constraint_classifier,0.00,0,1,1,1,5,0,4.82780,0.85108,0.06170,5.92780,-0.02123,0.43243,0.27586,0.16280,0.23341,0.24357,0.34072,11,0,fixture_snag,a0:force_limit:43;a1:fixture_snag:39;a2:fixture_snag:35;a3:unstable_slip:70;a4:fixture_snag:38
6,4004,combined_abort_stress_6_4004_0,combined_abort_stress,abort_constraint_discovery,0.00,0,1,1,1,5,0,11.21253,0.85108,0.02657,12.31253,-0.01328,0.50075,0.33400,0.16022,0.21987,0.27068,0.34141,11,0,unstable_slip,a0:unstable_slip:105;a1:force_limit:98;a2:unstable_slip:105;a3:unstable_slip:107;a4:unstable_slip:107
6,4004,combined_abort_stress_6_4004_0,combined_abort_stress,oracle_constraints,0.00,1,1,0,1,2,0,2.68085,0.85108,0.31746,2.96085,0.00919,1.00000,1.00000,0.02127,0.07134,0.05164,0.12050,11,0,none,a0:visible_collision:20;a1:none:96
6,4005,combined_abort_stress_6_4005_0,combined_abort_stress,ignore_aborted_actions,0.00,0,1,1,1,5,0,3.71723,0.83815,0.07892,4.81723,-0.01499,0.00000,0.00000,0.12742,0.12742,0.00000,0.00000,11,0,unstable_slip,a0:unstable_slip:34;a1:unstable_slip:34;a2:unstable_slip:35;a3:unstable_slip:35;a4:unstable_slip:35
6,4005,combined_abort_stress_6_4005_0,combined_abort_stress,negative_label_baseline,0.00,0,1,1,1,5,0,4.32597,0.83815,0.06781,5.42597,-0.01331,0.18750,0.10345,0.10589,0.07776,0.02214,0.02770,11,0,collision_margin,a0:unstable_slip:40;a1:fixture_snag:30;a2:unstable_slip:36;a3:visible_collision:52;a4:collision_margin:31
6,4005,combined_abort_stress_6_4005_0,combined_abort_stress,costmap_from_collisions,0.00,0,1,1,1,5,0,3.70530,0.83815,0.07917,4.80530,-0.02238,0.38363,0.23734,0.11099,0.08768,0.16748,0.14335,11,0,fixture_snag,a0:fixture_snag:35;a1:collision_margin:32;a2:fixture_snag:30;a3:collision_margin:33;a4:fixture_snag:32
6,4005,combined_abort_stress_6_4005_0,combined_abort_stress,risk_filter_uncertainty,0.00,0,1,1,1,5,0,3.93519,0.83815,0.07455,5.03519,-0.01257,0.36675,0.22455,0.11631,0.09984,0.23541,0.15582,11,0,unstable_slip,a0:fixture_snag:36;a1:collision_margin:33;a2:fixture_snag:30;a3:collision_margin:32;a4:unstable_slip:41
6,4005,combined_abort_stress_6_4005_0,combined_abort_stress,constraint_classifier,0.00,1,0,0,0,1,0,1.58224,0.83815,0.52972,1.58224,0.01625,0.38722,0.24009,0.14288,0.16276,0.14436,0.24100,11,0,none,a0:none:83
6,4005,combined_abort_stress_6_4005_0,combined_abort_stress,abort_constraint_discovery,0.00,1,1,1,1,3,0,4.98411,0.83815,0.16816,5.54411,-0.01080,0.44484,0.28604,0.14951,0.16643,0.10266,0.26177,11,0,none,a0:fixture_snag:34;a1:collision_margin:37;a2:none:120
6,4005,combined_abort_stress_6_4005_0,combined_abort_stress,oracle_constraints,0.00,1,0,0,0,1,0,1.60927,0.83815,0.52082,1.60927,0.03128,1.00000,1.00000,0.02372,0.07650,0.01867,0.12742,11,0,none,a0:none:82
6,4006,combined_abort_stress_6_4006_0,combined_abort_stress,ignore_aborted_actions,0.00,0,1,1,1,5,0,3.36675,0.85085,0.08845,4.46675,-0.01440,0.00000,0.00000,0.11427,0.11427,0.00000,0.00000,11,0,fixture_snag,a0:fixture_snag:30;a1:fixture_snag:31;a2:fixture_snag:30;a3:fixture_snag:30;a4:fixture_snag:30
6,4006,combined_abort_stress_6_4006_0,combined_abort_stress,negative_label_baseline,0.00,0,1,1,1,5,0,3.66822,0.85085,0.08118,4.76822,-0.02088,0.23188,0.13115,0.09567,0.07571,0.04922,0.02909,11,0,fixture_snag,a0:fixture_snag:34;a1:fixture_snag:32;a2:fixture_snag:32;a3:fixture_snag:32;a4:fixture_snag:34
6,4006,combined_abort_stress_6_4006_0,combined_abort_stress,costmap_from_collisions,0.00,1,1,1,1,3,0,3.36127,0.85085,0.25313,3.92127,-0.00921,0.39093,0.24296,0.10364,0.08797,0.04340,0.13019,11,0,none,a0:fixture_snag:37;a1:fixture_snag:34;a2:none:87
6,4006,combined_abort_stress_6_4006_0,combined_abort_stress,risk_filter_uncertainty,0.00,1,1,0,1,2,0,2.76832,0.85085,0.30735,3.04832,-0.01831,0.37467,0.23052,0.11031,0.11136,0.14404,0.14820,11,0,none,a0:fixture_snag:39;a1:none:87
6,4006,combined_abort_stress_6_4006_0,combined_abort_stress,constraint_classifier,0.00,1,0,0,0,1,0,1.84752,0.85085,0.46054,1.84752,0.00297,0.34553,0.20885,0.14585,0.15989,0.07198,0.22645,11,0,none,a0:none:85
6,4006,combined_abort_stress_6_4006_0,combined_abort_stress,abort_constraint_discovery,0.00,1,0,0,0,1,0,1.95638,0.85085,0.43491,1.95638,0.02222,0.41121,0.25882,0.12781,0.09899,0.02205,0.18213,11,0,none,a0:none:89
6,4006,combined_abort_stress_6_4006_0,combined_abort_stress,oracle_constraints,0.00,1,1,0,0,2,0,2.74812,0.85085,0.30961,3.02812,-0.00221,1.00000,1.00000,0.01988,0.06441,0.01849,0.11427,11,0,none,a0:fixture_snag:42;a1:none:87
6,4007,combined_abort_stress_6_4007_0,combined_abort_stress,ignore_aborted_actions,0.00,0,1,1,1,5,0,4.57545,0.85870,0.06569,5.67545,-0.02142,0.00000,0.00000,0.12327,0.12327,0.00000,0.00000,11,0,force_limit,a0:force_limit:42;a1:force_limit:42;a2:force_limit:40;a3:force_limit:40;a4:force_limit:40
6,4007,combined_abort_stress_6_4007_0,combined_abort_stress,negative_label_baseline,0.00,0,1,1,1,5,0,4.08128,0.85870,0.07364,5.18128,-0.00986,0.20814,0.11616,0.09735,0.07214,0.06967,0.02978,11,0,force_limit,a0:force_limit:41;a1:force_limit:40;a2:unstable_slip:38;a3:human_stop:29;a4:force_limit:39
6,4007,combined_abort_stress_6_4007_0,combined_abort_stress,costmap_from_collisions,0.00,0,1,1,1,5,0,3.93278,0.85870,0.07642,5.03278,-0.01730,0.45411,0.29375,0.09897,0.06804,0.21230,0.16343,11,0,force_limit,a0:unstable_slip:36;a1:human_stop:29;a2:force_limit:41;a3:unstable_slip:37;a4:force_limit:40
6,4007,combined_abort_stress_6_4007_0,combined_abort_stress,risk_filter_uncertainty,0.00,0,1,1,1,5,0,3.98530,0.85870,0.07541,5.08530,-0.02974,0.46523,0.30312,0.10196,0.10761,0.23942,0.16551,11,0,force_limit,a0:human_stop:32;a1:unstable_slip:37;a2:force_limit:41;a3:unstable_slip:42;a4:force_limit:39
6,4007,combined_abort_stress_6_4007_0,combined_abort_stress,constraint_classifier,0.00,1,1,1,1,3,0,3.82723,0.85870,0.22436,4.38723,-0.00461,0.47285,0.30963,0.13934,0.18215,0.09693,0.27216,11,0,none,a0:unstable_slip:36;a1:human_stop:26;a2:none:116
6,4007,combined_abort_stress_6_4007_0,combined_abort_stress,abort_constraint_discovery,0.00,1,0,0,0,1,0,2.58427,0.85870,0.33228,2.58427,0.04396,0.55493,0.38402,0.11834,0.16797,0.09917,0.24861,11,0,none,a0:none:120
6,4007,combined_abort_stress_6_4007_0,combined_abort_stress,oracle_constraints,0.00,0,1,1,1,5,0,4.05627,0.85870,0.07409,5.15627,-0.01221,1.00000,1.00000,0.02214,0.07252,0.05594,0.12327,11,0,collision_margin,a0:collision_margin:38;a1:collision_margin:41;a2:collision_margin:36;a3:collision_margin:37;a4:collision_margin:37
6,4008,combined_abort_stress_6_4008_0,combined_abort_stress,ignore_aborted_actions,0.00,0,1,1,1,5,0,2.66674,0.83545,0.10965,3.76674,-0.02731,0.00000,0.00000,0.11427,0.11427,0.00000,0.00000,10,1,collision_margin,a0:collision_margin:27;a1:collision_margin:26;a2:collision_margin:26;a3:collision_margin:25;a4:collision_margin:26
6,4008,combined_abort_stress_6_4008_0,combined_abort_stress,negative_label_baseline,0.00,0,1,1,1,5,0,2.73783,0.83545,0.10680,3.83783,-0.02101,0.17000,0.09290,0.09964,0.07737,0.09130,0.02424,10,1,collision_margin,a0:collision_margin:27;a1:collision_margin:27;a2:collision_margin:26;a3:collision_margin:27;a4:collision_margin:25
6,4008,combined_abort_stress_6_4008_0,combined_abort_stress,costmap_from_collisions,0.00,0,1,1,1,5,0,3.27648,0.83545,0.08924,4.37648,-0.02770,0.32070,0.19097,0.11465,0.10603,0.19659,0.12327,10,1,collision_margin,a0:visible_collision:36;a1:collision_margin:29;a2:collision_margin:30;a3:collision_margin:28;a4:collision_margin:28
6,4008,combined_abort_stress_6_4008_0,combined_abort_stress,risk_filter_uncertainty,0.00,1,1,1,1,4,0,3.68733,0.83545,0.22657,4.52733,-0.01888,0.30811,0.18211,0.11671,0.10569,0.23493,0.14197,10,1,none,a0:visible_collision:36;a1:collision_margin:28;a2:collision_margin:31;a3:none:79
6,4008,combined_abort_stress_6_4008_0,combined_abort_stress,constraint_classifier,0.00,1,0,0,0,1,0,1.46148,0.83545,0.57165,1.46148,0.03199,0.33404,0.20051,0.14472,0.14893,0.22337,0.21330,10,1,none,a0:none:78
6,4008,combined_abort_stress_6_4008_0,combined_abort_stress,abort_constraint_discovery,0.00,1,1,1,1,3,0,6.69862,0.83545,0.12472,7.25862,-0.00897,0.39344,0.24490,0.14277,0.13731,0.04749,0.22368,10,1,none,a0:collision_margin:28;a1:visible_collision:113;a2:none:120
6,4008,combined_abort_stress_6_4008_0,combined_abort_stress,oracle_constraints,0.00,1,0,0,0,1,0,1.86917,0.83545,0.44696,1.86917,0.02472,1.00000,1.00000,0.02088,0.06903,0.01658,0.11427,10,1,none,a0:none:79
