seed,scenario,layout_id,split,method,stress_level,success,aborted,repeated_abort,violation,attempts,abstained,path_length,straight_line,path_efficiency,completion_time,safety_margin,boundary_f1,boundary_iou,calibration_brier,calibration_ece,chosen_path_risk,discovered_area,evidence_aborts,evidence_successes,final_abort_reason,trajectory
0,9000,combined_abort_stress_0_9000_0,combined_abort_stress,costmap_from_collisions,0.00,0,1,1,1,5,0,3.52765,0.84293,0.08363,4.62765,-0.01894,0.47312,0.30986,0.09963,0.09862,0.18741,0.14751,11,0,collision_margin,a0:collision_margin:28;a1:human_stop:31;a2:collision_margin:31;a3:fixture_snag:42;a4:collision_margin:30
0,9000,combined_abort_stress_0_9000_0,combined_abort_stress,risk_filter_uncertainty,0.00,0,1,1,1,5,0,2.96639,0.84293,0.09946,4.06639,-0.01418,0.40796,0.25625,0.11488,0.12904,0.25283,0.16828,11,0,human_stop,a0:collision_margin:29;a1:human_stop:21;a2:fixture_snag:44;a3:force_limit:19;a4:human_stop:20
0,9000,combined_abort_stress_0_9000_0,combined_abort_stress,constraint_classifier,0.00,1,0,0,0,1,0,1.63568,0.84293,0.51534,1.63568,0.01126,0.37500,0.23077,0.14858,0.17588,0.28637,0.23338,11,0,none,a0:none:72
0,9000,combined_abort_stress_0_9000_0,combined_abort_stress,abort_constraint_discovery,0.00,1,1,1,1,4,0,8.35214,0.84293,0.10092,9.19214,-0.00099,0.47819,0.31423,0.15891,0.24906,0.19351,0.31856,11,0,none,a0:unstable_slip:98;a1:visible_collision:61;a2:visible_collision:66;a3:none:120
0,9000,combined_abort_stress_0_9000_0,combined_abort_stress,oracle_constraints,0.00,1,1,0,0,2,0,2.24521,0.84293,0.37544,2.52521,-0.00047,1.00000,1.00000,0.02029,0.06845,0.03779,0.11011,11,0,none,a0:collision_margin:30;a1:none:72
0,9001,combined_abort_stress_0_9001_0,combined_abort_stress,costmap_from_collisions,0.00,1,1,0,0,2,0,2.33706,0.84692,0.36239,2.61706,-0.00290,0.40212,0.25166,0.10472,0.07480,0.12535,0.14335,11,0,none,a0:human_stop:29;a1:none:74
0,9001,combined_abort_stress_0_9001_0,combined_abort_stress,risk_filter_uncertainty,0.00,1,1,0,0,2,0,2.33209,0.84692,0.36316,2.61209,-0.02098,0.40602,0.25472,0.10810,0.11622,0.18380,0.15789,11,0,none,a0:human_stop:30;a1:none:74
0,9001,combined_abort_stress_0_9001_0,combined_abort_stress,constraint_classifier,0.00,1,0,0,0,1,0,1.53071,0.84692,0.55329,1.53071,0.02787,0.40070,0.25054,0.15447,0.20650,0.25034,0.27909,11,0,none,a0:none:76
0,9001,combined_abort_stress_0_9001_0,combined_abort_stress,abort_constraint_discovery,0.00,1,0,0,0,1,0,2.54469,0.84692,0.33282,2.54469,0.03817,0.43857,0.28088,0.16541,0.23650,0.11609,0.32687,11,0,none,a0:none:119
0,9001,combined_abort_stress_0_9001_0,combined_abort_stress,oracle_constraints,0.00,1,0,0,0,1,0,1.68472,0.84692,0.50271,1.68472,0.04668,1.00000,1.00000,0.02045,0.06850,0.00614,0.11842,11,0,none,a0:none:72
0,9002,combined_abort_stress_0_9002_0,combined_abort_stress,costmap_from_collisions,0.00,1,0,0,0,1,0,1.57342,0.82640,0.52523,1.57342,0.03193,0.39676,0.24747,0.07269,0.04216,0.01419,0.07064,11,0,none,a0:none:75
0,9002,combined_abort_stress_0_9002_0,combined_abort_stress,risk_filter_uncertainty,0.00,1,0,0,0,1,0,1.44011,0.82640,0.57385,1.44011,0.02576,0.41045,0.25822,0.07856,0.08310,0.11332,0.08518,11,0,none,a0:none:75
0,9002,combined_abort_stress_0_9002_0,combined_abort_stress,constraint_classifier,0.00,1,0,0,0,1,0,1.62775,0.82640,0.50770,1.62775,0.02372,0.42510,0.26992,0.11983,0.16095,0.17719,0.24169,11,0,none,a0:none:75
0,9002,combined_abort_stress_0_9002_0,combined_abort_stress,abort_constraint_discovery,0.00,1,1,1,1,5,0,7.33888,0.82640,0.11261,8.45888,-0.01216,0.43162,0.27520,0.14046,0.14808,0.07083,0.22368,11,0,none,a0:fixture_snag:52;a1:fixture_snag:42;a2:fixture_snag:45;a3:human_stop:49;a4:none:120
0,9002,combined_abort_stress_0_9002_0,combined_abort_stress,oracle_constraints,0.00,1,0,0,0,1,0,1.51788,0.82640,0.54445,1.51788,0.01988,1.00000,1.00000,0.01613,0.05405,0.01898,0.10042,11,0,none,a0:none:75
0,9003,combined_abort_stress_0_9003_0,combined_abort_stress,costmap_from_collisions,0.00,0,1,1,1,5,0,4.26696,0.84671,0.06945,5.36696,-0.01663,0.45408,0.29373,0.10991,0.09808,0.14452,0.14266,11,0,fixture_snag,a0:force_limit:37;a1:fixture_snag:40;a2:collision_margin:37;a3:human_stop:38;a4:fixture_snag:41
0,9003,combined_abort_stress_0_9003_0,combined_abort_stress,risk_filter_uncertainty,0.00,0,1,1,1,5,0,4.44569,0.84671,0.06666,5.54569,-0.03519,0.46890,0.30625,0.10335,0.09736,0.22057,0.16066,11,0,human_stop,a0:force_limit:38;a1:fixture_snag:40;a2:collision_margin:39;a3:human_stop:38;a4:human_stop:38
0,9003,combined_abort_stress_0_9003_0,combined_abort_stress,constraint_classifier,0.00,0,1,1,1,5,0,3.68945,0.84671,0.08032,4.78945,-0.02528,0.38757,0.24036,0.15165,0.15630,0.31907,0.25000,11,0,human_stop,a0:force_limit:41;a1:collision_margin:39;a2:human_stop:26;a3:collision_margin:38;a4:human_stop:26
0,9003,combined_abort_stress_0_9003_0,combined_abort_stress,abort_constraint_discovery,0.00,0,1,1,1,5,0,6.51421,0.84671,0.04549,7.61421,-0.01262,0.49192,0.32619,0.14133,0.14591,0.14125,0.25693,11,0,force_limit,a0:collision_margin:53;a1:fixture_snag:49;a2:fixture_snag:49;a3:unstable_slip:78;a4:force_limit:60
0,9003,combined_abort_stress_0_9003_0,combined_abort_stress,oracle_constraints,0.00,0,1,1,1,5,0,3.99099,0.84671,0.07425,5.09099,-0.01031,1.00000,1.00000,0.02304,0.07554,0.05453,0.12881,11,0,fixture_snag,a0:human_stop:37;a1:fixture_snag:37;a2:fixture_snag:36;a3:fixture_snag:39;a4:fixture_snag:35
0,9004,combined_abort_stress_0_9004_0,combined_abort_stress,costmap_from_collisions,0.00,1,1,1,0,3,0,3.02998,0.83748,0.27640,3.58998,-0.00416,0.37222,0.22867,0.10693,0.08811,0.11412,0.12950,11,0,none,a0:collision_margin:35;a1:collision_margin:32;a2:none:78
0,9004,combined_abort_stress_0_9004_0,combined_abort_stress,risk_filter_uncertainty,0.00,1,1,1,1,3,0,3.45805,0.83748,0.24218,4.01805,-0.03213,0.41363,0.26074,0.10628,0.10853,0.21014,0.16482,11,0,none,a0:unstable_slip:44;a1:collision_margin:37;a2:none:79
0,9004,combined_abort_stress_0_9004_0,combined_abort_stress,constraint_classifier,0.00,1,1,1,1,5,0,4.32050,0.83748,0.19384,5.44050,-0.01256,0.40152,0.25118,0.14592,0.17819,0.32502,0.24584,11,0,none,a0:collision_margin:26;a1:collision_margin:27;a2:unstable_slip:36;a3:collision_margin:26;a4:none:77
0,9004,combined_abort_stress_0_9004_0,combined_abort_stress,abort_constraint_discovery,0.00,1,1,1,1,3,0,2.84113,0.83748,0.29477,3.40113,-0.00177,0.41558,0.26230,0.13146,0.10452,0.11386,0.20014,11,0,none,a0:collision_margin:28;a1:visible_collision:36;a2:none:79
0,9004,combined_abort_stress_0_9004_0,combined_abort_stress,oracle_constraints,0.00,1,0,0,0,1,0,1.68913,0.83748,0.49581,1.68913,0.03821,1.00000,1.00000,0.02122,0.06933,0.00836,0.11981,11,0,none,a0:none:77
1,9000,combined_abort_stress_1_9000_0,combined_abort_stress,costmap_from_collisions,0.00,1,1,0,1,2,0,2.41326,0.84338,0.34948,2.69326,-0.02559,0.44134,0.28315,0.09604,0.06135,0.06571,0.12465,11,0,none,a0:fixture_snag:27;a1:none:82
1,9000,combined_abort_stress_1_9000_0,combined_abort_stress,risk_filter_uncertainty,0.00,1,0,0,0,1,0,1.76388,0.84338,0.47814,1.76388,0.01854,0.39481,0.24595,0.10587,0.09906,0.15963,0.14335,11,0,none,a0:none:83
1,9000,combined_abort_stress_1_9000_0,combined_abort_stress,constraint_classifier,0.00,1,0,0,0,1,0,1.74859,0.84338,0.48232,1.74859,0.01793,0.46591,0.30370,0.13157,0.18149,0.17656,0.24238,11,0,none,a0:none:86
1,9000,combined_abort_stress_1_9000_0,combined_abort_stress,abort_constraint_discovery,0.00,1,0,0,0,1,0,1.92201,0.84338,0.43880,1.92201,0.02733,0.53425,0.36449,0.13654,0.19400,0.13103,0.28116,11,0,none,a0:none:92
1,9000,combined_abort_stress_1_9000_0,combined_abort_stress,oracle_constraints,0.00,1,0,0,0,1,0,1.63550,0.84338,0.51567,1.63550,0.01955,1.00000,1.00000,0.01959,0.06556,0.03026,0.12327,11,0,none,a0:none:81
1,9001,combined_abort_stress_1_9001_0,combined_abort_stress,costmap_from_collisions,0.00,0,1,1,1,5,0,3.39791,0.86353,0.08895,4.49791,-0.02042,0.43380,0.27698,0.10474,0.09484,0.16228,0.12050,11,0,collision_margin,a0:collision_margin:33;a1:collision_margin:31;a2:collision_margin:32;a3:collision_margin:29;a4:collision_margin:28
1,9001,combined_abort_stress_1_9001_0,combined_abort_stress,risk_filter_uncertainty,0.00,0,1,1,1,5,0,3.46071,0.86353,0.08733,4.56071,-0.01650,0.41848,0.26460,0.10704,0.10415,0.23122,0.12950,11,0,collision_margin,a0:collision_margin:33;a1:collision_margin:30;a2:collision_margin:31;a3:collision_margin:31;a4:collision_margin:29
1,9001,combined_abort_stress_1_9001_0,combined_abort_stress,constraint_classifier,0.00,0,1,1,1,5,0,3.59450,0.86353,0.08408,4.69450,-0.02473,0.38519,0.23853,0.15138,0.15671,0.29730,0.24861,11,0,collision_margin,a0:collision_margin:30;a1:collision_margin:30;a2:collision_margin:30;a3:collision_margin:31;a4:collision_margin:30
1,9001,combined_abort_stress_1_9001_0,combined_abort_stress,abort_constraint_discovery,0.00,0,1,1,1,5,0,5.61573,0.86353,0.05382,6.71573,-0.02762,0.37736,0.23256,0.19936,0.22656,0.15461,0.31510,11,0,fixture_snag,a0:fixture_snag:56;a1:collision_margin:49;a2:collision_margin:43;a3:fixture_snag:53;a4:fixture_snag:53
1,9001,combined_abort_stress_1_9001_0,combined_abort_stress,oracle_constraints,0.00,1,0,0,0,1,0,2.00307,0.86353,0.43110,2.00307,0.03769,1.00000,1.00000,0.02353,0.07615,0.01574,0.12535,11,0,none,a0:none:99
1,9002,combined_abort_stress_1_9002_0,combined_abort_stress,costmap_from_collisions,0.00,0,1,1,1,5,0,4.35081,0.85753,0.06898,5.45081,-0.02606,0.57303,0.40157,0.06937,0.02926,0.13247,0.13089,11,0,fixture_snag,a0:force_limit:34;a1:fixture_snag:41;a2:human_stop:35;a3:fixture_snag:39;a4:fixture_snag:41
1,9002,combined_abort_stress_1_9002_0,combined_abort_stress,risk_filter_uncertainty,0.00,0,1,1,1,5,0,4.22273,0.85753,0.07108,5.32273,-0.02551,0.54696,0.37643,0.08129,0.09101,0.22843,0.13504,11,0,fixture_snag,a0:force_limit:35;a1:fixture_snag:41;a2:human_stop:36;a3:fixture_snag:41;a4:fixture_snag:39
1,9002,combined_abort_stress_1_9002_0,combined_abort_stress,constraint_classifier,0.00,0,1,1,1,5,0,5.08893,0.85753,0.05898,6.18893,-0.01419,0.44127,0.28310,0.14962,0.20909,0.28162,0.32064,11,0,human_stop,a0:force_limit:32;a1:fixture_snag:45;a2:visible_collision:84;a3:force_limit:34;a4:human_stop:35
1,9002,combined_abort_stress_1_9002_0,combined_abort_stress,abort_constraint_discovery,0.00,1,0,0,0,1,0,2.65964,0.85753,0.32242,2.65964,0.01849,0.49561,0.32944,0.13979,0.19324,0.06851,0.27839,11,0,none,a0:none:120
1,9002,combined_abort_stress_1_9002_0,combined_abort_stress,oracle_constraints,0.00,1,0,0,0,1,0,2.34690,0.85753,0.36539,2.34690,0.03143,1.00000,1.00000,0.01800,0.05945,0.02244,0.11565,11,0,none,a0:none:112
1,9003,combined_abort_stress_1_9003_0,combined_abort_stress,costmap_from_collisions,0.00,1,1,0,0,2,0,2.70968,0.85301,0.31480,2.98968,-0.00340,0.50549,0.33824,0.08751,0.05565,0.05266,0.12881,11,0,none,a0:collision_margin:37;a1:none:96
1,9003,combined_abort_stress_1_9003_0,combined_abort_stress,risk_filter_uncertainty,0.00,0,1,1,1,5,0,3.84071,0.85301,0.07773,4.94071,-0.01669,0.50386,0.33677,0.08956,0.08692,0.24457,0.14612,11,0,human_stop,a0:collision_margin:37;a1:human_stop:36;a2:force_limit:36;a3:fixture_snag:38;a4:human_stop:35
1,9003,combined_abort_stress_1_9003_0,combined_abort_stress,constraint_classifier,0.00,1,1,0,1,2,0,2.84704,0.85301,0.29961,3.12704,-0.01038,0.41509,0.26190,0.14447,0.16596,0.17551,0.28047,11,0,none,a0:collision_margin:37;a1:none:101
1,9003,combined_abort_stress_1_9003_0,combined_abort_stress,abort_constraint_discovery,0.00,1,0,0,0,1,0,2.23861,0.85301,0.38104,2.23861,0.04208,0.53846,0.36842,0.12801,0.15284,0.10146,0.23684,11,0,none,a0:none:100
1,9003,combined_abort_stress_1_9003_0,combined_abort_stress,oracle_constraints,0.00,1,0,0,0,1,0,1.57658,0.85301,0.54105,1.57658,0.01097,1.00000,1.00000,0.02020,0.06860,0.02043,0.12327,11,0,none,a0:none:75
1,9004,combined_abort_stress_1_9004_0,combined_abort_stress,costmap_from_collisions,0.00,1,0,0,0,1,0,1.59244,0.84571,0.53108,1.59244,0.02427,0.37537,0.23105,0.11130,0.09923,0.04633,0.11427,11,0,none,a0:none:78
1,9004,combined_abort_stress_1_9004_0,combined_abort_stress,risk_filter_uncertainty,0.00,1,0,0,0,1,0,1.43029,0.84571,0.59129,1.43029,0.01454,0.35912,0.21886,0.11088,0.09191,0.11562,0.12881,11,0,none,a0:none:78
1,9004,combined_abort_stress_1_9004_0,combined_abort_stress,constraint_classifier,0.00,1,0,0,0,1,0,1.56416,0.84571,0.54068,1.56416,0.03055,0.38155,0.23575,0.14967,0.16059,0.16668,0.20845,11,0,none,a0:none:79
1,9004,combined_abort_stress_1_9004_0,combined_abort_stress,abort_constraint_discovery,0.00,1,0,0,0,1,0,1.61886,0.84571,0.52241,1.61886,0.01554,0.37668,0.23204,0.13638,0.13799,0.18838,0.18698,11,0,none,a0:none:78
1,9004,combined_abort_stress_1_9004_0,combined_abort_stress,oracle_constraints,0.00,1,0,0,0,1,0,1.45165,0.84571,0.58258,1.45165,0.01271,1.00000,1.00000,0.02020,0.06752,0.01858,0.12188,11,0,none,a0:none:78
2,9000,combined_abort_stress_2_9000_0,combined_abort_stress,costmap_from_collisions,0.00,0,1,1,1,5,0,3.40158,0.84844,0.08730,4.50158,-0.02736,0.41270,0.26000,0.11770,0.11538,0.17827,0.13296,11,0,collision_margin,a0:collision_margin:30;a1:human_stop:35;a2:collision_margin:41;a3:collision_margin:27;a4:collision_margin:28
2,9000,combined_abort_stress_2_9000_0,combined_abort_stress,risk_filter_uncertainty,0.00,0,1,1,1,5,0,3.55399,0.84844,0.08355,4.65399,-0.02279,0.38647,0.23952,0.11687,0.09561,0.24641,0.15789,11,0,collision_margin,a0:human_stop:36;a1:collision_margin:29;a2:collision_margin:41;a3:collision_margin:28;a4:collision_margin:28
2,9000,combined_abort_stress_2_9000_0,combined_abort_stress,constraint_classifier,0.00,0,1,1,1,5,0,3.12906,0.84844,0.09490,4.22906,-0.02620,0.35963,0.21924,0.16204,0.17810,0.30131,0.24861,11,0,collision_margin,a0:collision_margin:29;a1:collision_margin:29;a2:collision_margin:26;a3:collision_margin:28;a4:collision_margin:30
2,9000,combined_abort_stress_2_9000_0,combined_abort_stress,abort_constraint_discovery,0.00,0,1,1,1,5,0,4.32171,0.84844,0.06871,5.42171,-0.01634,0.45147,0.29155,0.13422,0.13872,0.23386,0.17798,11,0,human_stop,a0:human_stop:46;a1:collision_margin:31;a2:collision_margin:30;a3:human_stop:45;a4:human_stop:46
2,9000,combined_abort_stress_2_9000_0,combined_abort_stress,oracle_constraints,0.00,1,0,0,0,1,0,2.55114,0.84844,0.33257,2.55114,0.01888,1.00000,1.00000,0.02262,0.07633,0.02431,0.12881,11,0,none,a0:none:113
2,9001,combined_abort_stress_2_9001_0,combined_abort_stress,costmap_from_collisions,0.00,1,0,0,0,1,0,1.66004,0.83405,0.50243,1.66004,0.02693,0.43919,0.28139,0.09407,0.09247,0.01728,0.09626,11,0,none,a0:none:79
2,9001,combined_abort_stress_2_9001_0,combined_abort_stress,risk_filter_uncertainty,0.00,1,0,0,0,1,0,1.68401,0.83405,0.49528,1.68401,0.02153,0.43038,0.27419,0.09696,0.08702,0.11239,0.11011,11,0,none,a0:none:79
2,9001,combined_abort_stress_2_9001_0,combined_abort_stress,constraint_classifier,0.00,1,0,0,0,1,0,1.73610,0.83405,0.48042,1.73610,0.00406,0.35886,0.21867,0.14159,0.15399,0.18432,0.20776,11,0,none,a0:none:79
2,9001,combined_abort_stress_2_9001_0,combined_abort_stress,abort_constraint_discovery,0.00,0,1,1,0,5,0,5.27586,0.83405,0.05533,6.37586,-0.01653,0.38369,0.23739,0.14287,0.15770,0.23088,0.18006,11,0,human_stop,a0:human_stop:50;a1:human_stop:47;a2:human_stop:46;a3:human_stop:47;a4:human_stop:47
2,9001,combined_abort_stress_2_9001_0,combined_abort_stress,oracle_constraints,0.00,1,0,0,0,1,0,1.58496,0.83405,0.52623,1.58496,0.02812,1.00000,1.00000,0.02065,0.06763,0.01840,0.10873,11,0,none,a0:none:79
2,9002,combined_abort_stress_2_9002_0,combined_abort_stress,costmap_from_collisions,0.00,0,1,1,1,5,0,4.02739,0.85376,0.07420,5.12739,-0.03093,0.51208,0.34416,0.09396,0.07779,0.19064,0.16482,11,0,collision_margin,a0:collision_margin:35;a1:human_stop:33;a2:force_limit:38;a3:collision_margin:35;a4:collision_margin:35
2,9002,combined_abort_stress_2_9002_0,combined_abort_stress,risk_filter_uncertainty,0.00,0,1,1,1,5,0,3.70392,0.85376,0.08068,4.80392,-0.02054,0.46009,0.29878,0.10219,0.10857,0.24601,0.17313,11,0,human_stop,a0:human_stop:33;a1:force_limit:37;a2:human_stop:30;a3:human_stop:30;a4:human_stop:30
2,9002,combined_abort_stress_2_9002_0,combined_abort_stress,constraint_classifier,0.00,0,1,1,1,5,0,3.33635,0.85376,0.08956,4.43635,-0.01682,0.41166,0.25918,0.15293,0.17690,0.31571,0.28186,11,0,collision_margin,a0:collision_margin:38;a1:human_stop:30;a2:human_stop:30;a3:force_limit:28;a4:collision_margin:35
2,9002,combined_abort_stress_2_9002_0,combined_abort_stress,abort_constraint_discovery,0.00,1,1,1,1,4,0,6.06672,0.85376,0.14073,6.90672,-0.01183,0.43655,0.27922,0.16277,0.18824,0.20472,0.28740,11,0,none,a0:collision_margin:36;a1:fixture_snag:49;a2:fixture_snag:51;a3:none:118
2,9002,combined_abort_stress_2_9002_0,combined_abort_stress,oracle_constraints,0.00,1,1,1,1,5,0,6.87618,0.85376,0.12416,7.99618,0.02895,1.00000,1.00000,0.01926,0.06558,0.01847,0.12188,11,0,none,a0:visible_collision:55;a1:visible_collision:56;a2:visible_collision:54;a3:visible_collision:55;a4:none:95
2,9003,combined_abort_stress_2_9003_0,combined_abort_stress,costmap_from_collisions,0.00,0,1,1,1,5,0,4.79981,0.85125,0.06207,5.89981,-0.02771,0.47059,0.30769,0.09875,0.07962,0.20584,0.15097,11,0,fixture_snag,a0:collision_margin:45;a1:fixture_snag:31;a2:fixture_snag:32;a3:unstable_slip:81;a4:fixture_snag:31
2,9003,combined_abort_stress_2_9003_0,combined_abort_stress,risk_filter_uncertainty,0.00,0,1,1,1,5,0,3.86441,0.85125,0.07710,4.96441,-0.02131,0.38481,0.23824,0.11634,0.11186,0.23451,0.15374,11,0,fixture_snag,a0:fixture_snag:32;a1:collision_margin:46;a2:human_stop:39;a3:fixture_snag:32;a4:fixture_snag:33
2,9003,combined_abort_stress_2_9003_0,combined_abort_stress,constraint_classifier,0.00,0,1,1,1,5,0,4.97029,0.85125,0.05994,6.07029,-0.00988,0.36444,0.22283,0.17659,0.21891,0.36622,0.34765,11,0,fixture_snag,a0:fixture_snag:30;a1:unstable_slip:90;a2:human_stop:36;a3:fixture_snag:31;a4:fixture_snag:31
2,9003,combined_abort_stress_2_9003_0,combined_abort_stress,abort_constraint_discovery,0.00,0,1,1,1,5,0,6.12708,0.85125,0.04863,7.22708,-0.01751,0.43124,0.27489,0.16038,0.16815,0.19687,0.28809,11,0,fixture_snag,a0:unstable_slip:78;a1:collision_margin:50;a2:fixture_snag:66;a3:fixture_snag:37;a4:fixture_snag:44
2,9003,combined_abort_stress_2_9003_0,combined_abort_stress,oracle_constraints,0.00,1,1,1,1,3,0,2.52623,0.85125,0.33697,3.08623,0.00213,1.00000,1.00000,0.02155,0.07082,0.09269,0.11981,11,0,none,a0:visible_collision:19;a1:visible_collision:23;a2:none:74
2,9004,combined_abort_stress_2_9004_0,combined_abort_stress,costmap_from_collisions,0.00,0,1,1,1,5,0,4.27463,0.83065,0.06801,5.37463,-0.02285,0.43523,0.27815,0.10521,0.08958,0.18294,0.14751,11,0,fixture_snag,a0:force_limit:35;a1:human_stop:39;a2:visible_collision:54;a3:fixture_snag:36;a4:fixture_snag:37
2,9004,combined_abort_stress_2_9004_0,combined_abort_stress,risk_filter_uncertainty,0.00,0,1,1,1,5,0,4.08583,0.83065,0.07116,5.18583,-0.02876,0.45192,0.29193,0.10679,0.10665,0.25054,0.16828,11,0,fixture_snag,a0:force_limit:35;a1:human_stop:41;a2:visible_collision:38;a3:force_limit:39;a4:fixture_snag:37
2,9004,combined_abort_stress_2_9004_0,combined_abort_stress,constraint_classifier,0.00,0,1,1,1,5,0,4.72845,0.83065,0.06148,5.82845,-0.01194,0.48595,0.32096,0.14110,0.20705,0.33666,0.29917,11,0,fixture_snag,a0:human_stop:47;a1:unstable_slip:63;a2:fixture_snag:36;a3:fixture_snag:35;a4:fixture_snag:34
2,9004,combined_abort_stress_2_9004_0,combined_abort_stress,abort_constraint_discovery,0.00,0,1,1,1,5,0,6.70509,0.83065,0.04336,7.80509,-0.01094,0.41967,0.26556,0.17327,0.22142,0.15853,0.30263,11,0,fixture_snag,a0:human_stop:66;a1:human_stop:56;a2:fixture_snag:65;a3:human_stop:43;a4:fixture_snag:68
2,9004,combined_abort_stress_2_9004_0,combined_abort_stress,oracle_constraints,0.00,1,1,0,1,2,0,1.95047,0.83065,0.42587,2.23047,0.00423,1.00000,1.00000,0.02098,0.07243,0.05875,0.11981,11,0,none,a0:visible_collision:18;a1:none:70
3,9000,combined_abort_stress_3_9000_0,combined_abort_stress,costmap_from_collisions,0.00,1,1,0,1,2,0,2.47684,0.85050,0.34338,2.75684,-0.01238,0.36545,0.22358,0.09921,0.07643,0.08652,0.09349,9,2,none,a0:collision_margin:34;a1:none:70
3,9000,combined_abort_stress_3_9000_0,combined_abort_stress,risk_filter_uncertainty,0.00,1,1,0,1,2,0,2.21915,0.85050,0.38325,2.49915,-0.02200,0.34441,0.20803,0.10084,0.07952,0.17342,0.11427,9,2,none,a0:collision_margin:36;a1:none:70
3,9000,combined_abort_stress_3_9000_0,combined_abort_stress,constraint_classifier,0.00,1,1,0,1,2,0,2.30261,0.85050,0.36936,2.58261,-0.02774,0.37376,0.22983,0.13795,0.14187,0.14502,0.23338,9,2,none,a0:collision_margin:36;a1:none:70
3,9000,combined_abort_stress_3_9000_0,combined_abort_stress,abort_constraint_discovery,0.00,0,1,1,1,5,0,4.15950,0.85050,0.07156,5.25950,-0.01095,0.43299,0.27632,0.13349,0.12843,0.24189,0.22091,9,2,collision_margin,a0:collision_margin:43;a1:collision_margin:37;a2:collision_margin:37;a3:collision_margin:37;a4:collision_margin:38
3,9000,combined_abort_stress_3_9000_0,combined_abort_stress,oracle_constraints,0.00,1,0,0,0,1,0,1.57934,0.85050,0.53852,1.57934,0.02724,1.00000,1.00000,0.01675,0.05842,0.02373,0.11496,9,2,none,a0:none:70
3,9001,combined_abort_stress_3_9001_0,combined_abort_stress,costmap_from_collisions,0.00,1,0,0,0,1,0,1.76449,0.84695,0.48000,1.76449,0.03759,0.38440,0.23793,0.11059,0.08058,0.02783,0.11496,11,0,none,a0:none:87
3,9001,combined_abort_stress_3_9001_0,combined_abort_stress,risk_filter_uncertainty,0.00,0,1,1,1,5,0,4.17940,0.84695,0.07093,5.27940,-0.01301,0.39024,0.24242,0.12286,0.10640,0.25128,0.17867,11,0,collision_margin,a0:visible_collision:35;a1:human_stop:37;a2:collision_margin:39;a3:visible_collision:36;a4:collision_margin:41
3,9001,combined_abort_stress_3_9001_0,combined_abort_stress,constraint_classifier,0.00,1,0,0,0,1,0,1.86047,0.84695,0.45524,1.86047,0.03223,0.43116,0.27483,0.14442,0.15477,0.19615,0.24861,11,0,none,a0:none:91
3,9001,combined_abort_stress_3_9001_0,combined_abort_stress,abort_constraint_discovery,0.00,0,1,1,1,5,0,8.80310,0.84695,0.03367,9.90310,-0.02298,0.51923,0.35065,0.14376,0.16766,0.14516,0.29848,11,0,fixture_snag,a0:fixture_snag:86;a1:unstable_slip:103;a2:human_stop:38;a3:fixture_snag:81;a4:fixture_snag:86
3,9001,combined_abort_stress_3_9001_0,combined_abort_stress,oracle_constraints,0.00,1,0,0,0,1,0,1.83755,0.84695,0.46091,1.83755,0.04062,1.00000,1.00000,0.02355,0.07675,0.00865,0.13366,11,0,none,a0:none:87
3,9002,combined_abort_stress_3_9002_0,combined_abort_stress,costmap_from_collisions,0.00,0,1,1,1,5,0,4.24880,0.84998,0.07002,5.34880,-0.01092,0.43455,0.27759,0.10039,0.10485,0.20264,0.16551,10,1,collision_margin,a0:human_stop:47;a1:collision_margin:42;a2:unstable_slip:37;a3:human_stop:36;a4:collision_margin:35
3,9002,combined_abort_stress_3_9002_0,combined_abort_stress,risk_filter_uncertainty,0.00,0,1,1,0,5,0,3.89235,0.84998,0.07643,4.99235,-0.01252,0.41221,0.25962,0.10793,0.13560,0.23675,0.17313,10,1,human_stop,a0:human_stop:38;a1:collision_margin:42;a2:human_stop:33;a3:human_stop:31;a4:human_stop:31
3,9002,combined_abort_stress_3_9002_0,combined_abort_stress,constraint_classifier,0.00,1,1,1,1,5,0,5.40662,0.84998,0.15721,6.52662,-0.02160,0.35897,0.21875,0.15777,0.21885,0.25495,0.27909,10,1,none,a0:human_stop:46;a1:human_stop:39;a2:collision_margin:41;a3:collision_margin:40;a4:none:80
3,9002,combined_abort_stress_3_9002_0,combined_abort_stress,abort_constraint_discovery,0.00,1,0,0,0,1,0,1.80204,0.84998,0.47168,1.80204,0.00479,0.45823,0.29721,0.11604,0.11801,0.17358,0.19114,10,1,none,a0:none:82
3,9002,combined_abort_stress_3_9002_0,combined_abort_stress,oracle_constraints,0.00,0,1,1,1,5,0,6.41879,0.84998,0.04635,7.51879,0.02165,1.00000,1.00000,0.01612,0.05443,0.01045,0.09903,10,1,visible_collision,a0:visible_collision:56;a1:visible_collision:60;a2:visible_collision:60;a3:visible_collision:57;a4:visible_collision:56
3,9003,combined_abort_stress_3_9003_0,combined_abort_stress,costmap_from_collisions,0.00,1,0,0,0,1,0,1.54190,0.86131,0.55861,1.54190,0.02966,0.34483,0.20833,0.09295,0.07118,0.08114,0.09626,10,1,none,a0:none:72
3,9003,combined_abort_stress_3_9003_0,combined_abort_stress,risk_filter_uncertainty,0.00,1,0,0,0,1,0,1.77246,0.86131,0.48594,1.77246,0.03537,0.35849,0.21839,0.09734,0.09551,0.14850,0.11565,10,1,none,a0:none:72
3,9003,combined_abort_stress_3_9003_0,combined_abort_stress,constraint_classifier,0.00,1,0,0,0,1,0,1.52331,0.86131,0.56542,1.52331,0.02123,0.40506,0.25397,0.12368,0.15717,0.11847,0.22368,10,1,none,a0:none:72
3,9003,combined_abort_stress_3_9003_0,combined_abort_stress,abort_constraint_discovery,0.00,1,0,0,0,1,0,1.75786,0.86131,0.48998,1.75786,0.00667,0.48684,0.32174,0.11985,0.12495,0.16815,0.21122,10,1,none,a0:none:87
3,9003,combined_abort_stress_3_9003_0,combined_abort_stress,oracle_constraints,0.00,1,0,0,0,1,0,1.72585,0.86131,0.49907,1.72585,0.02480,1.00000,1.00000,0.01737,0.06053,0.01616,0.10457,10,1,none,a0:none:72
3,9004,combined_abort_stress_3_9004_0,combined_abort_stress,costmap_from_collisions,0.00,1,0,0,0,1,0,1.45904,0.83411,0.57169,1.45904,0.01617,0.33233,0.19928,0.10872,0.08536,0.03987,0.10734,11,0,none,a0:none:77
3,9004,combined_abort_stress_3_9004_0,combined_abort_stress,risk_filter_uncertainty,0.00,1,0,0,0,1,0,1.45178,0.83411,0.57454,1.45178,0.02634,0.33803,0.20339,0.11269,0.09881,0.13659,0.12396,11,0,none,a0:none:77
3,9004,combined_abort_stress_3_9004_0,combined_abort_stress,constraint_classifier,0.00,1,0,0,0,1,0,1.60147,0.83411,0.52084,1.60147,0.02112,0.31311,0.18561,0.15797,0.16431,0.23827,0.23199,11,0,none,a0:none:77
3,9004,combined_abort_stress_3_9004_0,combined_abort_stress,abort_constraint_discovery,0.00,1,1,1,1,4,0,7.12038,0.83411,0.11714,7.96038,-0.01445,0.47078,0.30786,0.15046,0.18431,0.11000,0.29294,11,0,none,a0:fixture_snag:44;a1:fixture_snag:43;a2:force_limit:68;a3:none:120
3,9004,combined_abort_stress_3_9004_0,combined_abort_stress,oracle_constraints,0.00,1,0,0,0,1,0,1.49569,0.83411,0.55768,1.49569,0.01916,1.00000,1.00000,0.02123,0.06876,0.01840,0.12188,11,0,none,a0:none:77
4,9000,combined_abort_stress_4_9000_0,combined_abort_stress,costmap_from_collisions,0.00,0,1,1,1,5,0,3.82961,0.84469,0.07720,4.92961,-0.02577,0.37598,0.23151,0.11540,0.09616,0.17119,0.14197,11,0,fixture_snag,a0:force_limit:26;a1:fixture_snag:44;a2:fixture_snag:28;a3:fixture_snag:39;a4:fixture_snag:29
4,9000,combined_abort_stress_4_9000_0,combined_abort_stress,risk_filter_uncertainty,0.00,0,1,1,1,5,0,3.40125,0.84469,0.08692,4.50125,-0.02109,0.36983,0.22687,0.11905,0.10920,0.24636,0.16136,11,0,fixture_snag,a0:force_limit:26;a1:fixture_snag:45;a2:fixture_snag:28;a3:force_limit:29;a4:fixture_snag:30
4,9000,combined_abort_stress_4_9000_0,combined_abort_stress,constraint_classifier,0.00,1,0,0,0,1,0,2.11582,0.84469,0.39923,2.11582,0.01132,0.33333,0.20000,0.15182,0.15292,0.07738,0.22576,11,0,none,a0:none:100
4,9000,combined_abort_stress_4_9000_0,combined_abort_stress,abort_constraint_discovery,0.00,1,0,0,0,1,0,2.23201,0.84469,0.37844,2.23201,0.01204,0.42718,0.27160,0.12413,0.11112,0.04635,0.16205,11,0,none,a0:none:102
4,9000,combined_abort_stress_4_9000_0,combined_abort_stress,oracle_constraints,0.00,1,0,0,0,1,0,2.14383,0.84469,0.39401,2.14383,0.02932,1.00000,1.00000,0.02208,0.07446,0.01715,0.12327,11,0,none,a0:none:96
4,9001,combined_abort_stress_4_9001_0,combined_abort_stress,costmap_from_collisions,0.00,0,1,1,1,5,0,3.14561,0.84953,0.09452,4.24561,-0.02910,0.45714,0.29630,0.08973,0.06066,0.23995,0.15166,11,0,human_stop,a0:visible_collision:47;a1:human_stop:29;a2:fixture_snag:38;a3:human_stop:21;a4:human_stop:20
4,9001,combined_abort_stress_4_9001_0,combined_abort_stress,risk_filter_uncertainty,0.00,0,1,1,1,5,0,2.69003,0.84953,0.11053,3.79003,-0.01823,0.46561,0.30345,0.09585,0.10242,0.26440,0.14681,11,0,human_stop,a0:human_stop:27;a1:fixture_snag:38;a2:human_stop:19;a3:human_stop:20;a4:human_stop:20
4,9001,combined_abort_stress_4_9001_0,combined_abort_stress,constraint_classifier,0.00,1,0,0,0,1,0,2.22609,0.84953,0.38162,2.22609,0.03770,0.44939,0.28982,0.12300,0.15224,0.11003,0.22715,11,0,none,a0:none:104
4,9001,combined_abort_stress_4_9001_0,combined_abort_stress,abort_constraint_discovery,0.00,1,0,0,0,1,0,2.21436,0.84953,0.38364,2.21436,0.03839,0.52713,0.35789,0.11802,0.17066,0.12358,0.24238,11,0,none,a0:none:104
4,9001,combined_abort_stress_4_9001_0,combined_abort_stress,oracle_constraints,0.00,1,0,0,0,1,0,2.14453,0.84953,0.39614,2.14453,0.03647,1.00000,1.00000,0.01842,0.05937,0.00806,0.11496,11,0,none,a0:none:94
4,9002,combined_abort_stress_4_9002_0,combined_abort_stress,costmap_from_collisions,0.00,1,0,0,0,1,0,1.54095,0.84473,0.54819,1.54095,0.01270,0.42384,0.26891,0.09011,0.08408,0.08559,0.10803,9,2,none,a0:none:70
4,9002,combined_abort_stress_4_9002_0,combined_abort_stress,risk_filter_uncertainty,0.00,1,0,0,0,1,0,1.71028,0.84473,0.49391,1.71028,0.01992,0.40752,0.25591,0.09303,0.10719,0.13544,0.11981,9,2,none,a0:none:72
4,9002,combined_abort_stress_4_9002_0,combined_abort_stress,constraint_classifier,0.00,1,0,0,0,1,0,1.58219,0.84473,0.53390,1.58219,0.01855,0.40347,0.25272,0.13337,0.16421,0.09324,0.21814,9,2,none,a0:none:70
4,9002,combined_abort_stress_4_9002_0,combined_abort_stress,abort_constraint_discovery,0.00,1,1,0,1,2,0,2.49563,0.84473,0.33848,2.77563,-0.00739,0.34165,0.20602,0.17164,0.21471,0.27381,0.25970,9,2,none,a0:collision_margin:42;a1:none:72
4,9002,combined_abort_stress_4_9002_0,combined_abort_stress,oracle_constraints,0.00,1,0,0,0,1,0,1.56627,0.84473,0.53932,1.56627,0.03929,1.00000,1.00000,0.01944,0.06671,0.00588,0.10111,9,2,none,a0:none:68
4,9003,combined_abort_stress_4_9003_0,combined_abort_stress,costmap_from_collisions,0.00,1,1,1,1,5,0,5.29885,0.86834,0.16387,6.41885,-0.01709,0.47594,0.31228,0.09298,0.07155,0.12759,0.14266,11,0,none,a0:fixture_snag:42;a1:fixture_snag:38;a2:collision_margin:36;a3:fixture_snag:39;a4:none:85
4,9003,combined_abort_stress_4_9003_0,combined_abort_stress,risk_filter_uncertainty,0.00,1,1,1,1,3,0,3.56769,0.86834,0.24339,4.12769,-0.01615,0.43878,0.28105,0.09896,0.09673,0.18758,0.15512,11,0,none,a0:fixture_snag:42;a1:fixture_snag:39;a2:none:85
4,9003,combined_abort_stress_4_9003_0,combined_abort_stress,constraint_classifier,0.00,0,1,1,1,5,0,4.23316,0.86834,0.07179,5.33316,-0.01155,0.39394,0.24528,0.15856,0.18799,0.34207,0.29501,11,0,human_stop,a0:fixture_snag:44;a1:fixture_snag:39;a2:fixture_snag:38;a3:fixture_snag:36;a4:human_stop:33
4,9003,combined_abort_stress_4_9003_0,combined_abort_stress,abort_constraint_discovery,0.00,1,0,0,0,1,0,1.98986,0.86834,0.43638,1.98986,0.01975,0.47368,0.31034,0.13164,0.14232,0.06548,0.22576,11,0,none,a0:none:92
4,9003,combined_abort_stress_4_9003_0,combined_abort_stress,oracle_constraints,0.00,1,0,0,0,1,0,1.82133,0.86834,0.47676,1.82133,0.01296,1.00000,1.00000,0.02000,0.06538,0.02487,0.11634,11,0,none,a0:none:85
4,9004,combined_abort_stress_4_9004_0,combined_abort_stress,costmap_from_collisions,0.00,0,1,1,1,5,0,3.95489,0.84438,0.07473,5.05489,-0.01709,0.40936,0.25735,0.09612,0.06926,0.15452,0.12188,11,0,fixture_snag,a0:fixture_snag:32;a1:human_stop:46;a2:fixture_snag:30;a3:fixture_snag:35;a4:fixture_snag:29
4,9004,combined_abort_stress_4_9004_0,combined_abort_stress,risk_filter_uncertainty,0.00,0,1,1,1,5,0,3.92538,0.84438,0.07529,5.02538,-0.01958,0.38043,0.23490,0.10756,0.10307,0.23983,0.13989,11,0,fixture_snag,a0:fixture_snag:31;a1:human_stop:46;a2:fixture_snag:29;a3:fixture_snag:34;a4:fixture_snag:30
4,9004,combined_abort_stress_4_9004_0,combined_abort_stress,constraint_classifier,0.00,0,1,1,1,5,0,3.42681,0.84438,0.08624,4.52681,-0.02356,0.27953,0.16247,0.15974,0.16598,0.31131,0.23684,11,0,fixture_snag,a0:fixture_snag:34;a1:fixture_snag:32;a2:fixture_snag:31;a3:fixture_snag:31;a4:fixture_snag:31
4,9004,combined_abort_stress_4_9004_0,combined_abort_stress,abort_constraint_discovery,0.00,0,1,1,1,5,0,7.10970,0.84438,0.04157,8.20970,-0.00330,0.29545,0.17333,0.20995,0.22397,0.25844,0.31163,11,0,visible_collision,a0:visible_collision:77;a1:force_limit:94;a2:collision_margin:68;a3:collision_margin:67;a4:visible_collision:26
4,9004,combined_abort_stress_4_9004_0,combined_abort_stress,oracle_constraints,0.00,1,0,0,0,1,0,1.86454,0.84438,0.45286,1.86454,0.01361,1.00000,1.00000,0.02302,0.07416,0.05224,0.11496,11,0,none,a0:none:82
5,9000,combined_abort_stress_5_9000_0,combined_abort_stress,costmap_from_collisions,0.00,1,0,0,0,1,0,1.41959,0.84223,0.59329,1.41959,0.03923,0.28402,0.16552,0.12175,0.10539,0.09318,0.10111,11,0,none,a0:none:71
5,9000,combined_abort_stress_5_9000_0,combined_abort_stress,risk_filter_uncertainty,0.00,1,0,0,0,1,0,1.65293,0.84223,0.50954,1.65293,0.03624,0.29412,0.17241,0.11612,0.09141,0.17434,0.12604,11,0,none,a0:none:71
5,9000,combined_abort_stress_5_9000_0,combined_abort_stress,constraint_classifier,0.00,1,0,0,0,1,0,1.69634,0.84223,0.49650,1.69634,0.02824,0.38577,0.23898,0.14374,0.14285,0.27210,0.23684,11,0,none,a0:none:71
5,9000,combined_abort_stress_5_9000_0,combined_abort_stress,abort_constraint_discovery,0.00,1,1,0,1,2,0,4.63718,0.84223,0.18162,4.91718,-0.00287,0.44876,0.28929,0.15788,0.17679,0.03263,0.25900,11,0,none,a0:unstable_slip:71;a1:none:120
5,9000,combined_abort_stress_5_9000_0,combined_abort_stress,oracle_constraints,0.00,1,0,0,0,1,0,1.56862,0.84223,0.53692,1.56862,0.02165,1.00000,1.00000,0.02188,0.07285,0.00985,0.13296,11,0,none,a0:none:71
5,9001,combined_abort_stress_5_9001_0,combined_abort_stress,costmap_from_collisions,0.00,0,1,1,1,5,0,4.58426,0.84375,0.06442,5.68426,-0.02776,0.35648,0.21690,0.13002,0.12641,0.18802,0.16828,11,0,fixture_snag,a0:unstable_slip:80;a1:fixture_snag:38;a2:fixture_snag:32;a3:fixture_snag:31;a4:fixture_snag:32
5,9001,combined_abort_stress_5_9001_0,combined_abort_stress,risk_filter_uncertainty,0.00,0,1,1,1,5,0,4.52596,0.84375,0.06525,5.62596,-0.02784,0.35011,0.21220,0.13528,0.13611,0.24319,0.18560,11,0,fixture_snag,a0:unstable_slip:82;a1:fixture_snag:38;a2:fixture_snag:31;a3:fixture_snag:33;a4:fixture_snag:31
5,9001,combined_abort_stress_5_9001_0,combined_abort_stress,constraint_classifier,0.00,0,1,1,1,5,0,3.83004,0.84375,0.07710,4.93004,-0.02036,0.27007,0.15612,0.18790,0.21361,0.35490,0.24861,11,0,human_stop,a0:collision_margin:34;a1:human_stop:36;a2:human_stop:35;a3:human_stop:36;a4:human_stop:35
5,9001,combined_abort_stress_5_9001_0,combined_abort_stress,abort_constraint_discovery,0.00,1,0,0,0,1,0,3.11790,0.84375,0.27061,3.11790,0.02444,0.32568,0.19451,0.17223,0.17973,0.03712,0.20083,11,0,none,a0:none:120
5,9001,combined_abort_stress_5_9001_0,combined_abort_stress,oracle_constraints,0.00,1,0,0,0,1,0,1.71216,0.84375,0.49280,1.71216,0.00423,1.00000,1.00000,0.02588,0.08721,0.04738,0.13089,11,0,none,a0:none:75
5,9002,combined_abort_stress_5_9002_0,combined_abort_stress,costmap_from_collisions,0.00,0,1,1,1,5,0,4.21574,0.85115,0.07066,5.31574,-0.01582,0.46588,0.30368,0.10799,0.09544,0.18354,0.16759,11,0,fixture_snag,a0:force_limit:34;a1:fixture_snag:33;a2:fixture_snag:52;a3:fixture_snag:33;a4:fixture_snag:33
5,9002,combined_abort_stress_5_9002_0,combined_abort_stress,risk_filter_uncertainty,0.00,0,1,1,1,5,0,3.81131,0.85115,0.07816,4.91131,-0.01362,0.47450,0.31105,0.11118,0.11164,0.23507,0.18560,11,0,fixture_snag,a0:force_limit:34;a1:fixture_snag:47;a2:fixture_snag:33;a3:fixture_snag:33;a4:fixture_snag:33
5,9002,combined_abort_stress_5_9002_0,combined_abort_stress,constraint_classifier,0.00,1,0,0,0,1,0,2.24518,0.85115,0.37910,2.24518,0.02345,0.41770,0.26398,0.14860,0.17294,0.07610,0.26454,11,0,none,a0:none:103
5,9002,combined_abort_stress_5_9002_0,combined_abort_stress,abort_constraint_discovery,0.00,1,0,0,0,1,0,3.03569,0.85115,0.28038,3.03569,0.03269,0.46362,0.30176,0.15866,0.18918,0.06858,0.28255,11,0,none,a0:none:120
5,9002,combined_abort_stress_5_9002_0,combined_abort_stress,oracle_constraints,0.00,1,0,0,0,1,0,2.02650,0.85115,0.42001,2.02650,0.02165,1.00000,1.00000,0.02391,0.07776,0.02413,0.12673,11,0,none,a0:none:95
5,9003,combined_abort_stress_5_9003_0,combined_abort_stress,costmap_from_collisions,0.00,1,0,0,0,1,0,1.54044,0.85267,0.55352,1.54044,0.02744,0.42817,0.27240,0.10035,0.08377,0.13138,0.12881,9,2,none,a0:none:76
5,9003,combined_abort_stress_5_9003_0,combined_abort_stress,risk_filter_uncertainty,0.00,1,0,0,0,1,0,1.55387,0.85267,0.54874,1.55387,0.02115,0.41470,0.26159,0.10559,0.11121,0.18893,0.14681,9,2,none,a0:none:74
5,9003,combined_abort_stress_5_9003_0,combined_abort_stress,constraint_classifier,0.00,1,0,0,0,1,0,2.00015,0.85267,0.42630,2.00015,0.00672,0.46092,0.29948,0.12510,0.16790,0.08745,0.22853,9,2,none,a0:none:80
5,9003,combined_abort_stress_5_9003_0,combined_abort_stress,abort_constraint_discovery,0.00,1,1,0,1,2,0,2.75738,0.85267,0.30923,3.03738,-0.00955,0.45652,0.29577,0.14194,0.18136,0.29002,0.26524,9,2,none,a0:fixture_snag:43;a1:none:82
5,9003,combined_abort_stress_5_9003_0,combined_abort_stress,oracle_constraints,0.00,1,0,0,0,1,0,1.57825,0.85267,0.54026,1.57825,0.02696,1.00000,1.00000,0.01881,0.06513,0.02066,0.11704,9,2,none,a0:none:70
5,9004,combined_abort_stress_5_9004_0,combined_abort_stress,costmap_from_collisions,0.00,1,1,1,1,4,0,4.60775,0.84051,0.18241,5.44775,-0.00934,0.44077,0.28269,0.09159,0.07151,0.14980,0.14474,9,2,none,a0:unstable_slip:46;a1:fixture_snag:33;a2:fixture_snag:46;a3:none:73
5,9004,combined_abort_stress_5_9004_0,combined_abort_stress,risk_filter_uncertainty,0.00,1,1,1,1,4,0,4.29666,0.84051,0.19562,5.13666,-0.02990,0.48649,0.32143,0.09579,0.13059,0.20042,0.17521,9,2,none,a0:unstable_slip:47;a1:fixture_snag:48;a2:force_limit:31;a3:none:73
5,9004,combined_abort_stress_5_9004_0,combined_abort_stress,constraint_classifier,0.00,0,1,1,1,5,0,4.97355,0.84051,0.05915,6.07355,-0.01123,0.45977,0.29851,0.13451,0.21147,0.21967,0.25485,9,2,visible_collision,a0:unstable_slip:47;a1:human_stop:26;a2:unstable_slip:62;a3:force_limit:27;a4:visible_collision:61
5,9004,combined_abort_stress_5_9004_0,combined_abort_stress,abort_constraint_discovery,0.00,0,1,1,1,5,0,4.46745,0.84051,0.06585,5.56745,-0.01611,0.36900,0.22624,0.16209,0.19201,0.20159,0.26870,9,2,collision_margin,a0:collision_margin:40;a1:collision_margin:40;a2:collision_margin:41;a3:collision_margin:41;a4:collision_margin:43
5,9004,combined_abort_stress_5_9004_0,combined_abort_stress,oracle_constraints,0.00,1,0,0,0,1,0,1.49237,0.84051,0.56321,1.49237,0.02246,1.00000,1.00000,0.02019,0.06683,0.03869,0.10665,9,2,none,a0:none:75
6,9000,combined_abort_stress_6_9000_0,combined_abort_stress,costmap_from_collisions,0.00,1,1,0,0,2,0,1.98091,0.85498,0.43161,2.26091,-0.00389,0.41081,0.25850,0.10178,0.07159,0.12838,0.14197,9,2,none,a0:fixture_snag:25;a1:none:74
6,9000,combined_abort_stress_6_9000_0,combined_abort_stress,risk_filter_uncertainty,0.00,1,0,0,0,1,0,1.61026,0.85498,0.53096,1.61026,0.03335,0.36517,0.22337,0.10837,0.11110,0.13029,0.13227,9,2,none,a0:none:70
6,9000,combined_abort_stress_6_9000_0,combined_abort_stress,constraint_classifier,0.00,1,1,0,1,2,0,2.42762,0.85498,0.35219,2.70762,-0.02285,0.41026,0.25806,0.13484,0.17134,0.17189,0.20983,9,2,none,a0:fixture_snag:27;a1:none:72
6,9000,combined_abort_stress_6_9000_0,combined_abort_stress,abort_constraint_discovery,0.00,1,1,0,1,2,0,2.58849,0.85498,0.33030,2.86849,-0.00867,0.42581,0.27049,0.15880,0.22166,0.26231,0.31510,9,2,none,a0:fixture_snag:30;a1:none:79
6,9000,combined_abort_stress_6_9000_0,combined_abort_stress,oracle_constraints,0.00,1,0,0,0,1,0,1.48975,0.85498,0.57391,1.48975,0.03538,1.00000,1.00000,0.02064,0.07090,0.01980,0.11427,9,2,none,a0:none:68
6,9001,combined_abort_stress_6_9001_0,combined_abort_stress,costmap_from_collisions,0.00,1,0,0,0,1,0,1.49641,0.82808,0.55338,1.49641,0.03350,0.37580,0.23137,0.09780,0.07565,0.04022,0.10042,11,0,none,a0:none:76
6,9001,combined_abort_stress_6_9001_0,combined_abort_stress,risk_filter_uncertainty,0.00,1,0,0,0,1,0,1.54572,0.82808,0.53572,1.54572,0.04464,0.35294,0.21429,0.10195,0.08015,0.14801,0.11842,11,0,none,a0:none:76
6,9001,combined_abort_stress_6_9001_0,combined_abort_stress,constraint_classifier,0.00,1,0,0,0,1,0,1.56254,0.82808,0.52995,1.56254,0.03304,0.42474,0.26963,0.12035,0.13744,0.23573,0.21884,11,0,none,a0:none:76
6,9001,combined_abort_stress_6_9001_0,combined_abort_stress,abort_constraint_discovery,0.00,1,1,0,0,2,0,4.73362,0.82808,0.17494,5.01362,-0.00373,0.51154,0.34367,0.13472,0.17899,0.07028,0.24307,11,0,none,a0:collision_margin:32;a1:none:120
6,9001,combined_abort_stress_6_9001_0,combined_abort_stress,oracle_constraints,0.00,1,0,0,0,1,0,1.43919,0.82808,0.57538,1.43919,0.02824,1.00000,1.00000,0.02063,0.06824,0.00766,0.11704,11,0,none,a0:none:76
6,9002,combined_abort_stress_6_9002_0,combined_abort_stress,costmap_from_collisions,0.00,1,1,1,1,5,0,5.30114,0.85732,0.16172,6.42114,-0.00982,0.44909,0.28956,0.10477,0.08084,0.02741,0.13296,11,0,none,a0:unstable_slip:32;a1:collision_margin:37;a2:unstable_slip:33;a3:collision_margin:36;a4:none:103
6,9002,combined_abort_stress_6_9002_0,combined_abort_stress,risk_filter_uncertainty,0.00,1,1,1,1,5,0,5.29199,0.85732,0.16200,6.41199,-0.02266,0.43645,0.27914,0.11018,0.09961,0.11454,0.15651,11,0,none,a0:unstable_slip:32;a1:collision_margin:37;a2:unstable_slip:32;a3:collision_margin:35;a4:none:103
6,9002,combined_abort_stress_6_9002_0,combined_abort_stress,constraint_classifier,0.00,0,1,1,1,5,0,3.39891,0.85732,0.08828,4.49891,-0.01986,0.44332,0.28478,0.14401,0.17017,0.32216,0.27701,11,0,collision_margin,a0:unstable_slip:31;a1:collision_margin:39;a2:collision_margin:30;a3:collision_margin:32;a4:collision_margin:31
6,9002,combined_abort_stress_6_9002_0,combined_abort_stress,abort_constraint_discovery,0.00,0,1,1,1,5,0,5.06328,0.85732,0.05926,6.16328,-0.01665,0.52929,0.35989,0.11721,0.09809,0.24150,0.21053,11,0,collision_margin,a0:fixture_snag:54;a1:collision_margin:52;a2:collision_margin:38;a3:collision_margin:43;a4:collision_margin:39
6,9002,combined_abort_stress_6_9002_0,combined_abort_stress,oracle_constraints,0.00,1,0,0,0,1,0,2.10965,0.85732,0.40638,2.10965,0.02746,1.00000,1.00000,0.02183,0.07035,0.02028,0.13227,11,0,none,a0:none:102
6,9003,combined_abort_stress_6_9003_0,combined_abort_stress,costmap_from_collisions,0.00,1,0,0,0,1,0,1.70047,0.86304,0.50753,1.70047,0.00075,0.29677,0.17424,0.11691,0.10596,0.03349,0.09211,11,0,none,a0:none:83
6,9003,combined_abort_stress_6_9003_0,combined_abort_stress,risk_filter_uncertainty,0.00,1,1,1,1,4,0,3.97616,0.86304,0.21705,4.81616,-0.02196,0.33426,0.20067,0.11474,0.08974,0.17783,0.12604,11,0,none,a0:fixture_snag:41;a1:fixture_snag:26;a2:fixture_snag:37;a3:none:85
6,9003,combined_abort_stress_6_9003_0,combined_abort_stress,constraint_classifier,0.00,1,0,0,0,1,0,1.85163,0.86304,0.46610,1.85163,0.01777,0.28444,0.16580,0.15363,0.14379,0.10308,0.18906,11,0,none,a0:none:89
6,9003,combined_abort_stress_6_9003_0,combined_abort_stress,abort_constraint_discovery,0.00,1,0,0,0,1,0,1.77006,0.86304,0.48758,1.77006,0.02699,0.37470,0.23054,0.13899,0.12928,0.07398,0.16205,11,0,none,a0:none:90
6,9003,combined_abort_stress_6_9003_0,combined_abort_stress,oracle_constraints,0.00,1,0,0,0,1,0,1.62567,0.86304,0.53088,1.62567,0.01966,1.00000,1.00000,0.02127,0.07043,0.01941,0.12258,11,0,none,a0:none:83
6,9004,combined_abort_stress_6_9004_0,combined_abort_stress,costmap_from_collisions,0.00,1,0,0,0,1,0,1.79125,0.84122,0.46963,1.79125,0.00738,0.44321,0.28470,0.10376,0.09099,0.02379,0.12742,11,0,none,a0:none:89
6,9004,combined_abort_stress_6_9004_0,combined_abort_stress,risk_filter_uncertainty,0.00,1,0,0,0,1,0,1.97923,0.84122,0.42503,1.97923,0.00956,0.42347,0.26861,0.11131,0.10270,0.12484,0.14889,11,0,none,a0:none:89
6,9004,combined_abort_stress_6_9004_0,combined_abort_stress,constraint_classifier,0.00,1,0,0,0,1,0,1.97971,0.84122,0.42492,1.97971,0.02797,0.38636,0.23944,0.15243,0.16601,0.12327,0.24307,11,0,none,a0:none:94
6,9004,combined_abort_stress_6_9004_0,combined_abort_stress,abort_constraint_discovery,0.00,1,0,0,0,1,0,2.03068,0.84122,0.41426,2.03068,0.00885,0.42231,0.26768,0.15026,0.16283,0.12311,0.22507,11,0,none,a0:none:95
6,9004,combined_abort_stress_6_9004_0,combined_abort_stress,oracle_constraints,0.00,1,0,0,0,1,0,1.82324,0.84122,0.46139,1.82324,0.02788,1.00000,1.00000,0.02123,0.07174,0.02610,0.12258,11,0,none,a0:none:88
0,9020,combined_abort_stress_0_9020_0,combined_abort_stress,costmap_from_collisions,0.20,0,1,1,1,5,0,3.97995,0.85147,0.07488,5.07995,-0.02221,0.36930,0.22647,0.12321,0.10302,0.22656,0.15859,11,0,human_stop,a0:collision_margin:43;a1:visible_collision:20;a2:visible_collision:48;a3:collision_margin:39;a4:human_stop:26
0,9020,combined_abort_stress_0_9020_0,combined_abort_stress,risk_filter_uncertainty,0.20,0,1,1,1,5,0,4.31579,0.85147,0.06905,5.41579,-0.01170,0.37668,0.23204,0.12694,0.11983,0.26954,0.17867,11,0,human_stop,a0:visible_collision:24;a1:collision_margin:60;a2:visible_collision:52;a3:human_stop:25;a4:human_stop:26
0,9020,combined_abort_stress_0_9020_0,combined_abort_stress,constraint_classifier,0.20,0,1,1,1,5,0,8.50262,0.85147,0.03505,9.60262,-0.01564,0.35952,0.21916,0.20193,0.25858,0.13631,0.38989,11,0,visible_collision,a0:collision_margin:41;a1:unstable_slip:98;a2:visible_collision:27;a3:unstable_slip:120;a4:visible_collision:94
0,9020,combined_abort_stress_0_9020_0,combined_abort_stress,abort_constraint_discovery,0.20,0,1,1,1,5,0,5.56355,0.85147,0.05357,6.66355,-0.01003,0.45756,0.29665,0.15254,0.17623,0.21898,0.24515,11,0,collision_margin,a0:visible_collision:47;a1:visible_collision:47;a2:collision_margin:50;a3:collision_margin:49;a4:collision_margin:51
0,9020,combined_abort_stress_0_9020_0,combined_abort_stress,oracle_constraints,0.20,0,1,1,1,5,0,5.32605,0.85147,0.05595,6.42605,0.07652,1.00000,1.00000,0.02238,0.07514,0.04207,0.13019,11,0,visible_collision,a0:visible_collision:47;a1:visible_collision:47;a2:visible_collision:46;a3:visible_collision:47;a4:visible_collision:46
0,9021,combined_abort_stress_0_9021_0,combined_abort_stress,costmap_from_collisions,0.20,1,1,1,1,3,0,3.57951,0.85533,0.23895,4.13951,-0.01357,0.37333,0.22951,0.11993,0.10818,0.07833,0.12742,11,0,none,a0:fixture_snag:36;a1:fixture_snag:32;a2:none:85
0,9021,combined_abort_stress_0_9021_0,combined_abort_stress,risk_filter_uncertainty,0.20,1,1,1,1,3,0,3.34966,0.85533,0.25535,3.90966,-0.02821,0.37688,0.23220,0.11837,0.09183,0.18374,0.14335,11,0,none,a0:fixture_snag:34;a1:fixture_snag:33;a2:none:85
0,9021,combined_abort_stress_0_9021_0,combined_abort_stress,constraint_classifier,0.20,1,0,0,0,1,0,1.95355,0.85533,0.43783,1.95355,0.02256,0.34286,0.20690,0.15524,0.15376,0.07204,0.23130,11,0,none,a0:none:86
0,9021,combined_abort_stress_0_9021_0,combined_abort_stress,abort_constraint_discovery,0.20,1,0,0,0,1,0,1.98245,0.85533,0.43145,1.98245,0.02239,0.42144,0.26698,0.15269,0.16375,0.04924,0.24238,11,0,none,a0:none:87
0,9021,combined_abort_stress_0_9021_0,combined_abort_stress,oracle_constraints,0.20,1,1,0,0,2,0,2.33683,0.85533,0.36602,2.61683,0.02253,1.00000,1.00000,0.02297,0.07849,0.02355,0.13227,11,0,none,a0:human_stop:22;a1:none:85
0,9022,combined_abort_stress_0_9022_0,combined_abort_stress,costmap_from_collisions,0.20,1,0,0,0,1,0,1.64838,0.84649,0.51353,1.64838,0.04390,0.39175,0.24359,0.09709,0.08447,0.01768,0.09141,11,0,none,a0:none:77
0,9022,combined_abort_stress_0_9022_0,combined_abort_stress,risk_filter_uncertainty,0.20,1,0,0,0,1,0,1.55667,0.84649,0.54378,1.55667,0.02745,0.39752,0.24806,0.10065,0.09179,0.13747,0.11288,11,0,none,a0:none:77
0,9022,combined_abort_stress_0_9022_0,combined_abort_stress,constraint_classifier,0.20,1,0,0,0,1,0,1.83779,0.84649,0.46060,1.83779,0.02107,0.35073,0.21266,0.14489,0.15628,0.17169,0.22161,11,0,none,a0:none:78
0,9022,combined_abort_stress_0_9022_0,combined_abort_stress,abort_constraint_discovery,0.20,1,1,0,1,2,0,2.70308,0.84649,0.31316,2.98308,0.03374,0.38753,0.24033,0.14743,0.15518,0.17494,0.20083,11,0,none,a0:visible_collision:44;a1:none:78
0,9022,combined_abort_stress_0_9022_0,combined_abort_stress,oracle_constraints,0.20,1,0,0,0,1,0,1.60063,0.84649,0.52885,1.60063,0.03873,1.00000,1.00000,0.01970,0.06641,0.00780,0.11011,11,0,none,a0:none:77
0,9023,combined_abort_stress_0_9023_0,combined_abort_stress,costmap_from_collisions,0.20,1,0,0,0,1,0,1.73199,0.83180,0.48026,1.73199,0.01035,0.46006,0.29876,0.08323,0.05030,0.04092,0.10596,11,0,none,a0:none:78
0,9023,combined_abort_stress_0_9023_0,combined_abort_stress,risk_filter_uncertainty,0.20,1,0,0,0,1,0,1.67790,0.83180,0.49574,1.67790,0.02443,0.41945,0.26538,0.09616,0.09940,0.13789,0.11704,11,0,none,a0:none:78
0,9023,combined_abort_stress_0_9023_0,combined_abort_stress,constraint_classifier,0.20,1,0,0,0,1,0,1.77874,0.83180,0.46763,1.77874,0.01083,0.43284,0.27619,0.13715,0.18769,0.23657,0.26039,11,0,none,a0:none:78
0,9023,combined_abort_stress_0_9023_0,combined_abort_stress,abort_constraint_discovery,0.20,0,1,1,1,5,0,9.84982,0.83180,0.02956,10.94982,-0.01578,0.45754,0.29663,0.16078,0.22020,0.16591,0.28878,11,0,collision_margin,a0:visible_collision:47;a1:visible_collision:114;a2:collision_margin:69;a3:visible_collision:120;a4:collision_margin:71
0,9023,combined_abort_stress_0_9023_0,combined_abort_stress,oracle_constraints,0.20,1,0,0,0,1,0,1.72501,0.83180,0.48220,1.72501,0.00566,1.00000,1.00000,0.01923,0.06575,0.02141,0.11080,11,0,none,a0:none:78
0,9024,combined_abort_stress_0_9024_0,combined_abort_stress,costmap_from_collisions,0.20,0,1,1,1,5,0,5.32087,0.84013,0.05526,6.42087,-0.02370,0.50882,0.34122,0.09182,0.06575,0.18423,0.14889,11,0,fixture_snag,a0:fixture_snag:42;a1:visible_collision:74;a2:unstable_slip:39;a3:fixture_snag:43;a4:fixture_snag:39
0,9024,combined_abort_stress_0_9024_0,combined_abort_stress,risk_filter_uncertainty,0.20,1,1,0,0,2,0,3.17056,0.84013,0.26498,3.45056,-0.00358,0.50131,0.33449,0.09044,0.08180,0.12365,0.13920,11,0,none,a0:fixture_snag:41;a1:none:95
0,9024,combined_abort_stress_0_9024_0,combined_abort_stress,constraint_classifier,0.20,1,1,0,1,2,0,3.19885,0.84013,0.26264,3.47885,-0.01290,0.47788,0.31395,0.13469,0.16867,0.14736,0.26524,11,0,none,a0:fixture_snag:41;a1:none:99
0,9024,combined_abort_stress_0_9024_0,combined_abort_stress,abort_constraint_discovery,0.20,1,1,0,0,2,0,3.57761,0.84013,0.23483,3.85761,-0.00526,0.50444,0.33729,0.14430,0.18688,0.15458,0.26385,11,0,none,a0:fixture_snag:55;a1:none:102
0,9024,combined_abort_stress_0_9024_0,combined_abort_stress,oracle_constraints,0.20,1,1,1,1,3,0,5.42331,0.84013,0.15491,5.98331,0.01509,1.00000,1.00000,0.01929,0.06536,0.01997,0.12604,11,0,none,a0:visible_collision:74;a1:visible_collision:76;a2:none:94
1,9020,combined_abort_stress_1_9020_0,combined_abort_stress,costmap_from_collisions,0.20,1,1,0,1,2,0,2.97093,0.83639,0.28153,3.25093,-0.02508,0.44086,0.28276,0.09673,0.06500,0.05420,0.13573,11,0,none,a0:unstable_slip:40;a1:none:94
1,9020,combined_abort_stress_1_9020_0,combined_abort_stress,risk_filter_uncertainty,0.20,0,1,1,1,5,0,4.43956,0.83639,0.06594,5.53956,-0.01528,0.47495,0.31143,0.10593,0.12907,0.22978,0.19598,11,0,unstable_slip,a0:unstable_slip:36;a1:human_stop:31;a2:force_limit:38;a3:visible_collision:46;a4:unstable_slip:37
1,9020,combined_abort_stress_1_9020_0,combined_abort_stress,constraint_classifier,0.20,1,1,1,1,3,0,3.56860,0.83639,0.23438,4.12860,-0.04041,0.46324,0.30144,0.13599,0.18209,0.22013,0.25485,11,0,none,a0:unstable_slip:26;a1:unstable_slip:30;a2:none:97
1,9020,combined_abort_stress_1_9020_0,combined_abort_stress,abort_constraint_discovery,0.20,1,1,1,1,4,0,7.22987,0.83639,0.11569,8.06987,-0.00510,0.48359,0.31891,0.14374,0.18390,0.27777,0.27909,11,0,none,a0:fixture_snag:55;a1:visible_collision:96;a2:fixture_snag:72;a3:none:99
1,9020,combined_abort_stress_1_9020_0,combined_abort_stress,oracle_constraints,0.20,1,0,0,0,1,0,2.07418,0.83639,0.40324,2.07418,0.02819,1.00000,1.00000,0.01960,0.06672,0.01193,0.12188,11,0,none,a0:none:89
1,9021,combined_abort_stress_1_9021_0,combined_abort_stress,costmap_from_collisions,0.20,1,0,0,0,1,0,1.58360,0.84677,0.53471,1.58360,0.03755,0.32154,0.19157,0.10747,0.08538,0.03119,0.09765,11,0,none,a0:none:79
1,9021,combined_abort_stress_1_9021_0,combined_abort_stress,risk_filter_uncertainty,0.20,1,0,0,0,1,0,1.70977,0.84677,0.49526,1.70977,0.03559,0.32927,0.19708,0.10510,0.08541,0.14644,0.10942,11,0,none,a0:none:80
1,9021,combined_abort_stress_1_9021_0,combined_abort_stress,constraint_classifier,0.20,1,1,0,1,2,0,3.21820,0.84677,0.26312,3.49820,-0.00998,0.32605,0.19478,0.16981,0.19727,0.26296,0.29432,11,0,none,a0:collision_margin:57;a1:none:79
1,9021,combined_abort_stress_1_9021_0,combined_abort_stress,abort_constraint_discovery,0.20,1,1,1,1,3,0,3.52786,0.84677,0.24002,4.08786,-0.00292,0.37346,0.22961,0.12912,0.12399,0.02780,0.16413,11,0,none,a0:visible_collision:36;a1:collision_margin:40;a2:none:79
1,9021,combined_abort_stress_1_9021_0,combined_abort_stress,oracle_constraints,0.20,1,0,0,0,1,0,1.71330,0.84677,0.49423,1.71330,0.02865,1.00000,1.00000,0.01875,0.06349,0.00751,0.11773,11,0,none,a0:none:79
1,9022,combined_abort_stress_1_9022_0,combined_abort_stress,costmap_from_collisions,0.20,1,0,0,0,1,0,1.77921,0.85396,0.47997,1.77921,0.04415,0.29412,0.17241,0.11111,0.09620,0.04611,0.09972,11,0,none,a0:none:81
1,9022,combined_abort_stress_1_9022_0,combined_abort_stress,risk_filter_uncertainty,0.20,1,0,0,0,1,0,1.78717,0.85396,0.47783,1.78717,0.02658,0.31124,0.18430,0.11510,0.10687,0.13656,0.12812,11,0,none,a0:none:83
1,9022,combined_abort_stress_1_9022_0,combined_abort_stress,constraint_classifier,0.20,1,0,0,0,1,0,1.81779,0.85396,0.46978,1.81779,0.03754,0.30909,0.18280,0.16579,0.19512,0.28272,0.26870,11,0,none,a0:none:83
1,9022,combined_abort_stress_1_9022_0,combined_abort_stress,abort_constraint_discovery,0.20,1,1,1,1,4,0,6.40318,0.85396,0.13337,7.24318,-0.02000,0.34908,0.21144,0.16423,0.16807,0.00985,0.22507,11,0,none,a0:collision_margin:37;a1:collision_margin:34;a2:collision_margin:36;a3:none:120
1,9022,combined_abort_stress_1_9022_0,combined_abort_stress,oracle_constraints,0.20,1,0,0,0,1,0,1.63859,0.85396,0.52116,1.63859,0.04785,1.00000,1.00000,0.02059,0.06930,0.00752,0.11219,11,0,none,a0:none:81
1,9023,combined_abort_stress_1_9023_0,combined_abort_stress,costmap_from_collisions,0.20,1,0,0,0,1,0,1.64970,0.83536,0.50637,1.64970,0.05090,0.44094,0.28283,0.09587,0.06041,0.03612,0.14335,11,0,none,a0:none:75
1,9023,combined_abort_stress_1_9023_0,combined_abort_stress,risk_filter_uncertainty,0.20,1,0,0,0,1,0,1.71179,0.83536,0.48800,1.71179,0.02644,0.41206,0.25949,0.10877,0.11215,0.14323,0.15512,11,0,none,a0:none:76
1,9023,combined_abort_stress_1_9023_0,combined_abort_stress,constraint_classifier,0.20,1,0,0,0,1,0,1.62314,0.83536,0.51466,1.62314,0.03479,0.41000,0.25786,0.14931,0.19341,0.24490,0.29501,11,0,none,a0:none:75
1,9023,combined_abort_stress_1_9023_0,combined_abort_stress,abort_constraint_discovery,0.20,1,0,0,0,1,0,1.61343,0.83536,0.51775,1.61343,0.03057,0.48622,0.32120,0.15374,0.21767,0.18960,0.30679,11,0,none,a0:none:76
1,9023,combined_abort_stress_1_9023_0,combined_abort_stress,oracle_constraints,0.20,1,0,0,0,1,0,1.50053,0.83536,0.55671,1.50053,0.03932,1.00000,1.00000,0.01994,0.06686,0.00798,0.12050,11,0,none,a0:none:75
1,9024,combined_abort_stress_1_9024_0,combined_abort_stress,costmap_from_collisions,0.20,0,1,1,1,5,0,3.83577,0.85952,0.07843,4.93577,-0.01857,0.42029,0.26606,0.11991,0.10069,0.15170,0.14681,11,0,fixture_snag,a0:force_limit:46;a1:fixture_snag:26;a2:human_stop:40;a3:fixture_snag:31;a4:fixture_snag:29
1,9024,combined_abort_stress_1_9024_0,combined_abort_stress,risk_filter_uncertainty,0.20,1,1,1,1,4,0,4.98697,0.85952,0.17235,5.82697,-0.00675,0.40181,0.25141,0.12798,0.10741,0.10917,0.16690,11,0,none,a0:force_limit:46;a1:fixture_snag:27;a2:human_stop:44;a3:none:102
1,9024,combined_abort_stress_1_9024_0,combined_abort_stress,constraint_classifier,0.20,0,1,1,1,5,0,3.69132,0.85952,0.08150,4.79132,-0.01709,0.24490,0.13953,0.20023,0.22165,0.30758,0.26731,11,0,fixture_snag,a0:fixture_snag:34;a1:fixture_snag:26;a2:fixture_snag:29;a3:fixture_snag:31;a4:fixture_snag:31
1,9024,combined_abort_stress_1_9024_0,combined_abort_stress,abort_constraint_discovery,0.20,1,1,0,0,2,0,3.23669,0.85952,0.26555,3.51669,-0.00292,0.28078,0.16332,0.19241,0.20837,0.12476,0.18075,11,0,none,a0:fixture_snag:30;a1:none:108
1,9024,combined_abort_stress_1_9024_0,combined_abort_stress,oracle_constraints,0.20,1,0,0,0,1,0,2.58316,0.85952,0.33274,2.58316,0.02634,1.00000,1.00000,0.02361,0.07618,0.01857,0.13989,11,0,none,a0:none:100
2,9020,combined_abort_stress_2_9020_0,combined_abort_stress,costmap_from_collisions,0.20,0,1,1,1,5,0,4.63873,0.84273,0.06359,5.73873,-0.02485,0.40816,0.25641,0.10771,0.08018,0.16854,0.13989,11,0,fixture_snag,a0:fixture_snag:44;a1:fixture_snag:40;a2:fixture_snag:41;a3:fixture_snag:39;a4:fixture_snag:39
2,9020,combined_abort_stress_2_9020_0,combined_abort_stress,risk_filter_uncertainty,0.20,0,1,1,1,5,0,4.25952,0.84273,0.06925,5.35952,-0.02091,0.40194,0.25152,0.11250,0.09050,0.25047,0.15443,11,0,human_stop,a0:fixture_snag:44;a1:fixture_snag:39;a2:fixture_snag:40;a3:fixture_snag:38;a4:human_stop:28
2,9020,combined_abort_stress_2_9020_0,combined_abort_stress,constraint_classifier,0.20,1,0,0,0,1,0,2.11920,0.84273,0.39766,2.11920,0.01386,0.42185,0.26730,0.14148,0.15176,0.11628,0.23615,11,0,none,a0:none:93
2,9020,combined_abort_stress_2_9020_0,combined_abort_stress,abort_constraint_discovery,0.20,1,0,0,0,1,0,2.07539,0.84273,0.40606,2.07539,0.01674,0.60264,0.43127,0.11023,0.13689,0.11350,0.23615,11,0,none,a0:none:93
2,9020,combined_abort_stress_2_9020_0,combined_abort_stress,oracle_constraints,0.20,1,0,0,0,1,0,2.05963,0.84273,0.40916,2.05963,0.01550,1.00000,1.00000,0.02112,0.06937,0.01944,0.13158,11,0,none,a0:none:89
2,9021,combined_abort_stress_2_9021_0,combined_abort_stress,costmap_from_collisions,0.20,0,1,1,1,5,0,4.07315,0.83526,0.07177,5.17315,-0.02965,0.33753,0.20303,0.13152,0.12228,0.17857,0.13643,11,0,collision_margin,a0:visible_collision:39;a1:collision_margin:31;a2:collision_margin:34;a3:collision_margin:33;a4:collision_margin:31
2,9021,combined_abort_stress_2_9021_0,combined_abort_stress,risk_filter_uncertainty,0.20,1,1,0,1,2,0,2.53906,0.83526,0.32896,2.81906,-0.01137,0.35236,0.21386,0.12381,0.11221,0.19669,0.14058,11,0,none,a0:collision_margin:34;a1:none:85
2,9021,combined_abort_stress_2_9021_0,combined_abort_stress,constraint_classifier,0.20,1,0,0,0,1,0,2.00001,0.83526,0.41763,2.00001,0.02783,0.35845,0.21836,0.14906,0.12721,0.16629,0.20152,11,0,none,a0:none:88
2,9021,combined_abort_stress_2_9021_0,combined_abort_stress,abort_constraint_discovery,0.20,1,1,1,1,3,0,4.72997,0.83526,0.17659,5.28997,0.01459,0.26124,0.15025,0.17738,0.18138,0.16889,0.18490,11,0,none,a0:visible_collision:38;a1:human_stop:78;a2:none:89
2,9021,combined_abort_stress_2_9021_0,combined_abort_stress,oracle_constraints,0.20,1,0,0,0,1,0,1.81700,0.83526,0.45969,1.81700,0.03336,1.00000,1.00000,0.02330,0.07511,0.00829,0.13850,11,0,none,a0:none:82
2,9022,combined_abort_stress_2_9022_0,combined_abort_stress,costmap_from_collisions,0.20,1,0,0,0,1,0,1.79378,0.83600,0.46606,1.79378,0.01136,0.35913,0.21887,0.09909,0.06066,0.04991,0.10042,11,0,none,a0:none:77
2,9022,combined_abort_stress_2_9022_0,combined_abort_stress,risk_filter_uncertainty,0.20,1,0,0,0,1,0,1.63733,0.83600,0.51059,1.63733,0.00688,0.35942,0.21908,0.10438,0.08258,0.14219,0.11565,11,0,none,a0:none:77
2,9022,combined_abort_stress_2_9022_0,combined_abort_stress,constraint_classifier,0.20,1,0,0,0,1,0,1.82054,0.83600,0.45921,1.82054,0.00403,0.38150,0.23571,0.14690,0.15993,0.22744,0.23615,11,0,none,a0:none:77
2,9022,combined_abort_stress_2_9022_0,combined_abort_stress,abort_constraint_discovery,0.20,1,1,0,1,2,0,2.70909,0.83600,0.30859,2.98909,-0.01510,0.56757,0.39623,0.11033,0.12234,0.22247,0.23546,11,0,none,a0:fixture_snag:41;a1:none:77
2,9022,combined_abort_stress_2_9022_0,combined_abort_stress,oracle_constraints,0.20,1,1,0,0,2,0,2.81098,0.83600,0.29741,3.09098,-0.00044,1.00000,1.00000,0.01888,0.06098,0.01917,0.12327,11,0,none,a0:fixture_snag:40;a1:none:77
2,9023,combined_abort_stress_2_9023_0,combined_abort_stress,costmap_from_collisions,0.20,1,0,0,0,1,0,1.84866,0.86406,0.46740,1.84866,0.03349,0.34734,0.21017,0.10869,0.07742,0.05066,0.11981,11,0,none,a0:none:83
2,9023,combined_abort_stress_2_9023_0,combined_abort_stress,risk_filter_uncertainty,0.20,0,1,1,1,5,0,4.36986,0.86406,0.06921,5.46986,-0.00467,0.39817,0.24857,0.11269,0.10597,0.14797,0.17521,11,0,force_limit,a0:visible_collision:43;a1:force_limit:37;a2:visible_collision:39;a3:visible_collision:36;a4:force_limit:40
2,9023,combined_abort_stress_2_9023_0,combined_abort_stress,constraint_classifier,0.20,1,1,0,0,2,0,2.32953,0.86406,0.37092,2.60953,0.01781,0.35377,0.21489,0.16391,0.18012,0.23955,0.26801,11,0,none,a0:human_stop:4;a1:none:86
2,9023,combined_abort_stress_2_9023_0,combined_abort_stress,abort_constraint_discovery,0.20,1,1,1,1,4,0,3.37691,0.86406,0.25587,4.21691,-0.02697,0.43202,0.27553,0.17133,0.22767,0.32754,0.33102,11,0,none,a0:visible_collision:15;a1:visible_collision:20;a2:force_limit:31;a3:none:87
2,9023,combined_abort_stress_2_9023_0,combined_abort_stress,oracle_constraints,0.20,1,1,0,1,2,0,2.63543,0.86406,0.32786,2.91543,0.03764,1.00000,1.00000,0.02176,0.07246,0.00970,0.12742,11,0,none,a0:visible_collision:40;a1:none:82
2,9024,combined_abort_stress_2_9024_0,combined_abort_stress,costmap_from_collisions,0.20,1,0,0,0,1,0,1.82164,0.85078,0.46704,1.82164,0.01116,0.38968,0.24199,0.11062,0.09618,0.05449,0.11634,11,0,none,a0:none:87
2,9024,combined_abort_stress_2_9024_0,combined_abort_stress,risk_filter_uncertainty,0.20,1,0,0,0,1,0,2.15944,0.85078,0.39398,2.15944,0.00686,0.37922,0.23397,0.11296,0.10115,0.15109,0.14127,11,0,none,a0:none:88
2,9024,combined_abort_stress_2_9024_0,combined_abort_stress,constraint_classifier,0.20,1,1,1,1,3,0,3.42428,0.85078,0.24845,3.98428,-0.01952,0.38989,0.24215,0.15006,0.16828,0.27470,0.25831,11,0,none,a0:collision_margin:33;a1:collision_margin:32;a2:none:86
2,9024,combined_abort_stress_2_9024_0,combined_abort_stress,abort_constraint_discovery,0.20,1,1,0,0,2,0,2.64442,0.85078,0.32173,2.92442,-0.00536,0.42412,0.26913,0.14246,0.14256,0.16194,0.20776,11,0,none,a0:collision_margin:32;a1:none:86
2,9024,combined_abort_stress_2_9024_0,combined_abort_stress,oracle_constraints,0.20,1,0,0,0,1,0,1.95406,0.85078,0.43539,1.95406,0.04343,1.00000,1.00000,0.02074,0.06918,0.01470,0.12535,11,0,none,a0:none:89
3,9020,combined_abort_stress_3_9020_0,combined_abort_stress,costmap_from_collisions,0.20,1,1,1,1,3,0,3.43227,0.87487,0.25489,3.99227,-0.00666,0.38522,0.23856,0.11626,0.10214,0.10946,0.13573,11,0,none,a0:visible_collision:28;a1:collision_margin:37;a2:none:85
3,9020,combined_abort_stress_3_9020_0,combined_abort_stress,risk_filter_uncertainty,0.20,1,1,1,1,3,0,3.55163,0.87487,0.24633,4.11163,-0.00958,0.38329,0.23708,0.11923,0.12103,0.16676,0.15512,11,0,none,a0:visible_collision:29;a1:collision_margin:36;a2:none:84
3,9020,combined_abort_stress_3_9020_0,combined_abort_stress,constraint_classifier,0.20,0,1,1,1,5,0,3.90121,0.87487,0.07849,5.00121,-0.02724,0.38179,0.23593,0.16385,0.17815,0.30509,0.26870,11,0,collision_margin,a0:visible_collision:31;a1:collision_margin:38;a2:collision_margin:34;a3:collision_margin:34;a4:collision_margin:33
3,9020,combined_abort_stress_3_9020_0,combined_abort_stress,abort_constraint_discovery,0.20,1,1,0,1,2,0,4.84618,0.87487,0.18053,5.12618,0.00517,0.36396,0.22246,0.18217,0.18182,0.08867,0.26524,11,0,none,a0:visible_collision:83;a1:none:120
3,9020,combined_abort_stress_3_9020_0,combined_abort_stress,oracle_constraints,0.20,1,0,0,0,1,0,1.95382,0.87487,0.44777,1.95382,0.02115,1.00000,1.00000,0.02080,0.06907,0.01708,0.12673,11,0,none,a0:none:77
3,9021,combined_abort_stress_3_9021_0,combined_abort_stress,costmap_from_collisions,0.20,0,1,1,1,5,0,3.50094,0.83420,0.08340,4.60094,-0.01562,0.29428,0.17252,0.12865,0.11771,0.19287,0.12604,10,0,collision_margin,a0:visible_collision:33;a1:visible_collision:31;a2:collision_margin:29;a3:visible_collision:29;a4:collision_margin:29
3,9021,combined_abort_stress_3_9021_0,combined_abort_stress,risk_filter_uncertainty,0.20,1,1,1,1,4,0,3.89946,0.83420,0.21393,4.73946,-0.02351,0.29412,0.17241,0.12749,0.12272,0.23006,0.15443,10,0,none,a0:visible_collision:33;a1:collision_margin:30;a2:collision_margin:31;a3:none:78
3,9021,combined_abort_stress_3_9021_0,combined_abort_stress,constraint_classifier,0.20,1,0,0,0,1,0,1.76731,0.83420,0.47202,1.76731,0.03353,0.35478,0.21564,0.15585,0.16148,0.17039,0.22715,10,0,none,a0:none:79
3,9021,combined_abort_stress_3_9021_0,combined_abort_stress,abort_constraint_discovery,0.20,1,0,0,0,1,0,1.45227,0.83420,0.57441,1.45227,0.03532,0.36402,0.22251,0.15325,0.14586,0.09456,0.20291,10,0,none,a0:none:77
3,9021,combined_abort_stress_3_9021_0,combined_abort_stress,oracle_constraints,0.20,1,1,0,1,2,0,2.60767,0.83420,0.31990,2.88767,0.02656,1.00000,1.00000,0.02167,0.07256,0.00981,0.12812,10,0,none,a0:visible_collision:41;a1:none:77
3,9022,combined_abort_stress_3_9022_0,combined_abort_stress,costmap_from_collisions,0.20,1,0,0,0,1,0,1.66761,0.83402,0.50012,1.66761,0.03013,0.33428,0.20068,0.11694,0.09232,0.01471,0.11080,11,0,none,a0:none:75
3,9022,combined_abort_stress_3_9022_0,combined_abort_stress,risk_filter_uncertainty,0.20,1,0,0,0,1,0,1.90638,0.83402,0.43749,1.90638,0.01983,0.33871,0.20388,0.11803,0.07275,0.10811,0.12396,11,0,none,a0:none:75
3,9022,combined_abort_stress_3_9022_0,combined_abort_stress,constraint_classifier,0.20,1,0,0,0,1,0,1.74037,0.83402,0.47922,1.74037,0.01781,0.34363,0.20746,0.15758,0.14927,0.18792,0.22507,11,0,none,a0:none:75
3,9022,combined_abort_stress_3_9022_0,combined_abort_stress,abort_constraint_discovery,0.20,1,1,1,1,3,0,10.79859,0.83402,0.07723,11.35859,-0.00760,0.44570,0.28675,0.18989,0.24922,0.19830,0.35734,11,0,none,a0:unstable_slip:120;a1:unstable_slip:120;a2:none:120
3,9022,combined_abort_stress_3_9022_0,combined_abort_stress,oracle_constraints,0.20,1,0,0,0,1,0,1.55669,0.83402,0.53576,1.55669,0.00815,1.00000,1.00000,0.02300,0.07515,0.01977,0.13366,11,0,none,a0:none:75
3,9023,combined_abort_stress_3_9023_1,combined_abort_stress,costmap_from_collisions,0.20,1,0,0,0,1,0,1.67846,0.84262,0.50202,1.67846,0.01661,0.41360,0.26071,0.10272,0.07206,0.02940,0.11496,11,0,none,a0:none:79
3,9023,combined_abort_stress_3_9023_1,combined_abort_stress,risk_filter_uncertainty,0.20,1,0,0,0,1,0,1.62489,0.84262,0.51857,1.62489,0.01393,0.40659,0.25517,0.10533,0.08376,0.11488,0.12258,11,0,none,a0:none:79
3,9023,combined_abort_stress_3_9023_1,combined_abort_stress,constraint_classifier,0.20,1,0,0,0,1,0,1.84826,0.84262,0.45590,1.84826,0.01884,0.42222,0.26761,0.14059,0.17122,0.23251,0.24446,11,0,none,a0:none:79
3,9023,combined_abort_stress_3_9023_1,combined_abort_stress,abort_constraint_discovery,0.20,1,1,0,1,2,0,5.83972,0.84262,0.14429,6.11972,0.03238,0.55185,0.38107,0.12779,0.17474,0.05055,0.26454,11,0,none,a0:visible_collision:99;a1:none:120
3,9023,combined_abort_stress_3_9023_1,combined_abort_stress,oracle_constraints,0.20,1,0,0,0,1,0,1.77006,0.84262,0.47604,1.77006,0.01349,1.00000,1.00000,0.01981,0.06697,0.02094,0.12950,11,0,none,a0:none:79
3,9024,combined_abort_stress_3_9024_0,combined_abort_stress,costmap_from_collisions,0.20,1,1,1,1,4,0,4.24125,0.84893,0.20016,5.08125,-0.02951,0.32308,0.19266,0.13525,0.12841,0.14520,0.13504,11,0,none,a0:visible_collision:38;a1:visible_collision:35;a2:human_stop:38;a3:none:81
3,9024,combined_abort_stress_3_9024_0,combined_abort_stress,risk_filter_uncertainty,0.20,1,0,0,0,1,0,2.02439,0.84893,0.41935,2.02439,0.02515,0.29041,0.16987,0.12542,0.10292,0.13880,0.11773,11,0,none,a0:none:82
3,9024,combined_abort_stress_3_9024_0,combined_abort_stress,constraint_classifier,0.20,1,0,0,0,1,0,1.78555,0.84893,0.47545,1.78555,0.02585,0.30798,0.18202,0.17154,0.17748,0.20164,0.22922,11,0,none,a0:none:79
3,9024,combined_abort_stress_3_9024_0,combined_abort_stress,abort_constraint_discovery,0.20,1,1,0,1,2,0,2.65542,0.84893,0.31970,2.93542,0.01509,0.35025,0.21231,0.13824,0.13139,0.05784,0.13781,11,0,none,a0:visible_collision:40;a1:none:79
3,9024,combined_abort_stress_3_9024_0,combined_abort_stress,oracle_constraints,0.20,1,1,0,1,2,0,2.60829,0.84893,0.32547,2.88829,0.01681,1.00000,1.00000,0.02301,0.07664,0.01957,0.13504,11,0,none,a0:visible_collision:42;a1:none:80
4,9020,combined_abort_stress_4_9020_0,combined_abort_stress,costmap_from_collisions,0.20,0,1,1,1,5,0,3.55962,0.84217,0.08281,4.65962,-0.01879,0.31635,0.18790,0.13634,0.12254,0.16044,0.11634,11,0,collision_margin,a0:collision_margin:31;a1:collision_margin:30;a2:collision_margin:28;a3:collision_margin:29;a4:collision_margin:31
4,9020,combined_abort_stress_4_9020_0,combined_abort_stress,risk_filter_uncertainty,0.20,0,1,1,1,5,0,3.21349,0.84217,0.09173,4.31349,-0.01311,0.30256,0.17825,0.13207,0.12689,0.23780,0.12812,11,0,collision_margin,a0:collision_margin:31;a1:collision_margin:29;a2:collision_margin:28;a3:collision_margin:29;a4:collision_margin:28
4,9020,combined_abort_stress_4_9020_0,combined_abort_stress,constraint_classifier,0.20,0,1,1,1,5,0,4.19174,0.84217,0.07032,5.29174,-0.02207,0.30249,0.17820,0.18629,0.19454,0.34196,0.24723,11,0,collision_margin,a0:collision_margin:32;a1:fixture_snag:56;a2:collision_margin:29;a3:collision_margin:27;a4:collision_margin:29
4,9020,combined_abort_stress_4_9020_0,combined_abort_stress,abort_constraint_discovery,0.20,0,1,1,1,5,0,5.76673,0.84217,0.05111,6.86673,-0.00544,0.33462,0.20092,0.17749,0.17241,0.11381,0.21814,11,0,visible_collision,a0:fixture_snag:62;a1:visible_collision:35;a2:visible_collision:37;a3:visible_collision:41;a4:visible_collision:68
4,9020,combined_abort_stress_4_9020_0,combined_abort_stress,oracle_constraints,0.20,1,0,0,0,1,0,2.23878,0.84217,0.37618,2.23878,0.00779,1.00000,1.00000,0.02572,0.08452,0.03715,0.14197,11,0,none,a0:none:83
4,9021,combined_abort_stress_4_9021_0,combined_abort_stress,costmap_from_collisions,0.20,1,1,1,1,3,0,4.13595,0.84776,0.20497,4.69595,-0.01867,0.44330,0.28477,0.09361,0.05537,0.07102,0.14266,10,1,none,a0:fixture_snag:44;a1:force_limit:33;a2:none:97
4,9021,combined_abort_stress_4_9021_0,combined_abort_stress,risk_filter_uncertainty,0.20,0,1,1,1,5,0,4.77021,0.84776,0.06220,5.87021,-0.02201,0.48416,0.31940,0.10428,0.11031,0.17955,0.18006,10,1,unstable_slip,a0:fixture_snag:41;a1:collision_margin:37;a2:collision_margin:36;a3:human_stop:37;a4:unstable_slip:63
4,9021,combined_abort_stress_4_9021_0,combined_abort_stress,constraint_classifier,0.20,1,1,0,0,2,0,2.86650,0.84776,0.29575,3.14650,-0.01710,0.48551,0.32057,0.12660,0.15987,0.19283,0.25623,10,1,none,a0:human_stop:39;a1:none:81
4,9021,combined_abort_stress_4_9021_0,combined_abort_stress,abort_constraint_discovery,0.20,1,0,0,0,1,0,3.52352,0.84776,0.24060,3.52352,0.01041,0.46377,0.30189,0.13494,0.15360,0.04092,0.25623,10,1,none,a0:none:120
4,9021,combined_abort_stress_4_9021_0,combined_abort_stress,oracle_constraints,0.20,1,0,0,0,1,0,1.93446,0.84776,0.43824,1.93446,0.01054,1.00000,1.00000,0.02152,0.07312,0.02597,0.12604,10,1,none,a0:none:78
4,9022,combined_abort_stress_4_9022_0,combined_abort_stress,costmap_from_collisions,0.20,0,1,1,1,5,0,5.31385,0.85531,0.05634,6.41385,-0.01788,0.42821,0.27244,0.11449,0.08937,0.17550,0.13366,11,0,collision_margin,a0:unstable_slip:67;a1:fixture_snag:38;a2:fixture_snag:35;a3:fixture_snag:37;a4:collision_margin:43
4,9022,combined_abort_stress_4_9022_0,combined_abort_stress,risk_filter_uncertainty,0.20,0,1,1,1,5,0,5.10201,0.85531,0.05867,6.20201,-0.02904,0.41315,0.26036,0.11957,0.09752,0.25345,0.15374,11,0,human_stop,a0:unstable_slip:69;a1:fixture_snag:41;a2:fixture_snag:37;a3:fixture_snag:36;a4:human_stop:38
4,9022,combined_abort_stress_4_9022_0,combined_abort_stress,constraint_classifier,0.20,0,1,1,1,5,0,6.66640,0.85531,0.04491,7.76640,-0.02439,0.38827,0.24090,0.18636,0.19539,0.26782,0.35457,11,0,collision_margin,a0:unstable_slip:69;a1:human_stop:66;a2:unstable_slip:66;a3:unstable_slip:65;a4:collision_margin:41
4,9022,combined_abort_stress_4_9022_0,combined_abort_stress,abort_constraint_discovery,0.20,0,1,1,1,5,0,7.51273,0.85531,0.03985,8.61273,-0.00980,0.41566,0.26236,0.18971,0.20386,0.31235,0.31856,11,0,unstable_slip,a0:unstable_slip:69;a1:human_stop:63;a2:unstable_slip:70;a3:unstable_slip:67;a4:unstable_slip:67
4,9022,combined_abort_stress_4_9022_0,combined_abort_stress,oracle_constraints,0.20,1,1,1,1,3,0,6.61931,0.85531,0.12921,7.17931,-0.02152,1.00000,1.00000,0.02539,0.08121,0.06795,0.14127,11,0,none,a0:unstable_slip:92;a1:unstable_slip:93;a2:none:93
4,9023,combined_abort_stress_4_9023_0,combined_abort_stress,costmap_from_collisions,0.20,0,1,1,1,5,0,7.37735,0.83467,0.03960,8.47735,-0.02727,0.40444,0.25348,0.12846,0.10649,0.20841,0.17936,11,0,unstable_slip,a0:visible_collision:38;a1:unstable_slip:78;a2:unstable_slip:66;a3:visible_collision:37;a4:unstable_slip:83
4,9023,combined_abort_stress_4_9023_0,combined_abort_stress,risk_filter_uncertainty,0.20,0,1,1,1,5,0,6.61374,0.83467,0.04417,7.71374,-0.01335,0.35491,0.21574,0.13234,0.13851,0.26916,0.19945,11,0,unstable_slip,a0:visible_collision:40;a1:unstable_slip:81;a2:visible_collision:36;a3:unstable_slip:68;a4:unstable_slip:79
4,9023,combined_abort_stress_4_9023_0,combined_abort_stress,constraint_classifier,0.20,0,1,1,1,5,0,4.83629,0.83467,0.06040,5.93629,-0.01118,0.34731,0.21014,0.18486,0.21612,0.38402,0.33033,11,0,human_stop,a0:unstable_slip:75;a1:visible_collision:56;a2:visible_collision:43;a3:visible_collision:18;a4:human_stop:27
4,9023,combined_abort_stress_4_9023_0,combined_abort_stress,abort_constraint_discovery,0.20,0,1,1,1,5,0,6.46710,0.83467,0.04517,7.56710,-0.02810,0.43619,0.27893,0.16645,0.18083,0.15861,0.29640,11,0,fixture_snag,a0:collision_margin:38;a1:fixture_snag:81;a2:unstable_slip:61;a3:fixture_snag:47;a4:fixture_snag:62
4,9023,combined_abort_stress_4_9023_0,combined_abort_stress,oracle_constraints,0.20,0,1,1,1,5,0,8.52266,0.83467,0.03428,9.62266,-0.02156,1.00000,1.00000,0.02319,0.07731,0.05918,0.13227,11,0,unstable_slip,a0:unstable_slip:76;a1:unstable_slip:75;a2:unstable_slip:77;a3:unstable_slip:76;a4:unstable_slip:77
4,9024,combined_abort_stress_4_9024_0,combined_abort_stress,costmap_from_collisions,0.20,0,1,1,1,5,0,5.23949,0.87351,0.05835,6.33949,-0.02426,0.50857,0.34100,0.08067,0.07226,0.16818,0.14404,11,0,fixture_snag,a0:force_limit:47;a1:fixture_snag:53;a2:collision_margin:36;a3:fixture_snag:50;a4:fixture_snag:47
4,9024,combined_abort_stress_4_9024_0,combined_abort_stress,risk_filter_uncertainty,0.20,0,1,1,1,5,0,4.34399,0.87351,0.07038,5.44399,-0.01560,0.48603,0.32103,0.09078,0.12382,0.23996,0.14958,11,0,collision_margin,a0:force_limit:46;a1:collision_margin:32;a2:fixture_snag:54;a3:human_stop:32;a4:collision_margin:34
4,9024,combined_abort_stress_4_9024_0,combined_abort_stress,constraint_classifier,0.20,0,1,1,1,5,0,5.87739,0.87351,0.05202,6.97739,-0.00665,0.39187,0.24368,0.14898,0.21259,0.31976,0.27632,11,0,collision_margin,a0:fixture_snag:64;a1:force_limit:53;a2:collision_margin:35;a3:fixture_snag:57;a4:collision_margin:34
4,9024,combined_abort_stress_4_9024_0,combined_abort_stress,abort_constraint_discovery,0.20,1,1,1,1,3,0,4.92562,0.87351,0.17734,5.48562,0.02385,0.40444,0.25348,0.13424,0.15904,0.02630,0.21330,11,0,none,a0:visible_collision:29;a1:visible_collision:50;a2:none:120
4,9024,combined_abort_stress_4_9024_0,combined_abort_stress,oracle_constraints,0.20,1,0,0,0,1,0,2.37893,0.87351,0.36719,2.37893,0.02001,1.00000,1.00000,0.01683,0.05623,0.01745,0.09834,11,0,none,a0:none:104
5,9020,combined_abort_stress_5_9020_0,combined_abort_stress,costmap_from_collisions,0.20,0,1,1,1,5,0,4.07131,0.83940,0.07216,5.17131,-0.01759,0.47549,0.31190,0.09438,0.04924,0.19189,0.15374,11,0,fixture_snag,a0:fixture_snag:37;a1:force_limit:33;a2:human_stop:27;a3:fixture_snag:43;a4:fixture_snag:30
5,9020,combined_abort_stress_5_9020_0,combined_abort_stress,risk_filter_uncertainty,0.20,0,1,1,1,5,0,4.72521,0.83940,0.06217,5.82521,-0.00886,0.51259,0.34462,0.10228,0.11730,0.18291,0.17382,11,0,force_limit,a0:unstable_slip:61;a1:force_limit:35;a2:human_stop:30;a3:human_stop:40;a4:force_limit:41
5,9020,combined_abort_stress_5_9020_0,combined_abort_stress,constraint_classifier,0.20,0,1,1,1,5,0,3.81559,0.83940,0.07700,4.91559,-0.01862,0.50086,0.33410,0.13498,0.19049,0.33181,0.27493,11,0,fixture_snag,a0:force_limit:35;a1:fixture_snag:30;a2:fixture_snag:30;a3:fixture_snag:32;a4:fixture_snag:33
5,9020,combined_abort_stress_5_9020_0,combined_abort_stress,abort_constraint_discovery,0.20,1,0,0,0,1,0,2.48607,0.83940,0.33764,2.48607,0.04442,0.53846,0.36842,0.12196,0.15277,0.05824,0.24931,11,0,none,a0:none:116
5,9020,combined_abort_stress_5_9020_0,combined_abort_stress,oracle_constraints,0.20,1,0,0,0,1,0,1.92567,0.83940,0.43590,1.92567,0.01411,1.00000,1.00000,0.02099,0.06993,0.04144,0.12881,11,0,none,a0:none:88
5,9021,combined_abort_stress_5_9021_0,combined_abort_stress,costmap_from_collisions,0.20,0,1,1,1,5,0,4.59558,0.83423,0.06354,5.69558,-0.01273,0.39788,0.24834,0.10344,0.06570,0.14740,0.13435,11,0,fixture_snag,a0:fixture_snag:34;a1:force_limit:60;a2:fixture_snag:45;a3:fixture_snag:33;a4:fixture_snag:34
5,9021,combined_abort_stress_5_9021_0,combined_abort_stress,risk_filter_uncertainty,0.20,0,1,1,1,5,0,4.69854,0.83423,0.06214,5.79854,-0.02801,0.40494,0.25387,0.10812,0.09787,0.22708,0.15374,11,0,fixture_snag,a0:force_limit:59;a1:fixture_snag:35;a2:fixture_snag:45;a3:fixture_snag:33;a4:fixture_snag:33
5,9021,combined_abort_stress_5_9021_0,combined_abort_stress,constraint_classifier,0.20,0,1,1,1,5,0,4.83732,0.83423,0.06036,5.93732,-0.01421,0.33068,0.19810,0.18201,0.20300,0.32778,0.30886,11,0,fixture_snag,a0:visible_collision:76;a1:fixture_snag:41;a2:fixture_snag:32;a3:fixture_snag:32;a4:fixture_snag:33
5,9021,combined_abort_stress_5_9021_0,combined_abort_stress,abort_constraint_discovery,0.20,1,0,0,0,1,0,2.43927,0.83423,0.34200,2.43927,0.01493,0.34921,0.21154,0.16831,0.16550,0.12436,0.22230,11,0,none,a0:none:99
5,9021,combined_abort_stress_5_9021_0,combined_abort_stress,oracle_constraints,0.20,1,0,0,0,1,0,2.14777,0.83423,0.38842,2.14777,0.01428,1.00000,1.00000,0.02087,0.06994,0.01820,0.12673,11,0,none,a0:none:93
5,9022,combined_abort_stress_5_9022_0,combined_abort_stress,costmap_from_collisions,0.20,1,1,0,1,2,0,2.60141,0.84365,0.32431,2.88141,-0.02895,0.33523,0.20137,0.11897,0.09560,0.02433,0.10665,11,0,none,a0:fixture_snag:34;a1:none:82
5,9022,combined_abort_stress_5_9022_0,combined_abort_stress,risk_filter_uncertainty,0.20,1,0,0,0,1,0,1.94782,0.84365,0.43313,1.94782,0.02767,0.30641,0.18092,0.11538,0.08897,0.11805,0.11150,11,0,none,a0:none:82
5,9022,combined_abort_stress_5_9022_0,combined_abort_stress,constraint_classifier,0.20,1,0,0,0,1,0,1.82034,0.84365,0.46346,1.82034,0.02364,0.35028,0.21233,0.15647,0.13795,0.17033,0.23061,11,0,none,a0:none:83
5,9022,combined_abort_stress_5_9022_0,combined_abort_stress,abort_constraint_discovery,0.20,1,0,0,0,1,0,1.80628,0.84365,0.46707,1.80628,0.02800,0.40191,0.25150,0.12935,0.09719,0.09739,0.15235,11,0,none,a0:none:83
5,9022,combined_abort_stress_5_9022_0,combined_abort_stress,oracle_constraints,0.20,1,0,0,0,1,0,1.82668,0.84365,0.46185,1.82668,0.02221,1.00000,1.00000,0.02257,0.07390,0.02497,0.13712,11,0,none,a0:none:83
5,9023,combined_abort_stress_5_9023_0,combined_abort_stress,costmap_from_collisions,0.20,0,1,1,1,5,0,3.57591,0.84264,0.08248,4.67591,-0.01969,0.43165,0.27523,0.11244,0.09257,0.21769,0.15789,11,0,fixture_snag,a0:human_stop:26;a1:force_limit:30;a2:fixture_snag:32;a3:force_limit:39;a4:fixture_snag:31
5,9023,combined_abort_stress_5_9023_0,combined_abort_stress,risk_filter_uncertainty,0.20,0,1,1,1,5,0,3.40446,0.84264,0.08663,4.50446,-0.02283,0.42691,0.27139,0.11701,0.10029,0.26502,0.16759,11,0,fixture_snag,a0:human_stop:24;a1:force_limit:30;a2:fixture_snag:32;a3:fixture_snag:31;a4:fixture_snag:32
5,9023,combined_abort_stress_5_9023_0,combined_abort_stress,constraint_classifier,0.20,0,1,1,1,5,0,2.92555,0.84264,0.10081,4.02555,-0.01630,0.43051,0.27430,0.15771,0.17908,0.35590,0.27770,11,0,fixture_snag,a0:human_stop:2;a1:force_limit:30;a2:fixture_snag:30;a3:fixture_snag:30;a4:fixture_snag:28
5,9023,combined_abort_stress_5_9023_0,combined_abort_stress,abort_constraint_discovery,0.20,1,1,0,1,2,0,5.07499,0.84264,0.16604,5.35499,-0.02862,0.50234,0.33542,0.14683,0.20703,0.10558,0.31302,11,0,none,a0:unstable_slip:92;a1:none:120
5,9023,combined_abort_stress_5_9023_0,combined_abort_stress,oracle_constraints,0.20,1,1,1,1,5,0,6.53585,0.84264,0.12893,7.65585,0.02855,1.00000,1.00000,0.02284,0.07624,0.01896,0.13089,11,0,none,a0:visible_collision:42;a1:visible_collision:42;a2:visible_collision:40;a3:visible_collision:41;a4:none:115
5,9024,combined_abort_stress_5_9024_0,combined_abort_stress,costmap_from_collisions,0.20,1,0,0,0,1,0,1.56233,0.85235,0.54556,1.56233,0.03444,0.41848,0.26460,0.10961,0.08284,0.02054,0.12119,11,0,none,a0:none:80
5,9024,combined_abort_stress_5_9024_0,combined_abort_stress,risk_filter_uncertainty,0.20,1,0,0,0,1,0,1.67395,0.85235,0.50918,1.67395,0.02922,0.38791,0.24063,0.11152,0.08295,0.13759,0.14127,11,0,none,a0:none:80
5,9024,combined_abort_stress_5_9024_0,combined_abort_stress,constraint_classifier,0.20,1,0,0,0,1,0,1.75123,0.85235,0.48671,1.75123,0.04069,0.38095,0.23529,0.15097,0.16922,0.11247,0.24446,11,0,none,a0:none:83
5,9024,combined_abort_stress_5_9024_0,combined_abort_stress,abort_constraint_discovery,0.20,1,0,0,0,1,0,1.78397,0.85235,0.47778,1.78397,0.03423,0.45594,0.29529,0.14232,0.14833,0.04291,0.22784,11,0,none,a0:none:83
5,9024,combined_abort_stress_5_9024_0,combined_abort_stress,oracle_constraints,0.20,1,0,0,0,1,0,1.59265,0.85235,0.53517,1.59265,0.04959,1.00000,1.00000,0.02234,0.07347,0.00776,0.13366,11,0,none,a0:none:80
6,9020,combined_abort_stress_6_9020_0,combined_abort_stress,costmap_from_collisions,0.20,1,1,0,0,2,0,2.68206,0.85168,0.31755,2.96206,-0.00066,0.35509,0.21587,0.12430,0.12353,0.02395,0.14197,11,0,none,a0:collision_margin:30;a1:none:93
6,9020,combined_abort_stress_6_9020_0,combined_abort_stress,risk_filter_uncertainty,0.20,0,1,1,1,5,0,3.85255,0.85168,0.07737,4.95255,-0.01115,0.36986,0.22689,0.12763,0.12271,0.24792,0.18006,11,0,collision_margin,a0:collision_margin:30;a1:visible_collision:45;a2:force_limit:34;a3:collision_margin:35;a4:collision_margin:30
6,9020,combined_abort_stress_6_9020_0,combined_abort_stress,constraint_classifier,0.20,1,1,0,0,2,0,2.77573,0.85168,0.30683,3.05573,-0.00172,0.36885,0.22613,0.14814,0.14718,0.15826,0.21468,11,0,none,a0:collision_margin:31;a1:none:100
6,9020,combined_abort_stress_6_9020_0,combined_abort_stress,abort_constraint_discovery,0.20,1,0,0,0,1,0,1.99923,0.85168,0.42600,1.99923,0.03127,0.38512,0.23848,0.14254,0.15150,0.09579,0.19321,11,0,none,a0:none:90
6,9020,combined_abort_stress_6_9020_0,combined_abort_stress,oracle_constraints,0.20,1,1,1,1,5,0,5.38421,0.85168,0.15818,6.50421,0.03688,1.00000,1.00000,0.02140,0.06822,0.00820,0.12327,11,0,none,a0:visible_collision:39;a1:visible_collision:40;a2:visible_collision:39;a3:visible_collision:37;a4:none:89
6,9021,combined_abort_stress_6_9021_0,combined_abort_stress,costmap_from_collisions,0.20,1,1,1,1,4,0,4.71383,0.85331,0.18102,5.55383,-0.02453,0.40761,0.25597,0.11052,0.09287,0.12159,0.12742,11,0,none,a0:collision_margin:38;a1:fixture_snag:38;a2:fixture_snag:35;a3:none:79
6,9021,combined_abort_stress_6_9021_0,combined_abort_stress,risk_filter_uncertainty,0.20,1,1,1,1,3,0,3.72679,0.85331,0.22897,4.28679,-0.00769,0.39500,0.24611,0.11802,0.10274,0.19978,0.14958,11,0,none,a0:collision_margin:38;a1:fixture_snag:36;a2:none:79
6,9021,combined_abort_stress_6_9021_0,combined_abort_stress,constraint_classifier,0.20,0,1,1,1,5,0,3.93315,0.85331,0.07593,5.03315,-0.00690,0.34657,0.20961,0.16049,0.19213,0.27646,0.25623,11,0,fixture_snag,a0:fixture_snag:35;a1:fixture_snag:37;a2:fixture_snag:33;a3:fixture_snag:34;a4:fixture_snag:33
6,9021,combined_abort_stress_6_9021_0,combined_abort_stress,abort_constraint_discovery,0.20,1,1,0,1,2,0,3.26350,0.85331,0.26147,3.54350,-0.02967,0.44275,0.28431,0.14093,0.13375,0.08776,0.23546,11,0,none,a0:collision_margin:47;a1:none:98
6,9021,combined_abort_stress_6_9021_0,combined_abort_stress,oracle_constraints,0.20,1,0,0,0,1,0,1.97544,0.85331,0.43196,1.97544,0.02522,1.00000,1.00000,0.02203,0.07158,0.01680,0.12742,11,0,none,a0:none:79
6,9022,combined_abort_stress_6_9022_0,combined_abort_stress,costmap_from_collisions,0.20,1,1,0,0,2,0,2.51845,0.83414,0.33121,2.79845,-0.00471,0.54692,0.37638,0.07560,0.03718,0.13180,0.13643,11,0,none,a0:fixture_snag:36;a1:none:68
6,9022,combined_abort_stress_6_9022_0,combined_abort_stress,risk_filter_uncertainty,0.20,1,0,0,0,1,0,1.51066,0.83414,0.55217,1.51066,0.03161,0.54011,0.36996,0.08330,0.09371,0.17599,0.13712,11,0,none,a0:none:70
6,9022,combined_abort_stress_6_9022_0,combined_abort_stress,constraint_classifier,0.20,0,1,1,1,5,0,4.30298,0.83414,0.06785,5.40298,-0.02836,0.48130,0.31692,0.14169,0.19519,0.29204,0.30402,11,0,fixture_snag,a0:fixture_snag:51;a1:fixture_snag:35;a2:fixture_snag:35;a3:fixture_snag:34;a4:fixture_snag:33
6,9022,combined_abort_stress_6_9022_0,combined_abort_stress,abort_constraint_discovery,0.20,1,0,0,0,1,0,2.70191,0.83414,0.30872,2.70191,0.02282,0.49756,0.33117,0.14581,0.21055,0.05177,0.30402,11,0,none,a0:none:109
6,9022,combined_abort_stress_6_9022_0,combined_abort_stress,oracle_constraints,0.20,1,0,0,0,1,0,1.60585,0.83414,0.51944,1.60585,0.03428,1.00000,1.00000,0.01959,0.06610,0.01556,0.12188,11,0,none,a0:none:70
6,9023,combined_abort_stress_6_9023_0,combined_abort_stress,costmap_from_collisions,0.20,1,1,1,1,5,0,4.75203,0.83736,0.17621,5.87203,-0.02106,0.35152,0.21324,0.11665,0.10435,0.04376,0.09557,10,1,none,a0:collision_margin:34;a1:collision_margin:32;a2:collision_margin:30;a3:collision_margin:31;a4:none:91
6,9023,combined_abort_stress_6_9023_0,combined_abort_stress,risk_filter_uncertainty,0.20,1,1,0,0,2,0,2.95670,0.83736,0.28321,3.23670,-0.00396,0.36056,0.21993,0.11212,0.08012,0.09707,0.11288,10,1,none,a0:collision_margin:34;a1:none:95
6,9023,combined_abort_stress_6_9023_0,combined_abort_stress,constraint_classifier,0.20,1,0,0,0,1,0,2.34097,0.83736,0.35770,2.34097,0.01824,0.37391,0.22995,0.13768,0.12058,0.02247,0.18560,10,1,none,a0:none:101
6,9023,combined_abort_stress_6_9023_0,combined_abort_stress,abort_constraint_discovery,0.20,1,1,1,1,4,0,4.45298,0.83736,0.18804,5.29298,0.03613,0.41117,0.25879,0.12399,0.10885,0.01630,0.13989,10,1,none,a0:visible_collision:22;a1:visible_collision:26;a2:visible_collision:54;a3:none:98
6,9023,combined_abort_stress_6_9023_0,combined_abort_stress,oracle_constraints,0.20,1,0,0,0,1,0,2.03859,0.83736,0.41075,2.03859,0.03919,1.00000,1.00000,0.02283,0.07672,0.01219,0.13296,10,1,none,a0:none:92
6,9024,combined_abort_stress_6_9024_0,combined_abort_stress,costmap_from_collisions,0.20,1,0,0,0,1,0,1.79727,0.84820,0.47194,1.79727,0.02975,0.37460,0.23047,0.09885,0.08529,0.10765,0.10596,11,0,none,a0:none:79
6,9024,combined_abort_stress_6_9024_0,combined_abort_stress,risk_filter_uncertainty,0.20,1,0,0,0,1,0,1.78750,0.84820,0.47452,1.78750,0.02769,0.37059,0.22744,0.09924,0.09420,0.18620,0.12327,11,0,none,a0:none:79
6,9024,combined_abort_stress_6_9024_0,combined_abort_stress,constraint_classifier,0.20,0,1,1,1,5,0,3.87392,0.84820,0.07663,4.97392,-0.02007,0.36268,0.22151,0.16116,0.20917,0.28450,0.28116,11,0,force_limit,a0:fixture_snag:60;a1:force_limit:27;a2:force_limit:27;a3:force_limit:28;a4:force_limit:27
6,9024,combined_abort_stress_6_9024_0,combined_abort_stress,abort_constraint_discovery,0.20,1,1,1,0,3,0,5.77053,0.84820,0.14699,6.33053,-0.00071,0.46416,0.30222,0.15528,0.22178,0.15006,0.29363,11,0,none,a0:human_stop:66;a1:collision_margin:48;a2:none:120
6,9024,combined_abort_stress_6_9024_0,combined_abort_stress,oracle_constraints,0.20,1,0,0,0,1,0,1.98192,0.84820,0.42797,1.98192,0.02931,1.00000,1.00000,0.01685,0.05705,0.00889,0.11219,11,0,none,a0:none:79
0,9040,combined_abort_stress_0_9040_0,combined_abort_stress,costmap_from_collisions,0.40,0,1,1,1,5,0,3.93657,0.83411,0.07416,5.03657,-0.01982,0.36090,0.22018,0.13161,0.11714,0.03976,0.13712,11,0,visible_collision,a0:fixture_snag:29;a1:fixture_snag:22;a2:human_stop:37;a3:fixture_snag:25;a4:visible_collision:46
0,9040,combined_abort_stress_0_9040_0,combined_abort_stress,risk_filter_uncertainty,0.40,0,1,1,1,5,0,3.12455,0.83411,0.09343,4.22455,-0.01279,0.29500,0.17302,0.13407,0.12925,0.24298,0.13781,11,0,human_stop,a0:fixture_snag:30;a1:fixture_snag:20;a2:fixture_snag:19;a3:fixture_snag:19;a4:human_stop:38
0,9040,combined_abort_stress_0_9040_0,combined_abort_stress,constraint_classifier,0.40,0,1,1,1,5,0,2.57983,0.83411,0.11316,3.67983,-0.02551,0.28794,0.16818,0.17665,0.18372,0.29517,0.21676,11,0,fixture_snag,a0:fixture_snag:22;a1:fixture_snag:20;a2:fixture_snag:21;a3:fixture_snag:20;a4:fixture_snag:17
0,9040,combined_abort_stress_0_9040_0,combined_abort_stress,abort_constraint_discovery,0.40,1,1,0,1,2,0,4.04085,0.83411,0.20642,4.32085,0.01786,0.28246,0.16446,0.18004,0.19439,0.10125,0.16482,11,0,none,a0:visible_collision:66;a1:none:108
0,9040,combined_abort_stress_0_9040_0,combined_abort_stress,oracle_constraints,0.40,1,1,0,1,2,0,2.12612,0.83411,0.39232,2.40612,0.01173,1.00000,1.00000,0.02345,0.07738,0.02033,0.13920,11,0,none,a0:visible_collision:20;a1:none:72
0,9041,combined_abort_stress_0_9041_0,combined_abort_stress,costmap_from_collisions,0.40,1,1,1,1,4,0,4.26137,0.84520,0.19834,5.10137,-0.02492,0.40196,0.25153,0.12144,0.10738,0.17287,0.14543,10,1,none,a0:collision_margin:37;a1:fixture_snag:41;a2:collision_margin:34;a3:none:68
0,9041,combined_abort_stress_0_9041_0,combined_abort_stress,risk_filter_uncertainty,0.40,1,1,1,1,3,0,3.61016,0.84520,0.23412,4.17016,-0.02587,0.40089,0.25070,0.12785,0.09356,0.22078,0.17382,10,1,none,a0:collision_margin:36;a1:fixture_snag:45;a2:none:68
0,9041,combined_abort_stress_0_9041_0,combined_abort_stress,constraint_classifier,0.40,1,0,0,0,1,0,1.69262,0.84520,0.49935,1.69262,0.01509,0.37523,0.23095,0.15747,0.16139,0.16364,0.23199,10,1,none,a0:none:68
0,9041,combined_abort_stress_0_9041_0,combined_abort_stress,abort_constraint_discovery,0.40,1,1,0,1,2,0,4.47250,0.84520,0.18898,4.75250,0.01146,0.43363,0.27684,0.13991,0.14075,0.04856,0.17590,10,1,none,a0:visible_collision:81;a1:none:116
0,9041,combined_abort_stress_0_9041_0,combined_abort_stress,oracle_constraints,0.40,1,0,0,0,1,0,1.62716,0.84520,0.51944,1.62716,0.03309,1.00000,1.00000,0.02219,0.07438,0.01459,0.13712,10,1,none,a0:none:68
0,9042,combined_abort_stress_0_9042_0,combined_abort_stress,costmap_from_collisions,0.40,1,1,1,1,3,0,3.59895,0.85667,0.23803,4.15895,-0.01918,0.44077,0.28269,0.09647,0.07877,0.15723,0.13781,11,0,none,a0:visible_collision:32;a1:collision_margin:33;a2:none:73
0,9042,combined_abort_stress_0_9042_0,combined_abort_stress,risk_filter_uncertainty,0.40,1,1,1,1,4,0,4.84527,0.85667,0.17680,5.68527,-0.02090,0.43147,0.27508,0.10362,0.11286,0.20933,0.15928,11,0,none,a0:visible_collision:34;a1:collision_margin:33;a2:collision_margin:33;a3:none:80
0,9042,combined_abort_stress_0_9042_0,combined_abort_stress,constraint_classifier,0.40,1,0,0,0,1,0,2.05389,0.85667,0.41709,2.05389,0.02216,0.42169,0.26718,0.13204,0.16735,0.16346,0.23130,11,0,none,a0:none:83
0,9042,combined_abort_stress_0_9042_0,combined_abort_stress,abort_constraint_discovery,0.40,1,0,0,0,1,0,2.07367,0.85667,0.41312,2.07367,0.03947,0.40714,0.25561,0.15467,0.19792,0.10559,0.27424,11,0,none,a0:none:83
0,9042,combined_abort_stress_0_9042_0,combined_abort_stress,oracle_constraints,0.40,1,0,0,0,1,0,1.93617,0.85667,0.44245,1.93617,0.03207,1.00000,1.00000,0.01724,0.05689,0.01010,0.11357,11,0,none,a0:none:72
0,9043,combined_abort_stress_0_9043_0,combined_abort_stress,costmap_from_collisions,0.40,1,1,1,1,4,0,4.76516,0.83583,0.17540,5.60516,-0.01991,0.47465,0.31118,0.10335,0.07101,0.18266,0.16690,10,1,none,a0:collision_margin:35;a1:collision_margin:35;a2:unstable_slip:49;a3:none:71
0,9043,combined_abort_stress_0_9043_0,combined_abort_stress,risk_filter_uncertainty,0.40,1,1,1,1,3,0,3.63283,0.83583,0.23008,4.19283,-0.00870,0.44690,0.28775,0.11233,0.11265,0.24715,0.17936,10,1,none,a0:collision_margin:37;a1:unstable_slip:50;a2:none:71
0,9043,combined_abort_stress_0_9043_0,combined_abort_stress,constraint_classifier,0.40,1,1,1,1,3,0,4.51555,0.83583,0.18510,5.07555,-0.00541,0.48382,0.31911,0.15019,0.21300,0.33510,0.31579,10,1,none,a0:unstable_slip:46;a1:unstable_slip:71;a2:none:71
0,9043,combined_abort_stress_0_9043_0,combined_abort_stress,abort_constraint_discovery,0.40,0,1,1,1,5,0,6.68404,0.83583,0.04377,7.78404,-0.00797,0.51567,0.34741,0.15386,0.21125,0.21617,0.35249,10,1,unstable_slip,a0:visible_collision:19;a1:unstable_slip:82;a2:unstable_slip:77;a3:visible_collision:40;a4:unstable_slip:77
0,9043,combined_abort_stress_0_9043_0,combined_abort_stress,oracle_constraints,0.40,1,0,0,0,1,0,1.94851,0.83583,0.42896,1.94851,0.00288,1.00000,1.00000,0.02208,0.07353,0.04582,0.13366,10,1,none,a0:none:73
0,9044,combined_abort_stress_0_9044_0,combined_abort_stress,costmap_from_collisions,0.40,1,0,0,0,1,0,1.72917,0.84814,0.49049,1.72917,0.02996,0.32628,0.19495,0.10897,0.08514,0.01758,0.10596,11,0,none,a0:none:77
0,9044,combined_abort_stress_0_9044_0,combined_abort_stress,risk_filter_uncertainty,0.40,1,0,0,0,1,0,1.70808,0.84814,0.49655,1.70808,0.02023,0.33428,0.20068,0.11083,0.08462,0.13707,0.12119,11,0,none,a0:none:77
0,9044,combined_abort_stress_0_9044_0,combined_abort_stress,constraint_classifier,0.40,1,0,0,0,1,0,1.68728,0.84814,0.50267,1.68728,0.02245,0.37786,0.23294,0.14838,0.17791,0.21102,0.23961,11,0,none,a0:none:78
0,9044,combined_abort_stress_0_9044_0,combined_abort_stress,abort_constraint_discovery,0.40,1,1,1,1,3,0,5.79879,0.84814,0.14626,6.35879,-0.00479,0.48640,0.32135,0.15277,0.21834,0.11473,0.30956,11,0,none,a0:unstable_slip:35;a1:unstable_slip:34;a2:none:120
0,9044,combined_abort_stress_0_9044_0,combined_abort_stress,oracle_constraints,0.40,1,0,0,0,1,0,1.75856,0.84814,0.48229,1.75856,0.02854,1.00000,1.00000,0.01840,0.06275,0.01044,0.12327,11,0,none,a0:none:77
1,9040,combined_abort_stress_1_9040_0,combined_abort_stress,costmap_from_collisions,0.40,1,0,0,0,1,0,1.82334,0.84079,0.46113,1.82334,0.03814,0.38395,0.23759,0.11107,0.08773,0.02408,0.11080,11,0,none,a0:none:83
1,9040,combined_abort_stress_1_9040_0,combined_abort_stress,risk_filter_uncertainty,0.40,1,1,1,1,4,0,4.53410,0.84079,0.18544,5.37410,-0.01743,0.38929,0.24169,0.11897,0.09251,0.20579,0.15374,11,0,none,a0:visible_collision:43;a1:visible_collision:36;a2:human_stop:37;a3:none:83
1,9040,combined_abort_stress_1_9040_0,combined_abort_stress,constraint_classifier,0.40,1,0,0,0,1,0,1.97636,0.84079,0.42542,1.97636,0.02546,0.38333,0.23711,0.16369,0.19006,0.18146,0.28463,11,0,none,a0:none:85
1,9040,combined_abort_stress_1_9040_0,combined_abort_stress,abort_constraint_discovery,0.40,1,1,1,1,5,0,8.86719,0.84079,0.09482,9.98719,-0.02765,0.42881,0.27292,0.16626,0.18488,0.19911,0.29224,11,0,none,a0:visible_collision:77;a1:unstable_slip:83;a2:collision_margin:50;a3:collision_margin:50;a4:none:99
1,9040,combined_abort_stress_1_9040_0,combined_abort_stress,oracle_constraints,0.40,1,0,0,0,1,0,1.79369,0.84079,0.46875,1.79369,0.04372,1.00000,1.00000,0.02204,0.07435,0.01178,0.13089,11,0,none,a0:none:83
1,9041,combined_abort_stress_1_9041_0,combined_abort_stress,costmap_from_collisions,0.40,1,0,0,0,1,0,2.10644,0.86223,0.40933,2.10644,0.01364,0.48680,0.32171,0.08066,0.04391,0.02897,0.11634,11,0,none,a0:none:85
1,9041,combined_abort_stress_1_9041_0,combined_abort_stress,risk_filter_uncertainty,0.40,1,0,0,0,1,0,2.18883,0.86223,0.39393,2.18883,0.00981,0.47222,0.30909,0.09190,0.08811,0.10878,0.12950,11,0,none,a0:none:86
1,9041,combined_abort_stress_1_9041_0,combined_abort_stress,constraint_classifier,0.40,1,0,0,0,1,0,2.16145,0.86223,0.39891,2.16145,0.02152,0.43825,0.28061,0.13102,0.15484,0.16104,0.22784,11,0,none,a0:none:90
1,9041,combined_abort_stress_1_9041_0,combined_abort_stress,abort_constraint_discovery,0.40,1,1,1,1,3,0,4.67450,0.86223,0.18446,5.23450,-0.01592,0.51466,0.34649,0.15140,0.20687,0.20435,0.30540,11,0,none,a0:fixture_snag:45;a1:fixture_snag:46;a2:none:89
1,9041,combined_abort_stress_1_9041_0,combined_abort_stress,oracle_constraints,0.40,1,0,0,0,1,0,2.09487,0.86223,0.41159,2.09487,0.02752,1.00000,1.00000,0.01818,0.06005,0.02444,0.11981,11,0,none,a0:none:81
1,9042,combined_abort_stress_1_9042_0,combined_abort_stress,costmap_from_collisions,0.40,0,1,1,1,5,0,4.77741,0.84318,0.06177,5.87741,-0.01290,0.41500,0.26183,0.10839,0.07532,0.12419,0.13989,11,0,visible_collision,a0:human_stop:30;a1:visible_collision:47;a2:collision_margin:40;a3:collision_margin:31;a4:visible_collision:40
1,9042,combined_abort_stress_1_9042_0,combined_abort_stress,risk_filter_uncertainty,0.40,0,1,1,1,5,0,4.33011,0.84318,0.06815,5.43011,-0.01183,0.39059,0.24269,0.11461,0.09623,0.20820,0.15720,11,0,collision_margin,a0:human_stop:35;a1:visible_collision:52;a2:collision_margin:31;a3:fixture_snag:41;a4:collision_margin:32
1,9042,combined_abort_stress_1_9042_0,combined_abort_stress,constraint_classifier,0.40,1,1,1,0,3,0,3.53364,0.84318,0.23861,4.09364,-0.00460,0.46704,0.30467,0.13409,0.14201,0.23872,0.23061,11,0,none,a0:collision_margin:29;a1:human_stop:27;a2:none:96
1,9042,combined_abort_stress_1_9042_0,combined_abort_stress,abort_constraint_discovery,0.40,1,0,0,0,1,0,3.37301,0.84318,0.24998,3.37301,0.01732,0.59010,0.41854,0.10425,0.12240,0.06342,0.21260,11,0,none,a0:none:120
1,9042,combined_abort_stress_1_9042_0,combined_abort_stress,oracle_constraints,0.40,1,0,0,0,1,0,1.90720,0.84318,0.44210,1.90720,0.02899,1.00000,1.00000,0.02067,0.06785,0.00968,0.13712,11,0,none,a0:none:90
1,9043,combined_abort_stress_1_9043_0,combined_abort_stress,costmap_from_collisions,0.40,1,0,0,0,1,0,1.67225,0.83566,0.49973,1.67225,0.01332,0.34409,0.20779,0.12271,0.10372,0.03853,0.12465,11,0,none,a0:none:75
1,9043,combined_abort_stress_1_9043_0,combined_abort_stress,risk_filter_uncertainty,0.40,1,0,0,0,1,0,1.71950,0.83566,0.48599,1.71950,0.01935,0.32178,0.19174,0.12296,0.09966,0.13260,0.14681,11,0,none,a0:none:75
1,9043,combined_abort_stress_1_9043_0,combined_abort_stress,constraint_classifier,0.40,1,0,0,0,1,0,1.88316,0.83566,0.44376,1.88316,0.02197,0.41007,0.25792,0.16180,0.18862,0.17187,0.25208,11,0,none,a0:none:78
1,9043,combined_abort_stress_1_9043_0,combined_abort_stress,abort_constraint_discovery,0.40,1,0,0,0,1,0,1.95170,0.83566,0.42817,1.95170,0.02002,0.36576,0.22381,0.15224,0.13794,0.11969,0.22299,11,0,none,a0:none:78
1,9043,combined_abort_stress_1_9043_0,combined_abort_stress,oracle_constraints,0.40,1,0,0,0,1,0,1.76296,0.83566,0.47401,1.76296,0.01677,1.00000,1.00000,0.02273,0.07546,0.02069,0.13296,11,0,none,a0:none:75
1,9044,combined_abort_stress_1_9044_0,combined_abort_stress,costmap_from_collisions,0.40,1,1,1,1,3,0,3.20429,0.84691,0.26430,3.76429,-0.01032,0.36170,0.22078,0.12468,0.11276,0.13662,0.12673,11,0,none,a0:force_limit:35;a1:fixture_snag:28;a2:none:76
1,9044,combined_abort_stress_1_9044_0,combined_abort_stress,risk_filter_uncertainty,0.40,0,1,1,1,5,0,3.55716,0.84691,0.08333,4.65716,-0.01248,0.34383,0.20760,0.12698,0.10702,0.23930,0.15235,11,0,fixture_snag,a0:force_limit:35;a1:fixture_snag:27;a2:fixture_snag:31;a3:fixture_snag:29;a4:fixture_snag:29
1,9044,combined_abort_stress_1_9044_0,combined_abort_stress,constraint_classifier,0.40,0,1,1,1,5,0,3.62671,0.84691,0.08173,4.72671,-0.02932,0.36299,0.22174,0.16851,0.17283,0.32724,0.25554,11,0,fixture_snag,a0:fixture_snag:31;a1:fixture_snag:31;a2:fixture_snag:30;a3:fixture_snag:31;a4:fixture_snag:31
1,9044,combined_abort_stress_1_9044_0,combined_abort_stress,abort_constraint_discovery,0.40,1,1,0,1,2,0,4.00140,0.84691,0.21165,4.28140,0.02274,0.35130,0.21308,0.17586,0.17896,0.06377,0.21330,11,0,none,a0:visible_collision:58;a1:none:114
1,9044,combined_abort_stress_1_9044_0,combined_abort_stress,oracle_constraints,0.40,1,0,0,0,1,0,1.95065,0.84691,0.43417,1.95065,0.02972,1.00000,1.00000,0.02238,0.07413,0.01301,0.13366,11,0,none,a0:none:78
2,9040,combined_abort_stress_2_9040_0,combined_abort_stress,costmap_from_collisions,0.40,1,1,1,1,4,0,4.19860,0.84168,0.20047,5.03860,-0.00470,0.37346,0.22961,0.12412,0.11330,0.17880,0.15512,11,0,none,a0:collision_margin:36;a1:collision_margin:36;a2:force_limit:37;a3:none:71
2,9040,combined_abort_stress_2_9040_0,combined_abort_stress,risk_filter_uncertainty,0.40,1,1,1,1,3,0,3.27619,0.84168,0.25691,3.83619,-0.01354,0.36879,0.22609,0.12633,0.11528,0.21419,0.16620,11,0,none,a0:collision_margin:36;a1:force_limit:37;a2:none:71
2,9040,combined_abort_stress_2_9040_0,combined_abort_stress,constraint_classifier,0.40,1,1,0,1,2,0,2.70131,0.84168,0.31158,2.98131,-0.02121,0.38821,0.24086,0.16583,0.19486,0.28553,0.27285,11,0,none,a0:collision_margin:37;a1:none:71
2,9040,combined_abort_stress_2_9040_0,combined_abort_stress,abort_constraint_discovery,0.40,0,1,1,1,5,0,6.25823,0.84168,0.04707,7.35823,-0.02056,0.42188,0.26733,0.15586,0.16458,0.14552,0.22784,11,0,collision_margin,a0:collision_margin:40;a1:collision_margin:36;a2:fixture_snag:54;a3:fixture_snag:52;a4:collision_margin:55
2,9040,combined_abort_stress_2_9040_0,combined_abort_stress,oracle_constraints,0.40,1,0,0,0,1,0,1.74309,0.84168,0.48287,1.74309,0.02777,1.00000,1.00000,0.02047,0.06969,0.02009,0.12673,11,0,none,a0:none:69
2,9041,combined_abort_stress_2_9041_0,combined_abort_stress,costmap_from_collisions,0.40,0,1,1,1,5,0,6.01562,0.84518,0.04917,7.11562,-0.04237,0.52029,0.35161,0.08762,0.07176,0.08985,0.17036,11,0,fixture_snag,a0:fixture_snag:45;a1:visible_collision:74;a2:human_stop:41;a3:force_limit:35;a4:fixture_snag:50
2,9041,combined_abort_stress_2_9041_0,combined_abort_stress,risk_filter_uncertainty,0.40,0,1,1,0,5,0,5.11186,0.84518,0.05787,6.21186,-0.01415,0.52558,0.35647,0.09396,0.11475,0.23313,0.17798,11,0,human_stop,a0:human_stop:44;a1:fixture_snag:51;a2:human_stop:38;a3:human_stop:34;a4:human_stop:35
2,9041,combined_abort_stress_2_9041_0,combined_abort_stress,constraint_classifier,0.40,0,1,1,1,5,0,4.80509,0.84518,0.06156,5.90509,-0.02004,0.43234,0.27579,0.14756,0.19613,0.31804,0.29986,11,0,human_stop,a0:fixture_snag:49;a1:human_stop:41;a2:human_stop:36;a3:human_stop:35;a4:human_stop:36
2,9041,combined_abort_stress_2_9041_0,combined_abort_stress,abort_constraint_discovery,0.40,1,0,0,0,1,0,2.49324,0.84518,0.33899,2.49324,0.00678,0.53526,0.36543,0.13046,0.20336,0.11925,0.26316,11,0,none,a0:none:104
2,9041,combined_abort_stress_2_9041_0,combined_abort_stress,oracle_constraints,0.40,1,1,1,1,4,0,3.90670,0.84518,0.21634,4.74670,0.01531,1.00000,1.00000,0.01834,0.06266,0.02918,0.11981,11,0,none,a0:visible_collision:24;a1:visible_collision:23;a2:visible_collision:23;a3:none:87
2,9042,combined_abort_stress_2_9042_0,combined_abort_stress,costmap_from_collisions,0.40,0,1,1,1,5,0,4.65872,0.84974,0.06384,5.75872,-0.03654,0.37838,0.23333,0.11650,0.10722,0.17469,0.13019,11,0,collision_margin,a0:visible_collision:45;a1:human_stop:37;a2:collision_margin:36;a3:visible_collision:36;a4:collision_margin:35
2,9042,combined_abort_stress_2_9042_0,combined_abort_stress,risk_filter_uncertainty,0.40,0,1,1,1,5,0,4.73869,0.84974,0.06276,5.83869,-0.00510,0.33907,0.20414,0.12627,0.11858,0.21369,0.15582,11,0,visible_collision,a0:visible_collision:43;a1:human_stop:36;a2:collision_margin:39;a3:fixture_snag:44;a4:visible_collision:38
2,9042,combined_abort_stress_2_9042_0,combined_abort_stress,constraint_classifier,0.40,1,0,0,0,1,0,2.00509,0.84974,0.42379,2.00509,0.03661,0.34205,0.20631,0.15777,0.15639,0.21794,0.21814,11,0,none,a0:none:86
2,9042,combined_abort_stress_2_9042_0,combined_abort_stress,abort_constraint_discovery,0.40,1,0,0,0,1,0,2.18079,0.84974,0.38965,2.18079,0.03103,0.34862,0.21111,0.15347,0.15471,0.06929,0.17590,11,0,none,a0:none:84
2,9042,combined_abort_stress_2_9042_0,combined_abort_stress,oracle_constraints,0.40,1,0,0,0,1,0,2.04078,0.84974,0.41638,2.04078,0.02279,1.00000,1.00000,0.01960,0.06606,0.00843,0.12604,11,0,none,a0:none:83
2,9043,combined_abort_stress_2_9043_0,combined_abort_stress,costmap_from_collisions,0.40,0,1,1,1,5,0,3.53608,0.83924,0.08307,4.63608,-0.02402,0.42818,0.27241,0.10724,0.07551,0.17471,0.12258,11,0,fixture_snag,a0:fixture_snag:29;a1:fixture_snag:29;a2:fixture_snag:27;a3:fixture_snag:29;a4:fixture_snag:27
2,9043,combined_abort_stress_2_9043_0,combined_abort_stress,risk_filter_uncertainty,0.40,0,1,1,1,5,0,3.84565,0.83924,0.07638,4.94565,-0.03068,0.44181,0.28354,0.11332,0.09154,0.23458,0.15859,11,0,fixture_snag,a0:fixture_snag:30;a1:fixture_snag:52;a2:fixture_snag:29;a3:fixture_snag:26;a4:fixture_snag:29
2,9043,combined_abort_stress_2_9043_0,combined_abort_stress,constraint_classifier,0.40,1,1,0,0,2,0,3.23899,0.83924,0.25911,3.51899,-0.00187,0.42379,0.26887,0.14520,0.14849,0.11484,0.23961,11,0,none,a0:fixture_snag:27;a1:none:105
2,9043,combined_abort_stress_2_9043_0,combined_abort_stress,abort_constraint_discovery,0.40,1,1,1,1,3,0,4.21595,0.83924,0.19906,4.77595,-0.02052,0.46239,0.30072,0.15202,0.17163,0.16231,0.24446,11,0,none,a0:fixture_snag:45;a1:fixture_snag:28;a2:none:104
2,9043,combined_abort_stress_2_9043_0,combined_abort_stress,oracle_constraints,0.40,1,1,1,1,3,0,5.30635,0.83924,0.15816,5.86635,0.00434,1.00000,1.00000,0.02224,0.07378,0.03004,0.13296,11,0,none,a0:visible_collision:64;a1:visible_collision:65;a2:none:80
2,9044,combined_abort_stress_2_9044_0,combined_abort_stress,costmap_from_collisions,0.40,1,1,1,1,4,0,4.46145,0.86129,0.19305,5.30145,-0.01401,0.38122,0.23549,0.12199,0.11219,0.07584,0.11565,11,0,none,a0:fixture_snag:34;a1:fixture_snag:33;a2:fixture_snag:38;a3:none:84
2,9044,combined_abort_stress_2_9044_0,combined_abort_stress,risk_filter_uncertainty,0.40,1,1,1,1,3,0,3.54368,0.86129,0.24305,4.10368,-0.00494,0.34606,0.20923,0.12435,0.10039,0.16834,0.13712,11,0,none,a0:force_limit:34;a1:fixture_snag:31;a2:none:84
2,9044,combined_abort_stress_2_9044_0,combined_abort_stress,constraint_classifier,0.40,0,1,1,1,5,0,3.73263,0.86129,0.08076,4.83263,-0.01429,0.32675,0.19528,0.17166,0.16964,0.28906,0.25069,11,0,fixture_snag,a0:force_limit:36;a1:fixture_snag:32;a2:fixture_snag:28;a3:fixture_snag:27;a4:fixture_snag:29
2,9044,combined_abort_stress_2_9044_0,combined_abort_stress,abort_constraint_discovery,0.40,1,1,0,1,2,0,4.81980,0.86129,0.17870,5.09980,0.02281,0.32019,0.19061,0.15895,0.14861,0.01137,0.16343,11,0,none,a0:visible_collision:53;a1:none:120
2,9044,combined_abort_stress_2_9044_0,combined_abort_stress,oracle_constraints,0.40,1,0,0,0,1,0,2.05311,0.86129,0.41950,2.05311,0.01542,1.00000,1.00000,0.02269,0.07677,0.01853,0.13504,11,0,none,a0:none:84
3,9040,combined_abort_stress_3_9040_0,combined_abort_stress,costmap_from_collisions,0.40,0,1,1,1,5,0,2.80905,0.83265,0.10375,3.90905,-0.01074,0.33333,0.20000,0.13224,0.11815,0.17167,0.12535,10,1,collision_margin,a0:collision_margin:26;a1:collision_margin:25;a2:fixture_snag:30;a3:collision_margin:22;a4:collision_margin:23
3,9040,combined_abort_stress_3_9040_0,combined_abort_stress,risk_filter_uncertainty,0.40,0,1,1,1,5,0,3.16223,0.83265,0.09216,4.26223,-0.01429,0.33333,0.20000,0.13228,0.09536,0.24591,0.15028,10,1,collision_margin,a0:collision_margin:25;a1:fixture_snag:32;a2:collision_margin:23;a3:collision_margin:23;a4:collision_margin:21
3,9040,combined_abort_stress_3_9040_0,combined_abort_stress,constraint_classifier,0.40,0,1,1,1,5,0,3.94744,0.83265,0.07383,5.04744,-0.01180,0.35379,0.21491,0.16538,0.18014,0.33679,0.24307,10,1,collision_margin,a0:unstable_slip:75;a1:collision_margin:26;a2:collision_margin:25;a3:collision_margin:24;a4:collision_margin:24
3,9040,combined_abort_stress_3_9040_0,combined_abort_stress,abort_constraint_discovery,0.40,1,0,0,0,1,0,2.30928,0.83265,0.36057,2.30928,0.00769,0.44350,0.28493,0.14533,0.16091,0.04654,0.18421,10,1,none,a0:none:101
3,9040,combined_abort_stress_3_9040_0,combined_abort_stress,oracle_constraints,0.40,1,0,0,0,1,0,2.24877,0.83265,0.37027,2.24877,0.01387,1.00000,1.00000,0.02411,0.08145,0.03733,0.14058,10,1,none,a0:none:86
3,9041,combined_abort_stress_3_9041_0,combined_abort_stress,costmap_from_collisions,0.40,1,1,0,1,2,0,2.63608,0.84648,0.32111,2.91608,0.00318,0.28481,0.16605,0.11526,0.10467,0.08127,0.10388,10,1,none,a0:visible_collision:32;a1:none:81
3,9041,combined_abort_stress_3_9041_0,combined_abort_stress,risk_filter_uncertainty,0.40,1,0,0,0,1,0,1.83866,0.84648,0.46038,1.83866,0.01757,0.29560,0.17343,0.10914,0.10231,0.14120,0.10526,10,1,none,a0:none:77
3,9041,combined_abort_stress_3_9041_0,combined_abort_stress,constraint_classifier,0.40,1,0,0,0,1,0,1.55930,0.84648,0.54286,1.55930,0.04005,0.30045,0.17678,0.14815,0.15519,0.19303,0.19391,10,1,none,a0:none:77
3,9041,combined_abort_stress_3_9041_0,combined_abort_stress,abort_constraint_discovery,0.40,1,1,0,1,2,0,2.92996,0.84648,0.28891,3.20996,-0.00860,0.36969,0.22676,0.16174,0.16369,0.13083,0.25970,10,1,none,a0:collision_margin:35;a1:none:84
3,9041,combined_abort_stress_3_9041_0,combined_abort_stress,oracle_constraints,0.40,1,0,0,0,1,0,1.86980,0.84648,0.45271,1.86980,0.02834,1.00000,1.00000,0.01842,0.06220,0.00809,0.11496,10,1,none,a0:none:77
3,9042,combined_abort_stress_3_9042_0,combined_abort_stress,costmap_from_collisions,0.40,0,1,1,1,5,0,3.98796,0.85441,0.07499,5.08796,-0.02392,0.42469,0.26959,0.11715,0.10074,0.19442,0.14543,11,0,collision_margin,a0:force_limit:38;a1:human_stop:28;a2:force_limit:33;a3:collision_margin:35;a4:collision_margin:34
3,9042,combined_abort_stress_3_9042_0,combined_abort_stress,risk_filter_uncertainty,0.40,0,1,1,1,5,0,3.99051,0.85441,0.07494,5.09051,-0.02759,0.38588,0.23907,0.12269,0.10841,0.17611,0.15928,11,0,collision_margin,a0:force_limit:33;a1:human_stop:27;a2:force_limit:34;a3:collision_margin:36;a4:collision_margin:43
3,9042,combined_abort_stress_3_9042_0,combined_abort_stress,constraint_classifier,0.40,0,1,1,1,5,0,4.39791,0.85441,0.06800,5.49791,-0.01943,0.41308,0.26030,0.16021,0.17366,0.30499,0.26731,11,0,collision_margin,a0:collision_margin:43;a1:force_limit:34;a2:force_limit:33;a3:force_limit:33;a4:collision_margin:36
3,9042,combined_abort_stress_3_9042_0,combined_abort_stress,abort_constraint_discovery,0.40,0,1,1,1,5,0,5.87434,0.85441,0.05091,6.97434,-0.01403,0.43388,0.27704,0.14754,0.15470,0.08189,0.20014,11,0,fixture_snag,a0:visible_collision:52;a1:visible_collision:37;a2:collision_margin:57;a3:collision_margin:50;a4:fixture_snag:50
3,9042,combined_abort_stress_3_9042_0,combined_abort_stress,oracle_constraints,0.40,0,1,1,1,5,0,4.99816,0.85441,0.05983,6.09816,-0.01262,1.00000,1.00000,0.02128,0.07065,0.04544,0.13504,11,0,fixture_snag,a0:fixture_snag:42;a1:human_stop:44;a2:fixture_snag:45;a3:fixture_snag:41;a4:fixture_snag:42
3,9043,combined_abort_stress_3_9043_0,combined_abort_stress,costmap_from_collisions,0.40,1,0,0,0,1,0,1.78015,0.84035,0.47207,1.78015,0.01600,0.31250,0.18519,0.12030,0.10931,0.02868,0.09626,11,0,none,a0:none:75
3,9043,combined_abort_stress_3_9043_0,combined_abort_stress,risk_filter_uncertainty,0.40,1,0,0,0,1,0,1.86833,0.84035,0.44979,1.86833,0.00683,0.31124,0.18430,0.11830,0.11748,0.12821,0.11496,11,0,none,a0:none:75
3,9043,combined_abort_stress_3_9043_0,combined_abort_stress,constraint_classifier,0.40,0,1,1,1,5,0,2.52501,0.84035,0.11648,3.62501,-0.02522,0.29084,0.17016,0.16643,0.16390,0.31468,0.22230,11,0,fixture_snag,a0:fixture_snag:22;a1:fixture_snag:22;a2:fixture_snag:22;a3:fixture_snag:22;a4:fixture_snag:21
3,9043,combined_abort_stress_3_9043_0,combined_abort_stress,abort_constraint_discovery,0.40,0,1,1,1,5,0,8.06552,0.84035,0.03647,9.16552,-0.01548,0.28708,0.16760,0.16679,0.16486,0.08739,0.16413,11,0,collision_margin,a0:collision_margin:39;a1:collision_margin:66;a2:collision_margin:65;a3:collision_margin:77;a4:collision_margin:75
3,9043,combined_abort_stress_3_9043_0,combined_abort_stress,oracle_constraints,0.40,1,1,1,1,5,0,6.74918,0.84035,0.12451,7.86918,0.00782,1.00000,1.00000,0.02228,0.07417,0.02457,0.12535,11,0,none,a0:visible_collision:53;a1:visible_collision:50;a2:visible_collision:53;a3:visible_collision:51;a4:none:71
3,9044,combined_abort_stress_3_9044_0,combined_abort_stress,costmap_from_collisions,0.40,0,1,1,1,5,0,3.68194,0.84810,0.08062,4.78194,-0.02640,0.37717,0.23242,0.11650,0.07688,0.19124,0.14266,11,0,fixture_snag,a0:fixture_snag:31;a1:fixture_snag:33;a2:fixture_snag:28;a3:fixture_snag:29;a4:fixture_snag:30
3,9044,combined_abort_stress_3_9044_0,combined_abort_stress,risk_filter_uncertainty,0.40,0,1,1,1,5,0,3.91079,0.84810,0.07590,5.01079,-0.02588,0.37296,0.22923,0.11633,0.09543,0.10983,0.16066,11,0,fixture_snag,a0:fixture_snag:29;a1:fixture_snag:28;a2:fixture_snag:33;a3:fixture_snag:31;a4:fixture_snag:51
3,9044,combined_abort_stress_3_9044_0,combined_abort_stress,constraint_classifier,0.40,0,1,1,1,5,0,2.91731,0.84810,0.10175,4.01731,-0.00875,0.40972,0.25764,0.15530,0.17923,0.35303,0.26247,11,0,human_stop,a0:human_stop:19;a1:fixture_snag:32;a2:fixture_snag:28;a3:human_stop:23;a4:human_stop:18
3,9044,combined_abort_stress_3_9044_0,combined_abort_stress,abort_constraint_discovery,0.40,1,1,0,1,2,0,4.93686,0.84810,0.17179,5.21686,-0.00892,0.44487,0.28606,0.14842,0.16321,0.05176,0.22784,11,0,none,a0:fixture_snag:61;a1:none:120
3,9044,combined_abort_stress_3_9044_0,combined_abort_stress,oracle_constraints,0.40,1,0,0,0,1,0,2.38579,0.84810,0.35548,2.38579,0.01433,1.00000,1.00000,0.02265,0.07632,0.03182,0.13643,11,0,none,a0:none:99
4,9040,combined_abort_stress_4_9040_0,combined_abort_stress,costmap_from_collisions,0.40,1,1,1,1,5,0,5.42666,0.84047,0.15488,6.54666,-0.02554,0.54444,0.37405,0.07651,0.06693,0.20250,0.14958,10,1,none,a0:unstable_slip:32;a1:human_stop:41;a2:fixture_snag:39;a3:fixture_snag:35;a4:none:74
4,9040,combined_abort_stress_4_9040_0,combined_abort_stress,risk_filter_uncertainty,0.40,1,1,1,1,5,0,5.49886,0.84047,0.15284,6.61886,-0.02589,0.55051,0.37979,0.08350,0.13265,0.22637,0.17452,10,1,none,a0:unstable_slip:32;a1:human_stop:38;a2:fixture_snag:39;a3:collision_margin:40;a4:none:74
4,9040,combined_abort_stress_4_9040_0,combined_abort_stress,constraint_classifier,0.40,1,0,0,0,1,0,1.86448,0.84047,0.45078,1.86448,0.01077,0.37004,0.22703,0.12772,0.15531,0.19436,0.21468,10,1,none,a0:none:76
4,9040,combined_abort_stress_4_9040_0,combined_abort_stress,abort_constraint_discovery,0.40,1,0,0,0,1,0,2.54425,0.84047,0.33034,2.54425,0.03059,0.51972,0.35110,0.09804,0.14072,0.09221,0.19875,10,1,none,a0:none:104
4,9040,combined_abort_stress_4_9040_0,combined_abort_stress,oracle_constraints,0.40,1,0,0,0,1,0,1.84883,0.84047,0.45460,1.84883,0.01939,1.00000,1.00000,0.01669,0.05509,0.02988,0.09972,10,1,none,a0:none:74
4,9041,combined_abort_stress_4_9041_0,combined_abort_stress,costmap_from_collisions,0.40,1,1,1,1,5,0,6.05924,0.84819,0.13998,7.17924,-0.04092,0.44730,0.28808,0.10573,0.07299,0.06011,0.13712,11,0,none,a0:fixture_snag:30;a1:visible_collision:74;a2:human_stop:28;a3:fixture_snag:30;a4:none:94
4,9041,combined_abort_stress_4_9041_0,combined_abort_stress,risk_filter_uncertainty,0.40,1,1,1,1,3,0,4.40967,0.84819,0.19235,4.96967,-0.00150,0.41429,0.26126,0.11702,0.10663,0.12462,0.15859,11,0,none,a0:fixture_snag:29;a1:visible_collision:69;a2:none:96
4,9041,combined_abort_stress_4_9041_0,combined_abort_stress,constraint_classifier,0.40,1,1,0,0,2,0,2.94487,0.84819,0.28802,3.22487,-0.00414,0.43911,0.28132,0.13903,0.15811,0.18158,0.24307,11,0,none,a0:fixture_snag:31;a1:none:92
4,9041,combined_abort_stress_4_9041_0,combined_abort_stress,abort_constraint_discovery,0.40,1,1,1,1,5,0,8.19710,0.84819,0.10347,9.31710,-0.00844,0.57711,0.40559,0.13133,0.16600,0.16285,0.28532,11,0,none,a0:visible_collision:44;a1:collision_margin:56;a2:collision_margin:53;a3:collision_margin:54;a4:none:120
4,9041,combined_abort_stress_4_9041_0,combined_abort_stress,oracle_constraints,0.40,1,0,0,0,1,0,2.11117,0.84819,0.40176,2.11117,0.01581,1.00000,1.00000,0.02007,0.06683,0.02018,0.13227,11,0,none,a0:none:88
4,9042,combined_abort_stress_4_9042_0,combined_abort_stress,costmap_from_collisions,0.40,0,1,1,1,5,0,4.16998,0.84444,0.07088,5.26998,-0.02453,0.36412,0.22258,0.11883,0.10762,0.15602,0.13712,11,0,collision_margin,a0:visible_collision:38;a1:collision_margin:35;a2:collision_margin:32;a3:collision_margin:33;a4:collision_margin:34
4,9042,combined_abort_stress_4_9042_0,combined_abort_stress,risk_filter_uncertainty,0.40,0,1,1,1,5,0,4.38701,0.84444,0.06737,5.48701,-0.01517,0.34328,0.20721,0.12301,0.08959,0.24276,0.15305,11,0,collision_margin,a0:collision_margin:37;a1:visible_collision:42;a2:visible_collision:36;a3:collision_margin:34;a4:collision_margin:35
4,9042,combined_abort_stress_4_9042_0,combined_abort_stress,constraint_classifier,0.40,1,0,0,0,1,0,2.11931,0.84444,0.39845,2.11931,0.01804,0.37398,0.23000,0.14855,0.14925,0.18721,0.21537,11,0,none,a0:none:87
4,9042,combined_abort_stress_4_9042_0,combined_abort_stress,abort_constraint_discovery,0.40,1,0,0,0,1,0,2.10495,0.84444,0.40117,2.10495,0.02001,0.43388,0.27704,0.14380,0.15303,0.12688,0.20983,11,0,none,a0:none:84
4,9042,combined_abort_stress_4_9042_0,combined_abort_stress,oracle_constraints,0.40,1,0,0,0,1,0,1.84756,0.84444,0.45706,1.84756,0.03795,1.00000,1.00000,0.02162,0.07193,0.00810,0.12535,11,0,none,a0:none:84
4,9043,combined_abort_stress_4_9043_0,combined_abort_stress,costmap_from_collisions,0.40,1,0,0,0,1,0,2.08245,0.85588,0.41100,2.08245,0.01290,0.32796,0.19614,0.13369,0.11778,0.04627,0.11427,11,0,none,a0:none:88
4,9043,combined_abort_stress_4_9043_0,combined_abort_stress,risk_filter_uncertainty,0.40,1,0,0,0,1,0,2.12786,0.85588,0.40223,2.12786,0.00419,0.33083,0.19820,0.12878,0.11097,0.12989,0.13296,11,0,none,a0:none:89
4,9043,combined_abort_stress_4_9043_0,combined_abort_stress,constraint_classifier,0.40,0,1,1,1,5,0,3.10807,0.85588,0.09638,4.20807,-0.01794,0.36364,0.22222,0.17006,0.18170,0.24339,0.22992,11,0,collision_margin,a0:fixture_snag:26;a1:collision_margin:29;a2:human_stop:24;a3:human_stop:24;a4:collision_margin:34
4,9043,combined_abort_stress_4_9043_0,combined_abort_stress,abort_constraint_discovery,0.40,1,0,0,0,1,0,2.14744,0.85588,0.39856,2.14744,0.00275,0.35745,0.21762,0.16945,0.17382,0.14297,0.18213,11,0,none,a0:none:92
4,9043,combined_abort_stress_4_9043_0,combined_abort_stress,oracle_constraints,0.40,1,0,0,0,1,0,2.20986,0.85588,0.38730,2.20986,0.02928,1.00000,1.00000,0.02460,0.08229,0.02765,0.14335,11,0,none,a0:none:88
4,9044,combined_abort_stress_4_9044_0,combined_abort_stress,costmap_from_collisions,0.40,0,1,1,1,5,0,5.88032,0.84704,0.05042,6.98032,-0.02297,0.42029,0.26606,0.11827,0.10865,0.16157,0.15443,11,0,unstable_slip,a0:collision_margin:39;a1:force_limit:47;a2:human_stop:32;a3:collision_margin:40;a4:unstable_slip:72
4,9044,combined_abort_stress_4_9044_0,combined_abort_stress,risk_filter_uncertainty,0.40,0,1,1,1,5,0,4.62694,0.84704,0.06407,5.72694,-0.01497,0.40268,0.25210,0.12715,0.10751,0.21472,0.17729,11,0,fixture_snag,a0:collision_margin:39;a1:fixture_snag:32;a2:force_limit:47;a3:collision_margin:43;a4:fixture_snag:31
4,9044,combined_abort_stress_4_9044_0,combined_abort_stress,constraint_classifier,0.40,0,1,1,1,5,0,4.89498,0.84704,0.06056,5.99498,-0.02018,0.39403,0.24535,0.17505,0.22848,0.29684,0.33172,11,0,fixture_snag,a0:collision_margin:39;a1:unstable_slip:64;a2:force_limit:41;a3:human_stop:30;a4:fixture_snag:31
4,9044,combined_abort_stress_4_9044_0,combined_abort_stress,abort_constraint_discovery,0.40,0,1,1,1,5,0,7.37474,0.84704,0.04020,8.47474,-0.01806,0.41392,0.26097,0.15650,0.15442,0.15616,0.24584,11,0,visible_collision,a0:visible_collision:31;a1:collision_margin:55;a2:collision_margin:43;a3:unstable_slip:116;a4:visible_collision:62
4,9044,combined_abort_stress_4_9044_0,combined_abort_stress,oracle_constraints,0.40,1,1,1,1,4,0,6.88026,0.84704,0.12311,7.72026,-0.00645,1.00000,1.00000,0.02207,0.07205,0.06488,0.13227,11,0,none,a0:unstable_slip:79;a1:unstable_slip:77;a2:collision_margin:39;a3:none:79
5,9040,combined_abort_stress_5_9040_0,combined_abort_stress,costmap_from_collisions,0.40,1,1,0,1,2,0,2.74303,0.86596,0.31569,3.02303,-0.01267,0.45777,0.29682,0.09716,0.06320,0.02322,0.12396,11,0,none,a0:fixture_snag:31;a1:none:88
5,9040,combined_abort_stress_5_9040_0,combined_abort_stress,risk_filter_uncertainty,0.40,0,1,1,1,5,0,4.01329,0.86596,0.07552,5.11329,-0.01808,0.41363,0.26074,0.11223,0.09736,0.22477,0.15443,11,0,fixture_snag,a0:fixture_snag:31;a1:fixture_snag:48;a2:fixture_snag:31;a3:fixture_snag:30;a4:fixture_snag:39
5,9040,combined_abort_stress_5_9040_0,combined_abort_stress,constraint_classifier,0.40,1,1,1,1,3,0,3.54962,0.86596,0.24396,4.10962,-0.01241,0.36559,0.22368,0.15987,0.16215,0.15836,0.25623,11,0,none,a0:fixture_snag:33;a1:fixture_snag:31;a2:none:94
5,9040,combined_abort_stress_5_9040_0,combined_abort_stress,abort_constraint_discovery,0.40,1,1,1,1,3,0,3.78665,0.86596,0.22869,4.34665,-0.00698,0.48154,0.31712,0.16200,0.18524,0.27673,0.30125,11,0,none,a0:human_stop:34;a1:fixture_snag:34;a2:none:87
5,9040,combined_abort_stress_5_9040_0,combined_abort_stress,oracle_constraints,0.40,1,0,0,0,1,0,2.04704,0.86596,0.42303,2.04704,0.00886,1.00000,1.00000,0.01959,0.06533,0.01960,0.13019,11,0,none,a0:none:87
5,9041,combined_abort_stress_5_9041_0,combined_abort_stress,costmap_from_collisions,0.40,0,1,1,1,5,0,5.43161,0.83388,0.05373,6.53161,-0.02422,0.47805,0.31410,0.09614,0.05892,0.18543,0.15928,11,0,fixture_snag,a0:collision_margin:38;a1:force_limit:44;a2:fixture_snag:42;a3:collision_margin:41;a4:fixture_snag:34
5,9041,combined_abort_stress_5_9041_0,combined_abort_stress,risk_filter_uncertainty,0.40,1,1,1,1,4,0,5.19815,0.83388,0.16042,6.03815,-0.00153,0.45727,0.29641,0.10469,0.11593,0.20406,0.17521,11,0,none,a0:force_limit:53;a1:fixture_snag:34;a2:fixture_snag:40;a3:none:79
5,9041,combined_abort_stress_5_9041_0,combined_abort_stress,constraint_classifier,0.40,0,1,1,1,5,0,5.28594,0.83388,0.05521,6.38594,-0.01312,0.44733,0.28810,0.14842,0.20727,0.31749,0.30263,11,0,fixture_snag,a0:force_limit:54;a1:force_limit:44;a2:fixture_snag:42;a3:collision_margin:36;a4:fixture_snag:40
5,9041,combined_abort_stress_5_9041_0,combined_abort_stress,abort_constraint_discovery,0.40,1,0,0,0,1,0,3.36577,0.83388,0.24775,3.36577,0.00981,0.46914,0.30645,0.14146,0.18760,0.05894,0.26801,11,0,none,a0:none:120
5,9041,combined_abort_stress_5_9041_0,combined_abort_stress,oracle_constraints,0.40,1,0,0,0,1,0,1.63263,0.83388,0.51076,1.63263,0.02699,1.00000,1.00000,0.01888,0.06336,0.03937,0.12465,11,0,none,a0:none:72
5,9042,combined_abort_stress_5_9042_0,combined_abort_stress,costmap_from_collisions,0.40,0,1,1,1,5,0,3.89155,0.85318,0.07673,4.99155,-0.01190,0.42340,0.26855,0.10118,0.08841,0.20077,0.13573,11,0,unstable_slip,a0:fixture_snag:37;a1:force_limit:29;a2:fixture_snag:34;a3:force_limit:29;a4:unstable_slip:29
5,9042,combined_abort_stress_5_9042_0,combined_abort_stress,risk_filter_uncertainty,0.40,0,1,1,1,5,0,3.84108,0.85318,0.07774,4.94108,-0.01874,0.41538,0.26214,0.10615,0.11691,0.26352,0.15720,11,0,fixture_snag,a0:fixture_snag:41;a1:force_limit:29;a2:fixture_snag:36;a3:fixture_snag:29;a4:fixture_snag:28
5,9042,combined_abort_stress_5_9042_0,combined_abort_stress,constraint_classifier,0.40,0,1,1,1,5,0,4.52326,0.85318,0.06602,5.62326,-0.01714,0.39601,0.24689,0.15978,0.22746,0.33308,0.30332,11,0,unstable_slip,a0:visible_collision:74;a1:fixture_snag:46;a2:unstable_slip:24;a3:unstable_slip:22;a4:unstable_slip:25
5,9042,combined_abort_stress_5_9042_0,combined_abort_stress,abort_constraint_discovery,0.40,1,0,0,0,1,0,2.06310,0.85318,0.41354,2.06310,0.01778,0.54054,0.37037,0.10467,0.12977,0.11031,0.19460,11,0,none,a0:none:94
5,9042,combined_abort_stress_5_9042_0,combined_abort_stress,oracle_constraints,0.40,0,1,1,1,5,0,7.94572,0.85318,0.03758,9.04572,-0.00120,1.00000,1.00000,0.01687,0.05805,0.02811,0.11288,11,0,visible_collision,a0:visible_collision:69;a1:visible_collision:71;a2:visible_collision:70;a3:fixture_snag:41;a4:visible_collision:68
5,9043,combined_abort_stress_5_9043_0,combined_abort_stress,costmap_from_collisions,0.40,0,1,1,1,5,0,4.05069,0.84085,0.07265,5.15069,-0.02901,0.41615,0.26275,0.09370,0.07881,0.17048,0.11565,11,0,fixture_snag,a0:visible_collision:28;a1:fixture_snag:38;a2:collision_margin:39;a3:fixture_snag:34;a4:fixture_snag:33
5,9043,combined_abort_stress_5_9043_0,combined_abort_stress,risk_filter_uncertainty,0.40,0,1,1,1,5,0,4.84176,0.84085,0.06078,5.94176,-0.01804,0.43380,0.27698,0.09270,0.10566,0.22847,0.13850,11,0,collision_margin,a0:collision_margin:40;a1:fixture_snag:36;a2:fixture_snag:33;a3:fixture_snag:54;a4:collision_margin:35
5,9043,combined_abort_stress_5_9043_0,combined_abort_stress,constraint_classifier,0.40,1,1,0,1,2,0,3.67642,0.84085,0.22871,3.95642,0.00272,0.36129,0.22047,0.13502,0.15112,0.07739,0.21468,11,0,none,a0:visible_collision:31;a1:none:114
5,9043,combined_abort_stress_5_9043_0,combined_abort_stress,abort_constraint_discovery,0.40,1,1,0,1,2,0,4.05692,0.84085,0.20726,4.33692,0.01544,0.43257,0.27597,0.11360,0.09994,0.03916,0.16482,11,0,none,a0:visible_collision:49;a1:none:116
5,9043,combined_abort_stress_5_9043_0,combined_abort_stress,oracle_constraints,0.40,0,1,1,1,5,0,4.23954,0.84085,0.06942,5.33954,-0.01119,1.00000,1.00000,0.01783,0.05961,0.08206,0.10734,11,0,collision_margin,a0:collision_margin:34;a1:human_stop:36;a2:collision_margin:31;a3:collision_margin:33;a4:collision_margin:34
5,9044,combined_abort_stress_5_9044_0,combined_abort_stress,costmap_from_collisions,0.40,1,1,0,1,2,0,2.65283,0.83164,0.31349,2.93283,-0.01017,0.33780,0.20323,0.12425,0.10680,0.03563,0.12050,11,0,none,a0:fixture_snag:34;a1:none:80
5,9044,combined_abort_stress_5_9044_0,combined_abort_stress,risk_filter_uncertainty,0.40,1,1,0,0,2,0,2.73752,0.83164,0.30379,3.01752,-0.00547,0.34679,0.20977,0.12407,0.10170,0.13240,0.15374,11,0,none,a0:fixture_snag:32;a1:none:80
5,9044,combined_abort_stress_5_9044_0,combined_abort_stress,constraint_classifier,0.40,1,1,0,0,2,0,2.63250,0.83164,0.31591,2.91250,-0.00488,0.36555,0.22366,0.16243,0.16353,0.24833,0.25623,11,0,none,a0:fixture_snag:34;a1:none:80
5,9044,combined_abort_stress_5_9044_0,combined_abort_stress,abort_constraint_discovery,0.40,0,1,1,1,5,0,6.62116,0.83164,0.04396,7.72116,-0.03030,0.42561,0.27033,0.15929,0.14200,0.15652,0.22992,11,0,collision_margin,a0:fixture_snag:28;a1:human_stop:43;a2:collision_margin:88;a3:collision_margin:60;a4:collision_margin:60
5,9044,combined_abort_stress_5_9044_0,combined_abort_stress,oracle_constraints,0.40,1,0,0,0,1,0,1.71911,0.83164,0.48376,1.71911,0.01457,1.00000,1.00000,0.02157,0.07253,0.02109,0.13781,11,0,none,a0:none:80
6,9040,combined_abort_stress_6_9040_0,combined_abort_stress,costmap_from_collisions,0.40,1,1,1,0,4,0,3.94245,0.82813,0.21006,4.78245,-0.02038,0.43902,0.28125,0.10748,0.07315,0.05487,0.14681,11,0,none,a0:human_stop:29;a1:human_stop:26;a2:human_stop:22;a3:none:94
6,9040,combined_abort_stress_6_9040_0,combined_abort_stress,risk_filter_uncertainty,0.40,0,1,1,1,5,0,3.05251,0.82813,0.09495,4.15251,-0.01624,0.45564,0.29503,0.10999,0.08851,0.23821,0.15166,11,0,human_stop,a0:human_stop:27;a1:human_stop:25;a2:human_stop:21;a3:force_limit:28;a4:human_stop:25
6,9040,combined_abort_stress_6_9040_0,combined_abort_stress,constraint_classifier,0.40,0,1,1,0,5,0,2.27706,0.82813,0.12729,3.37706,-0.01322,0.46743,0.30500,0.14107,0.14426,0.33253,0.22438,11,0,human_stop,a0:human_stop:24;a1:human_stop:19;a2:human_stop:20;a3:human_stop:20;a4:human_stop:22
6,9040,combined_abort_stress_6_9040_0,combined_abort_stress,abort_constraint_discovery,0.40,1,1,1,1,3,0,4.36615,0.82813,0.18967,4.92615,0.03338,0.47969,0.31552,0.12969,0.14313,0.07433,0.22091,11,0,none,a0:visible_collision:43;a1:visible_collision:45;a2:none:91
6,9040,combined_abort_stress_6_9040_0,combined_abort_stress,oracle_constraints,0.40,0,1,1,1,5,0,2.36062,0.82813,0.12278,3.46062,0.11617,1.00000,1.00000,0.02119,0.06916,0.00860,0.13712,11,0,visible_collision,a0:visible_collision:23;a1:visible_collision:19;a2:visible_collision:18;a3:visible_collision:19;a4:visible_collision:22
6,9041,combined_abort_stress_6_9041_0,combined_abort_stress,costmap_from_collisions,0.40,0,1,1,1,5,0,4.17201,0.84176,0.07062,5.27201,-0.02306,0.29885,0.17568,0.13113,0.11494,0.17186,0.09972,11,0,fixture_snag,a0:fixture_snag:34;a1:fixture_snag:30;a2:fixture_snag:30;a3:fixture_snag:28;a4:fixture_snag:31
6,9041,combined_abort_stress_6_9041_0,combined_abort_stress,risk_filter_uncertainty,0.40,0,1,1,1,5,0,4.35794,0.84176,0.06760,5.45794,-0.02920,0.31266,0.18529,0.13426,0.10745,0.24494,0.13781,11,0,fixture_snag,a0:fixture_snag:35;a1:fixture_snag:36;a2:fixture_snag:30;a3:fixture_snag:49;a4:fixture_snag:28
6,9041,combined_abort_stress_6_9041_0,combined_abort_stress,constraint_classifier,0.40,0,1,1,1,5,0,4.51940,0.84176,0.06519,5.61940,-0.01562,0.28618,0.16698,0.19127,0.20351,0.32330,0.28463,11,0,fixture_snag,a0:visible_collision:78;a1:fixture_snag:29;a2:fixture_snag:29;a3:fixture_snag:30;a4:fixture_snag:33
6,9041,combined_abort_stress_6_9041_0,combined_abort_stress,abort_constraint_discovery,0.40,1,1,0,1,2,0,4.99455,0.84176,0.16853,5.27455,0.00912,0.30290,0.17848,0.16473,0.14154,0.02094,0.16967,11,0,none,a0:visible_collision:70;a1:none:120
6,9041,combined_abort_stress_6_9041_0,combined_abort_stress,oracle_constraints,0.40,1,0,0,0,1,0,2.70274,0.84176,0.31145,2.70274,0.01270,1.00000,1.00000,0.02366,0.07754,0.03067,0.14127,11,0,none,a0:none:107
6,9042,combined_abort_stress_6_9042_0,combined_abort_stress,costmap_from_collisions,0.40,0,1,1,1,5,0,4.76896,0.83294,0.06113,5.86896,-0.03661,0.46078,0.29936,0.10741,0.09396,0.11638,0.15859,11,0,visible_collision,a0:fixture_snag:41;a1:human_stop:37;a2:unstable_slip:62;a3:collision_margin:34;a4:visible_collision:31
6,9042,combined_abort_stress_6_9042_0,combined_abort_stress,risk_filter_uncertainty,0.40,0,1,1,1,5,0,5.17210,0.83294,0.05637,6.27210,-0.01149,0.38288,0.23677,0.12440,0.12795,0.22424,0.18352,11,0,collision_margin,a0:fixture_snag:42;a1:human_stop:32;a2:unstable_slip:59;a3:collision_margin:39;a4:collision_margin:36
6,9042,combined_abort_stress_6_9042_0,combined_abort_stress,constraint_classifier,0.40,0,1,1,1,5,0,5.04954,0.83294,0.05773,6.14954,-0.01701,0.39098,0.24299,0.17399,0.22776,0.34928,0.33657,11,0,collision_margin,a0:human_stop:36;a1:collision_margin:36;a2:human_stop:33;a3:unstable_slip:66;a4:collision_margin:35
6,9042,combined_abort_stress_6_9042_0,combined_abort_stress,abort_constraint_discovery,0.40,0,1,1,1,5,0,9.74371,0.83294,0.02992,10.84371,-0.01128,0.40493,0.25386,0.15577,0.17533,0.13000,0.26939,11,0,unstable_slip,a0:visible_collision:51;a1:visible_collision:56;a2:visible_collision:61;a3:unstable_slip:111;a4:unstable_slip:107
6,9042,combined_abort_stress_6_9042_0,combined_abort_stress,oracle_constraints,0.40,1,1,1,1,3,0,6.73343,0.83294,0.12370,7.29343,-0.01803,1.00000,1.00000,0.02106,0.07078,0.06957,0.12396,11,0,none,a0:unstable_slip:88;a1:unstable_slip:87;a2:none:88
6,9043,combined_abort_stress_6_9043_0,combined_abort_stress,costmap_from_collisions,0.40,0,1,1,1,5,0,4.15323,0.84423,0.07114,5.25323,-0.01570,0.47465,0.31118,0.10138,0.05927,0.21709,0.16274,11,0,human_stop,a0:unstable_slip:67;a1:visible_collision:18;a2:collision_margin:39;a3:human_stop:27;a4:human_stop:25
6,9043,combined_abort_stress_6_9043_0,combined_abort_stress,risk_filter_uncertainty,0.40,0,1,1,1,5,0,3.57049,0.84423,0.08276,4.67049,-0.01843,0.42825,0.27246,0.11481,0.09932,0.20480,0.16620,11,0,human_stop,a0:visible_collision:20;a1:visible_collision:44;a2:force_limit:39;a3:human_stop:24;a4:human_stop:34
6,9043,combined_abort_stress_6_9043_0,combined_abort_stress,constraint_classifier,0.40,0,1,1,1,5,0,3.72851,0.84423,0.07925,4.82851,-0.01365,0.47712,0.31330,0.14618,0.18074,0.35228,0.28601,11,0,visible_collision,a0:unstable_slip:73;a1:visible_collision:22;a2:human_stop:22;a3:human_stop:22;a4:visible_collision:18
6,9043,combined_abort_stress_6_9043_0,combined_abort_stress,abort_constraint_discovery,0.40,1,1,1,1,5,0,6.87811,0.84423,0.12274,7.99811,-0.02051,0.55486,0.38395,0.13938,0.19558,0.22001,0.30402,11,0,none,a0:visible_collision:44;a1:unstable_slip:72;a2:collision_margin:50;a3:human_stop:21;a4:none:107
6,9043,combined_abort_stress_6_9043_0,combined_abort_stress,oracle_constraints,0.40,1,1,0,1,2,0,2.96109,0.84423,0.28511,3.24109,-0.01480,1.00000,1.00000,0.02289,0.07536,0.06084,0.13781,11,0,none,a0:collision_margin:42;a1:none:81
6,9044,combined_abort_stress_6_9044_0,combined_abort_stress,costmap_from_collisions,0.40,0,1,1,1,5,0,3.36830,0.85498,0.08884,4.46830,-0.04124,0.44737,0.28814,0.10774,0.08774,0.19785,0.13227,11,0,human_stop,a0:human_stop:34;a1:force_limit:27;a2:visible_collision:20;a3:force_limit:29;a4:human_stop:31
6,9044,combined_abort_stress_6_9044_0,combined_abort_stress,risk_filter_uncertainty,0.40,0,1,1,1,5,0,3.78487,0.85498,0.07906,4.88487,-0.02603,0.48148,0.31707,0.09717,0.07566,0.24229,0.13089,11,0,human_stop,a0:human_stop:36;a1:force_limit:27;a2:human_stop:31;a3:force_limit:32;a4:human_stop:30
6,9044,combined_abort_stress_6_9044_0,combined_abort_stress,constraint_classifier,0.40,0,1,1,1,5,0,3.26002,0.85498,0.09179,4.36002,-0.01842,0.42413,0.26914,0.14572,0.14665,0.31829,0.24792,11,0,force_limit,a0:human_stop:31;a1:human_stop:31;a2:human_stop:28;a3:human_stop:30;a4:force_limit:27
6,9044,combined_abort_stress_6_9044_0,combined_abort_stress,abort_constraint_discovery,0.40,0,1,1,1,5,1,3.29295,0.85498,0.09087,4.29295,-0.00542,0.46630,0.30404,0.15808,0.18601,1.00000,0.24931,11,0,no_path,a0:fixture_snag:60;a1:visible_collision:20;a2:visible_collision:25;a3:force_limit:31;a4:no_path
6,9044,combined_abort_stress_6_9044_0,combined_abort_stress,oracle_constraints,0.40,0,1,1,1,5,0,5.69005,0.85498,0.05259,6.79005,0.02708,1.00000,1.00000,0.02131,0.07353,0.00783,0.13089,11,0,visible_collision,a0:visible_collision:45;a1:visible_collision:43;a2:visible_collision:46;a3:visible_collision:45;a4:visible_collision:45
0,9060,combined_abort_stress_0_9060_0,combined_abort_stress,costmap_from_collisions,0.60,0,1,1,1,5,0,4.82660,0.86416,0.06266,5.92660,-0.02039,0.57881,0.40727,0.08148,0.04077,0.16397,0.13158,11,0,fixture_snag,a0:force_limit:34;a1:fixture_snag:34;a2:fixture_snag:34;a3:fixture_snag:40;a4:fixture_snag:34
0,9060,combined_abort_stress_0_9060_0,combined_abort_stress,risk_filter_uncertainty,0.60,0,1,1,1,5,0,4.65529,0.86416,0.06497,5.75529,-0.00958,0.59204,0.42049,0.08584,0.07232,0.22417,0.14197,11,0,fixture_snag,a0:force_limit:37;a1:fixture_snag:37;a2:fixture_snag:38;a3:fixture_snag:37;a4:fixture_snag:35
0,9060,combined_abort_stress_0_9060_0,combined_abort_stress,constraint_classifier,0.60,1,1,1,1,3,0,4.97447,0.86416,0.17372,5.53447,-0.02489,0.52340,0.35446,0.12548,0.15610,0.08442,0.26316,11,0,none,a0:fixture_snag:42;a1:fixture_snag:38;a2:none:116
0,9060,combined_abort_stress_0_9060_0,combined_abort_stress,abort_constraint_discovery,0.60,1,1,1,1,5,0,8.83542,0.86416,0.09781,9.95542,-0.02610,0.50756,0.34009,0.13918,0.15560,0.16480,0.27562,11,0,none,a0:fixture_snag:58;a1:fixture_snag:56;a2:fixture_snag:57;a3:fixture_snag:45;a4:none:120
0,9060,combined_abort_stress_0_9060_0,combined_abort_stress,oracle_constraints,0.60,1,1,0,1,2,0,2.94916,0.86416,0.29302,3.22916,-0.00713,1.00000,1.00000,0.02061,0.06831,0.05106,0.13643,11,0,none,a0:fixture_snag:43;a1:none:80
0,9061,combined_abort_stress_0_9061_0,combined_abort_stress,costmap_from_collisions,0.60,0,1,1,1,5,0,4.21531,0.83128,0.06902,5.31531,-0.01752,0.31443,0.18654,0.13997,0.13332,0.15866,0.12396,11,0,fixture_snag,a0:fixture_snag:34;a1:fixture_snag:32;a2:fixture_snag:37;a3:fixture_snag:30;a4:fixture_snag:31
0,9061,combined_abort_stress_0_9061_0,combined_abort_stress,risk_filter_uncertainty,0.60,1,1,1,1,4,0,4.64247,0.83128,0.17906,5.48247,-0.01971,0.32850,0.19653,0.13818,0.09717,0.19836,0.14197,11,0,none,a0:fixture_snag:34;a1:fixture_snag:31;a2:fixture_snag:34;a3:none:81
0,9061,combined_abort_stress_0_9061_0,combined_abort_stress,constraint_classifier,0.60,1,0,0,0,1,0,2.05113,0.83128,0.40528,2.05113,0.01946,0.31418,0.18636,0.17478,0.17500,0.09946,0.21676,11,0,none,a0:none:81
0,9061,combined_abort_stress_0_9061_0,combined_abort_stress,abort_constraint_discovery,0.60,1,0,0,0,1,0,2.01774,0.83128,0.41198,2.01774,0.01337,0.33036,0.19786,0.16245,0.14964,0.07204,0.16551,11,0,none,a0:none:81
0,9061,combined_abort_stress_0_9061_0,combined_abort_stress,oracle_constraints,0.60,1,0,0,0,1,0,1.92129,0.83128,0.43267,1.92129,0.01609,1.00000,1.00000,0.02146,0.06953,0.02088,0.14474,11,0,none,a0:none:81
0,9062,combined_abort_stress_0_9062_0,combined_abort_stress,costmap_from_collisions,0.60,1,1,1,1,4,0,5.36725,0.84508,0.15745,6.20725,-0.03056,0.37783,0.23292,0.12554,0.12547,0.11850,0.14820,11,0,none,a0:fixture_snag:41;a1:fixture_snag:37;a2:collision_margin:40;a3:none:85
0,9062,combined_abort_stress_0_9062_0,combined_abort_stress,risk_filter_uncertainty,0.60,0,1,1,1,5,0,4.96579,0.84508,0.05956,6.06579,-0.02448,0.36971,0.22678,0.12466,0.11468,0.23412,0.18421,11,0,human_stop,a0:fixture_snag:40;a1:fixture_snag:39;a2:fixture_snag:40;a3:collision_margin:41;a4:human_stop:34
0,9062,combined_abort_stress_0_9062_0,combined_abort_stress,constraint_classifier,0.60,1,0,0,0,1,0,2.26043,0.84508,0.37386,2.26043,0.00287,0.36872,0.22603,0.15875,0.16587,0.09208,0.24515,11,0,none,a0:none:85
0,9062,combined_abort_stress_0_9062_0,combined_abort_stress,abort_constraint_discovery,0.60,1,0,0,0,1,0,2.01388,0.84508,0.41963,2.01388,0.01290,0.37815,0.23316,0.15740,0.17576,0.04971,0.20291,11,0,none,a0:none:90
0,9062,combined_abort_stress_0_9062_0,combined_abort_stress,oracle_constraints,0.60,1,0,0,0,1,0,1.96453,0.84508,0.43017,1.96453,0.01719,1.00000,1.00000,0.01971,0.06403,0.02047,0.12673,11,0,none,a0:none:83
0,9063,combined_abort_stress_0_9063_0,combined_abort_stress,costmap_from_collisions,0.60,1,0,0,0,1,0,1.97371,0.85681,0.43411,1.97371,0.03084,0.41088,0.25856,0.09790,0.09099,0.05130,0.11842,11,0,none,a0:none:79
0,9063,combined_abort_stress_0_9063_0,combined_abort_stress,risk_filter_uncertainty,0.60,1,0,0,0,1,0,1.92395,0.85681,0.44534,1.92395,0.02765,0.40872,0.25685,0.10594,0.11217,0.14614,0.14335,11,0,none,a0:none:81
0,9063,combined_abort_stress_0_9063_0,combined_abort_stress,constraint_classifier,0.60,1,0,0,0,1,0,1.61366,0.85681,0.53098,1.61366,0.03683,0.32432,0.19355,0.15945,0.18755,0.28965,0.24792,11,0,none,a0:none:79
0,9063,combined_abort_stress_0_9063_0,combined_abort_stress,abort_constraint_discovery,0.60,0,1,1,1,5,0,8.99942,0.85681,0.03332,10.09942,-0.02694,0.40374,0.25293,0.15377,0.16776,0.11989,0.25970,11,0,fixture_snag,a0:fixture_snag:76;a1:fixture_snag:74;a2:fixture_snag:74;a3:fixture_snag:57;a4:fixture_snag:75
0,9063,combined_abort_stress_0_9063_0,combined_abort_stress,oracle_constraints,0.60,1,0,0,0,1,0,1.85231,0.85681,0.46256,1.85231,0.03022,1.00000,1.00000,0.01788,0.06107,0.00826,0.11080,11,0,none,a0:none:79
0,9064,combined_abort_stress_0_9064_0,combined_abort_stress,costmap_from_collisions,0.60,1,0,0,0,1,0,1.64388,0.82982,0.50479,1.64388,0.00131,0.37059,0.22744,0.11015,0.09908,0.04243,0.11704,11,0,none,a0:none:75
0,9064,combined_abort_stress_0_9064_0,combined_abort_stress,risk_filter_uncertainty,0.60,1,0,0,0,1,0,1.80803,0.82982,0.45897,1.80803,0.02188,0.33514,0.20130,0.11486,0.11661,0.13522,0.13781,11,0,none,a0:none:75
0,9064,combined_abort_stress_0_9064_0,combined_abort_stress,constraint_classifier,0.60,1,0,0,0,1,0,1.83395,0.82982,0.45248,1.83395,0.02690,0.35227,0.21379,0.15744,0.17094,0.24367,0.24723,11,0,none,a0:none:75
0,9064,combined_abort_stress_0_9064_0,combined_abort_stress,abort_constraint_discovery,0.60,1,1,0,0,2,0,4.91628,0.82982,0.16879,5.19628,-0.00218,0.40650,0.25510,0.15270,0.15725,0.05023,0.22230,11,0,none,a0:fixture_snag:31;a1:none:120
0,9064,combined_abort_stress_0_9064_0,combined_abort_stress,oracle_constraints,0.60,1,0,0,0,1,0,1.85047,0.82982,0.44844,1.85047,0.00184,1.00000,1.00000,0.01939,0.06378,0.02087,0.11842,11,0,none,a0:none:75
1,9060,combined_abort_stress_1_9060_0,combined_abort_stress,costmap_from_collisions,0.60,1,1,0,1,2,0,2.57517,0.82741,0.32130,2.85517,-0.01568,0.31202,0.18485,0.13040,0.12181,0.16946,0.14404,11,0,none,a0:fixture_snag:30;a1:none:73
1,9060,combined_abort_stress_1_9060_0,combined_abort_stress,risk_filter_uncertainty,0.60,1,1,1,1,3,0,3.92771,0.82741,0.21066,4.48771,-0.01771,0.30549,0.18028,0.12860,0.11851,0.23543,0.16343,11,0,none,a0:fixture_snag:32;a1:fixture_snag:37;a2:none:77
1,9060,combined_abort_stress_1_9060_0,combined_abort_stress,constraint_classifier,0.60,0,1,1,1,5,0,3.57538,0.82741,0.08100,4.67538,-0.03077,0.33616,0.20204,0.17475,0.19628,0.39547,0.28116,11,0,fixture_snag,a0:fixture_snag:29;a1:fixture_snag:28;a2:fixture_snag:28;a3:fixture_snag:30;a4:fixture_snag:30
1,9060,combined_abort_stress_1_9060_0,combined_abort_stress,abort_constraint_discovery,0.60,1,0,0,0,1,0,1.78525,0.82741,0.46347,1.78525,0.01788,0.38878,0.24129,0.15864,0.16669,0.16759,0.21884,11,0,none,a0:none:77
1,9060,combined_abort_stress_1_9060_0,combined_abort_stress,oracle_constraints,0.60,0,1,1,1,5,0,1.80951,0.82741,0.16004,2.90951,0.12982,1.00000,1.00000,0.02002,0.06544,0.02005,0.12673,11,0,visible_collision,a0:visible_collision:14;a1:visible_collision:14;a2:visible_collision:14;a3:visible_collision:19;a4:visible_collision:18
1,9061,combined_abort_stress_1_9061_0,combined_abort_stress,costmap_from_collisions,0.60,0,1,1,1,5,0,4.80972,0.83163,0.06052,5.90972,-0.02594,0.37532,0.23101,0.12647,0.11546,0.17107,0.13227,11,0,fixture_snag,a0:fixture_snag:30;a1:fixture_snag:29;a2:visible_collision:74;a3:fixture_snag:28;a4:fixture_snag:30
1,9061,combined_abort_stress_1_9061_0,combined_abort_stress,risk_filter_uncertainty,0.60,1,1,1,1,5,0,6.55723,0.83163,0.12683,7.67723,-0.01593,0.36279,0.22159,0.12702,0.13235,0.10591,0.16066,11,0,none,a0:fixture_snag:30;a1:visible_collision:76;a2:fixture_snag:28;a3:fixture_snag:27;a4:none:103
1,9061,combined_abort_stress_1_9061_0,combined_abort_stress,constraint_classifier,0.60,0,1,1,1,5,0,4.77651,0.83163,0.06094,5.87651,-0.01211,0.33542,0.20151,0.18769,0.20994,0.30608,0.30471,11,0,human_stop,a0:fixture_snag:32;a1:visible_collision:79;a2:human_stop:27;a3:human_stop:27;a4:human_stop:26
1,9061,combined_abort_stress_1_9061_0,combined_abort_stress,abort_constraint_discovery,0.60,0,1,1,1,5,0,6.82269,0.83163,0.04266,7.92269,-0.01596,0.42013,0.26593,0.13698,0.12906,0.07318,0.17936,11,0,collision_margin,a0:fixture_snag:38;a1:visible_collision:41;a2:visible_collision:59;a3:visible_collision:61;a4:collision_margin:62
1,9061,combined_abort_stress_1_9061_0,combined_abort_stress,oracle_constraints,0.60,1,0,0,0,1,0,2.46784,0.83163,0.33699,2.46784,0.00589,1.00000,1.00000,0.02122,0.07073,0.03869,0.13712,11,0,none,a0:none:95
1,9062,combined_abort_stress_1_9062_0,combined_abort_stress,costmap_from_collisions,0.60,0,1,1,1,5,0,5.09720,0.84261,0.05786,6.19720,-0.02832,0.44776,0.28846,0.08898,0.08134,0.19773,0.13296,11,0,fixture_snag,a0:visible_collision:21;a1:visible_collision:49;a2:fixture_snag:45;a3:collision_margin:46;a4:fixture_snag:38
1,9062,combined_abort_stress_1_9062_0,combined_abort_stress,risk_filter_uncertainty,0.60,0,1,1,1,5,0,5.28237,0.84261,0.05583,6.38237,-0.00599,0.38873,0.24126,0.09754,0.11242,0.23188,0.14681,11,0,force_limit,a0:visible_collision:24;a1:fixture_snag:46;a2:visible_collision:44;a3:human_stop:37;a4:force_limit:41
1,9062,combined_abort_stress_1_9062_0,combined_abort_stress,constraint_classifier,0.60,0,1,1,1,5,0,5.52743,0.84261,0.05335,6.62743,-0.01401,0.35688,0.21719,0.14383,0.18089,0.32556,0.27355,11,0,force_limit,a0:visible_collision:51;a1:collision_margin:37;a2:force_limit:40;a3:fixture_snag:45;a4:force_limit:39
1,9062,combined_abort_stress_1_9062_0,combined_abort_stress,abort_constraint_discovery,0.60,1,1,0,1,2,0,2.96713,0.84261,0.28398,3.24713,0.03379,0.43318,0.27647,0.12584,0.11675,0.02684,0.20152,11,0,none,a0:visible_collision:21;a1:none:99
1,9062,combined_abort_stress_1_9062_0,combined_abort_stress,oracle_constraints,0.60,1,0,0,0,1,0,2.20078,0.84261,0.38287,2.20078,0.03878,1.00000,1.00000,0.01712,0.05579,0.00832,0.09903,11,0,none,a0:none:92
1,9063,combined_abort_stress_1_9063_0,combined_abort_stress,costmap_from_collisions,0.60,1,1,0,1,2,0,2.75240,0.84478,0.30693,3.03240,-0.01162,0.35294,0.21429,0.10302,0.09177,0.10253,0.11219,10,1,none,a0:collision_margin:37;a1:none:66
1,9063,combined_abort_stress_1_9063_0,combined_abort_stress,risk_filter_uncertainty,0.60,1,1,1,1,3,0,3.65185,0.84478,0.23133,4.21185,-0.01862,0.34316,0.20712,0.11420,0.11422,0.19363,0.14681,10,1,none,a0:collision_margin:38;a1:fixture_snag:42;a2:none:68
1,9063,combined_abort_stress_1_9063_0,combined_abort_stress,constraint_classifier,0.60,1,0,0,0,1,0,1.74339,0.84478,0.48456,1.74339,0.00280,0.38155,0.23575,0.13763,0.14770,0.10856,0.21884,10,1,none,a0:none:66
1,9063,combined_abort_stress_1_9063_0,combined_abort_stress,abort_constraint_discovery,0.60,1,1,1,1,5,0,6.22548,0.84478,0.13570,7.34548,-0.00523,0.41785,0.26410,0.14241,0.15922,0.17611,0.22992,10,1,none,a0:fixture_snag:39;a1:fixture_snag:39;a2:visible_collision:54;a3:fixture_snag:36;a4:none:72
1,9063,combined_abort_stress_1_9063_0,combined_abort_stress,oracle_constraints,0.60,1,0,0,0,1,0,1.82486,0.84478,0.46293,1.82486,0.00693,1.00000,1.00000,0.01828,0.06156,0.02076,0.11150,10,1,none,a0:none:66
1,9064,combined_abort_stress_1_9064_0,combined_abort_stress,costmap_from_collisions,0.60,0,1,1,1,5,0,4.05030,0.85272,0.07369,5.15030,-0.02946,0.31746,0.18868,0.13545,0.12056,0.16418,0.11565,11,0,collision_margin,a0:collision_margin:32;a1:collision_margin:32;a2:collision_margin:34;a3:collision_margin:34;a4:collision_margin:37
1,9064,combined_abort_stress_1_9064_0,combined_abort_stress,risk_filter_uncertainty,0.60,0,1,1,1,5,0,4.30348,0.85272,0.06935,5.40348,-0.02647,0.32850,0.19653,0.12735,0.10004,0.23094,0.14058,11,0,collision_margin,a0:collision_margin:32;a1:collision_margin:34;a2:collision_margin:31;a3:collision_margin:32;a4:collision_margin:34
1,9064,combined_abort_stress_1_9064_0,combined_abort_stress,constraint_classifier,0.60,0,1,1,1,5,0,4.10117,0.85272,0.07277,5.20117,-0.02973,0.34197,0.20625,0.17618,0.17798,0.32660,0.25485,11,0,collision_margin,a0:collision_margin:32;a1:collision_margin:30;a2:collision_margin:29;a3:collision_margin:31;a4:collision_margin:29
1,9064,combined_abort_stress_1_9064_0,combined_abort_stress,abort_constraint_discovery,0.60,1,1,0,1,2,0,4.40853,0.85272,0.19343,4.68853,-0.01135,0.34442,0.20804,0.18492,0.19722,0.09101,0.20776,11,0,none,a0:fixture_snag:53;a1:none:111
1,9064,combined_abort_stress_1_9064_0,combined_abort_stress,oracle_constraints,0.60,0,1,1,1,5,0,6.67845,0.85272,0.04469,7.77845,0.03394,1.00000,1.00000,0.02406,0.07855,0.00756,0.14612,11,0,visible_collision,a0:visible_collision:52;a1:visible_collision:51;a2:visible_collision:68;a3:visible_collision:50;a4:visible_collision:54
2,9060,combined_abort_stress_2_9060_0,combined_abort_stress,costmap_from_collisions,0.60,1,0,0,0,1,0,1.82855,0.83952,0.45912,1.82855,0.03440,0.42735,0.27174,0.10071,0.06639,0.07973,0.11219,11,0,none,a0:none:71
2,9060,combined_abort_stress_2_9060_0,combined_abort_stress,risk_filter_uncertainty,0.60,1,0,0,0,1,0,1.87503,0.83952,0.44774,1.87503,0.03313,0.45361,0.29333,0.10247,0.08434,0.16171,0.13781,11,0,none,a0:none:73
2,9060,combined_abort_stress_2_9060_0,combined_abort_stress,constraint_classifier,0.60,1,0,0,0,1,0,1.74860,0.83952,0.48011,1.74860,0.01210,0.47387,0.31050,0.13836,0.17285,0.29191,0.26662,11,0,none,a0:none:69
2,9060,combined_abort_stress_2_9060_0,combined_abort_stress,abort_constraint_discovery,0.60,0,1,1,1,5,0,2.88701,0.83952,0.10178,3.98701,-0.01591,0.47378,0.31043,0.14422,0.14846,0.31000,0.25208,11,0,visible_collision,a0:collision_margin:30;a1:visible_collision:23;a2:visible_collision:18;a3:collision_margin:31;a4:visible_collision:14
2,9060,combined_abort_stress_2_9060_0,combined_abort_stress,oracle_constraints,0.60,1,1,0,1,2,0,2.15358,0.83952,0.38983,2.43358,0.01392,1.00000,1.00000,0.01803,0.06231,0.00849,0.13089,11,0,none,a0:visible_collision:12;a1:none:69
2,9061,combined_abort_stress_2_9061_0,combined_abort_stress,costmap_from_collisions,0.60,1,1,1,1,3,0,3.57481,0.85383,0.23885,4.13481,-0.02172,0.38298,0.23684,0.11327,0.10097,0.06927,0.10180,11,0,none,a0:collision_margin:36;a1:collision_margin:28;a2:none:86
2,9061,combined_abort_stress_2_9061_0,combined_abort_stress,risk_filter_uncertainty,0.60,1,0,0,0,1,0,2.28733,0.85383,0.37329,2.28733,0.03332,0.35882,0.21864,0.10843,0.09572,0.14375,0.10942,11,0,none,a0:none:88
2,9061,combined_abort_stress_2_9061_0,combined_abort_stress,constraint_classifier,0.60,0,1,1,1,5,0,4.12771,0.85383,0.07240,5.22771,-0.02437,0.33975,0.20464,0.16873,0.17113,0.34412,0.26939,11,0,collision_margin,a0:visible_collision:23;a1:visible_collision:24;a2:visible_collision:51;a3:collision_margin:35;a4:collision_margin:29
2,9061,combined_abort_stress_2_9061_0,combined_abort_stress,abort_constraint_discovery,0.60,1,1,1,1,3,0,4.02937,0.85383,0.21190,4.58937,0.02792,0.40094,0.25074,0.13691,0.12142,0.06894,0.16759,11,0,none,a0:visible_collision:53;a1:visible_collision:22;a2:none:82
2,9061,combined_abort_stress_2_9061_0,combined_abort_stress,oracle_constraints,0.60,0,1,1,1,5,0,2.46126,0.85383,0.12142,3.56126,0.16224,1.00000,1.00000,0.02016,0.06526,0.00797,0.12604,11,0,visible_collision,a0:visible_collision:24;a1:visible_collision:23;a2:visible_collision:21;a3:visible_collision:22;a4:visible_collision:20
2,9062,combined_abort_stress_2_9062_0,combined_abort_stress,costmap_from_collisions,0.60,0,1,1,1,5,0,4.64766,0.83653,0.06300,5.74766,-0.02820,0.28871,0.16871,0.12799,0.10265,0.18476,0.11773,11,0,collision_margin,a0:unstable_slip:41;a1:collision_margin:33;a2:collision_margin:34;a3:collision_margin:33;a4:collision_margin:33
2,9062,combined_abort_stress_2_9062_0,combined_abort_stress,risk_filter_uncertainty,0.60,0,1,1,1,5,0,4.48717,0.83653,0.06525,5.58717,-0.01561,0.31527,0.18713,0.12184,0.08303,0.24386,0.13504,11,0,collision_margin,a0:unstable_slip:41;a1:collision_margin:32;a2:collision_margin:33;a3:collision_margin:34;a4:collision_margin:34
2,9062,combined_abort_stress_2_9062_0,combined_abort_stress,constraint_classifier,0.60,0,1,1,1,5,0,5.40406,0.83653,0.05418,6.50406,-0.01940,0.36850,0.22587,0.17607,0.17805,0.38264,0.29363,11,0,collision_margin,a0:fixture_snag:62;a1:collision_margin:31;a2:collision_margin:30;a3:unstable_slip:43;a4:collision_margin:31
2,9062,combined_abort_stress_2_9062_0,combined_abort_stress,abort_constraint_discovery,0.60,0,1,1,1,5,0,6.86803,0.83653,0.04263,7.96803,-0.02263,0.38333,0.23711,0.15632,0.13738,0.09293,0.18629,11,0,visible_collision,a0:visible_collision:45;a1:visible_collision:64;a2:visible_collision:48;a3:visible_collision:48;a4:visible_collision:48
2,9062,combined_abort_stress_2_9062_0,combined_abort_stress,oracle_constraints,0.60,1,1,1,1,4,0,6.48342,0.83653,0.12903,7.32342,0.02413,1.00000,1.00000,0.02268,0.07324,0.00763,0.14612,11,0,none,a0:visible_collision:62;a1:visible_collision:43;a2:visible_collision:61;a3:none:106
2,9063,combined_abort_stress_2_9063_0,combined_abort_stress,costmap_from_collisions,0.60,1,1,1,1,5,0,6.01767,0.84774,0.14087,7.13767,-0.01798,0.32719,0.19559,0.14453,0.13993,0.17932,0.16136,11,0,none,a0:visible_collision:38;a1:collision_margin:45;a2:visible_collision:36;a3:collision_margin:44;a4:none:80
2,9063,combined_abort_stress_2_9063_0,combined_abort_stress,risk_filter_uncertainty,0.60,1,0,0,0,1,0,1.78643,0.84774,0.47454,1.78643,0.03441,0.27848,0.16176,0.13760,0.14706,0.14440,0.13435,11,0,none,a0:none:82
2,9063,combined_abort_stress_2_9063_0,combined_abort_stress,constraint_classifier,0.60,1,1,0,1,2,0,2.49629,0.84774,0.33960,2.77629,0.02852,0.28397,0.16548,0.19854,0.20864,0.27406,0.31440,11,0,none,a0:visible_collision:28;a1:none:79
2,9063,combined_abort_stress_2_9063_0,combined_abort_stress,abort_constraint_discovery,0.60,1,0,0,0,1,0,1.87207,0.84774,0.45283,1.87207,0.02022,0.40602,0.25472,0.12470,0.09669,0.00492,0.13712,11,0,none,a0:none:79
2,9063,combined_abort_stress_2_9063_0,combined_abort_stress,oracle_constraints,0.60,1,0,0,0,1,0,1.87768,0.84774,0.45148,1.87768,0.02734,1.00000,1.00000,0.02151,0.07063,0.01597,0.13920,11,0,none,a0:none:79
2,9064,combined_abort_stress_2_9064_0,combined_abort_stress,costmap_from_collisions,0.60,0,1,1,1,5,0,6.16024,0.89499,0.05085,7.26024,-0.02100,0.41089,0.25857,0.10750,0.07891,0.12382,0.15512,11,0,collision_margin,a0:visible_collision:50;a1:collision_margin:58;a2:collision_margin:41;a3:collision_margin:38;a4:collision_margin:55
2,9064,combined_abort_stress_2_9064_0,combined_abort_stress,risk_filter_uncertainty,0.60,0,1,1,1,5,0,6.26213,0.89499,0.05002,7.36213,-0.00984,0.38498,0.23837,0.11704,0.10925,0.18914,0.17036,11,0,collision_margin,a0:collision_margin:57;a1:visible_collision:50;a2:collision_margin:42;a3:unstable_slip:54;a4:collision_margin:52
2,9064,combined_abort_stress_2_9064_0,combined_abort_stress,constraint_classifier,0.60,0,1,1,1,5,0,6.86973,0.89499,0.04560,7.96973,-0.00587,0.42333,0.26850,0.14695,0.18681,0.27738,0.29086,11,0,collision_margin,a0:force_limit:61;a1:collision_margin:50;a2:visible_collision:41;a3:collision_margin:52;a4:collision_margin:52
2,9064,combined_abort_stress_2_9064_0,combined_abort_stress,abort_constraint_discovery,0.60,0,1,1,1,5,0,3.90633,0.89499,0.08019,5.00633,-0.00720,0.47222,0.30909,0.13592,0.17241,0.15112,0.27424,11,0,collision_margin,a0:visible_collision:31;a1:visible_collision:29;a2:visible_collision:30;a3:visible_collision:29;a4:collision_margin:34
2,9064,combined_abort_stress_2_9064_0,combined_abort_stress,oracle_constraints,0.60,1,0,0,0,1,0,2.34543,0.89499,0.38159,2.34543,0.03115,1.00000,1.00000,0.01763,0.05966,0.00861,0.12465,11,0,none,a0:none:94
3,9060,combined_abort_stress_3_9060_0,combined_abort_stress,costmap_from_collisions,0.60,0,1,1,1,5,0,5.44018,0.85869,0.05524,6.54018,-0.02982,0.42466,0.26957,0.11268,0.08471,0.12599,0.17105,11,0,collision_margin,a0:human_stop:29;a1:collision_margin:31;a2:unstable_slip:50;a3:visible_collision:50;a4:collision_margin:44
3,9060,combined_abort_stress_3_9060_0,combined_abort_stress,risk_filter_uncertainty,0.60,0,1,1,1,5,0,5.40898,0.85869,0.05556,6.50898,-0.01225,0.41037,0.25815,0.12299,0.11481,0.17680,0.18837,11,0,collision_margin,a0:human_stop:27;a1:collision_margin:31;a2:unstable_slip:47;a3:visible_collision:54;a4:collision_margin:52
3,9060,combined_abort_stress_3_9060_0,combined_abort_stress,constraint_classifier,0.60,1,1,0,0,2,0,3.46208,0.85869,0.24803,3.74208,-0.02895,0.37117,0.22788,0.15788,0.16447,0.14317,0.25208,11,0,none,a0:human_stop:29;a1:none:110
3,9060,combined_abort_stress_3_9060_0,combined_abort_stress,abort_constraint_discovery,0.60,1,0,0,0,1,0,2.86061,0.85869,0.30018,2.86061,0.03717,0.41758,0.26389,0.13934,0.12758,0.03102,0.18283,11,0,none,a0:none:107
3,9060,combined_abort_stress_3_9060_0,combined_abort_stress,oracle_constraints,0.60,1,0,0,0,1,0,2.14464,0.85869,0.40039,2.14464,0.01912,1.00000,1.00000,0.02206,0.07277,0.03978,0.13227,11,0,none,a0:none:85
3,9061,combined_abort_stress_3_9061_0,combined_abort_stress,costmap_from_collisions,0.60,0,1,1,1,5,0,4.42697,0.84032,0.06644,5.52697,-0.02626,0.49855,0.33205,0.08542,0.06095,0.19112,0.12258,11,0,collision_margin,a0:force_limit:28;a1:visible_collision:56;a2:collision_margin:31;a3:collision_margin:30;a4:collision_margin:29
3,9061,combined_abort_stress_3_9061_0,combined_abort_stress,risk_filter_uncertainty,0.60,0,1,1,1,5,0,3.59348,0.84032,0.08185,4.69348,-0.01896,0.51558,0.34733,0.08263,0.08515,0.25522,0.12812,11,0,collision_margin,a0:force_limit:27;a1:force_limit:30;a2:collision_margin:31;a3:collision_margin:30;a4:collision_margin:30
3,9061,combined_abort_stress_3_9061_0,combined_abort_stress,constraint_classifier,0.60,0,1,1,1,5,0,4.73175,0.84032,0.06216,5.83175,-0.02602,0.42783,0.27212,0.14520,0.18735,0.33947,0.28186,11,0,collision_margin,a0:collision_margin:32;a1:force_limit:26;a2:collision_margin:33;a3:visible_collision:66;a4:collision_margin:33
3,9061,combined_abort_stress_3_9061_0,combined_abort_stress,abort_constraint_discovery,0.60,1,0,0,0,1,0,2.92935,0.84032,0.28686,2.92935,0.00126,0.47187,0.30879,0.14433,0.18440,0.05877,0.26524,11,0,none,a0:none:120
3,9061,combined_abort_stress_3_9061_0,combined_abort_stress,oracle_constraints,0.60,0,1,1,1,5,0,7.50172,0.84032,0.03921,8.60172,0.00946,1.00000,1.00000,0.01643,0.05754,0.01868,0.11634,11,0,visible_collision,a0:visible_collision:60;a1:visible_collision:59;a2:visible_collision:57;a3:visible_collision:58;a4:visible_collision:58
3,9062,combined_abort_stress_3_9062_0,combined_abort_stress,costmap_from_collisions,0.60,1,0,0,0,1,0,1.83806,0.85430,0.46478,1.83806,0.01760,0.49383,0.32787,0.10230,0.06913,0.02579,0.13920,11,0,none,a0:none:77
3,9062,combined_abort_stress_3_9062_0,combined_abort_stress,risk_filter_uncertainty,0.60,1,0,0,0,1,0,1.93607,0.85430,0.44125,1.93607,0.01008,0.48687,0.32177,0.10928,0.08001,0.11007,0.14889,11,0,none,a0:none:77
3,9062,combined_abort_stress_3_9062_0,combined_abort_stress,constraint_classifier,0.60,1,0,0,0,1,0,1.91148,0.85430,0.44693,1.91148,0.00124,0.43178,0.27533,0.15135,0.16187,0.20494,0.25970,11,0,none,a0:none:79
3,9062,combined_abort_stress_3_9062_0,combined_abort_stress,abort_constraint_discovery,0.60,0,1,1,1,5,0,12.89905,0.85430,0.02318,13.99905,-0.01218,0.52375,0.35478,0.17289,0.25473,0.14492,0.39820,11,0,unstable_slip,a0:unstable_slip:120;a1:fixture_snag:54;a2:unstable_slip:120;a3:fixture_snag:51;a4:unstable_slip:120
3,9062,combined_abort_stress_3_9062_0,combined_abort_stress,oracle_constraints,0.60,1,0,0,0,1,0,1.77268,0.85430,0.48193,1.77268,0.00563,1.00000,1.00000,0.02309,0.07682,0.02024,0.14127,11,0,none,a0:none:77
3,9063,combined_abort_stress_3_9063_0,combined_abort_stress,costmap_from_collisions,0.60,1,0,0,0,1,0,1.74682,0.83894,0.48026,1.74682,0.02872,0.44199,0.28369,0.09800,0.07604,0.17616,0.12465,11,0,none,a0:none:69
3,9063,combined_abort_stress_3_9063_0,combined_abort_stress,risk_filter_uncertainty,0.60,1,0,0,0,1,0,1.77194,0.83894,0.47346,1.77194,0.01968,0.42440,0.26936,0.10351,0.08963,0.24100,0.13504,11,0,none,a0:none:69
3,9063,combined_abort_stress_3_9063_0,combined_abort_stress,constraint_classifier,0.60,0,0,0,0,1,0,2.86344,0.83894,0.10254,2.86344,0.01829,0.46094,0.29949,0.12752,0.15559,0.09578,0.22853,11,0,timeout,a0:timeout:111
3,9063,combined_abort_stress_3_9063_0,combined_abort_stress,abort_constraint_discovery,0.60,1,0,0,0,1,0,2.94925,0.83894,0.28446,2.94925,0.02295,0.56884,0.39747,0.12078,0.18881,0.11725,0.25623,11,0,none,a0:none:111
3,9063,combined_abort_stress_3_9063_0,combined_abort_stress,oracle_constraints,0.60,1,0,0,0,1,0,1.64509,0.83894,0.50996,1.64509,0.02914,1.00000,1.00000,0.01782,0.06095,0.01761,0.12604,11,0,none,a0:none:69
3,9064,combined_abort_stress_3_9064_0,combined_abort_stress,costmap_from_collisions,0.60,1,1,0,0,2,0,3.26842,0.85143,0.26050,3.54842,-0.00198,0.46552,0.30337,0.09115,0.04196,0.10182,0.10249,11,0,none,a0:fixture_snag:38;a1:none:76
3,9064,combined_abort_stress_3_9064_0,combined_abort_stress,risk_filter_uncertainty,0.60,1,1,0,1,2,0,2.92464,0.85143,0.29112,3.20464,-0.00006,0.50674,0.33935,0.09202,0.06316,0.17417,0.11842,11,0,none,a0:force_limit:33;a1:none:78
3,9064,combined_abort_stress_3_9064_0,combined_abort_stress,constraint_classifier,0.60,0,1,1,1,5,0,5.32240,0.85143,0.05599,6.42240,-0.02119,0.55521,0.38429,0.13021,0.18311,0.31703,0.31302,11,0,collision_margin,a0:force_limit:33;a1:force_limit:36;a2:unstable_slip:70;a3:collision_margin:32;a4:collision_margin:34
3,9064,combined_abort_stress_3_9064_0,combined_abort_stress,abort_constraint_discovery,0.60,0,1,1,1,5,0,6.58588,0.85143,0.04525,7.68588,-0.01522,0.52367,0.35471,0.16098,0.22017,0.22483,0.32964,11,0,visible_collision,a0:visible_collision:58;a1:unstable_slip:73;a2:fixture_snag:44;a3:fixture_snag:49;a4:visible_collision:52
3,9064,combined_abort_stress_3_9064_0,combined_abort_stress,oracle_constraints,0.60,1,0,0,0,1,0,1.85937,0.85143,0.45791,1.85937,0.01525,1.00000,1.00000,0.02129,0.07035,0.01855,0.13850,11,0,none,a0:none:76
4,9060,combined_abort_stress_4_9060_0,combined_abort_stress,costmap_from_collisions,0.60,1,1,1,1,5,0,6.42845,0.85809,0.13348,7.54845,-0.00422,0.44138,0.28319,0.12138,0.10341,0.10458,0.15720,11,0,none,a0:visible_collision:61;a1:fixture_snag:33;a2:force_limit:29;a3:force_limit:41;a4:none:87
4,9060,combined_abort_stress_4_9060_0,combined_abort_stress,risk_filter_uncertainty,0.60,0,1,1,1,5,0,4.65153,0.85809,0.06457,5.75153,-0.01577,0.43709,0.27966,0.12043,0.09761,0.24304,0.16967,11,0,force_limit,a0:force_limit:29;a1:force_limit:40;a2:visible_collision:63;a3:fixture_snag:31;a4:force_limit:30
4,9060,combined_abort_stress_4_9060_0,combined_abort_stress,constraint_classifier,0.60,0,1,1,1,5,0,3.94203,0.85809,0.07619,5.04203,-0.02751,0.41017,0.25800,0.16126,0.17221,0.33503,0.26454,11,0,fixture_snag,a0:fixture_snag:39;a1:fixture_snag:29;a2:fixture_snag:29;a3:force_limit:44;a4:fixture_snag:29
4,9060,combined_abort_stress_4_9060_0,combined_abort_stress,abort_constraint_discovery,0.60,0,1,1,1,5,0,10.34106,0.85809,0.02904,11.44106,-0.02664,0.49714,0.33080,0.16196,0.21002,0.13844,0.34072,11,0,collision_margin,a0:visible_collision:100;a1:unstable_slip:110;a2:fixture_snag:40;a3:visible_collision:80;a4:collision_margin:89
4,9060,combined_abort_stress_4_9060_0,combined_abort_stress,oracle_constraints,0.60,0,1,1,1,5,0,6.86936,0.85809,0.04372,7.96936,0.00182,1.00000,1.00000,0.02227,0.07355,0.02182,0.14404,11,0,visible_collision,a0:visible_collision:56;a1:visible_collision:56;a2:visible_collision:60;a3:visible_collision:61;a4:visible_collision:58
4,9061,combined_abort_stress_4_9061_0,combined_abort_stress,costmap_from_collisions,0.60,0,1,1,1,5,0,3.39920,0.83806,0.08629,4.49920,-0.01780,0.29310,0.17172,0.14287,0.15799,0.16911,0.10319,11,0,collision_margin,a0:collision_margin:30;a1:collision_margin:27;a2:collision_margin:25;a3:collision_margin:25;a4:collision_margin:24
4,9061,combined_abort_stress_4_9061_0,combined_abort_stress,risk_filter_uncertainty,0.60,0,1,1,1,5,0,3.45536,0.83806,0.08489,4.55536,-0.02672,0.27676,0.16061,0.14083,0.11571,0.24488,0.12742,11,0,collision_margin,a0:collision_margin:30;a1:collision_margin:27;a2:collision_margin:24;a3:collision_margin:27;a4:collision_margin:25
4,9061,combined_abort_stress_4_9061_0,combined_abort_stress,constraint_classifier,0.60,0,1,1,1,5,0,2.82781,0.83806,0.10373,3.92781,-0.02151,0.24092,0.13696,0.19473,0.21823,0.31600,0.22438,11,0,collision_margin,a0:collision_margin:31;a1:collision_margin:25;a2:collision_margin:23;a3:collision_margin:22;a4:collision_margin:23
4,9061,combined_abort_stress_4_9061_0,combined_abort_stress,abort_constraint_discovery,0.60,1,1,0,1,2,0,3.69280,0.83806,0.22694,3.97280,0.01411,0.28638,0.16712,0.17400,0.17427,0.02440,0.15720,11,0,none,a0:visible_collision:49;a1:none:98
4,9061,combined_abort_stress_4_9061_0,combined_abort_stress,oracle_constraints,0.60,1,0,0,0,1,0,2.41008,0.83806,0.34773,2.41008,0.03254,1.00000,1.00000,0.02459,0.08174,0.00930,0.13781,11,0,none,a0:none:97
4,9062,combined_abort_stress_4_9062_0,combined_abort_stress,costmap_from_collisions,0.60,0,1,1,1,5,0,4.46172,0.85751,0.06727,5.56172,-0.01853,0.36888,0.22615,0.10889,0.08915,0.15412,0.11981,11,0,fixture_snag,a0:fixture_snag:32;a1:fixture_snag:32;a2:fixture_snag:36;a3:fixture_snag:49;a4:fixture_snag:33
4,9062,combined_abort_stress_4_9062_0,combined_abort_stress,risk_filter_uncertainty,0.60,0,1,1,1,5,0,4.82738,0.85751,0.06217,5.92738,-0.02335,0.37037,0.22727,0.11067,0.09530,0.23864,0.14127,11,0,fixture_snag,a0:fixture_snag:33;a1:fixture_snag:49;a2:fixture_snag:36;a3:fixture_snag:35;a4:fixture_snag:32
4,9062,combined_abort_stress_4_9062_0,combined_abort_stress,constraint_classifier,0.60,1,0,0,0,1,0,2.55465,0.85751,0.33567,2.55465,0.01577,0.37526,0.23096,0.13545,0.15403,0.07145,0.21537,11,0,none,a0:none:101
4,9062,combined_abort_stress_4_9062_0,combined_abort_stress,abort_constraint_discovery,0.60,1,0,0,0,1,0,2.58477,0.85751,0.33176,2.58477,0.02701,0.49887,0.33233,0.11019,0.09820,0.02547,0.18490,11,0,none,a0:none:105
4,9062,combined_abort_stress_4_9062_0,combined_abort_stress,oracle_constraints,0.60,1,0,0,0,1,0,2.07421,0.85751,0.41342,2.07421,0.00376,1.00000,1.00000,0.01985,0.06684,0.05246,0.12050,11,0,none,a0:none:79
4,9063,combined_abort_stress_4_9063_0,combined_abort_stress,costmap_from_collisions,0.60,1,1,1,1,3,0,4.73492,0.85080,0.17969,5.29492,-0.01315,0.35644,0.21687,0.12324,0.08026,0.03359,0.13019,11,0,none,a0:visible_collision:63;a1:human_stop:36;a2:none:90
4,9063,combined_abort_stress_4_9063_0,combined_abort_stress,risk_filter_uncertainty,0.60,1,0,0,0,1,0,2.14233,0.85080,0.39714,2.14233,0.01275,0.36548,0.22360,0.11478,0.06745,0.12177,0.12327,11,0,none,a0:none:84
4,9063,combined_abort_stress_4_9063_0,combined_abort_stress,constraint_classifier,0.60,1,0,0,0,1,0,2.16402,0.85080,0.39316,2.16402,0.00572,0.41459,0.26151,0.15226,0.15175,0.19497,0.26801,11,0,none,a0:none:85
4,9063,combined_abort_stress_4_9063_0,combined_abort_stress,abort_constraint_discovery,0.60,1,1,1,1,3,0,6.23930,0.85080,0.13636,6.79930,-0.00513,0.45361,0.29333,0.16070,0.16768,0.07107,0.25346,11,0,none,a0:force_limit:47;a1:fixture_snag:39;a2:none:120
4,9063,combined_abort_stress_4_9063_0,combined_abort_stress,oracle_constraints,0.60,1,0,0,0,1,0,2.13099,0.85080,0.39925,2.13099,0.01350,1.00000,1.00000,0.02314,0.07460,0.02047,0.14958,11,0,none,a0:none:84
4,9064,combined_abort_stress_4_9064_0,combined_abort_stress,costmap_from_collisions,0.60,1,0,0,0,1,0,2.19724,0.86037,0.39157,2.19724,0.02918,0.44218,0.28384,0.08038,0.05543,0.04952,0.10388,10,1,none,a0:none:84
4,9064,combined_abort_stress_4_9064_0,combined_abort_stress,risk_filter_uncertainty,0.60,1,0,0,0,1,0,2.04853,0.86037,0.41999,2.04853,0.02315,0.43533,0.27823,0.08934,0.10558,0.14098,0.11981,10,1,none,a0:none:85
4,9064,combined_abort_stress_4_9064_0,combined_abort_stress,constraint_classifier,0.60,1,1,1,1,4,0,6.83199,0.86037,0.12593,7.67199,-0.01334,0.39048,0.24260,0.16540,0.25128,0.16754,0.33657,10,1,none,a0:collision_margin:62;a1:visible_collision:69;a2:human_stop:52;a3:none:99
4,9064,combined_abort_stress_4_9064_0,combined_abort_stress,abort_constraint_discovery,0.60,1,1,1,0,3,0,5.50699,0.86037,0.15623,6.06699,-0.00586,0.52505,0.35598,0.11823,0.16337,0.22082,0.24584,10,1,none,a0:collision_margin:63;a1:collision_margin:64;a2:none:86
4,9064,combined_abort_stress_4_9064_0,combined_abort_stress,oracle_constraints,0.60,1,0,0,0,1,0,2.09508,0.86037,0.41066,2.09508,0.00608,1.00000,1.00000,0.01585,0.05428,0.02110,0.09972,10,1,none,a0:none:84
5,9060,combined_abort_stress_5_9060_0,combined_abort_stress,costmap_from_collisions,0.60,0,1,1,1,5,0,4.33118,0.83971,0.06786,5.43118,-0.02018,0.49132,0.32566,0.10001,0.06092,0.14484,0.13712,11,0,fixture_snag,a0:fixture_snag:32;a1:force_limit:32;a2:fixture_snag:33;a3:fixture_snag:34;a4:fixture_snag:37
5,9060,combined_abort_stress_5_9060_0,combined_abort_stress,risk_filter_uncertainty,0.60,0,1,1,1,5,0,3.99560,0.83971,0.07356,5.09560,-0.02775,0.50353,0.33648,0.10249,0.07788,0.24788,0.15235,11,0,fixture_snag,a0:fixture_snag:32;a1:force_limit:34;a2:fixture_snag:33;a3:fixture_snag:32;a4:fixture_snag:33
5,9060,combined_abort_stress_5_9060_0,combined_abort_stress,constraint_classifier,0.60,0,1,1,1,5,0,4.36470,0.83971,0.06734,5.46470,-0.03321,0.48070,0.31640,0.13824,0.15525,0.30118,0.25277,11,0,fixture_snag,a0:fixture_snag:32;a1:human_stop:37;a2:fixture_snag:38;a3:fixture_snag:36;a4:fixture_snag:34
5,9060,combined_abort_stress_5_9060_0,combined_abort_stress,abort_constraint_discovery,0.60,1,1,1,1,3,0,5.90791,0.83971,0.14213,6.46791,-0.01706,0.48136,0.31696,0.15258,0.16067,0.22158,0.26662,11,0,none,a0:fixture_snag:57;a1:fixture_snag:52;a2:none:120
5,9060,combined_abort_stress_5_9060_0,combined_abort_stress,oracle_constraints,0.60,1,1,1,1,4,0,7.49430,0.83971,0.11205,8.33430,0.00683,1.00000,1.00000,0.02187,0.07271,0.01297,0.14197,11,0,none,a0:visible_collision:65;a1:visible_collision:47;a2:visible_collision:67;a3:none:109
5,9061,combined_abort_stress_5_9061_0,combined_abort_stress,costmap_from_collisions,0.60,1,0,0,0,1,0,1.63178,0.83460,0.51146,1.63178,0.02476,0.38830,0.24092,0.12231,0.09251,0.02167,0.10665,11,0,none,a0:none:75
5,9061,combined_abort_stress_5_9061_0,combined_abort_stress,risk_filter_uncertainty,0.60,1,0,0,0,1,0,1.87929,0.83460,0.44410,1.87929,0.03467,0.40500,0.25392,0.12157,0.07024,0.14573,0.12327,11,0,none,a0:none:75
5,9061,combined_abort_stress_5_9061_0,combined_abort_stress,constraint_classifier,0.60,0,1,1,1,5,0,3.36919,0.83460,0.08670,4.46919,-0.01241,0.36949,0.22661,0.17335,0.15542,0.37518,0.25485,11,0,visible_collision,a0:visible_collision:42;a1:collision_margin:33;a2:collision_margin:24;a3:collision_margin:23;a4:visible_collision:16
5,9061,combined_abort_stress_5_9061_0,combined_abort_stress,abort_constraint_discovery,0.60,1,0,0,0,1,0,1.80465,0.83460,0.46247,1.80465,0.03061,0.42718,0.27160,0.15105,0.12140,0.12759,0.20291,11,0,none,a0:none:75
5,9061,combined_abort_stress_5_9061_0,combined_abort_stress,oracle_constraints,0.60,1,0,0,0,1,0,1.87765,0.83460,0.44449,1.87765,0.02300,1.00000,1.00000,0.02445,0.07965,0.00985,0.15374,11,0,none,a0:none:75
5,9062,combined_abort_stress_5_9062_0,combined_abort_stress,costmap_from_collisions,0.60,1,1,0,0,2,0,2.60961,0.85322,0.32695,2.88961,-0.00022,0.38310,0.23693,0.10680,0.08350,0.04458,0.11981,11,0,none,a0:collision_margin:32;a1:none:84
5,9062,combined_abort_stress_5_9062_0,combined_abort_stress,risk_filter_uncertainty,0.60,1,1,0,1,2,0,3.00374,0.85322,0.28405,3.28374,0.02733,0.33161,0.19876,0.11686,0.09474,0.17173,0.14127,11,0,none,a0:visible_collision:30;a1:none:84
5,9062,combined_abort_stress_5_9062_0,combined_abort_stress,constraint_classifier,0.60,1,0,0,0,1,0,2.32486,0.85322,0.36700,2.32486,0.02847,0.36555,0.22365,0.13700,0.13351,0.10811,0.20360,11,0,none,a0:none:84
5,9062,combined_abort_stress_5_9062_0,combined_abort_stress,abort_constraint_discovery,0.60,1,0,0,0,1,0,2.02216,0.85322,0.42193,2.02216,0.03976,0.48532,0.32041,0.12515,0.15759,0.12407,0.22784,11,0,none,a0:none:86
5,9062,combined_abort_stress_5_9062_0,combined_abort_stress,oracle_constraints,0.60,1,1,0,1,2,0,3.22867,0.85322,0.26426,3.50867,0.02085,1.00000,1.00000,0.01909,0.06410,0.00804,0.12604,11,0,none,a0:visible_collision:45;a1:none:84
5,9063,combined_abort_stress_5_9063_0,combined_abort_stress,costmap_from_collisions,0.60,0,1,1,1,5,0,5.46066,0.83650,0.05362,6.56066,-0.01345,0.47174,0.30868,0.09405,0.06121,0.20327,0.16066,11,0,collision_margin,a0:force_limit:36;a1:visible_collision:49;a2:collision_margin:43;a3:collision_margin:41;a4:collision_margin:40
5,9063,combined_abort_stress_5_9063_0,combined_abort_stress,risk_filter_uncertainty,0.60,0,1,1,1,5,0,5.59865,0.83650,0.05229,6.69865,-0.01097,0.49438,0.32836,0.09884,0.11385,0.21808,0.18698,11,0,human_stop,a0:force_limit:32;a1:unstable_slip:43;a2:human_stop:47;a3:visible_collision:56;a4:human_stop:41
5,9063,combined_abort_stress_5_9063_0,combined_abort_stress,constraint_classifier,0.60,0,1,1,1,5,0,5.65931,0.83650,0.05173,6.75931,-0.00914,0.42963,0.27358,0.16703,0.22811,0.33081,0.34626,11,0,force_limit,a0:force_limit:31;a1:collision_margin:65;a2:force_limit:40;a3:visible_collision:60;a4:force_limit:28
5,9063,combined_abort_stress_5_9063_0,combined_abort_stress,abort_constraint_discovery,0.60,1,0,0,0,1,0,3.50144,0.83650,0.23890,3.50144,0.00865,0.50426,0.33713,0.13922,0.19278,0.08214,0.28532,11,0,none,a0:none:120
5,9063,combined_abort_stress_5_9063_0,combined_abort_stress,oracle_constraints,0.60,0,1,1,1,5,0,5.68859,0.83650,0.05147,6.78859,0.07725,1.00000,1.00000,0.01810,0.06183,0.01227,0.12119,11,0,visible_collision,a0:visible_collision:43;a1:visible_collision:39;a2:visible_collision:40;a3:visible_collision:41;a4:visible_collision:39
5,9064,combined_abort_stress_5_9064_0,combined_abort_stress,costmap_from_collisions,0.60,1,0,0,0,1,0,2.00211,0.84815,0.42363,2.00211,0.01864,0.41159,0.25912,0.10366,0.07590,0.02513,0.10596,11,0,none,a0:none:83
5,9064,combined_abort_stress_5_9064_0,combined_abort_stress,risk_filter_uncertainty,0.60,1,0,0,0,1,0,1.97764,0.84815,0.42887,1.97764,0.01780,0.42254,0.26786,0.10281,0.06934,0.14104,0.11288,11,0,none,a0:none:83
5,9064,combined_abort_stress_5_9064_0,combined_abort_stress,constraint_classifier,0.60,0,1,1,1,5,0,5.12394,0.84815,0.05793,6.22394,-0.02882,0.36749,0.22511,0.15939,0.15121,0.32409,0.25900,11,0,collision_margin,a0:visible_collision:41;a1:collision_margin:38;a2:force_limit:33;a3:collision_margin:38;a4:collision_margin:38
5,9064,combined_abort_stress_5_9064_0,combined_abort_stress,abort_constraint_discovery,0.60,1,0,0,0,1,0,3.72317,0.84815,0.22780,3.72317,0.00619,0.42991,0.27381,0.15480,0.16063,0.04247,0.23753,11,0,none,a0:none:120
5,9064,combined_abort_stress_5_9064_0,combined_abort_stress,oracle_constraints,0.60,1,0,0,0,1,0,2.00260,0.84815,0.42352,2.00260,0.02358,1.00000,1.00000,0.02035,0.06805,0.04430,0.13296,11,0,none,a0:none:84
6,9060,combined_abort_stress_6_9060_0,combined_abort_stress,costmap_from_collisions,0.60,0,1,1,1,5,0,3.18898,0.83443,0.09158,4.28898,-0.02268,0.39086,0.24290,0.11668,0.08328,0.20147,0.12950,11,0,collision_margin,a0:collision_margin:25;a1:collision_margin:25;a2:collision_margin:26;a3:collision_margin:24;a4:collision_margin:26
6,9060,combined_abort_stress_6_9060_0,combined_abort_stress,risk_filter_uncertainty,0.60,0,1,1,1,5,0,3.13810,0.83443,0.09307,4.23810,-0.02298,0.37709,0.23235,0.11835,0.09364,0.24668,0.14681,11,0,collision_margin,a0:collision_margin:24;a1:collision_margin:24;a2:collision_margin:25;a3:collision_margin:25;a4:collision_margin:26
6,9060,combined_abort_stress_6_9060_0,combined_abort_stress,constraint_classifier,0.60,0,1,1,1,5,0,2.75935,0.83443,0.10584,3.85935,-0.02975,0.39664,0.24738,0.16211,0.16842,0.33195,0.26870,11,0,collision_margin,a0:collision_margin:22;a1:collision_margin:20;a2:collision_margin:25;a3:collision_margin:23;a4:collision_margin:21
6,9060,combined_abort_stress_6_9060_0,combined_abort_stress,abort_constraint_discovery,0.60,1,0,0,0,1,0,2.85627,0.83443,0.29214,2.85627,0.00097,0.41366,0.26077,0.15460,0.14976,0.05071,0.22161,11,0,none,a0:none:120
6,9060,combined_abort_stress_6_9060_0,combined_abort_stress,oracle_constraints,0.60,1,0,0,0,1,0,2.10076,0.83443,0.39721,2.10076,0.01621,1.00000,1.00000,0.02315,0.07769,0.02653,0.14335,11,0,none,a0:none:83
6,9061,combined_abort_stress_6_9061_0,combined_abort_stress,costmap_from_collisions,0.60,0,1,1,1,5,0,5.63444,0.85196,0.05292,6.73444,-0.02873,0.43956,0.28169,0.09188,0.07360,0.11393,0.14335,11,0,fixture_snag,a0:fixture_snag:39;a1:fixture_snag:49;a2:fixture_snag:40;a3:fixture_snag:40;a4:fixture_snag:46
6,9061,combined_abort_stress_6_9061_0,combined_abort_stress,risk_filter_uncertainty,0.60,0,1,1,1,5,0,5.29050,0.85196,0.05636,6.39050,-0.03086,0.44275,0.28431,0.10037,0.12155,0.17331,0.16343,11,0,collision_margin,a0:fixture_snag:40;a1:fixture_snag:49;a2:fixture_snag:40;a3:fixture_snag:39;a4:collision_margin:48
6,9061,combined_abort_stress_6_9061_0,combined_abort_stress,constraint_classifier,0.60,0,1,1,0,5,0,5.05464,0.85196,0.05899,6.15464,-0.00848,0.36644,0.22432,0.16104,0.20975,0.30032,0.29571,11,0,human_stop,a0:fixture_snag:52;a1:fixture_snag:40;a2:human_stop:30;a3:human_stop:30;a4:human_stop:29
6,9061,combined_abort_stress_6_9061_0,combined_abort_stress,abort_constraint_discovery,0.60,1,1,0,0,2,0,5.18443,0.85196,0.16433,5.46443,-0.00230,0.41190,0.25937,0.11872,0.10572,0.01100,0.19391,11,0,none,a0:fixture_snag:55;a1:none:120
6,9061,combined_abort_stress_6_9061_0,combined_abort_stress,oracle_constraints,0.60,1,0,0,0,1,0,2.48731,0.85196,0.34252,2.48731,0.01045,1.00000,1.00000,0.01615,0.05447,0.02313,0.10873,11,0,none,a0:none:95
6,9062,combined_abort_stress_6_9062_0,combined_abort_stress,costmap_from_collisions,0.60,1,0,0,0,1,0,2.11524,0.89623,0.42370,2.11524,0.02867,0.36176,0.22082,0.12497,0.10763,0.10062,0.12673,11,0,none,a0:none:78
6,9062,combined_abort_stress_6_9062_0,combined_abort_stress,risk_filter_uncertainty,0.60,1,0,0,0,1,0,2.00645,0.89623,0.44667,2.00645,0.03004,0.34719,0.21006,0.12181,0.09540,0.16724,0.14197,11,0,none,a0:none:78
6,9062,combined_abort_stress_6_9062_0,combined_abort_stress,constraint_classifier,0.60,1,0,0,0,1,0,1.97860,0.89623,0.45296,1.97860,0.03372,0.38929,0.24169,0.15624,0.15739,0.23655,0.24654,11,0,none,a0:none:80
6,9062,combined_abort_stress_6_9062_0,combined_abort_stress,abort_constraint_discovery,0.60,1,0,0,0,1,0,2.91088,0.89623,0.30789,2.91088,0.01465,0.42857,0.27273,0.16067,0.17182,0.12133,0.22715,11,0,none,a0:none:112
6,9062,combined_abort_stress_6_9062_0,combined_abort_stress,oracle_constraints,0.60,1,0,0,0,1,0,1.93008,0.89623,0.46435,1.93008,0.03860,1.00000,1.00000,0.02245,0.07456,0.01132,0.14127,11,0,none,a0:none:76
6,9063,combined_abort_stress_6_9063_0,combined_abort_stress,costmap_from_collisions,0.60,0,1,1,1,5,0,3.88807,0.83443,0.07511,4.98807,-0.02675,0.40625,0.25490,0.11396,0.08825,0.17734,0.12673,11,0,collision_margin,a0:human_stop:40;a1:collision_margin:28;a2:collision_margin:31;a3:collision_margin:27;a4:collision_margin:29
6,9063,combined_abort_stress_6_9063_0,combined_abort_stress,risk_filter_uncertainty,0.60,0,1,1,1,5,0,3.50729,0.83443,0.08327,4.60729,-0.00816,0.41050,0.25826,0.11692,0.08217,0.25562,0.15097,11,0,collision_margin,a0:human_stop:40;a1:collision_margin:28;a2:collision_margin:26;a3:collision_margin:25;a4:collision_margin:27
6,9063,combined_abort_stress_6_9063_0,combined_abort_stress,constraint_classifier,0.60,1,1,1,1,3,0,4.43932,0.83443,0.18796,4.99932,-0.03321,0.42353,0.26866,0.15644,0.16209,0.15870,0.27285,11,0,none,a0:human_stop:43;a1:collision_margin:28;a2:none:102
6,9063,combined_abort_stress_6_9063_0,combined_abort_stress,abort_constraint_discovery,0.60,1,1,1,1,5,0,8.21137,0.83443,0.10162,9.33137,-0.01422,0.40290,0.25227,0.17812,0.19298,0.13777,0.24238,11,0,none,a0:fixture_snag:40;a1:visible_collision:65;a2:visible_collision:63;a3:visible_collision:62;a4:none:114
6,9063,combined_abort_stress_6_9063_0,combined_abort_stress,oracle_constraints,0.60,1,1,1,1,3,0,3.45949,0.83443,0.24120,4.01949,0.02578,1.00000,1.00000,0.02137,0.07194,0.03018,0.13920,11,0,none,a0:visible_collision:22;a1:visible_collision:19;a2:none:95
6,9064,combined_abort_stress_6_9064_0,combined_abort_stress,costmap_from_collisions,0.60,0,1,1,1,5,0,4.51779,0.85239,0.06604,5.61779,-0.01215,0.33924,0.20427,0.12939,0.10653,0.03286,0.13227,11,0,visible_collision,a0:collision_margin:34;a1:collision_margin:30;a2:collision_margin:37;a3:collision_margin:32;a4:visible_collision:42
6,9064,combined_abort_stress_6_9064_0,combined_abort_stress,risk_filter_uncertainty,0.60,0,1,1,1,5,0,4.81998,0.85239,0.06190,5.91998,-0.03853,0.35597,0.21652,0.12767,0.10620,0.15090,0.15443,11,0,human_stop,a0:collision_margin:35;a1:collision_margin:32;a2:collision_margin:38;a3:collision_margin:34;a4:human_stop:37
6,9064,combined_abort_stress_6_9064_0,combined_abort_stress,constraint_classifier,0.60,0,1,1,1,5,0,4.37490,0.85239,0.06819,5.47490,-0.01442,0.37500,0.23077,0.17038,0.16908,0.33214,0.26870,11,0,collision_margin,a0:collision_margin:33;a1:visible_collision:25;a2:collision_margin:39;a3:collision_margin:31;a4:collision_margin:33
6,9064,combined_abort_stress_6_9064_0,combined_abort_stress,abort_constraint_discovery,0.60,1,1,0,1,2,0,3.79754,0.85239,0.22446,4.07754,0.01419,0.42584,0.27052,0.13262,0.13059,0.01175,0.14820,11,0,none,a0:visible_collision:56;a1:none:95
6,9064,combined_abort_stress_6_9064_0,combined_abort_stress,oracle_constraints,0.60,1,1,1,1,3,0,3.63495,0.85239,0.23450,4.19495,0.02819,1.00000,1.00000,0.02325,0.07724,0.02933,0.14127,11,0,none,a0:human_stop:27;a1:visible_collision:17;a2:none:98
0,9080,combined_abort_stress_0_9080_0,combined_abort_stress,costmap_from_collisions,0.80,1,1,0,0,2,0,3.09014,0.83256,0.26943,3.37014,-0.00144,0.31300,0.18553,0.13813,0.11546,0.02389,0.11011,11,0,none,a0:fixture_snag:31;a1:none:81
0,9080,combined_abort_stress_0_9080_0,combined_abort_stress,risk_filter_uncertainty,0.80,1,1,0,0,2,0,2.98842,0.83256,0.27860,3.26842,-0.00009,0.30198,0.17784,0.13841,0.08881,0.12872,0.12881,11,0,none,a0:fixture_snag:30;a1:none:81
0,9080,combined_abort_stress_0_9080_0,combined_abort_stress,constraint_classifier,0.80,1,0,0,0,1,0,2.24097,0.83256,0.37152,2.24097,0.01906,0.28929,0.16910,0.18365,0.17399,0.20545,0.23684,11,0,none,a0:none:83
0,9080,combined_abort_stress_0_9080_0,combined_abort_stress,abort_constraint_discovery,0.80,0,1,1,1,5,0,7.09679,0.83256,0.04106,8.19679,-0.01725,0.31408,0.18630,0.19823,0.18616,0.08481,0.23269,11,0,visible_collision,a0:visible_collision:51;a1:collision_margin:70;a2:fixture_snag:37;a3:visible_collision:48;a4:visible_collision:60
0,9080,combined_abort_stress_0_9080_0,combined_abort_stress,oracle_constraints,0.80,1,1,0,0,2,0,3.02855,0.83256,0.27491,3.30855,-0.00326,1.00000,1.00000,0.02069,0.06823,0.02088,0.15097,11,0,none,a0:fixture_snag:36;a1:none:81
0,9081,combined_abort_stress_0_9081_0,combined_abort_stress,costmap_from_collisions,0.80,1,0,0,0,1,0,2.08611,0.84665,0.40585,2.08611,0.01975,0.44340,0.28485,0.13381,0.12032,0.02637,0.12812,11,0,none,a0:none:79
0,9081,combined_abort_stress_0_9081_0,combined_abort_stress,risk_filter_uncertainty,0.80,1,0,0,0,1,0,2.27778,0.84665,0.37170,2.27778,0.01602,0.41913,0.26513,0.13177,0.08247,0.11848,0.13850,11,0,none,a0:none:79
0,9081,combined_abort_stress_0_9081_0,combined_abort_stress,constraint_classifier,0.80,1,0,0,0,1,0,1.92204,0.84665,0.44050,1.92204,0.00721,0.37398,0.23000,0.18561,0.20022,0.21951,0.26039,11,0,none,a0:none:79
0,9081,combined_abort_stress_0_9081_0,combined_abort_stress,abort_constraint_discovery,0.80,1,1,0,1,2,0,3.01620,0.84665,0.28070,3.29620,-0.01737,0.42505,0.26988,0.16457,0.15527,0.19711,0.19945,11,0,none,a0:fixture_snag:37;a1:none:79
0,9081,combined_abort_stress_0_9081_0,combined_abort_stress,oracle_constraints,0.80,1,0,0,0,1,0,1.95978,0.84665,0.43201,1.95978,0.00698,1.00000,1.00000,0.02397,0.07836,0.02024,0.16551,11,0,none,a0:none:79
0,9082,combined_abort_stress_0_9082_0,combined_abort_stress,costmap_from_collisions,0.80,1,1,0,1,2,0,3.17550,0.83512,0.26299,3.45550,-0.00510,0.42246,0.26780,0.11257,0.09112,0.04678,0.12604,11,0,none,a0:force_limit:36;a1:none:77
0,9082,combined_abort_stress_0_9082_0,combined_abort_stress,risk_filter_uncertainty,0.80,1,1,0,1,2,0,2.96106,0.83512,0.28203,3.24106,-0.01157,0.42289,0.26814,0.11329,0.10003,0.13731,0.14543,11,0,none,a0:force_limit:35;a1:none:77
0,9082,combined_abort_stress_0_9082_0,combined_abort_stress,constraint_classifier,0.80,1,0,0,0,1,0,1.84390,0.83512,0.45291,1.84390,0.02045,0.33444,0.20080,0.18024,0.18966,0.21828,0.28532,11,0,none,a0:none:77
0,9082,combined_abort_stress_0_9082_0,combined_abort_stress,abort_constraint_discovery,0.80,1,1,1,1,3,0,4.22195,0.83512,0.19780,4.78195,-0.00390,0.47670,0.31294,0.14965,0.15395,0.20811,0.25346,11,0,none,a0:fixture_snag:43;a1:force_limit:36;a2:none:79
0,9082,combined_abort_stress_0_9082_0,combined_abort_stress,oracle_constraints,0.80,1,0,0,0,1,0,2.11585,0.83512,0.39470,2.11585,0.00063,1.00000,1.00000,0.02104,0.07012,0.02025,0.13296,11,0,none,a0:none:77
0,9083,combined_abort_stress_0_9083_0,combined_abort_stress,costmap_from_collisions,0.80,0,1,1,1,5,0,4.15057,0.84427,0.07119,5.25057,-0.02526,0.36156,0.22067,0.14209,0.11954,0.22053,0.13850,11,0,human_stop,a0:collision_margin:32;a1:visible_collision:16;a2:human_stop:32;a3:fixture_snag:39;a4:human_stop:31
0,9083,combined_abort_stress_0_9083_0,combined_abort_stress,risk_filter_uncertainty,0.80,0,1,1,1,5,0,4.37910,0.84427,0.06748,5.47910,-0.02080,0.41190,0.25937,0.12455,0.08403,0.24074,0.13850,11,0,human_stop,a0:human_stop:32;a1:human_stop:31;a2:collision_margin:33;a3:human_stop:30;a4:human_stop:31
0,9083,combined_abort_stress_0_9083_0,combined_abort_stress,constraint_classifier,0.80,0,1,1,1,5,0,3.97242,0.84427,0.07439,5.07242,-0.02817,0.39733,0.24792,0.16938,0.13754,0.30323,0.25069,11,0,collision_margin,a0:human_stop:32;a1:human_stop:32;a2:collision_margin:29;a3:collision_margin:31;a4:collision_margin:31
0,9083,combined_abort_stress_0_9083_0,combined_abort_stress,abort_constraint_discovery,0.80,1,0,0,0,1,0,2.71528,0.84427,0.31093,2.71528,0.00163,0.39464,0.24582,0.16879,0.14923,0.08954,0.19737,11,0,none,a0:none:100
0,9083,combined_abort_stress_0_9083_0,combined_abort_stress,oracle_constraints,0.80,0,1,1,1,5,0,5.12466,0.84427,0.05766,6.22466,-0.01366,1.00000,1.00000,0.02237,0.07423,0.05977,0.16413,11,0,fixture_snag,a0:human_stop:36;a1:human_stop:37;a2:human_stop:38;a3:fixture_snag:38;a4:fixture_snag:36
0,9084,combined_abort_stress_0_9084_0,combined_abort_stress,costmap_from_collisions,0.80,0,1,1,1,5,0,4.83389,0.84179,0.06095,5.93389,-0.01668,0.35062,0.21257,0.13475,0.10043,0.09134,0.11357,11,0,visible_collision,a0:collision_margin:37;a1:collision_margin:34;a2:human_stop:34;a3:human_stop:34;a4:visible_collision:40
0,9084,combined_abort_stress_0_9084_0,combined_abort_stress,risk_filter_uncertainty,0.80,0,1,1,1,5,0,4.66527,0.84179,0.06315,5.76527,-0.00939,0.36322,0.22191,0.13261,0.05917,0.22721,0.13435,11,0,human_stop,a0:collision_margin:38;a1:collision_margin:37;a2:human_stop:35;a3:human_stop:33;a4:human_stop:33
0,9084,combined_abort_stress_0_9084_0,combined_abort_stress,constraint_classifier,0.80,0,1,1,1,5,0,4.83263,0.84179,0.06097,5.93263,-0.02842,0.38291,0.23679,0.17654,0.16115,0.31740,0.27078,11,0,collision_margin,a0:collision_margin:43;a1:collision_margin:36;a2:human_stop:32;a3:human_stop:33;a4:collision_margin:35
0,9084,combined_abort_stress_0_9084_0,combined_abort_stress,abort_constraint_discovery,0.80,0,1,1,1,5,0,6.08605,0.84179,0.04841,7.18605,-0.00629,0.35992,0.21945,0.15886,0.13699,0.03774,0.17175,11,0,visible_collision,a0:visible_collision:42;a1:visible_collision:49;a2:visible_collision:27;a3:visible_collision:59;a4:visible_collision:50
0,9084,combined_abort_stress_0_9084_0,combined_abort_stress,oracle_constraints,0.80,0,1,1,1,5,0,2.99749,0.84179,0.09829,4.09749,0.23605,1.00000,1.00000,0.02361,0.07826,0.03497,0.16690,11,0,visible_collision,a0:visible_collision:24;a1:visible_collision:24;a2:visible_collision:25;a3:visible_collision:24;a4:visible_collision:24
1,9080,combined_abort_stress_1_9080_0,combined_abort_stress,costmap_from_collisions,0.80,1,1,0,0,2,0,3.62737,0.87882,0.24227,3.90737,-0.01342,0.41667,0.26316,0.12769,0.11007,0.03952,0.13366,11,0,none,a0:human_stop:39;a1:none:91
1,9080,combined_abort_stress_1_9080_0,combined_abort_stress,risk_filter_uncertainty,0.80,0,1,1,0,5,0,4.74363,0.87882,0.06484,5.84363,-0.01920,0.37611,0.23161,0.13501,0.12030,0.22486,0.16413,11,0,human_stop,a0:human_stop:37;a1:fixture_snag:43;a2:human_stop:34;a3:human_stop:38;a4:human_stop:40
1,9080,combined_abort_stress_1_9080_0,combined_abort_stress,constraint_classifier,0.80,1,1,1,0,3,0,4.30967,0.87882,0.20392,4.86967,-0.02970,0.35366,0.21481,0.18545,0.20147,0.20871,0.30540,11,0,none,a0:human_stop:37;a1:human_stop:41;a2:none:93
1,9080,combined_abort_stress_1_9080_0,combined_abort_stress,abort_constraint_discovery,0.80,0,1,1,0,5,0,5.87726,0.87882,0.05233,6.97726,-0.01629,0.36207,0.22105,0.18024,0.17827,0.30900,0.25277,11,0,human_stop,a0:human_stop:40;a1:collision_margin:81;a2:human_stop:17;a3:human_stop:40;a4:human_stop:41
1,9080,combined_abort_stress_1_9080_0,combined_abort_stress,oracle_constraints,0.80,0,1,1,1,5,0,7.72494,0.87882,0.03982,8.82494,0.00997,1.00000,1.00000,0.01931,0.06568,0.02283,0.14889,11,0,visible_collision,a0:visible_collision:64;a1:visible_collision:63;a2:visible_collision:64;a3:visible_collision:65;a4:visible_collision:66
1,9081,combined_abort_stress_1_9081_0,combined_abort_stress,costmap_from_collisions,0.80,0,1,1,1,5,0,4.71701,0.83801,0.06218,5.81701,-0.01014,0.40278,0.25217,0.11760,0.07743,0.17955,0.15582,10,1,visible_collision,a0:visible_collision:35;a1:collision_margin:35;a2:collision_margin:47;a3:collision_margin:36;a4:visible_collision:32
1,9081,combined_abort_stress_1_9081_0,combined_abort_stress,risk_filter_uncertainty,0.80,1,1,1,1,5,0,6.44099,0.83801,0.13011,7.56099,-0.02313,0.38178,0.23592,0.12157,0.10031,0.21096,0.17590,10,1,none,a0:visible_collision:36;a1:collision_margin:36;a2:collision_margin:50;a3:collision_margin:38;a4:none:86
1,9081,combined_abort_stress_1_9081_0,combined_abort_stress,constraint_classifier,0.80,0,1,1,1,5,0,4.78928,0.83801,0.06124,5.88928,-0.02505,0.40527,0.25413,0.15540,0.16402,0.35581,0.27701,10,1,visible_collision,a0:visible_collision:55;a1:visible_collision:41;a2:collision_margin:33;a3:collision_margin:34;a4:visible_collision:18
1,9081,combined_abort_stress_1_9081_0,combined_abort_stress,abort_constraint_discovery,0.80,1,0,0,0,1,0,2.32218,0.83801,0.36087,2.32218,0.02269,0.57769,0.40616,0.09861,0.09440,0.08145,0.20429,10,1,none,a0:none:84
1,9081,combined_abort_stress_1_9081_0,combined_abort_stress,oracle_constraints,0.80,1,0,0,0,1,0,2.01758,0.83801,0.41536,2.01758,0.00383,1.00000,1.00000,0.02021,0.06805,0.02687,0.14335,10,1,none,a0:none:74
1,9082,combined_abort_stress_1_9082_0,combined_abort_stress,costmap_from_collisions,0.80,0,1,1,1,5,0,4.67051,0.84046,0.06298,5.77051,-0.02037,0.38991,0.24217,0.12259,0.08969,0.12838,0.15859,11,0,collision_margin,a0:human_stop:29;a1:human_stop:40;a2:fixture_snag:41;a3:human_stop:24;a4:collision_margin:33
1,9082,combined_abort_stress_1_9082_0,combined_abort_stress,risk_filter_uncertainty,0.80,0,1,1,1,5,0,4.16553,0.84046,0.07062,5.26553,-0.01769,0.38901,0.24147,0.12771,0.10600,0.22790,0.18421,11,0,human_stop,a0:human_stop:24;a1:human_stop:41;a2:fixture_snag:46;a3:collision_margin:33;a4:human_stop:21
1,9082,combined_abort_stress_1_9082_0,combined_abort_stress,constraint_classifier,0.80,1,1,0,0,2,0,3.71702,0.84046,0.22611,3.99702,-0.00821,0.37848,0.23341,0.16193,0.15774,0.11211,0.22992,11,0,none,a0:human_stop:26;a1:none:106
1,9082,combined_abort_stress_1_9082_0,combined_abort_stress,abort_constraint_discovery,0.80,1,0,0,0,1,0,2.77238,0.84046,0.30316,2.77238,0.01929,0.46875,0.30612,0.12582,0.10186,0.07568,0.16690,11,0,none,a0:none:104
1,9082,combined_abort_stress_1_9082_0,combined_abort_stress,oracle_constraints,0.80,1,0,0,0,1,0,2.35100,0.84046,0.35749,2.35100,0.00325,1.00000,1.00000,0.02028,0.06854,0.04396,0.14335,11,0,none,a0:none:93
1,9083,combined_abort_stress_1_9083_0,combined_abort_stress,costmap_from_collisions,0.80,1,1,0,0,2,0,3.29303,0.84527,0.25668,3.57303,-0.00180,0.32021,0.19062,0.13702,0.12007,0.12072,0.11911,10,1,none,a0:collision_margin:36;a1:none:71
1,9083,combined_abort_stress_1_9083_0,combined_abort_stress,risk_filter_uncertainty,0.80,1,1,0,0,2,0,2.96105,0.84527,0.28546,3.24105,-0.00491,0.31188,0.18475,0.13268,0.08468,0.19772,0.13504,10,1,none,a0:collision_margin:35;a1:none:71
1,9083,combined_abort_stress_1_9083_0,combined_abort_stress,constraint_classifier,0.80,1,1,0,0,2,0,2.84731,0.84527,0.29686,3.12731,-0.00059,0.34586,0.20909,0.16368,0.15976,0.20542,0.22368,10,1,none,a0:fixture_snag:36;a1:none:71
1,9083,combined_abort_stress_1_9083_0,combined_abort_stress,abort_constraint_discovery,0.80,1,1,1,1,4,0,8.00467,0.84527,0.10560,8.84467,-0.01665,0.39464,0.24582,0.16232,0.16104,0.06804,0.21676,10,1,none,a0:visible_collision:59;a1:collision_margin:59;a2:visible_collision:73;a3:none:109
1,9083,combined_abort_stress_1_9083_0,combined_abort_stress,oracle_constraints,0.80,1,0,0,0,1,0,2.13894,0.84527,0.39518,2.13894,0.01393,1.00000,1.00000,0.02122,0.07194,0.02178,0.14474,10,1,none,a0:none:71
1,9084,combined_abort_stress_1_9084_0,combined_abort_stress,costmap_from_collisions,0.80,0,1,1,1,5,0,4.96101,0.85133,0.06006,6.06101,-0.02094,0.40587,0.25460,0.12613,0.11620,0.17732,0.14681,11,0,fixture_snag,a0:fixture_snag:32;a1:collision_margin:45;a2:fixture_snag:30;a3:fixture_snag:44;a4:fixture_snag:31
1,9084,combined_abort_stress_1_9084_0,combined_abort_stress,risk_filter_uncertainty,0.80,0,1,1,1,5,0,4.68366,0.85133,0.06362,5.78366,-0.02872,0.37069,0.22751,0.13009,0.14194,0.24080,0.18490,11,0,human_stop,a0:fixture_snag:35;a1:collision_margin:45;a2:fixture_snag:45;a3:collision_margin:36;a4:human_stop:15
1,9084,combined_abort_stress_1_9084_0,combined_abort_stress,constraint_classifier,0.80,1,1,1,1,5,0,6.57039,0.85133,0.12957,7.69039,-0.03569,0.35112,0.21294,0.16638,0.17779,0.10750,0.26593,11,0,none,a0:fixture_snag:34;a1:fixture_snag:32;a2:human_stop:35;a3:fixture_snag:33;a4:none:110
1,9084,combined_abort_stress_1_9084_0,combined_abort_stress,abort_constraint_discovery,0.80,1,1,0,1,2,0,4.84206,0.85133,0.17582,5.12206,0.02461,0.37594,0.23148,0.12497,0.08999,0.00695,0.13989,11,0,none,a0:visible_collision:60;a1:none:120
1,9084,combined_abort_stress_1_9084_0,combined_abort_stress,oracle_constraints,0.80,1,0,0,0,1,0,2.69319,0.85133,0.31611,2.69319,0.01082,1.00000,1.00000,0.02194,0.07005,0.02337,0.13643,11,0,none,a0:none:104
2,9080,combined_abort_stress_2_9080_0,combined_abort_stress,costmap_from_collisions,0.80,1,1,1,1,3,0,4.83930,0.85175,0.17601,5.39930,-0.00859,0.46552,0.30337,0.08810,0.08081,0.03887,0.14058,11,0,none,a0:visible_collision:48;a1:collision_margin:35;a2:none:100
2,9080,combined_abort_stress_2_9080_0,combined_abort_stress,risk_filter_uncertainty,0.80,1,0,0,0,1,0,2.59815,0.85175,0.32783,2.59815,0.01321,0.47230,0.30916,0.08924,0.11358,0.11272,0.13712,11,0,none,a0:none:101
2,9080,combined_abort_stress_2_9080_0,combined_abort_stress,constraint_classifier,0.80,0,1,1,1,5,0,3.36526,0.85175,0.08859,4.46526,-0.00471,0.38403,0.23765,0.14157,0.19196,0.34602,0.26385,11,0,force_limit,a0:force_limit:23;a1:force_limit:26;a2:force_limit:25;a3:force_limit:24;a4:force_limit:26
2,9080,combined_abort_stress_2_9080_0,combined_abort_stress,abort_constraint_discovery,0.80,1,0,0,0,1,0,2.07242,0.85175,0.41099,2.07242,0.04924,0.41685,0.26331,0.12856,0.14981,0.09176,0.21191,11,0,none,a0:none:85
2,9080,combined_abort_stress_2_9080_0,combined_abort_stress,oracle_constraints,0.80,1,0,0,0,1,0,2.04800,0.85175,0.41589,2.04800,0.03788,1.00000,1.00000,0.01625,0.05531,0.01562,0.10042,11,0,none,a0:none:82
2,9081,combined_abort_stress_2_9081_0,combined_abort_stress,costmap_from_collisions,0.80,1,1,0,1,2,0,3.00284,0.83940,0.27953,3.28284,0.03948,0.24225,0.13782,0.14193,0.14076,0.10202,0.10942,11,0,none,a0:visible_collision:33;a1:none:75
2,9081,combined_abort_stress_2_9081_0,combined_abort_stress,risk_filter_uncertainty,0.80,1,0,0,0,1,0,2.04428,0.83940,0.41061,2.04428,0.01637,0.27793,0.16139,0.12933,0.09120,0.13958,0.11773,11,0,none,a0:none:75
2,9081,combined_abort_stress_2_9081_0,combined_abort_stress,constraint_classifier,0.80,1,0,0,0,1,0,1.99560,0.83940,0.42062,1.99560,0.02805,0.28190,0.16408,0.16792,0.14370,0.20146,0.22715,11,0,none,a0:none:75
2,9081,combined_abort_stress_2_9081_0,combined_abort_stress,abort_constraint_discovery,0.80,1,0,0,0,1,0,1.96703,0.83940,0.42673,1.96703,0.04186,0.30273,0.17836,0.16265,0.15864,0.12332,0.14266,11,0,none,a0:none:75
2,9081,combined_abort_stress_2_9081_0,combined_abort_stress,oracle_constraints,0.80,1,1,0,1,2,0,2.68265,0.83940,0.31290,2.96265,0.03990,1.00000,1.00000,0.01920,0.06279,0.00794,0.13643,11,0,none,a0:visible_collision:18;a1:none:75
2,9082,combined_abort_stress_2_9082_0,combined_abort_stress,costmap_from_collisions,0.80,1,0,0,0,1,0,1.78733,0.83922,0.46954,1.78733,0.03060,0.40761,0.25597,0.10777,0.06434,0.01533,0.11427,11,0,none,a0:none:76
2,9082,combined_abort_stress_2_9082_0,combined_abort_stress,risk_filter_uncertainty,0.80,0,1,1,1,5,0,4.38353,0.83922,0.06701,5.48353,-0.02632,0.41958,0.26549,0.11598,0.09446,0.23707,0.15651,11,0,collision_margin,a0:visible_collision:37;a1:collision_margin:38;a2:collision_margin:32;a3:collision_margin:33;a4:collision_margin:35
2,9082,combined_abort_stress_2_9082_0,combined_abort_stress,constraint_classifier,0.80,1,0,0,0,1,0,1.91745,0.83922,0.43767,1.91745,0.03774,0.40133,0.25104,0.15542,0.16928,0.17770,0.27701,11,0,none,a0:none:77
2,9082,combined_abort_stress_2_9082_0,combined_abort_stress,abort_constraint_discovery,0.80,1,1,1,1,4,0,12.17171,0.83922,0.06895,13.01171,-0.00328,0.47440,0.31096,0.15310,0.17006,0.09902,0.26524,11,0,none,a0:visible_collision:109;a1:fixture_snag:92;a2:visible_collision:105;a3:none:120
2,9082,combined_abort_stress_2_9082_0,combined_abort_stress,oracle_constraints,0.80,1,0,0,0,1,0,1.85876,0.83922,0.45149,1.85876,0.01259,1.00000,1.00000,0.01874,0.06279,0.00849,0.14058,11,0,none,a0:none:76
2,9083,combined_abort_stress_2_9083_0,combined_abort_stress,costmap_from_collisions,0.80,0,1,1,1,5,0,4.43670,0.84026,0.06629,5.53670,-0.02474,0.46569,0.30351,0.11212,0.08361,0.17912,0.13504,10,1,fixture_snag,a0:collision_margin:28;a1:fixture_snag:38;a2:collision_margin:32;a3:collision_margin:36;a4:fixture_snag:30
2,9083,combined_abort_stress_2_9083_0,combined_abort_stress,risk_filter_uncertainty,0.80,0,1,1,1,5,0,4.24279,0.84026,0.06932,5.34279,-0.01788,0.42788,0.27217,0.11177,0.08065,0.24724,0.14058,10,1,force_limit,a0:collision_margin:31;a1:collision_margin:32;a2:fixture_snag:39;a3:force_limit:28;a4:force_limit:29
2,9083,combined_abort_stress_2_9083_0,combined_abort_stress,constraint_classifier,0.80,1,0,0,0,1,0,1.83967,0.84026,0.45674,1.83967,0.01163,0.41843,0.26456,0.14043,0.11638,0.15561,0.21330,10,1,none,a0:none:67
2,9083,combined_abort_stress_2_9083_0,combined_abort_stress,abort_constraint_discovery,0.80,1,0,0,0,1,0,2.48181,0.84026,0.33857,2.48181,0.02392,0.46784,0.30534,0.13574,0.11893,0.08597,0.20776,10,1,none,a0:none:101
2,9083,combined_abort_stress_2_9083_0,combined_abort_stress,oracle_constraints,0.80,1,0,0,0,1,0,2.00782,0.84026,0.41849,2.00782,0.01056,1.00000,1.00000,0.01962,0.06386,0.04883,0.14751,10,1,none,a0:none:71
2,9084,combined_abort_stress_2_9084_0,combined_abort_stress,costmap_from_collisions,0.80,1,1,0,1,2,0,3.08346,0.85569,0.27751,3.36346,-0.02987,0.35577,0.21637,0.14407,0.11958,0.06047,0.12396,11,0,none,a0:collision_margin:36;a1:none:84
2,9084,combined_abort_stress_2_9084_0,combined_abort_stress,risk_filter_uncertainty,0.80,1,1,0,1,2,0,2.81492,0.85569,0.30398,3.09492,-0.02065,0.35371,0.21485,0.13590,0.09119,0.15746,0.15305,11,0,none,a0:collision_margin:36;a1:none:85
2,9084,combined_abort_stress_2_9084_0,combined_abort_stress,constraint_classifier,0.80,1,0,0,0,1,0,2.21142,0.85569,0.38694,2.21142,0.02652,0.36120,0.22041,0.18407,0.17392,0.21492,0.25000,11,0,none,a0:none:88
2,9084,combined_abort_stress_2_9084_0,combined_abort_stress,abort_constraint_discovery,0.80,1,1,0,1,2,0,3.18150,0.85569,0.26896,3.46150,0.03632,0.41509,0.26190,0.17427,0.15775,0.16777,0.20291,11,0,none,a0:visible_collision:44;a1:none:84
2,9084,combined_abort_stress_2_9084_0,combined_abort_stress,oracle_constraints,0.80,1,0,0,0,1,0,2.19552,0.85569,0.38974,2.19552,0.04152,1.00000,1.00000,0.02379,0.07955,0.00825,0.16413,11,0,none,a0:none:84
3,9080,combined_abort_stress_3_9080_0,combined_abort_stress,costmap_from_collisions,0.80,0,1,1,1,5,0,4.04336,0.84175,0.07286,5.14336,-0.02982,0.41827,0.26444,0.11382,0.08435,0.16800,0.14889,11,0,fixture_snag,a0:fixture_snag:32;a1:fixture_snag:26;a2:collision_margin:33;a3:fixture_snag:30;a4:fixture_snag:29
3,9080,combined_abort_stress_3_9080_0,combined_abort_stress,risk_filter_uncertainty,0.80,1,1,1,1,4,0,4.26946,0.84175,0.19716,5.10946,-0.01933,0.41218,0.25959,0.11632,0.08877,0.23925,0.15651,11,0,none,a0:fixture_snag:31;a1:force_limit:29;a2:fixture_snag:30;a3:none:65
3,9080,combined_abort_stress_3_9080_0,combined_abort_stress,constraint_classifier,0.80,0,1,1,1,5,0,3.97937,0.84175,0.07403,5.07937,-0.01817,0.42393,0.26898,0.15461,0.17512,0.35358,0.26593,11,0,fixture_snag,a0:fixture_snag:24;a1:force_limit:27;a2:fixture_snag:42;a3:force_limit:31;a4:fixture_snag:30
3,9080,combined_abort_stress_3_9080_0,combined_abort_stress,abort_constraint_discovery,0.80,1,1,0,1,2,0,4.11167,0.84175,0.20472,4.39167,0.01910,0.51658,0.34824,0.12890,0.13935,0.10082,0.25762,11,0,none,a0:visible_collision:47;a1:none:114
3,9080,combined_abort_stress_3_9080_0,combined_abort_stress,oracle_constraints,0.80,1,0,0,0,1,0,1.74902,0.84175,0.48127,1.74902,0.00506,1.00000,1.00000,0.01960,0.06693,0.04149,0.13920,11,0,none,a0:none:65
3,9081,combined_abort_stress_3_9081_0,combined_abort_stress,costmap_from_collisions,0.80,1,0,0,0,1,0,1.88805,0.84441,0.44724,1.88805,0.03935,0.40659,0.25517,0.10708,0.06110,0.03342,0.11357,11,0,none,a0:none:79
3,9081,combined_abort_stress_3_9081_0,combined_abort_stress,risk_filter_uncertainty,0.80,1,0,0,0,1,0,1.88449,0.84441,0.44808,1.88449,0.03240,0.39899,0.24921,0.10823,0.07540,0.13901,0.13573,11,0,none,a0:none:79
3,9081,combined_abort_stress_3_9081_0,combined_abort_stress,constraint_classifier,0.80,1,0,0,0,1,0,1.96107,0.84441,0.43059,1.96107,0.02934,0.42029,0.26606,0.14957,0.14830,0.23941,0.24377,11,0,none,a0:none:79
3,9081,combined_abort_stress_3_9081_0,combined_abort_stress,abort_constraint_discovery,0.80,1,0,0,0,1,0,2.01564,0.84441,0.41893,2.01564,0.02347,0.47597,0.31231,0.11907,0.09396,0.17505,0.16413,11,0,none,a0:none:79
3,9081,combined_abort_stress_3_9081_0,combined_abort_stress,oracle_constraints,0.80,1,1,0,1,2,0,3.03673,0.84441,0.27806,3.31673,0.03681,1.00000,1.00000,0.01888,0.06289,0.00801,0.13850,11,0,none,a0:visible_collision:47;a1:none:79
3,9082,combined_abort_stress_3_9082_0,combined_abort_stress,costmap_from_collisions,0.80,1,1,1,1,3,0,3.93196,0.85037,0.21627,4.49196,-0.01968,0.40204,0.25159,0.12186,0.10920,0.09432,0.13920,11,0,none,a0:fixture_snag:37;a1:fixture_snag:35;a2:none:79
3,9082,combined_abort_stress_3_9082_0,combined_abort_stress,risk_filter_uncertainty,0.80,0,1,1,1,5,0,4.82531,0.85037,0.06168,5.92531,-0.02952,0.37647,0.23188,0.12651,0.12865,0.24188,0.16136,11,0,fixture_snag,a0:fixture_snag:41;a1:fixture_snag:36;a2:fixture_snag:35;a3:fixture_snag:38;a4:fixture_snag:34
3,9082,combined_abort_stress_3_9082_0,combined_abort_stress,constraint_classifier,0.80,1,0,0,0,1,0,1.95794,0.85037,0.43432,1.95794,0.02749,0.29562,0.17345,0.17370,0.16956,0.09450,0.24654,11,0,none,a0:none:79
3,9082,combined_abort_stress_3_9082_0,combined_abort_stress,abort_constraint_discovery,0.80,0,1,1,1,5,0,6.44814,0.85037,0.04616,7.54814,-0.00645,0.41036,0.25815,0.14992,0.13367,0.07498,0.21468,11,0,visible_collision,a0:fixture_snag:44;a1:fixture_snag:44;a2:fixture_snag:38;a3:visible_collision:69;a4:visible_collision:53
3,9082,combined_abort_stress_3_9082_0,combined_abort_stress,oracle_constraints,0.80,1,0,0,0,1,0,1.82567,0.85037,0.46578,1.82567,0.01972,1.00000,1.00000,0.01815,0.06038,0.02025,0.13296,11,0,none,a0:none:79
3,9083,combined_abort_stress_3_9083_0,combined_abort_stress,costmap_from_collisions,0.80,0,1,1,1,5,0,5.53272,0.84259,0.05330,6.63272,-0.03035,0.38785,0.24058,0.12617,0.11430,0.11102,0.16343,11,0,fixture_snag,a0:fixture_snag:38;a1:fixture_snag:48;a2:fixture_snag:37;a3:fixture_snag:37;a4:fixture_snag:43
3,9083,combined_abort_stress_3_9083_0,combined_abort_stress,risk_filter_uncertainty,0.80,0,1,1,1,5,0,5.51880,0.84259,0.05344,6.61880,-0.02870,0.39232,0.24403,0.12944,0.13095,0.21650,0.19183,11,0,fixture_snag,a0:fixture_snag:37;a1:fixture_snag:47;a2:fixture_snag:37;a3:force_limit:38;a4:fixture_snag:39
3,9083,combined_abort_stress_3_9083_0,combined_abort_stress,constraint_classifier,0.80,0,1,1,1,5,0,5.13505,0.84259,0.05743,6.23505,-0.02461,0.36632,0.22423,0.17734,0.20634,0.34296,0.33587,11,0,fixture_snag,a0:fixture_snag:54;a1:fixture_snag:38;a2:fixture_snag:34;a3:fixture_snag:34;a4:fixture_snag:33
3,9083,combined_abort_stress_3_9083_0,combined_abort_stress,abort_constraint_discovery,0.80,1,0,0,0,1,0,2.84483,0.84259,0.29618,2.84483,0.00649,0.47557,0.31197,0.15886,0.18347,0.07572,0.29224,11,0,none,a0:none:109
3,9083,combined_abort_stress_3_9083_0,combined_abort_stress,oracle_constraints,0.80,1,0,0,0,1,0,2.61683,0.84259,0.32199,2.61683,0.01566,1.00000,1.00000,0.01886,0.06448,0.01974,0.13296,11,0,none,a0:none:98
3,9084,combined_abort_stress_3_9084_0,combined_abort_stress,costmap_from_collisions,0.80,0,1,1,1,5,0,4.15025,0.85649,0.07223,5.25025,-0.01598,0.39070,0.24277,0.13963,0.12503,0.18119,0.14058,11,0,fixture_snag,a0:force_limit:31;a1:fixture_snag:30;a2:fixture_snag:37;a3:fixture_snag:30;a4:fixture_snag:29
3,9084,combined_abort_stress_3_9084_0,combined_abort_stress,risk_filter_uncertainty,0.80,0,1,1,1,5,0,4.17838,0.85649,0.07174,5.27838,-0.01951,0.38512,0.23848,0.13882,0.09758,0.22958,0.15928,11,0,fixture_snag,a0:force_limit:31;a1:fixture_snag:32;a2:fixture_snag:37;a3:human_stop:30;a4:fixture_snag:28
3,9084,combined_abort_stress_3_9084_0,combined_abort_stress,constraint_classifier,0.80,0,1,1,1,5,0,3.81883,0.85649,0.07850,4.91883,-0.02123,0.37294,0.22921,0.18008,0.18350,0.30079,0.26247,11,0,force_limit,a0:fixture_snag:28;a1:force_limit:30;a2:human_stop:28;a3:fixture_snag:33;a4:force_limit:29
3,9084,combined_abort_stress_3_9084_0,combined_abort_stress,abort_constraint_discovery,0.80,1,1,0,1,2,0,5.83318,0.85649,0.14683,6.11318,-0.02091,0.57377,0.40230,0.12515,0.13633,0.13739,0.26524,11,0,none,a0:unstable_slip:120;a1:none:100
3,9084,combined_abort_stress_3_9084_0,combined_abort_stress,oracle_constraints,0.80,1,1,1,1,4,0,5.26342,0.85649,0.16272,6.10342,0.00584,1.00000,1.00000,0.02313,0.07645,0.02573,0.15720,11,0,none,a0:visible_collision:25;a1:visible_collision:24;a2:visible_collision:51;a3:none:95
4,9080,combined_abort_stress_4_9080_0,combined_abort_stress,costmap_from_collisions,0.80,0,1,1,1,5,0,4.37498,0.84489,0.06759,5.47498,-0.02746,0.36364,0.22222,0.11196,0.10549,0.17241,0.13920,11,0,fixture_snag,a0:fixture_snag:34;a1:fixture_snag:33;a2:fixture_snag:31;a3:fixture_snag:29;a4:fixture_snag:29
4,9080,combined_abort_stress_4_9080_0,combined_abort_stress,risk_filter_uncertainty,0.80,1,0,0,0,1,0,1.65775,0.84489,0.50966,1.65775,0.02195,0.34973,0.21192,0.11299,0.12515,0.12528,0.14127,11,0,none,a0:none:77
4,9080,combined_abort_stress_4_9080_0,combined_abort_stress,constraint_classifier,0.80,1,0,0,0,1,0,2.00351,0.84489,0.42170,2.00351,0.01159,0.32075,0.19101,0.16138,0.18060,0.21446,0.25485,11,0,none,a0:none:77
4,9080,combined_abort_stress_4_9080_0,combined_abort_stress,abort_constraint_discovery,0.80,0,1,1,1,5,0,5.02910,0.84489,0.05880,6.12910,-0.02173,0.35759,0.21772,0.14993,0.15675,0.16880,0.22091,11,0,visible_collision,a0:fixture_snag:32;a1:human_stop:2;a2:fixture_snag:43;a3:visible_collision:54;a4:visible_collision:51
4,9080,combined_abort_stress_4_9080_0,combined_abort_stress,oracle_constraints,0.80,1,1,0,0,2,0,2.73971,0.84489,0.30839,3.01971,-0.00208,1.00000,1.00000,0.01839,0.06145,0.02024,0.11219,11,0,none,a0:fixture_snag:41;a1:none:77
4,9081,combined_abort_stress_4_9081_0,combined_abort_stress,costmap_from_collisions,0.80,0,1,1,1,5,0,5.01714,0.85031,0.05932,6.11714,-0.02915,0.53159,0.36202,0.10603,0.07099,0.18200,0.16690,11,0,collision_margin,a0:collision_margin:38;a1:collision_margin:36;a2:collision_margin:43;a3:collision_margin:35;a4:collision_margin:35
4,9081,combined_abort_stress_4_9081_0,combined_abort_stress,risk_filter_uncertainty,0.80,0,1,1,1,5,0,4.88605,0.85031,0.06091,5.98605,-0.02279,0.48035,0.31609,0.11348,0.08986,0.14834,0.16620,11,0,collision_margin,a0:collision_margin:36;a1:collision_margin:35;a2:collision_margin:36;a3:collision_margin:35;a4:collision_margin:46
4,9081,combined_abort_stress_4_9081_0,combined_abort_stress,constraint_classifier,0.80,0,1,1,1,5,0,5.07513,0.85031,0.05864,6.17513,-0.01643,0.48048,0.31621,0.15595,0.19337,0.34124,0.31025,11,0,collision_margin,a0:collision_margin:41;a1:collision_margin:37;a2:collision_margin:38;a3:collision_margin:35;a4:collision_margin:38
4,9081,combined_abort_stress_4_9081_0,combined_abort_stress,abort_constraint_discovery,0.80,1,1,0,1,2,0,4.00959,0.85031,0.21207,4.28959,0.01205,0.49378,0.32783,0.14447,0.15076,0.03596,0.23892,11,0,none,a0:visible_collision:38;a1:none:109
4,9081,combined_abort_stress_4_9081_0,combined_abort_stress,oracle_constraints,0.80,0,1,1,1,5,0,5.06142,0.85031,0.05880,6.16142,-0.01150,1.00000,1.00000,0.02265,0.07287,0.09318,0.15097,11,0,collision_margin,a0:human_stop:38;a1:collision_margin:34;a2:human_stop:35;a3:human_stop:37;a4:collision_margin:35
4,9082,combined_abort_stress_4_9082_0,combined_abort_stress,costmap_from_collisions,0.80,1,1,0,0,2,0,3.20797,0.82893,0.25840,3.48797,-0.00330,0.47345,0.31014,0.11335,0.07425,0.04477,0.15997,11,0,none,a0:collision_margin:44;a1:none:89
4,9082,combined_abort_stress_4_9082_0,combined_abort_stress,risk_filter_uncertainty,0.80,0,1,1,1,5,0,5.71541,0.82893,0.05076,6.81541,-0.03521,0.46154,0.30000,0.11990,0.11764,0.23720,0.19806,11,0,human_stop,a0:unstable_slip:39;a1:visible_collision:47;a2:collision_margin:47;a3:human_stop:40;a4:human_stop:36
4,9082,combined_abort_stress_4_9082_0,combined_abort_stress,constraint_classifier,0.80,0,1,1,1,5,0,4.74504,0.82893,0.06114,5.84504,-0.00700,0.41048,0.25824,0.17140,0.18885,0.37455,0.32271,11,0,unstable_slip,a0:unstable_slip:37;a1:visible_collision:42;a2:unstable_slip:34;a3:human_stop:38;a4:unstable_slip:36
4,9082,combined_abort_stress_4_9082_0,combined_abort_stress,abort_constraint_discovery,0.80,1,1,1,1,3,0,4.79192,0.82893,0.17299,5.35192,-0.00698,0.50624,0.33890,0.13372,0.10132,0.13751,0.23546,11,0,none,a0:visible_collision:44;a1:collision_margin:46;a2:none:92
4,9082,combined_abort_stress_4_9082_0,combined_abort_stress,oracle_constraints,0.80,1,1,0,1,2,0,3.62824,0.82893,0.22847,3.90824,0.02203,1.00000,1.00000,0.02023,0.06742,0.01213,0.15305,11,0,none,a0:visible_collision:49;a1:none:87
4,9083,combined_abort_stress_4_9083_0,combined_abort_stress,costmap_from_collisions,0.80,0,1,1,1,5,0,4.48243,0.84476,0.06596,5.58243,-0.01919,0.33679,0.20249,0.13385,0.11259,0.15122,0.11704,11,0,fixture_snag,a0:fixture_snag:38;a1:collision_margin:27;a2:fixture_snag:44;a3:collision_margin:24;a4:fixture_snag:36
4,9083,combined_abort_stress_4_9083_0,combined_abort_stress,risk_filter_uncertainty,0.80,0,1,1,1,5,0,4.90911,0.84476,0.06023,6.00911,-0.02004,0.35322,0.21449,0.12844,0.09048,0.21343,0.13989,11,0,collision_margin,a0:fixture_snag:37;a1:collision_margin:26;a2:fixture_snag:34;a3:fixture_snag:48;a4:collision_margin:29
4,9083,combined_abort_stress_4_9083_0,combined_abort_stress,constraint_classifier,0.80,1,1,1,1,3,0,5.55971,0.84476,0.15194,6.11971,-0.02490,0.35821,0.21818,0.15665,0.13643,0.06304,0.22091,11,0,none,a0:fixture_snag:47;a1:fixture_snag:44;a2:none:119
4,9083,combined_abort_stress_4_9083_0,combined_abort_stress,abort_constraint_discovery,0.80,1,1,1,1,4,0,7.41719,0.84476,0.11389,8.25719,-0.01327,0.36820,0.22564,0.15403,0.13988,0.02292,0.18075,11,0,none,a0:fixture_snag:48;a1:visible_collision:66;a2:visible_collision:61;a3:none:118
4,9083,combined_abort_stress_4_9083_0,combined_abort_stress,oracle_constraints,0.80,0,1,1,0,5,0,4.93610,0.84476,0.05990,6.03610,-0.03642,1.00000,1.00000,0.02413,0.07936,0.05411,0.15028,11,0,human_stop,a0:human_stop:37;a1:human_stop:36;a2:human_stop:37;a3:collision_margin:39;a4:human_stop:38
4,9084,combined_abort_stress_4_9084_0,combined_abort_stress,costmap_from_collisions,0.80,0,1,1,1,5,0,4.84420,0.83266,0.06016,5.94420,-0.01415,0.31780,0.18892,0.16403,0.13700,0.19567,0.14474,11,0,fixture_snag,a0:fixture_snag:30;a1:fixture_snag:37;a2:fixture_snag:32;a3:fixture_snag:35;a4:fixture_snag:32
4,9084,combined_abort_stress_4_9084_0,combined_abort_stress,risk_filter_uncertainty,0.80,0,1,1,1,5,0,4.55706,0.83266,0.06395,5.65706,-0.02306,0.32669,0.19524,0.15827,0.10334,0.26403,0.16551,11,0,fixture_snag,a0:fixture_snag:30;a1:fixture_snag:31;a2:fixture_snag:40;a3:fixture_snag:31;a4:fixture_snag:32
4,9084,combined_abort_stress_4_9084_0,combined_abort_stress,constraint_classifier,0.80,0,1,1,1,5,0,4.05970,0.83266,0.07179,5.15970,-0.02057,0.36556,0.22366,0.19855,0.18746,0.32766,0.27632,11,0,fixture_snag,a0:fixture_snag:31;a1:collision_margin:28;a2:fixture_snag:28;a3:fixture_snag:31;a4:fixture_snag:32
4,9084,combined_abort_stress_4_9084_0,combined_abort_stress,abort_constraint_discovery,0.80,0,1,1,1,5,0,7.14660,0.83266,0.04078,8.24660,-0.01628,0.38112,0.23542,0.18413,0.16149,0.06702,0.21399,11,0,force_limit,a0:visible_collision:40;a1:visible_collision:42;a2:collision_margin:44;a3:collision_margin:45;a4:force_limit:91
4,9084,combined_abort_stress_4_9084_0,combined_abort_stress,oracle_constraints,0.80,1,0,0,0,1,0,1.97931,0.83266,0.42068,1.97931,0.01198,1.00000,1.00000,0.02731,0.09119,0.03664,0.18213,11,0,none,a0:none:70
5,9080,combined_abort_stress_5_9080_0,combined_abort_stress,costmap_from_collisions,0.80,0,1,1,1,5,0,4.29261,0.84532,0.06892,5.39261,-0.02225,0.45340,0.29316,0.10148,0.07049,0.19132,0.14266,11,0,collision_margin,a0:collision_margin:35;a1:force_limit:36;a2:collision_margin:31;a3:collision_margin:34;a4:collision_margin:34
5,9080,combined_abort_stress_5_9080_0,combined_abort_stress,risk_filter_uncertainty,0.80,0,1,1,1,5,0,4.40017,0.84532,0.06724,5.50017,-0.02601,0.43602,0.27879,0.10997,0.09830,0.24780,0.15997,11,0,collision_margin,a0:collision_margin:34;a1:force_limit:34;a2:collision_margin:34;a3:force_limit:30;a4:collision_margin:33
5,9080,combined_abort_stress_5_9080_0,combined_abort_stress,constraint_classifier,0.80,0,1,1,1,5,0,4.54441,0.84532,0.06510,5.64441,-0.02619,0.48276,0.31818,0.13445,0.17397,0.27785,0.26939,11,0,force_limit,a0:force_limit:30;a1:collision_margin:33;a2:force_limit:33;a3:collision_margin:33;a4:force_limit:34
5,9080,combined_abort_stress_5_9080_0,combined_abort_stress,abort_constraint_discovery,0.80,1,0,0,0,1,0,2.70472,0.84532,0.31253,2.70472,0.03861,0.49618,0.32995,0.12174,0.12754,0.03077,0.23061,11,0,none,a0:none:115
5,9080,combined_abort_stress_5_9080_0,combined_abort_stress,oracle_constraints,0.80,1,1,0,1,2,0,4.67440,0.84532,0.18084,4.95440,0.01794,1.00000,1.00000,0.01805,0.06115,0.01564,0.13227,11,0,none,a0:visible_collision:66;a1:none:98
5,9081,combined_abort_stress_5_9081_0,combined_abort_stress,costmap_from_collisions,0.80,1,1,0,1,2,0,3.27432,0.84736,0.25879,3.55432,-0.01132,0.34243,0.20659,0.13732,0.11878,0.03308,0.12396,11,0,none,a0:collision_margin:35;a1:none:89
5,9081,combined_abort_stress_5_9081_0,combined_abort_stress,risk_filter_uncertainty,0.80,1,0,0,0,1,0,2.39096,0.84736,0.35440,2.39096,0.02482,0.35267,0.21408,0.13370,0.11327,0.12832,0.14335,11,0,none,a0:none:91
5,9081,combined_abort_stress_5_9081_0,combined_abort_stress,constraint_classifier,0.80,1,1,0,1,2,0,2.92938,0.84736,0.28926,3.20938,0.03971,0.36742,0.22505,0.17337,0.15847,0.24044,0.24446,11,0,none,a0:visible_collision:23;a1:none:90
5,9081,combined_abort_stress_5_9081_0,combined_abort_stress,abort_constraint_discovery,0.80,0,1,1,1,5,0,5.22214,0.84736,0.05679,6.32214,-0.02951,0.38812,0.24079,0.17186,0.15586,0.17743,0.19460,11,0,fixture_snag,a0:visible_collision:33;a1:collision_margin:34;a2:collision_margin:35;a3:fixture_snag:56;a4:fixture_snag:38
5,9081,combined_abort_stress_5_9081_0,combined_abort_stress,oracle_constraints,0.80,1,1,0,1,2,0,3.71524,0.84736,0.22808,3.99524,0.03464,1.00000,1.00000,0.02104,0.06954,0.00846,0.15512,11,0,none,a0:visible_collision:50;a1:none:86
5,9082,combined_abort_stress_5_9082_0,combined_abort_stress,costmap_from_collisions,0.80,1,1,1,1,3,0,3.10610,0.85166,0.27419,3.66610,-0.01120,0.53333,0.36364,0.09712,0.05185,0.14434,0.16136,11,0,none,a0:force_limit:29;a1:visible_collision:20;a2:none:82
5,9082,combined_abort_stress_5_9082_0,combined_abort_stress,risk_filter_uncertainty,0.80,0,1,1,1,5,0,4.10777,0.85166,0.07257,5.20777,-0.00922,0.58333,0.41176,0.08902,0.08039,0.26225,0.16551,11,0,force_limit,a0:force_limit:28;a1:unstable_slip:52;a2:force_limit:27;a3:force_limit:28;a4:force_limit:28
5,9082,combined_abort_stress_5_9082_0,combined_abort_stress,constraint_classifier,0.80,0,1,1,1,5,0,3.26479,0.85166,0.09130,4.36479,-0.02001,0.53165,0.36207,0.13126,0.15456,0.36804,0.28740,11,0,force_limit,a0:unstable_slip:26;a1:force_limit:23;a2:unstable_slip:23;a3:force_limit:26;a4:force_limit:25
5,9082,combined_abort_stress_5_9082_0,combined_abort_stress,abort_constraint_discovery,0.80,1,1,0,1,2,0,5.71487,0.85166,0.14903,5.99487,0.01344,0.58075,0.40920,0.12409,0.15445,0.15370,0.27424,11,0,none,a0:visible_collision:97;a1:none:120
5,9082,combined_abort_stress_5_9082_0,combined_abort_stress,oracle_constraints,0.80,1,0,0,0,1,0,2.02912,0.85166,0.41972,2.02912,0.00169,1.00000,1.00000,0.01944,0.06560,0.06015,0.15028,11,0,none,a0:none:75
5,9083,combined_abort_stress_5_9083_0,combined_abort_stress,costmap_from_collisions,0.80,0,1,1,1,5,0,4.26097,0.86009,0.07065,5.36097,-0.02461,0.36098,0.22024,0.13377,0.11393,0.19683,0.13989,11,0,collision_margin,a0:collision_margin:35;a1:collision_margin:36;a2:collision_margin:36;a3:unstable_slip:34;a4:collision_margin:35
5,9083,combined_abort_stress_5_9083_0,combined_abort_stress,risk_filter_uncertainty,0.80,0,1,1,1,5,0,5.31874,0.86009,0.05660,6.41874,-0.00826,0.35862,0.21849,0.13263,0.11611,0.10883,0.15720,11,0,human_stop,a0:collision_margin:38;a1:collision_margin:38;a2:collision_margin:35;a3:unstable_slip:37;a4:human_stop:56
5,9083,combined_abort_stress_5_9083_0,combined_abort_stress,constraint_classifier,0.80,0,1,1,1,5,0,4.69370,0.86009,0.06414,5.79370,-0.01824,0.39062,0.24272,0.18065,0.19144,0.29281,0.29917,11,0,unstable_slip,a0:collision_margin:39;a1:collision_margin:36;a2:collision_margin:36;a3:unstable_slip:29;a4:unstable_slip:32
5,9083,combined_abort_stress_5_9083_0,combined_abort_stress,abort_constraint_discovery,0.80,0,1,1,1,5,0,6.26159,0.86009,0.04808,7.36159,-0.00944,0.42308,0.26829,0.15699,0.15420,0.11179,0.25208,11,0,visible_collision,a0:visible_collision:41;a1:collision_margin:46;a2:visible_collision:55;a3:collision_margin:48;a4:visible_collision:41
5,9083,combined_abort_stress_5_9083_0,combined_abort_stress,oracle_constraints,0.80,0,1,1,1,5,0,3.88655,0.86009,0.07746,4.98655,0.02966,1.00000,1.00000,0.01946,0.06566,0.01675,0.14404,11,0,visible_collision,a0:visible_collision:23;a1:visible_collision:57;a2:visible_collision:22;a3:visible_collision:22;a4:visible_collision:24
5,9084,combined_abort_stress_5_9084_0,combined_abort_stress,costmap_from_collisions,0.80,0,1,1,1,5,0,4.47237,0.84418,0.06606,5.57237,-0.01945,0.32821,0.19632,0.13920,0.12220,0.17581,0.11911,11,0,collision_margin,a0:human_stop:39;a1:collision_margin:43;a2:collision_margin:31;a3:collision_margin:30;a4:collision_margin:31
5,9084,combined_abort_stress_5_9084_0,combined_abort_stress,risk_filter_uncertainty,0.80,0,1,1,1,5,0,4.89078,0.84418,0.06041,5.99078,-0.02673,0.28429,0.16570,0.13887,0.10488,0.12646,0.12673,11,0,collision_margin,a0:fixture_snag:36;a1:collision_margin:30;a2:collision_margin:30;a3:collision_margin:30;a4:collision_margin:49
5,9084,combined_abort_stress_5_9084_0,combined_abort_stress,constraint_classifier,0.80,0,1,1,1,5,0,3.66259,0.84418,0.08067,4.76259,-0.02229,0.31103,0.18415,0.17508,0.16369,0.32462,0.23199,11,0,visible_collision,a0:collision_margin:30;a1:collision_margin:29;a2:collision_margin:28;a3:collision_margin:30;a4:visible_collision:17
5,9084,combined_abort_stress_5_9084_0,combined_abort_stress,abort_constraint_discovery,0.80,1,1,1,1,4,0,6.81595,0.84418,0.12385,7.65595,-0.01579,0.38889,0.24138,0.16300,0.15881,0.06370,0.19806,11,0,none,a0:visible_collision:43;a1:visible_collision:61;a2:collision_margin:41;a3:none:106
5,9084,combined_abort_stress_5_9084_0,combined_abort_stress,oracle_constraints,0.80,1,0,0,0,1,0,2.86858,0.84418,0.29428,2.86858,0.00676,1.00000,1.00000,0.02135,0.07122,0.04702,0.15097,11,0,none,a0:none:103
6,9080,combined_abort_stress_6_9080_0,combined_abort_stress,costmap_from_collisions,0.80,0,1,1,1,5,0,5.33143,0.86312,0.05666,6.43143,-0.01871,0.44394,0.28529,0.12112,0.11464,0.22171,0.16690,11,0,human_stop,a0:visible_collision:45;a1:collision_margin:37;a2:collision_margin:35;a3:collision_margin:45;a4:human_stop:26
6,9080,combined_abort_stress_6_9080_0,combined_abort_stress,risk_filter_uncertainty,0.80,0,1,1,1,5,0,4.47589,0.86312,0.06749,5.57589,-0.03480,0.44731,0.28809,0.12219,0.12877,0.28168,0.18629,11,0,human_stop,a0:visible_collision:47;a1:collision_margin:53;a2:human_stop:23;a3:force_limit:24;a4:human_stop:19
6,9080,combined_abort_stress_6_9080_0,combined_abort_stress,constraint_classifier,0.80,1,0,0,0,1,0,2.43662,0.86312,0.35423,2.43662,0.03546,0.35836,0.21830,0.16839,0.17805,0.20046,0.27008,11,0,none,a0:none:88
6,9080,combined_abort_stress_6_9080_0,combined_abort_stress,abort_constraint_discovery,0.80,1,0,0,0,1,0,1.97265,0.86312,0.43754,1.97265,0.03369,0.44326,0.28474,0.15460,0.16147,0.07720,0.25485,11,0,none,a0:none:86
6,9080,combined_abort_stress_6_9080_0,combined_abort_stress,oracle_constraints,0.80,0,1,1,1,5,0,3.10139,0.86312,0.09741,4.20139,0.12613,1.00000,1.00000,0.01991,0.06785,0.00946,0.13573,11,0,visible_collision,a0:visible_collision:21;a1:visible_collision:21;a2:visible_collision:22;a3:visible_collision:20;a4:visible_collision:21
6,9081,combined_abort_stress_6_9081_0,combined_abort_stress,costmap_from_collisions,0.80,1,0,0,0,1,0,2.65133,0.83674,0.31559,2.65133,0.04136,0.52926,0.35986,0.08916,0.03490,0.03498,0.13089,11,0,none,a0:none:96
6,9081,combined_abort_stress_6_9081_0,combined_abort_stress,risk_filter_uncertainty,0.80,1,1,1,1,4,0,5.90761,0.83674,0.14164,6.74761,-0.01585,0.59910,0.42765,0.08864,0.09192,0.12860,0.16620,11,0,none,a0:human_stop:51;a1:force_limit:32;a2:collision_margin:34;a3:none:100
6,9081,combined_abort_stress_6_9081_0,combined_abort_stress,constraint_classifier,0.80,1,0,0,0,1,0,2.21207,0.83674,0.37826,2.21207,0.03574,0.47199,0.30889,0.13682,0.17006,0.16901,0.26662,11,0,none,a0:none:99
6,9081,combined_abort_stress_6_9081_0,combined_abort_stress,abort_constraint_discovery,0.80,1,0,0,0,1,0,2.72412,0.83674,0.30716,2.72412,0.03984,0.51456,0.34641,0.14681,0.19400,0.14070,0.28670,11,0,none,a0:none:103
6,9081,combined_abort_stress_6_9081_0,combined_abort_stress,oracle_constraints,0.80,0,1,1,1,5,0,3.55185,0.83674,0.08245,4.65185,0.05861,1.00000,1.00000,0.01847,0.06207,0.00941,0.14127,11,0,visible_collision,a0:visible_collision:19;a1:visible_collision:19;a2:visible_collision:26;a3:visible_collision:37;a4:visible_collision:29
6,9082,combined_abort_stress_6_9082_0,combined_abort_stress,costmap_from_collisions,0.80,0,1,1,1,5,0,6.13752,0.84576,0.04823,7.23752,-0.01272,0.40333,0.25260,0.13692,0.10867,0.19946,0.17521,11,0,collision_margin,a0:unstable_slip:68;a1:human_stop:34;a2:unstable_slip:69;a3:human_stop:20;a4:collision_margin:29
6,9082,combined_abort_stress_6_9082_0,combined_abort_stress,risk_filter_uncertainty,0.80,0,1,1,1,5,0,5.75938,0.84576,0.05140,6.85938,-0.01469,0.37782,0.23291,0.13781,0.11627,0.23631,0.17936,11,0,collision_margin,a0:unstable_slip:70;a1:human_stop:33;a2:visible_collision:68;a3:human_stop:19;a4:collision_margin:29
6,9082,combined_abort_stress_6_9082_0,combined_abort_stress,constraint_classifier,0.80,0,1,1,1,5,0,4.16996,0.84576,0.07099,5.26996,-0.02010,0.32749,0.19580,0.19745,0.19101,0.35008,0.31579,11,0,human_stop,a0:human_stop:19;a1:unstable_slip:72;a2:human_stop:19;a3:human_stop:20;a4:human_stop:21
6,9082,combined_abort_stress_6_9082_0,combined_abort_stress,abort_constraint_discovery,0.80,0,1,1,1,5,0,6.93522,0.84576,0.04268,8.03522,-0.01290,0.33657,0.20233,0.20761,0.20645,0.29043,0.27008,11,0,human_stop,a0:collision_margin:67;a1:fixture_snag:41;a2:collision_margin:69;a3:human_stop:53;a4:human_stop:26
6,9082,combined_abort_stress_6_9082_0,combined_abort_stress,oracle_constraints,0.80,1,1,1,1,5,0,6.03541,0.84576,0.14013,7.15541,-0.01065,1.00000,1.00000,0.02362,0.08009,0.05798,0.15789,11,0,none,a0:human_stop:34;a1:human_stop:32;a2:human_stop:36;a3:fixture_snag:34;a4:none:83
6,9083,combined_abort_stress_6_9083_0,combined_abort_stress,costmap_from_collisions,0.80,0,1,1,1,5,0,3.91777,0.83618,0.07470,5.01777,-0.01539,0.30928,0.18293,0.13334,0.11710,0.16821,0.12465,11,0,visible_collision,a0:visible_collision:35;a1:collision_margin:32;a2:visible_collision:24;a3:collision_margin:31;a4:visible_collision:32
6,9083,combined_abort_stress_6_9083_0,combined_abort_stress,risk_filter_uncertainty,0.80,1,1,1,1,5,0,5.77463,0.83618,0.14480,6.89463,-0.03191,0.40187,0.25146,0.11971,0.10310,0.22114,0.15235,11,0,none,a0:visible_collision:33;a1:collision_margin:31;a2:fixture_snag:44;a3:visible_collision:30;a4:none:79
6,9083,combined_abort_stress_6_9083_0,combined_abort_stress,constraint_classifier,0.80,1,0,0,0,1,0,2.04844,0.83618,0.40821,2.04844,0.04671,0.43738,0.27990,0.14207,0.13186,0.16274,0.22645,11,0,none,a0:none:79
6,9083,combined_abort_stress_6_9083_0,combined_abort_stress,abort_constraint_discovery,0.80,1,0,0,0,1,0,2.00062,0.83618,0.41796,2.00062,0.03469,0.43983,0.28191,0.13278,0.11368,0.16134,0.18975,11,0,none,a0:none:80
6,9083,combined_abort_stress_6_9083_0,combined_abort_stress,oracle_constraints,0.80,1,0,0,0,1,0,1.96788,0.83618,0.42492,1.96788,0.03189,1.00000,1.00000,0.01884,0.06246,0.00824,0.14404,11,0,none,a0:none:79
6,9084,combined_abort_stress_6_9084_0,combined_abort_stress,costmap_from_collisions,0.80,1,1,0,0,2,0,3.32999,0.85420,0.25652,3.60999,-0.00068,0.38579,0.23899,0.11291,0.07450,0.13021,0.13504,11,0,none,a0:fixture_snag:42;a1:none:73
6,9084,combined_abort_stress_6_9084_0,combined_abort_stress,risk_filter_uncertainty,0.80,1,1,0,1,2,0,3.09740,0.85420,0.27578,3.37740,-0.00920,0.38955,0.24189,0.11680,0.08568,0.21991,0.15374,11,0,none,a0:fixture_snag:41;a1:none:71
6,9084,combined_abort_stress_6_9084_0,combined_abort_stress,constraint_classifier,0.80,1,1,0,1,2,0,4.06819,0.85420,0.20997,4.34819,-0.01066,0.41991,0.26575,0.16729,0.18839,0.13988,0.30748,11,0,none,a0:fixture_snag:42;a1:none:109
6,9084,combined_abort_stress_6_9084_0,combined_abort_stress,abort_constraint_discovery,0.80,0,1,1,1,5,0,7.55974,0.85420,0.03955,8.65974,-0.02961,0.46333,0.30152,0.16862,0.17557,0.13859,0.27770,11,0,collision_margin,a0:fixture_snag:62;a1:fixture_snag:46;a2:fixture_snag:44;a3:fixture_snag:46;a4:collision_margin:66
6,9084,combined_abort_stress_6_9084_0,combined_abort_stress,oracle_constraints,0.80,1,0,0,0,1,0,1.63924,0.85420,0.52110,1.63924,0.00030,1.00000,1.00000,0.01886,0.06453,0.02083,0.13781,11,0,none,a0:none:69
0,9100,combined_abort_stress_0_9100_0,combined_abort_stress,costmap_from_collisions,1.00,0,1,1,1,5,0,4.94151,0.84222,0.05965,6.04151,-0.01198,0.36190,0.22093,0.13281,0.11132,0.21887,0.14404,11,0,collision_margin,a0:visible_collision:32;a1:visible_collision:28;a2:collision_margin:29;a3:human_stop:61;a4:collision_margin:31
0,9100,combined_abort_stress_0_9100_0,combined_abort_stress,risk_filter_uncertainty,1.00,1,1,1,1,3,0,3.82535,0.84222,0.22017,4.38535,-0.00409,0.39234,0.24405,0.12484,0.07649,0.23335,0.14266,11,0,none,a0:visible_collision:38;a1:collision_margin:32;a2:none:77
0,9100,combined_abort_stress_0_9100_0,combined_abort_stress,constraint_classifier,1.00,1,0,0,0,1,0,2.02640,0.84222,0.41562,2.02640,0.02236,0.49904,0.33248,0.13620,0.13278,0.14386,0.21399,11,0,none,a0:none:78
0,9100,combined_abort_stress_0_9100_0,combined_abort_stress,abort_constraint_discovery,1.00,1,0,0,0,1,0,1.76185,0.84222,0.47803,1.76185,0.03087,0.46943,0.30670,0.14815,0.14438,0.07690,0.20429,11,0,none,a0:none:79
0,9100,combined_abort_stress_0_9100_0,combined_abort_stress,oracle_constraints,1.00,1,0,0,0,1,0,1.91515,0.84222,0.43977,1.91515,0.02175,1.00000,1.00000,0.02126,0.07132,0.00823,0.14681,11,0,none,a0:none:77
0,9101,combined_abort_stress_0_9101_0,combined_abort_stress,costmap_from_collisions,1.00,1,1,1,1,4,0,5.07921,0.83824,0.16503,5.91921,-0.02253,0.40281,0.25220,0.12668,0.10183,0.16379,0.14889,11,0,none,a0:collision_margin:35;a1:fixture_snag:34;a2:collision_margin:40;a3:none:68
0,9101,combined_abort_stress_0_9101_0,combined_abort_stress,risk_filter_uncertainty,1.00,1,1,1,1,4,0,5.04530,0.83824,0.16614,5.88530,-0.01072,0.42060,0.26630,0.12482,0.11139,0.22169,0.17590,11,0,none,a0:collision_margin:35;a1:fixture_snag:32;a2:collision_margin:40;a3:none:68
0,9101,combined_abort_stress_0_9101_0,combined_abort_stress,constraint_classifier,1.00,0,1,1,1,5,0,4.97049,0.83824,0.05902,6.07049,-0.02871,0.43781,0.28025,0.16159,0.17682,0.34372,0.27078,11,0,fixture_snag,a0:collision_margin:41;a1:collision_margin:35;a2:fixture_snag:29;a3:fixture_snag:33;a4:fixture_snag:30
0,9101,combined_abort_stress_0_9101_0,combined_abort_stress,abort_constraint_discovery,1.00,0,1,1,1,5,0,6.37838,0.83824,0.04600,7.47838,-0.01574,0.45469,0.29424,0.15763,0.17146,0.23474,0.28878,11,0,collision_margin,a0:visible_collision:52;a1:collision_margin:56;a2:collision_margin:54;a3:visible_collision:31;a4:collision_margin:41
0,9101,combined_abort_stress_0_9101_0,combined_abort_stress,oracle_constraints,1.00,1,0,0,0,1,0,1.83834,0.83824,0.45597,1.83834,0.00044,1.00000,1.00000,0.01940,0.06660,0.03266,0.14681,11,0,none,a0:none:68
0,9102,combined_abort_stress_0_9102_0,combined_abort_stress,costmap_from_collisions,1.00,0,1,1,1,5,0,4.06551,0.83339,0.07175,5.16551,-0.02404,0.31655,0.18803,0.14994,0.13125,0.16009,0.12119,11,0,fixture_snag,a0:fixture_snag:38;a1:fixture_snag:27;a2:fixture_snag:24;a3:fixture_snag:34;a4:fixture_snag:26
0,9102,combined_abort_stress_0_9102_0,combined_abort_stress,risk_filter_uncertainty,1.00,0,1,1,1,5,0,4.13706,0.83339,0.07051,5.23706,-0.02737,0.32579,0.19459,0.13815,0.11431,0.24503,0.13850,11,0,fixture_snag,a0:fixture_snag:41;a1:fixture_snag:24;a2:fixture_snag:27;a3:fixture_snag:27;a4:fixture_snag:24
0,9102,combined_abort_stress_0_9102_0,combined_abort_stress,constraint_classifier,1.00,1,0,0,0,1,0,2.21905,0.83339,0.37556,2.21905,0.01641,0.38185,0.23598,0.15459,0.11993,0.07253,0.19875,11,0,none,a0:none:93
0,9102,combined_abort_stress_0_9102_0,combined_abort_stress,abort_constraint_discovery,1.00,1,0,0,0,1,0,2.53484,0.83339,0.32877,2.53484,0.00184,0.40671,0.25526,0.15550,0.13156,0.01343,0.16274,11,0,none,a0:none:97
0,9102,combined_abort_stress_0_9102_0,combined_abort_stress,oracle_constraints,1.00,1,0,0,0,1,0,2.33859,0.83339,0.35636,2.33859,0.01230,1.00000,1.00000,0.02183,0.07214,0.02218,0.16759,11,0,none,a0:none:90
0,9103,combined_abort_stress_0_9103_0,combined_abort_stress,costmap_from_collisions,1.00,0,1,1,1,5,0,3.58376,0.83140,0.08120,4.68376,-0.02825,0.30993,0.18338,0.15517,0.13772,0.13840,0.12050,11,0,visible_collision,a0:collision_margin:25;a1:visible_collision:42;a2:collision_margin:24;a3:collision_margin:25;a4:visible_collision:21
0,9103,combined_abort_stress_0_9103_0,combined_abort_stress,risk_filter_uncertainty,1.00,1,1,1,1,3,0,3.86749,0.83140,0.21497,4.42749,-0.02157,0.29880,0.17564,0.13571,0.10531,0.13340,0.12188,11,0,none,a0:collision_margin:22;a1:collision_margin:24;a2:none:93
0,9103,combined_abort_stress_0_9103_0,combined_abort_stress,constraint_classifier,1.00,0,1,1,1,5,0,3.09046,0.83140,0.09416,4.19046,-0.02354,0.32787,0.19608,0.18117,0.17346,0.34811,0.21468,11,0,collision_margin,a0:collision_margin:23;a1:collision_margin:24;a2:collision_margin:23;a3:collision_margin:22;a4:collision_margin:25
0,9103,combined_abort_stress_0_9103_0,combined_abort_stress,abort_constraint_discovery,1.00,0,1,1,1,5,0,6.51650,0.83140,0.04465,7.61650,-0.01537,0.56376,0.39252,0.15629,0.19426,0.20053,0.35042,11,0,visible_collision,a0:unstable_slip:56;a1:force_limit:94;a2:collision_margin:27;a3:collision_margin:25;a4:visible_collision:36
0,9103,combined_abort_stress_0_9103_0,combined_abort_stress,oracle_constraints,1.00,1,0,0,0,1,0,2.40760,0.83140,0.34532,2.40760,0.01231,1.00000,1.00000,0.02520,0.08416,0.05603,0.16551,11,0,none,a0:none:86
0,9104,combined_abort_stress_0_9104_0,combined_abort_stress,costmap_from_collisions,1.00,0,1,1,1,5,0,4.76831,0.84471,0.06200,5.86831,-0.02861,0.42680,0.27129,0.10986,0.07792,0.21068,0.13573,11,0,human_stop,a0:unstable_slip:34;a1:unstable_slip:32;a2:human_stop:32;a3:fixture_snag:44;a4:human_stop:28
0,9104,combined_abort_stress_0_9104_0,combined_abort_stress,risk_filter_uncertainty,1.00,0,1,1,1,5,0,4.32774,0.84471,0.06831,5.42774,-0.01498,0.40000,0.25000,0.11256,0.08461,0.23397,0.14404,11,0,human_stop,a0:unstable_slip:32;a1:unstable_slip:33;a2:human_stop:30;a3:human_stop:27;a4:human_stop:34
0,9104,combined_abort_stress_0_9104_0,combined_abort_stress,constraint_classifier,1.00,0,1,1,1,5,0,4.69495,0.84471,0.06297,5.79495,-0.03177,0.43393,0.27708,0.14501,0.15589,0.32730,0.28116,11,0,unstable_slip,a0:unstable_slip:34;a1:collision_margin:34;a2:collision_margin:34;a3:human_stop:33;a4:unstable_slip:32
0,9104,combined_abort_stress_0_9104_0,combined_abort_stress,abort_constraint_discovery,1.00,1,0,0,0,1,0,3.21276,0.84471,0.26292,3.21276,0.04115,0.52632,0.35714,0.12006,0.10001,0.05687,0.22507,11,0,none,a0:none:114
0,9104,combined_abort_stress_0_9104_0,combined_abort_stress,oracle_constraints,1.00,1,0,0,0,1,0,2.17674,0.84471,0.38806,2.17674,0.00027,1.00000,1.00000,0.02124,0.07068,0.07855,0.14335,11,0,none,a0:none:76
1,9100,combined_abort_stress_1_9100_0,combined_abort_stress,costmap_from_collisions,1.00,0,1,1,1,5,0,4.87684,0.85268,0.06119,5.97684,-0.02326,0.38350,0.23724,0.12898,0.11435,0.15318,0.14058,11,0,fixture_snag,a0:fixture_snag:33;a1:fixture_snag:39;a2:fixture_snag:35;a3:fixture_snag:29;a4:fixture_snag:32
1,9100,combined_abort_stress_1_9100_0,combined_abort_stress,risk_filter_uncertainty,1.00,0,1,1,1,5,0,5.32981,0.85268,0.05599,6.42981,-0.02514,0.37900,0.23380,0.12954,0.08879,0.22878,0.15859,11,0,fixture_snag,a0:fixture_snag:39;a1:fixture_snag:32;a2:fixture_snag:36;a3:fixture_snag:34;a4:fixture_snag:29
1,9100,combined_abort_stress_1_9100_0,combined_abort_stress,constraint_classifier,1.00,1,0,0,0,1,0,2.22638,0.85268,0.38299,2.22638,0.00982,0.40074,0.25057,0.15858,0.15184,0.13833,0.23199,11,0,none,a0:none:82
1,9100,combined_abort_stress_1_9100_0,combined_abort_stress,abort_constraint_discovery,1.00,1,0,0,0,1,0,2.30310,0.85268,0.37023,2.30310,0.01599,0.40171,0.25134,0.14857,0.13450,0.08367,0.17936,11,0,none,a0:none:82
1,9100,combined_abort_stress_1_9100_0,combined_abort_stress,oracle_constraints,1.00,1,0,0,0,1,0,2.33243,0.85268,0.36558,2.33243,0.02256,1.00000,1.00000,0.01997,0.06798,0.02024,0.14474,11,0,none,a0:none:82
1,9101,combined_abort_stress_1_9101_0,combined_abort_stress,costmap_from_collisions,1.00,0,1,1,1,5,0,5.16590,0.85996,0.05826,6.26590,-0.03079,0.42791,0.27219,0.12874,0.09845,0.07304,0.13435,11,0,fixture_snag,a0:fixture_snag:44;a1:fixture_snag:39;a2:force_limit:30;a3:human_stop:27;a4:fixture_snag:51
1,9101,combined_abort_stress_1_9101_0,combined_abort_stress,risk_filter_uncertainty,1.00,0,1,1,1,5,0,4.88579,0.85996,0.06160,5.98579,-0.02004,0.42384,0.26891,0.12703,0.07612,0.25479,0.15028,11,0,human_stop,a0:fixture_snag:44;a1:fixture_snag:38;a2:force_limit:29;a3:fixture_snag:31;a4:human_stop:26
1,9101,combined_abort_stress_1_9101_0,combined_abort_stress,constraint_classifier,1.00,0,1,1,1,5,0,5.13820,0.85996,0.05858,6.23820,-0.02210,0.42500,0.26984,0.17169,0.17526,0.33826,0.27978,11,0,fixture_snag,a0:fixture_snag:53;a1:human_stop:30;a2:fixture_snag:48;a3:fixture_snag:30;a4:fixture_snag:29
1,9101,combined_abort_stress_1_9101_0,combined_abort_stress,abort_constraint_discovery,1.00,1,1,0,0,2,0,4.18041,0.85996,0.20571,4.46041,-0.00007,0.52855,0.35920,0.15433,0.18412,0.14731,0.26108,11,0,none,a0:human_stop:59;a1:none:110
1,9101,combined_abort_stress_1_9101_0,combined_abort_stress,oracle_constraints,1.00,1,0,0,0,1,0,2.49444,0.85996,0.34475,2.49444,0.01649,1.00000,1.00000,0.02354,0.07976,0.02113,0.16343,11,0,none,a0:none:91
1,9102,combined_abort_stress_1_9102_0,combined_abort_stress,costmap_from_collisions,1.00,1,0,0,0,1,0,2.25859,0.85287,0.37761,2.25859,0.03536,0.40476,0.25373,0.13255,0.09620,0.06039,0.12258,11,0,none,a0:none:82
1,9102,combined_abort_stress_1_9102_0,combined_abort_stress,risk_filter_uncertainty,1.00,1,1,1,1,5,0,7.47621,0.85287,0.11408,8.59621,-0.01606,0.47904,0.31496,0.11962,0.09131,0.22289,0.17867,11,0,none,a0:collision_margin:45;a1:visible_collision:42;a2:collision_margin:42;a3:force_limit:48;a4:none:83
1,9102,combined_abort_stress_1_9102_0,combined_abort_stress,constraint_classifier,1.00,1,0,0,0,1,0,1.99221,0.85287,0.42810,1.99221,0.02962,0.42700,0.27146,0.16473,0.13647,0.25924,0.27285,11,0,none,a0:none:84
1,9102,combined_abort_stress_1_9102_0,combined_abort_stress,abort_constraint_discovery,1.00,1,1,1,1,3,0,3.82142,0.85287,0.22318,4.38142,0.02300,0.45882,0.29771,0.18565,0.21076,0.23464,0.30263,11,0,none,a0:visible_collision:33;a1:visible_collision:37;a2:none:86
1,9102,combined_abort_stress_1_9102_0,combined_abort_stress,oracle_constraints,1.00,1,0,0,0,1,0,2.29144,0.85287,0.37220,2.29144,0.03430,1.00000,1.00000,0.02271,0.07529,0.00827,0.16828,11,0,none,a0:none:82
1,9103,combined_abort_stress_1_9103_0,combined_abort_stress,costmap_from_collisions,1.00,1,1,0,1,2,0,3.42264,0.83855,0.24500,3.70264,-0.01580,0.30079,0.17702,0.15364,0.14207,0.02475,0.09834,10,1,none,a0:collision_margin:39;a1:none:79
1,9103,combined_abort_stress_1_9103_0,combined_abort_stress,risk_filter_uncertainty,1.00,1,1,0,1,2,0,3.16881,0.83855,0.26463,3.44881,-0.01644,0.29327,0.17183,0.14770,0.10886,0.12346,0.12396,10,1,none,a0:collision_margin:39;a1:none:79
1,9103,combined_abort_stress_1_9103_0,combined_abort_stress,constraint_classifier,1.00,1,1,1,0,3,0,4.28260,0.83855,0.19580,4.84260,-0.00426,0.30872,0.18254,0.19055,0.20735,0.15371,0.24861,10,1,none,a0:collision_margin:39;a1:collision_margin:41;a2:none:79
1,9103,combined_abort_stress_1_9103_0,combined_abort_stress,abort_constraint_discovery,1.00,1,1,1,1,5,0,7.41427,0.83855,0.11310,8.53427,-0.01021,0.34982,0.21199,0.19590,0.19249,0.21998,0.22784,10,1,none,a0:fixture_snag:40;a1:fixture_snag:37;a2:visible_collision:59;a3:collision_margin:41;a4:none:73
1,9103,combined_abort_stress_1_9103_0,combined_abort_stress,oracle_constraints,1.00,0,1,1,1,5,0,7.22623,0.83855,0.04061,8.32623,0.00767,1.00000,1.00000,0.02389,0.08031,0.02442,0.16413,10,1,visible_collision,a0:visible_collision:50;a1:visible_collision:54;a2:visible_collision:52;a3:visible_collision:53;a4:visible_collision:51
1,9104,combined_abort_stress_1_9104_0,combined_abort_stress,costmap_from_collisions,1.00,0,1,1,1,5,0,5.28947,0.84088,0.05564,6.38947,-0.01641,0.41958,0.26549,0.12115,0.08671,0.15600,0.14404,11,0,fixture_snag,a0:fixture_snag:42;a1:fixture_snag:37;a2:collision_margin:40;a3:fixture_snag:36;a4:fixture_snag:39
1,9104,combined_abort_stress_1_9104_0,combined_abort_stress,risk_filter_uncertainty,1.00,1,1,1,0,3,0,4.58225,0.84088,0.18351,5.14225,-0.00985,0.42105,0.26667,0.11632,0.08548,0.18464,0.14958,11,0,none,a0:fixture_snag:39;a1:human_stop:35;a2:none:80
1,9104,combined_abort_stress_1_9104_0,combined_abort_stress,constraint_classifier,1.00,0,1,1,1,5,0,4.53031,0.84088,0.06496,5.63031,-0.03811,0.40000,0.25000,0.16539,0.16898,0.27128,0.29017,11,0,human_stop,a0:fixture_snag:46;a1:human_stop:27;a2:fixture_snag:38;a3:human_stop:30;a4:human_stop:28
1,9104,combined_abort_stress_1_9104_0,combined_abort_stress,abort_constraint_discovery,1.00,1,0,0,0,1,0,2.04216,0.84088,0.41176,2.04216,0.01088,0.47619,0.31250,0.14442,0.14250,0.01259,0.23961,11,0,none,a0:none:83
1,9104,combined_abort_stress_1_9104_0,combined_abort_stress,oracle_constraints,1.00,1,0,0,0,1,0,2.18757,0.84088,0.38439,2.18757,0.00113,1.00000,1.00000,0.02208,0.07340,0.04922,0.15305,11,0,none,a0:none:75
2,9100,combined_abort_stress_2_9100_0,combined_abort_stress,costmap_from_collisions,1.00,0,1,1,1,5,0,4.17051,0.86152,0.07230,5.27051,-0.01897,0.42308,0.26829,0.11820,0.08346,0.09399,0.13504,11,0,fixture_snag,a0:fixture_snag:30;a1:fixture_snag:36;a2:fixture_snag:31;a3:unstable_slip:38;a4:fixture_snag:28
2,9100,combined_abort_stress_2_9100_0,combined_abort_stress,risk_filter_uncertainty,1.00,0,1,1,1,5,0,4.86161,0.86152,0.06202,5.96161,-0.02488,0.44396,0.28531,0.11788,0.08695,0.23814,0.16205,11,0,fixture_snag,a0:fixture_snag:31;a1:fixture_snag:34;a2:unstable_slip:38;a3:fixture_snag:29;a4:fixture_snag:34
2,9100,combined_abort_stress_2_9100_0,combined_abort_stress,constraint_classifier,1.00,1,1,1,1,4,0,7.35329,0.86152,0.11716,8.19329,-0.00812,0.44140,0.28320,0.16850,0.18436,0.13209,0.30194,11,0,none,a0:visible_collision:71;a1:fixture_snag:42;a2:fixture_snag:45;a3:none:109
2,9100,combined_abort_stress_2_9100_0,combined_abort_stress,abort_constraint_discovery,1.00,0,1,1,1,5,0,6.29206,0.86152,0.04792,7.39206,-0.00809,0.49180,0.32609,0.13236,0.10113,0.10363,0.22715,11,0,visible_collision,a0:fixture_snag:32;a1:unstable_slip:33;a2:fixture_snag:32;a3:fixture_snag:34;a4:visible_collision:95
2,9100,combined_abort_stress_2_9100_0,combined_abort_stress,oracle_constraints,1.00,1,1,1,1,3,0,5.48323,0.86152,0.15712,6.04323,-0.00064,1.00000,1.00000,0.02035,0.06590,0.01918,0.15305,11,0,none,a0:visible_collision:68;a1:fixture_snag:36;a2:none:93
2,9101,combined_abort_stress_2_9101_0,combined_abort_stress,costmap_from_collisions,1.00,1,0,0,0,1,0,2.57889,0.83841,0.32511,2.57889,0.03684,0.42892,0.27301,0.11716,0.08492,0.04209,0.13781,11,0,none,a0:none:93
2,9101,combined_abort_stress_2_9101_0,combined_abort_stress,risk_filter_uncertainty,1.00,1,1,1,1,3,0,4.39020,0.83841,0.19097,4.95020,-0.03751,0.45662,0.29586,0.11589,0.08360,0.13216,0.15374,11,0,none,a0:collision_margin:39;a1:fixture_snag:36;a2:none:94
2,9101,combined_abort_stress_2_9101_0,combined_abort_stress,constraint_classifier,1.00,1,1,0,1,2,0,3.75112,0.83841,0.22351,4.03112,-0.00962,0.38128,0.23555,0.16429,0.16187,0.17152,0.25000,11,0,none,a0:fixture_snag:37;a1:none:99
2,9101,combined_abort_stress_2_9101_0,combined_abort_stress,abort_constraint_discovery,1.00,0,1,1,1,5,0,5.13881,0.83841,0.05710,6.23881,-0.01380,0.46423,0.30228,0.18311,0.20721,0.29362,0.32479,11,0,fixture_snag,a0:visible_collision:19;a1:collision_margin:46;a2:collision_margin:43;a3:force_limit:43;a4:fixture_snag:47
2,9101,combined_abort_stress_2_9101_0,combined_abort_stress,oracle_constraints,1.00,1,0,0,0,1,0,2.42882,0.83841,0.34519,2.42882,0.03599,1.00000,1.00000,0.01941,0.06768,0.00888,0.14958,11,0,none,a0:none:90
2,9102,combined_abort_stress_2_9102_0,combined_abort_stress,costmap_from_collisions,1.00,1,1,1,1,4,0,5.25964,0.83558,0.15887,6.09964,-0.00511,0.47778,0.31387,0.09089,0.05868,0.04722,0.12742,11,0,none,a0:collision_margin:37;a1:collision_margin:34;a2:visible_collision:25;a3:none:91
2,9102,combined_abort_stress_2_9102_0,combined_abort_stress,risk_filter_uncertainty,1.00,0,1,1,1,5,0,4.88815,0.83558,0.05983,5.98815,-0.02590,0.46231,0.30065,0.09757,0.10228,0.23187,0.15374,11,0,collision_margin,a0:collision_margin:39;a1:collision_margin:35;a2:collision_margin:36;a3:visible_collision:36;a4:collision_margin:34
2,9102,combined_abort_stress_2_9102_0,combined_abort_stress,constraint_classifier,1.00,0,1,1,1,5,0,3.81726,0.83558,0.07661,4.91726,-0.00016,0.43448,0.27753,0.14847,0.19497,0.36568,0.27978,11,0,unstable_slip,a0:visible_collision:24;a1:visible_collision:22;a2:visible_collision:18;a3:collision_margin:37;a4:unstable_slip:31
2,9102,combined_abort_stress_2_9102_0,combined_abort_stress,abort_constraint_discovery,1.00,1,0,0,0,1,0,2.11203,0.83558,0.39563,2.11203,0.02990,0.56174,0.39057,0.08608,0.06465,0.01245,0.16413,11,0,none,a0:none:87
2,9102,combined_abort_stress_2_9102_0,combined_abort_stress,oracle_constraints,1.00,1,1,1,1,5,0,4.29771,0.83558,0.19443,5.41771,0.03564,1.00000,1.00000,0.01611,0.05411,0.00827,0.12188,11,0,none,a0:visible_collision:18;a1:visible_collision:18;a2:visible_collision:17;a3:visible_collision:20;a4:none:84
2,9103,combined_abort_stress_2_9103_0,combined_abort_stress,costmap_from_collisions,1.00,0,1,1,1,5,0,5.00068,0.83080,0.05815,6.10068,-0.02420,0.37340,0.22956,0.12552,0.10326,0.14553,0.12673,11,0,human_stop,a0:human_stop:35;a1:collision_margin:32;a2:collision_margin:34;a3:collision_margin:33;a4:human_stop:38
2,9103,combined_abort_stress_2_9103_0,combined_abort_stress,risk_filter_uncertainty,1.00,0,1,1,1,5,0,4.63287,0.83080,0.06276,5.73287,-0.01722,0.34975,0.21194,0.12981,0.09648,0.20875,0.13712,11,0,human_stop,a0:human_stop:36;a1:collision_margin:32;a2:collision_margin:32;a3:collision_margin:34;a4:human_stop:30
2,9103,combined_abort_stress_2_9103_0,combined_abort_stress,constraint_classifier,1.00,0,1,1,1,5,0,4.87454,0.83080,0.05965,5.97454,-0.01434,0.36991,0.22692,0.17683,0.17945,0.35842,0.29778,11,0,collision_margin,a0:collision_margin:44;a1:human_stop:30;a2:collision_margin:33;a3:collision_margin:32;a4:collision_margin:33
2,9103,combined_abort_stress_2_9103_0,combined_abort_stress,abort_constraint_discovery,1.00,0,1,1,1,5,0,6.17744,0.83080,0.04707,7.27744,-0.01785,0.41943,0.26536,0.14034,0.13509,0.02196,0.16967,11,0,collision_margin,a0:visible_collision:51;a1:visible_collision:41;a2:visible_collision:25;a3:visible_collision:54;a4:collision_margin:55
2,9103,combined_abort_stress_2_9103_0,combined_abort_stress,oracle_constraints,1.00,1,1,0,1,2,0,4.46593,0.83080,0.18603,4.74593,-0.01410,1.00000,1.00000,0.01951,0.06614,0.01779,0.14404,11,0,none,a0:fixture_snag:56;a1:none:112
2,9104,combined_abort_stress_2_9104_0,combined_abort_stress,costmap_from_collisions,1.00,1,1,1,1,3,0,4.30592,0.84208,0.19556,4.86592,-0.00917,0.29442,0.17262,0.14285,0.12543,0.05015,0.12258,11,0,none,a0:fixture_snag:35;a1:collision_margin:34;a2:none:84
2,9104,combined_abort_stress_2_9104_0,combined_abort_stress,risk_filter_uncertainty,1.00,1,1,0,0,2,0,3.41015,0.84208,0.24693,3.69015,-0.00095,0.32458,0.19373,0.13399,0.11241,0.14280,0.13989,11,0,none,a0:fixture_snag:34;a1:none:84
2,9104,combined_abort_stress_2_9104_0,combined_abort_stress,constraint_classifier,1.00,1,1,0,1,2,0,3.38966,0.84208,0.24842,3.66966,-0.00627,0.31646,0.18797,0.18731,0.17848,0.21167,0.28740,11,0,none,a0:fixture_snag:34;a1:none:87
2,9104,combined_abort_stress_2_9104_0,combined_abort_stress,abort_constraint_discovery,1.00,0,1,1,1,5,0,5.11777,0.84208,0.05759,6.21777,-0.01612,0.33333,0.20000,0.18549,0.17380,0.19410,0.21537,11,0,fixture_snag,a0:fixture_snag:44;a1:fixture_snag:36;a2:fixture_snag:40;a3:collision_margin:32;a4:fixture_snag:40
2,9104,combined_abort_stress_2_9104_0,combined_abort_stress,oracle_constraints,1.00,1,0,0,0,1,0,2.30787,0.84208,0.36487,2.30787,0.01356,1.00000,1.00000,0.02200,0.07168,0.02039,0.15028,11,0,none,a0:none:84
3,9100,combined_abort_stress_3_9100_0,combined_abort_stress,costmap_from_collisions,1.00,0,1,1,1,5,0,4.60861,0.85485,0.06492,5.70861,-0.01812,0.37176,0.22832,0.14180,0.12690,0.16696,0.13573,11,0,collision_margin,a0:visible_collision:35;a1:collision_margin:32;a2:collision_margin:36;a3:collision_margin:34;a4:collision_margin:33
3,9100,combined_abort_stress_3_9100_0,combined_abort_stress,risk_filter_uncertainty,1.00,0,1,1,1,5,0,5.32042,0.85485,0.05624,6.42042,-0.01451,0.34707,0.20997,0.13433,0.12024,0.20965,0.16066,11,0,collision_margin,a0:visible_collision:46;a1:visible_collision:35;a2:collision_margin:36;a3:collision_margin:38;a4:collision_margin:37
3,9100,combined_abort_stress_3_9100_0,combined_abort_stress,constraint_classifier,1.00,1,0,0,0,1,0,2.38856,0.85485,0.35789,2.38856,0.03668,0.37879,0.23364,0.16637,0.16397,0.20577,0.20706,11,0,none,a0:none:85
3,9100,combined_abort_stress_3_9100_0,combined_abort_stress,abort_constraint_discovery,1.00,1,0,0,0,1,0,2.41726,0.85485,0.35365,2.41726,0.03212,0.45070,0.29091,0.13811,0.11098,0.08335,0.18560,11,0,none,a0:none:84
3,9100,combined_abort_stress_3_9100_0,combined_abort_stress,oracle_constraints,1.00,1,0,0,0,1,0,2.18767,0.85485,0.39076,2.18767,0.04148,1.00000,1.00000,0.02218,0.07212,0.00799,0.15859,11,0,none,a0:none:84
3,9101,combined_abort_stress_3_9101_0,combined_abort_stress,costmap_from_collisions,1.00,1,0,0,0,1,0,2.08430,0.85758,0.41145,2.08430,0.02756,0.42980,0.27372,0.09276,0.05417,0.04373,0.11496,11,0,none,a0:none:81
3,9101,combined_abort_stress_3_9101_0,combined_abort_stress,risk_filter_uncertainty,1.00,1,0,0,0,1,0,2.20599,0.85758,0.38875,2.20599,0.02420,0.42975,0.27368,0.09956,0.08217,0.13573,0.12465,11,0,none,a0:none:81
3,9101,combined_abort_stress_3_9101_0,combined_abort_stress,constraint_classifier,1.00,1,0,0,0,1,0,2.31950,0.85758,0.36973,2.31950,0.01593,0.47445,0.31100,0.12446,0.15916,0.26160,0.25277,11,0,none,a0:none:81
3,9101,combined_abort_stress_3_9101_0,combined_abort_stress,abort_constraint_discovery,1.00,0,1,1,1,5,0,7.95233,0.85758,0.03774,9.05233,-0.01546,0.48966,0.32420,0.13665,0.17961,0.24767,0.27493,11,0,collision_margin,a0:fixture_snag:34;a1:visible_collision:69;a2:human_stop:80;a3:collision_margin:68;a4:collision_margin:68
3,9101,combined_abort_stress_3_9101_0,combined_abort_stress,oracle_constraints,1.00,1,0,0,0,1,0,2.43387,0.85758,0.35235,2.43387,0.00915,1.00000,1.00000,0.01674,0.05695,0.02050,0.12673,11,0,none,a0:none:81
3,9102,combined_abort_stress_3_9102_0,combined_abort_stress,costmap_from_collisions,1.00,1,0,0,0,1,0,2.05071,0.85276,0.41583,2.05071,0.01815,0.40936,0.25735,0.09067,0.04907,0.03503,0.11842,11,0,none,a0:none:81
3,9102,combined_abort_stress_3_9102_0,combined_abort_stress,risk_filter_uncertainty,1.00,1,0,0,0,1,0,2.11569,0.85276,0.40306,2.11569,0.00013,0.39227,0.24399,0.09961,0.09165,0.13147,0.13227,11,0,none,a0:none:81
3,9102,combined_abort_stress_3_9102_0,combined_abort_stress,constraint_classifier,1.00,1,0,0,0,1,0,2.09060,0.85276,0.40790,2.09060,0.01614,0.37891,0.23373,0.14591,0.17276,0.17371,0.23615,11,0,none,a0:none:81
3,9102,combined_abort_stress_3_9102_0,combined_abort_stress,abort_constraint_discovery,1.00,0,1,1,1,5,0,5.02773,0.85276,0.05936,6.12773,-0.02015,0.46503,0.30296,0.13729,0.15482,0.20433,0.24792,11,0,fixture_snag,a0:fixture_snag:36;a1:fixture_snag:34;a2:fixture_snag:34;a3:fixture_snag:40;a4:fixture_snag:38
3,9102,combined_abort_stress_3_9102_0,combined_abort_stress,oracle_constraints,1.00,1,0,0,0,1,0,2.00978,0.85276,0.42430,2.00978,0.01223,1.00000,1.00000,0.01558,0.05285,0.01965,0.11842,11,0,none,a0:none:81
3,9103,combined_abort_stress_3_9103_0,combined_abort_stress,costmap_from_collisions,1.00,0,1,1,1,5,0,5.13966,0.84418,0.05749,6.23966,-0.02669,0.41975,0.26562,0.10614,0.07544,0.17124,0.14820,11,0,collision_margin,a0:visible_collision:19;a1:visible_collision:34;a2:visible_collision:40;a3:collision_margin:37;a4:collision_margin:39
3,9103,combined_abort_stress_3_9103_0,combined_abort_stress,risk_filter_uncertainty,1.00,0,1,1,1,5,0,5.08429,0.84418,0.05811,6.18429,-0.02849,0.45902,0.29787,0.10472,0.09091,0.23919,0.16343,11,0,collision_margin,a0:visible_collision:22;a1:visible_collision:35;a2:collision_margin:38;a3:collision_margin:59;a4:collision_margin:38
3,9103,combined_abort_stress_3_9103_0,combined_abort_stress,constraint_classifier,1.00,1,0,0,0,1,0,2.24607,0.84418,0.37585,2.24607,0.01319,0.43866,0.28095,0.13161,0.13394,0.12092,0.24030,11,0,none,a0:none:82
3,9103,combined_abort_stress_3_9103_0,combined_abort_stress,abort_constraint_discovery,1.00,1,0,0,0,1,0,2.20189,0.84418,0.38339,2.20189,0.03519,0.52281,0.35392,0.13360,0.18756,0.15313,0.26247,11,0,none,a0:none:87
3,9103,combined_abort_stress_3_9103_0,combined_abort_stress,oracle_constraints,1.00,1,0,0,0,1,0,2.12638,0.84418,0.39700,2.12638,0.03757,1.00000,1.00000,0.01800,0.06209,0.00936,0.13227,11,0,none,a0:none:82
3,9104,combined_abort_stress_3_9104_0,combined_abort_stress,costmap_from_collisions,1.00,1,1,1,1,3,0,3.93219,0.85355,0.21707,4.49219,-0.02283,0.33983,0.20470,0.11945,0.10892,0.15133,0.12673,11,0,none,a0:visible_collision:32;a1:visible_collision:33;a2:none:77
3,9104,combined_abort_stress_3_9104_0,combined_abort_stress,risk_filter_uncertainty,1.00,1,1,0,1,2,0,2.91861,0.85355,0.29245,3.19861,0.00084,0.32911,0.19697,0.12343,0.12906,0.21181,0.15166,11,0,none,a0:visible_collision:35;a1:none:77
3,9104,combined_abort_stress_3_9104_0,combined_abort_stress,constraint_classifier,1.00,1,0,0,0,1,0,2.01967,0.85355,0.42262,2.01967,0.04402,0.35688,0.21719,0.15969,0.17268,0.20284,0.25069,11,0,none,a0:none:77
3,9104,combined_abort_stress_3_9104_0,combined_abort_stress,abort_constraint_discovery,1.00,0,1,1,1,5,0,6.06527,0.85355,0.04925,7.16527,-0.00982,0.39768,0.24819,0.15383,0.14124,0.03864,0.23684,11,0,fixture_snag,a0:collision_margin:31;a1:collision_margin:40;a2:visible_collision:29;a3:collision_margin:33;a4:fixture_snag:80
3,9104,combined_abort_stress_3_9104_0,combined_abort_stress,oracle_constraints,1.00,1,0,0,0,1,0,2.25215,0.85355,0.37899,2.25215,0.03212,1.00000,1.00000,0.01838,0.06221,0.00821,0.12188,11,0,none,a0:none:77
4,9100,combined_abort_stress_4_9100_0,combined_abort_stress,costmap_from_collisions,1.00,0,1,1,1,5,0,4.03636,0.84346,0.07314,5.13636,-0.02053,0.39831,0.24868,0.13830,0.13467,0.23060,0.18490,11,0,force_limit,a0:human_stop:11;a1:fixture_snag:45;a2:force_limit:23;a3:fixture_snag:42;a4:force_limit:26
4,9100,combined_abort_stress_4_9100_0,combined_abort_stress,risk_filter_uncertainty,1.00,1,0,0,0,1,0,2.50171,0.84346,0.33715,2.50171,0.00537,0.36804,0.22552,0.12073,0.08074,0.10584,0.14404,11,0,none,a0:none:76
4,9100,combined_abort_stress_4_9100_0,combined_abort_stress,constraint_classifier,1.00,1,0,0,0,1,0,1.96029,0.84346,0.43027,1.96029,0.00596,0.42295,0.26819,0.16379,0.18806,0.09905,0.28047,11,0,none,a0:none:78
4,9100,combined_abort_stress_4_9100_0,combined_abort_stress,abort_constraint_discovery,1.00,1,0,0,0,1,0,2.19943,0.84346,0.38349,2.19943,0.01284,0.47308,0.30982,0.14187,0.12902,0.11639,0.21814,11,0,none,a0:none:78
4,9100,combined_abort_stress_4_9100_0,combined_abort_stress,oracle_constraints,1.00,1,0,0,0,1,0,2.01690,0.84346,0.41820,2.01690,0.02900,1.00000,1.00000,0.02045,0.06909,0.02049,0.14197,11,0,none,a0:none:78
4,9101,combined_abort_stress_4_9101_0,combined_abort_stress,costmap_from_collisions,1.00,1,1,0,1,2,0,3.90568,0.86753,0.22212,4.18568,-0.00612,0.40295,0.25231,0.12342,0.08029,0.02583,0.12119,11,0,none,a0:fixture_snag:42;a1:none:91
4,9101,combined_abort_stress_4_9101_0,combined_abort_stress,risk_filter_uncertainty,1.00,0,1,1,1,5,0,6.01657,0.86753,0.05047,7.11657,-0.02526,0.41215,0.25956,0.12193,0.07950,0.22606,0.15859,11,0,fixture_snag,a0:fixture_snag:42;a1:fixture_snag:54;a2:fixture_snag:37;a3:fixture_snag:37;a4:fixture_snag:41
4,9101,combined_abort_stress_4_9101_0,combined_abort_stress,constraint_classifier,1.00,0,1,1,1,5,0,5.57430,0.86753,0.05447,6.67430,-0.02460,0.38109,0.23540,0.17905,0.17112,0.29953,0.30817,11,0,fixture_snag,a0:fixture_snag:47;a1:human_stop:31;a2:fixture_snag:45;a3:fixture_snag:31;a4:fixture_snag:38
4,9101,combined_abort_stress_4_9101_0,combined_abort_stress,abort_constraint_discovery,1.00,1,0,0,0,1,0,2.59532,0.86753,0.33427,2.59532,0.00021,0.43333,0.27660,0.15902,0.12609,0.02532,0.25485,11,0,none,a0:none:94
4,9101,combined_abort_stress_4_9101_0,combined_abort_stress,oracle_constraints,1.00,1,0,0,0,1,0,2.48773,0.86753,0.34873,2.48773,0.01883,1.00000,1.00000,0.02247,0.07622,0.02173,0.16066,11,0,none,a0:none:90
4,9102,combined_abort_stress_4_9102_0,combined_abort_stress,costmap_from_collisions,1.00,1,1,0,1,2,0,3.12843,0.84044,0.26865,3.40843,-0.02683,0.30682,0.18121,0.13423,0.12850,0.04372,0.10457,11,0,none,a0:fixture_snag:34;a1:none:86
4,9102,combined_abort_stress_4_9102_0,combined_abort_stress,risk_filter_uncertainty,1.00,1,1,0,1,2,0,3.33764,0.84044,0.25181,3.61764,-0.01535,0.31300,0.18553,0.12627,0.12733,0.13583,0.12188,11,0,none,a0:fixture_snag:34;a1:none:86
4,9102,combined_abort_stress_4_9102_0,combined_abort_stress,constraint_classifier,1.00,1,1,0,0,2,0,3.17836,0.84044,0.26443,3.45836,-0.00774,0.28096,0.16344,0.18077,0.18916,0.20178,0.23546,11,0,none,a0:human_stop:34;a1:none:89
4,9102,combined_abort_stress_4_9102_0,combined_abort_stress,abort_constraint_discovery,1.00,0,1,1,1,5,0,7.52874,0.84044,0.03907,8.62874,-0.01545,0.39907,0.24928,0.13551,0.12048,0.07101,0.15928,11,0,collision_margin,a0:collision_margin:65;a1:fixture_snag:45;a2:fixture_snag:34;a3:visible_collision:49;a4:collision_margin:68
4,9102,combined_abort_stress_4_9102_0,combined_abort_stress,oracle_constraints,1.00,1,0,0,0,1,0,2.34175,0.84044,0.35889,2.34175,0.02345,1.00000,1.00000,0.01871,0.06194,0.02097,0.13920,11,0,none,a0:none:86
4,9103,combined_abort_stress_4_9103_0,combined_abort_stress,costmap_from_collisions,1.00,0,1,1,1,5,0,5.03674,0.82927,0.05763,6.13674,-0.02678,0.27373,0.15857,0.17229,0.15874,0.22242,0.13089,11,0,collision_margin,a0:visible_collision:43;a1:visible_collision:27;a2:collision_margin:28;a3:collision_margin:45;a4:collision_margin:26
4,9103,combined_abort_stress_4_9103_0,combined_abort_stress,risk_filter_uncertainty,1.00,1,0,0,0,1,0,1.92467,0.82927,0.43086,1.92467,0.02494,0.22989,0.12987,0.15522,0.14721,0.14111,0.11842,11,0,none,a0:none:75
4,9103,combined_abort_stress_4_9103_0,combined_abort_stress,constraint_classifier,1.00,1,0,0,0,1,0,2.02850,0.82927,0.40881,2.02850,0.02831,0.29568,0.17349,0.19682,0.17632,0.19422,0.23407,11,0,none,a0:none:76
4,9103,combined_abort_stress_4_9103_0,combined_abort_stress,abort_constraint_discovery,1.00,1,1,1,1,5,0,7.42628,0.82927,0.11167,8.54628,-0.02190,0.57098,0.39956,0.14166,0.10139,0.23243,0.26108,11,0,none,a0:force_limit:57;a1:visible_collision:46;a2:collision_margin:41;a3:visible_collision:42;a4:none:77
4,9103,combined_abort_stress_4_9103_0,combined_abort_stress,oracle_constraints,1.00,1,1,0,1,2,0,2.90049,0.82927,0.28591,3.18049,0.01230,1.00000,1.00000,0.02583,0.08139,0.02844,0.18283,11,0,none,a0:visible_collision:42;a1:none:75
4,9104,combined_abort_stress_4_9104_0,combined_abort_stress,costmap_from_collisions,1.00,0,1,1,1,5,0,5.72530,0.84243,0.05150,6.82530,-0.00764,0.39529,0.24633,0.12741,0.10615,0.17524,0.14958,11,0,human_stop,a0:human_stop:38;a1:visible_collision:44;a2:fixture_snag:48;a3:collision_margin:46;a4:human_stop:27
4,9104,combined_abort_stress_4_9104_0,combined_abort_stress,risk_filter_uncertainty,1.00,0,1,1,1,5,0,5.75985,0.84243,0.05119,6.85985,-0.00553,0.39821,0.24860,0.12618,0.11308,0.22000,0.16482,11,0,unstable_slip,a0:human_stop:40;a1:fixture_snag:49;a2:visible_collision:40;a3:collision_margin:42;a4:unstable_slip:31
4,9104,combined_abort_stress_4_9104_0,combined_abort_stress,constraint_classifier,1.00,1,0,0,0,1,0,2.97532,0.84243,0.28314,2.97532,0.03319,0.38321,0.23702,0.15948,0.15358,0.16769,0.23476,11,0,none,a0:none:103
4,9104,combined_abort_stress_4_9104_0,combined_abort_stress,abort_constraint_discovery,1.00,1,0,0,0,1,0,3.98469,0.84243,0.21142,3.98469,0.01087,0.46407,0.30214,0.14148,0.12734,0.05278,0.19252,11,0,none,a0:none:120
4,9104,combined_abort_stress_4_9104_0,combined_abort_stress,oracle_constraints,1.00,0,1,1,1,5,0,6.32859,0.84243,0.04659,7.42859,0.01227,1.00000,1.00000,0.01949,0.06565,0.00868,0.14474,11,0,visible_collision,a0:visible_collision:53;a1:visible_collision:49;a2:visible_collision:41;a3:visible_collision:37;a4:visible_collision:57
5,9100,combined_abort_stress_5_9100_0,combined_abort_stress,costmap_from_collisions,1.00,0,1,1,1,5,0,5.07727,0.84566,0.05830,6.17727,-0.02644,0.41379,0.26087,0.10985,0.08882,0.17618,0.13019,11,0,collision_margin,a0:collision_margin:28;a1:human_stop:31;a2:visible_collision:49;a3:fixture_snag:37;a4:collision_margin:27
5,9100,combined_abort_stress_5_9100_0,combined_abort_stress,risk_filter_uncertainty,1.00,0,1,1,1,5,0,4.30503,0.84566,0.06875,5.40503,-0.01661,0.41827,0.26444,0.11563,0.09499,0.24204,0.15720,11,0,collision_margin,a0:collision_margin:27;a1:human_stop:32;a2:fixture_snag:36;a3:collision_margin:45;a4:collision_margin:25
5,9100,combined_abort_stress_5_9100_0,combined_abort_stress,constraint_classifier,1.00,0,1,1,1,5,0,3.74348,0.84566,0.07907,4.84348,-0.02094,0.38420,0.23778,0.15914,0.16284,0.32359,0.25485,11,0,collision_margin,a0:visible_collision:27;a1:visible_collision:26;a2:visible_collision:25;a3:collision_margin:36;a4:collision_margin:27
5,9100,combined_abort_stress_5_9100_0,combined_abort_stress,abort_constraint_discovery,1.00,0,1,1,1,5,0,5.65383,0.84566,0.05235,6.75383,-0.02364,0.40678,0.25532,0.16192,0.15579,0.18416,0.23684,11,0,collision_margin,a0:collision_margin:43;a1:visible_collision:39;a2:collision_margin:47;a3:visible_collision:31;a4:collision_margin:35
5,9100,combined_abort_stress_5_9100_0,combined_abort_stress,oracle_constraints,1.00,0,1,1,1,5,0,3.42836,0.84566,0.08633,4.52836,0.12053,1.00000,1.00000,0.02099,0.06714,0.01509,0.13089,11,0,visible_collision,a0:visible_collision:24;a1:visible_collision:23;a2:visible_collision:25;a3:visible_collision:28;a4:visible_collision:29
5,9101,combined_abort_stress_5_9101_0,combined_abort_stress,costmap_from_collisions,1.00,0,1,1,1,5,0,5.30573,0.83623,0.05516,6.40573,-0.02999,0.44076,0.28267,0.12075,0.09852,0.16442,0.14197,11,0,fixture_snag,a0:fixture_snag:34;a1:fixture_snag:47;a2:fixture_snag:36;a3:fixture_snag:43;a4:fixture_snag:36
5,9101,combined_abort_stress_5_9101_0,combined_abort_stress,risk_filter_uncertainty,1.00,0,1,1,1,5,0,5.34138,0.83623,0.05479,6.44138,-0.02390,0.44643,0.28736,0.12025,0.09753,0.24398,0.15997,11,0,fixture_snag,a0:fixture_snag:45;a1:fixture_snag:36;a2:fixture_snag:34;a3:fixture_snag:35;a4:fixture_snag:34
5,9101,combined_abort_stress_5_9101_0,combined_abort_stress,constraint_classifier,1.00,1,0,0,0,1,0,3.00563,0.83623,0.27822,3.00563,0.01473,0.43739,0.27991,0.14779,0.14555,0.09683,0.24238,11,0,none,a0:none:98
5,9101,combined_abort_stress_5_9101_0,combined_abort_stress,abort_constraint_discovery,1.00,1,0,0,0,1,0,2.69676,0.83623,0.31009,2.69676,0.01510,0.45570,0.29508,0.13036,0.09728,0.06525,0.17798,11,0,none,a0:none:98
5,9101,combined_abort_stress_5_9101_0,combined_abort_stress,oracle_constraints,1.00,1,0,0,0,1,0,2.34094,0.83623,0.35722,2.34094,0.02082,1.00000,1.00000,0.01891,0.06299,0.02525,0.15028,11,0,none,a0:none:94
5,9102,combined_abort_stress_5_9102_0,combined_abort_stress,costmap_from_collisions,1.00,0,1,1,1,5,0,5.11188,0.85813,0.05875,6.21188,-0.02065,0.43765,0.28012,0.11370,0.07743,0.19639,0.14751,11,0,collision_margin,a0:visible_collision:44;a1:human_stop:35;a2:collision_margin:34;a3:collision_margin:46;a4:collision_margin:35
5,9102,combined_abort_stress_5_9102_0,combined_abort_stress,risk_filter_uncertainty,1.00,0,1,1,1,5,0,5.29703,0.85813,0.05670,6.39703,-0.03214,0.40460,0.25360,0.11716,0.08798,0.25094,0.15443,11,0,collision_margin,a0:collision_margin:39;a1:visible_collision:42;a2:collision_margin:36;a3:collision_margin:36;a4:collision_margin:35
5,9102,combined_abort_stress_5_9102_0,combined_abort_stress,constraint_classifier,1.00,1,0,0,0,1,0,2.72945,0.85813,0.31440,2.72945,0.02558,0.43726,0.27981,0.13929,0.12901,0.14911,0.21745,11,0,none,a0:none:94
5,9102,combined_abort_stress_5_9102_0,combined_abort_stress,abort_constraint_discovery,1.00,1,0,0,0,1,0,2.72640,0.85813,0.31475,2.72640,0.02885,0.47672,0.31296,0.13439,0.11051,0.09945,0.22507,11,0,none,a0:none:92
5,9102,combined_abort_stress_5_9102_0,combined_abort_stress,oracle_constraints,1.00,1,0,0,0,1,0,2.59230,0.85813,0.33103,2.59230,0.04901,1.00000,1.00000,0.01885,0.06489,0.01044,0.14681,11,0,none,a0:none:92
5,9103,combined_abort_stress_5_9103_0,combined_abort_stress,costmap_from_collisions,1.00,1,1,1,1,4,0,5.41740,0.86208,0.15913,6.25740,-0.02037,0.45050,0.29073,0.11281,0.10909,0.10977,0.15374,11,0,none,a0:visible_collision:38;a1:collision_margin:37;a2:collision_margin:42;a3:none:84
5,9103,combined_abort_stress_5_9103_0,combined_abort_stress,risk_filter_uncertainty,1.00,1,1,1,1,3,0,4.35302,0.86208,0.19804,4.91302,-0.00068,0.41727,0.26364,0.11811,0.10504,0.17792,0.16274,11,0,none,a0:visible_collision:42;a1:collision_margin:38;a2:none:85
5,9103,combined_abort_stress_5_9103_0,combined_abort_stress,constraint_classifier,1.00,1,0,0,0,1,0,2.16061,0.86208,0.39900,2.16061,0.02946,0.37857,0.23348,0.16160,0.18136,0.19300,0.26177,11,0,none,a0:none:83
5,9103,combined_abort_stress_5_9103_0,combined_abort_stress,abort_constraint_discovery,1.00,1,0,0,0,1,0,2.20868,0.86208,0.39031,2.20868,0.03620,0.47436,0.31092,0.12498,0.12758,0.06213,0.19806,11,0,none,a0:none:81
5,9103,combined_abort_stress_5_9103_0,combined_abort_stress,oracle_constraints,1.00,1,1,0,1,2,0,3.18333,0.86208,0.27081,3.46333,0.02949,1.00000,1.00000,0.01967,0.06469,0.00821,0.12604,11,0,none,a0:visible_collision:48;a1:none:81
5,9104,combined_abort_stress_5_9104_0,combined_abort_stress,costmap_from_collisions,1.00,0,1,1,1,5,0,4.19444,0.83943,0.07005,5.29444,-0.02750,0.50239,0.33546,0.10663,0.06110,0.18564,0.13366,11,0,collision_margin,a0:human_stop:35;a1:collision_margin:35;a2:force_limit:28;a3:human_stop:35;a4:collision_margin:32
5,9104,combined_abort_stress_5_9104_0,combined_abort_stress,risk_filter_uncertainty,1.00,0,1,1,1,5,0,4.72300,0.83943,0.06221,5.82300,-0.01588,0.47836,0.31437,0.11365,0.07138,0.23933,0.14820,11,0,collision_margin,a0:human_stop:35;a1:force_limit:28;a2:collision_margin:34;a3:human_stop:35;a4:collision_margin:33
5,9104,combined_abort_stress_5_9104_0,combined_abort_stress,constraint_classifier,1.00,0,1,1,1,5,0,4.35264,0.83943,0.06750,5.45264,-0.01581,0.47559,0.31198,0.15662,0.17201,0.31256,0.28393,11,0,collision_margin,a0:human_stop:33;a1:force_limit:28;a2:collision_margin:33;a3:collision_margin:33;a4:collision_margin:34
5,9104,combined_abort_stress_5_9104_0,combined_abort_stress,abort_constraint_discovery,1.00,1,1,0,1,2,0,5.05208,0.83943,0.16616,5.33208,0.00139,0.57786,0.40633,0.12090,0.13160,0.08949,0.21330,11,0,none,a0:visible_collision:75;a1:none:102
5,9104,combined_abort_stress_5_9104_0,combined_abort_stress,oracle_constraints,1.00,0,1,1,1,5,0,10.69987,0.83943,0.02746,11.79987,0.00207,1.00000,1.00000,0.02121,0.07264,0.02217,0.15582,11,0,visible_collision,a0:visible_collision:73;a1:visible_collision:73;a2:visible_collision:77;a3:visible_collision:72;a4:visible_collision:74
6,9100,combined_abort_stress_6_9100_0,combined_abort_stress,costmap_from_collisions,1.00,0,1,1,1,5,0,5.27742,0.85557,0.05674,6.37742,-0.02447,0.33333,0.20000,0.14347,0.14559,0.16037,0.14266,11,0,collision_margin,a0:visible_collision:35;a1:collision_margin:39;a2:collision_margin:35;a3:collision_margin:37;a4:collision_margin:38
6,9100,combined_abort_stress_6_9100_0,combined_abort_stress,risk_filter_uncertainty,1.00,0,1,1,1,5,0,5.69353,0.85557,0.05259,6.79353,-0.01843,0.31263,0.18528,0.14688,0.11001,0.22531,0.18352,11,0,collision_margin,a0:visible_collision:34;a1:collision_margin:41;a2:collision_margin:39;a3:visible_collision:54;a4:collision_margin:44
6,9100,combined_abort_stress_6_9100_0,combined_abort_stress,constraint_classifier,1.00,0,1,1,1,5,0,7.78487,0.85557,0.03847,8.88487,-0.02534,0.37816,0.23317,0.20038,0.22898,0.33483,0.38019,11,0,collision_margin,a0:unstable_slip:79;a1:unstable_slip:81;a2:collision_margin:43;a3:collision_margin:43;a4:collision_margin:39
6,9100,combined_abort_stress_6_9100_0,combined_abort_stress,abort_constraint_discovery,1.00,1,0,0,0,1,0,3.73337,0.85557,0.22917,3.73337,0.01372,0.36559,0.22368,0.15749,0.14583,0.04862,0.18213,11,0,none,a0:none:120
6,9100,combined_abort_stress_6_9100_0,combined_abort_stress,oracle_constraints,1.00,1,1,1,1,3,0,5.64415,0.85557,0.15158,6.20415,0.02051,1.00000,1.00000,0.02355,0.07802,0.02620,0.13989,11,0,none,a0:visible_collision:52;a1:visible_collision:49;a2:none:109
6,9101,combined_abort_stress_6_9101_0,combined_abort_stress,costmap_from_collisions,1.00,1,0,0,0,1,0,2.19702,0.84848,0.38619,2.19702,0.03507,0.36508,0.22330,0.11453,0.08384,0.04452,0.12465,11,0,none,a0:none:83
6,9101,combined_abort_stress_6_9101_0,combined_abort_stress,risk_filter_uncertainty,1.00,1,0,0,0,1,0,2.32863,0.84848,0.36437,2.32863,0.04149,0.37438,0.23030,0.11757,0.10207,0.13676,0.14404,11,0,none,a0:none:84
6,9101,combined_abort_stress_6_9101_0,combined_abort_stress,constraint_classifier,1.00,0,1,1,1,5,0,4.74322,0.84848,0.06261,5.84322,-0.03230,0.37520,0.23092,0.16691,0.17905,0.37447,0.28740,11,0,visible_collision,a0:human_stop:43;a1:visible_collision:50;a2:human_stop:39;a3:visible_collision:19;a4:visible_collision:21
6,9101,combined_abort_stress_6_9101_0,combined_abort_stress,abort_constraint_discovery,1.00,1,1,1,1,4,0,7.61982,0.84848,0.11135,8.45982,-0.02608,0.40637,0.25500,0.14038,0.11710,0.02674,0.21053,11,0,none,a0:visible_collision:31;a1:collision_margin:39;a2:collision_margin:42;a3:none:120
6,9101,combined_abort_stress_6_9101_0,combined_abort_stress,oracle_constraints,1.00,1,0,0,0,1,0,1.99646,0.84848,0.42499,1.99646,0.03933,1.00000,1.00000,0.01715,0.05844,0.00890,0.13712,11,0,none,a0:none:81
6,9102,combined_abort_stress_6_9102_0,combined_abort_stress,costmap_from_collisions,1.00,0,1,1,1,5,0,5.73397,0.84429,0.05154,6.83397,-0.02221,0.40440,0.25344,0.12842,0.10515,0.14565,0.16759,11,0,collision_margin,a0:collision_margin:40;a1:human_stop:30;a2:collision_margin:40;a3:visible_collision:59;a4:collision_margin:43
6,9102,combined_abort_stress_6_9102_0,combined_abort_stress,risk_filter_uncertainty,1.00,0,1,1,1,5,0,5.63693,0.84429,0.05242,6.73693,-0.02850,0.40980,0.25770,0.12147,0.10258,0.19773,0.16343,11,0,collision_margin,a0:collision_margin:41;a1:human_stop:24;a2:collision_margin:39;a3:collision_margin:41;a4:collision_margin:45
6,9102,combined_abort_stress_6_9102_0,combined_abort_stress,constraint_classifier,1.00,0,1,1,1,5,0,4.53790,0.84429,0.06512,5.63790,-0.01614,0.38141,0.23564,0.17366,0.18475,0.32304,0.28463,11,0,collision_margin,a0:collision_margin:44;a1:human_stop:28;a2:human_stop:24;a3:human_stop:24;a4:collision_margin:40
6,9102,combined_abort_stress_6_9102_0,combined_abort_stress,abort_constraint_discovery,1.00,0,1,1,1,5,0,6.70462,0.84429,0.04407,7.80462,-0.01069,0.45250,0.29241,0.15095,0.14008,0.21682,0.25346,11,0,collision_margin,a0:visible_collision:60;a1:collision_margin:49;a2:fixture_snag:56;a3:human_stop:33;a4:collision_margin:41
6,9102,combined_abort_stress_6_9102_0,combined_abort_stress,oracle_constraints,1.00,1,0,0,0,1,0,2.26072,0.84429,0.37346,2.26072,0.01003,1.00000,1.00000,0.01870,0.06308,0.02947,0.14751,11,0,none,a0:none:81
6,9103,combined_abort_stress_6_9103_0,combined_abort_stress,costmap_from_collisions,1.00,1,0,0,0,1,0,2.27659,0.84563,0.37145,2.27659,0.04053,0.30123,0.17733,0.14434,0.11450,0.07900,0.11496,11,0,none,a0:none:82
6,9103,combined_abort_stress_6_9103_0,combined_abort_stress,risk_filter_uncertainty,1.00,1,1,0,0,2,0,3.19033,0.84563,0.26506,3.47033,0.03926,0.29032,0.16981,0.14007,0.10027,0.16993,0.13504,11,0,none,a0:human_stop:32;a1:none:83
6,9103,combined_abort_stress_6_9103_0,combined_abort_stress,constraint_classifier,1.00,1,0,0,0,1,0,2.48039,0.84563,0.34093,2.48039,0.02703,0.38590,0.23908,0.15919,0.11866,0.21742,0.20776,11,0,none,a0:none:91
6,9103,combined_abort_stress_6_9103_0,combined_abort_stress,abort_constraint_discovery,1.00,1,0,0,0,1,0,2.39287,0.84563,0.35340,2.39287,0.03616,0.42348,0.26862,0.13781,0.10271,0.08613,0.16482,11,0,none,a0:none:83
6,9103,combined_abort_stress_6_9103_0,combined_abort_stress,oracle_constraints,1.00,1,0,0,0,1,0,2.12228,0.84563,0.39845,2.12228,0.03675,1.00000,1.00000,0.02276,0.07578,0.00902,0.16551,11,0,none,a0:none:79
6,9104,combined_abort_stress_6_9104_0,combined_abort_stress,costmap_from_collisions,1.00,1,0,0,0,1,0,2.05879,0.82498,0.40071,2.05879,0.02436,0.40803,0.25630,0.08284,0.05020,0.02862,0.10388,11,0,none,a0:none:83
6,9104,combined_abort_stress_6_9104_0,combined_abort_stress,risk_filter_uncertainty,1.00,0,1,1,1,5,0,5.25110,0.82498,0.05499,6.35110,-0.01559,0.43878,0.28105,0.09828,0.12531,0.23527,0.16828,11,0,visible_collision,a0:collision_margin:39;a1:visible_collision:40;a2:collision_margin:41;a3:unstable_slip:31;a4:visible_collision:40
6,9104,combined_abort_stress_6_9104_0,combined_abort_stress,constraint_classifier,1.00,1,1,0,0,2,0,2.77762,0.82498,0.29701,3.05762,-0.00132,0.44581,0.28684,0.12420,0.17735,0.25700,0.23546,11,0,none,a0:collision_margin:35;a1:none:80
6,9104,combined_abort_stress_6_9104_0,combined_abort_stress,abort_constraint_discovery,1.00,1,0,0,0,1,0,2.04258,0.82498,0.40389,2.04258,0.02696,0.52822,0.35890,0.10487,0.14899,0.13760,0.20360,11,0,none,a0:none:81
6,9104,combined_abort_stress_6_9104_0,combined_abort_stress,oracle_constraints,1.00,1,0,0,0,1,0,1.96242,0.82498,0.42039,1.96242,0.02525,1.00000,1.00000,0.01651,0.05530,0.00850,0.10319,11,0,none,a0:none:80
